date,close,dividend
1980-03-17,3.14583301544,0
1980-03-18,3.03125,0
1980-03-19,3.04166698456,0
1980-03-20,3.01041698456,0
1980-03-21,2.91666698456,0
1980-03-24,2.66666698456,0
1980-03-25,2.60416698456,0
1980-03-26,2.44791698456,0
1980-03-27,2.375,0
1980-03-28,2.54166698456,0
1980-03-31,2.54166698456,0
1980-04-01,2.73958301544,0
1980-04-02,2.625,0
1980-04-03,2.63541698456,0
1980-04-07,2.54166698456,0
1980-04-08,2.59375,0
1980-04-09,2.66666698456,0
1980-04-10,2.73958301544,0
1980-04-11,2.63541698456,0
1980-04-14,2.5625,0
1980-04-15,2.5625,0
1980-04-16,2.35416698456,0
1980-04-17,2.42708301544,0
1980-04-18,2.32291698456,0
1980-04-21,2.29166698456,0
1980-04-22,2.5625,0
1980-04-23,2.61458301544,0
1980-04-24,2.78125,0
1980-04-25,2.70833301544,0
1980-04-28,2.72916698456,0
1980-04-29,2.66666698456,0
1980-04-30,2.55208301544,0
1980-05-01,2.45833301544,0
1980-05-02,2.46875,0
1980-05-05,2.60416698456,0
1980-05-06,2.6875,0
1980-05-07,2.6875,0
1980-05-08,2.60416698456,0
1980-05-09,2.54166698456,0
1980-05-12,2.61458301544,0
1980-05-13,2.6875,0
1980-05-14,2.77083301544,0
1980-05-15,2.72916698456,0
1980-05-16,2.66666698456,0
1980-05-19,2.6875,0
1980-05-20,2.75,0
1980-05-21,2.78125,0
1980-05-22,2.91666698456,0
1980-05-23,2.98958301544,0
1980-05-27,3.01041698456,0
1980-05-28,3.14583301544,0
1980-05-29,3.08333301544,0
1980-05-30,3.16666698456,0
1980-06-02,3.10416698456,0
1980-06-03,3.02083301544,0
1980-06-04,3.07291698456,0
1980-06-05,3.02083301544,0
1980-06-06,3,0
1980-06-09,2.86458301544,0
1980-06-10,2.96875,0
1980-06-11,3.05208301544,0
1980-06-12,3.09375,0
1980-06-13,3.09375,0
1980-06-16,3.03125,0
1980-06-17,3.0625,0
1980-06-18,3.02083301544,0
1980-06-19,2.96875,0
1980-06-20,2.92708301544,0
1980-06-23,2.9375,0
1980-06-24,2.9375,0
1980-06-25,3.07291698456,0
1980-06-26,3.02083301544,0
1980-06-27,3.04166698456,0
1980-06-30,3.04166698456,0
1980-07-01,3.07291698456,0
1980-07-02,3.17708301544,0
1980-07-03,3.34375,0
1980-07-07,3.45833301544,0
1980-07-08,3.38541698456,0
1980-07-09,3.4375,0
1980-07-10,3.5,0
1980-07-11,3.61458301544,0
1980-07-14,3.72916698456,0
1980-07-15,3.70833301544,0
1980-07-16,3.61458301544,0
1980-07-17,3.64583301544,0
1980-07-18,3.61458301544,0
1980-07-21,3.57291698456,0
1980-07-22,3.57291698456,0
1980-07-23,3.5625,0
1980-07-24,3.58333301544,0
1980-07-25,3.51041698456,0
1980-07-28,3.52083301544,0
1980-07-29,3.73958301544,0
1980-07-30,4.03125,0
1980-07-31,4.13541698456,0
1980-08-01,4.26041698456,0
1980-08-04,4.3125,0
1980-08-05,4.36458301544,0
1980-08-06,4.23958301544,0
1980-08-07,4.21875,0
1980-08-08,4.27083301544,0
1980-08-11,4.41666698456,0
1980-08-12,4.35416698456,0
1980-08-13,4.27083301544,0
1980-08-14,4.38541698456,0
1980-08-15,4.33333301544,0
1980-08-18,4.10416698456,0
1980-08-19,3.94791698456,0
1980-08-20,4.16666698456,0
1980-08-21,4.41666698456,0
1980-08-22,4.5625,0
1980-08-25,4.52083301544,0
1980-08-26,4.63541698456,0
1980-08-27,4.47916698456,0
1980-08-28,4.375,0
1980-08-29,4.27083301544,0
1980-09-02,4.23958301544,0
1980-09-03,4.4375,0
1980-09-04,4.47916698456,0
1980-09-05,4.53125,0
1980-09-08,4.30208301544,0
1980-09-09,4.35416698456,0
1980-09-10,4.41666698456,0
1980-09-11,4.5,0
1980-09-12,4.39583301544,0
1980-09-15,4.3125,0
1980-09-16,4.5,0
1980-09-17,4.67708301544,0
1980-09-18,4.73958301544,0
1980-09-19,5.03125,0
1980-09-22,5.25,0
1980-09-23,5.42708301544,0
1980-09-24,5.70833301544,0
1980-09-25,5.57291698456,0
1980-09-26,5.11458301544,0
1980-09-29,4.83333301544,0
1980-09-30,5.17708301544,0
1980-10-01,5.04166698456,0
1980-10-02,4.96875,0
1980-10-03,5.17708301544,0
1980-10-06,5.375,0
1980-10-07,5.4375,0
1980-10-08,5.4375,0
1980-10-09,5.53125,0
1980-10-10,5.16666698456,0
1980-10-13,5.375,0
1980-10-14,5.29166698456,0
1980-10-15,5.27083301544,0
1980-10-16,5.1875,0
1980-10-17,5.09375,0
1980-10-20,5.10416698456,0
1980-10-21,5.11458301544,0
1980-10-22,5.1875,0
1980-10-23,5.05208301544,0
1980-10-24,5.25,0
1980-10-27,4.91666698456,0
1980-10-28,5,0
1980-10-29,5.04166698456,0
1980-10-30,4.52083301544,0
1980-10-31,4.79166698456,0
1980-11-03,4.83333301544,0
1980-11-05,5.41666698456,0
1980-11-06,5.16666698456,0
1980-11-07,5.14583301544,0
1980-11-10,5.35416698456,0
1980-11-11,5.52083301544,0
1980-11-12,5.66666698456,0
1980-11-13,6.04166698456,0
1980-11-14,6.33333301544,0
1980-11-17,6.58333301544,0
1980-11-18,6.83333301544,0
1980-11-19,7.08333301544,0
1980-11-20,7.33333301544,0
1980-11-21,6.79166698456,0
1980-11-24,7,0
1980-11-25,6.85416698456,0
1980-11-26,6.91666698456,0
1980-11-28,6.95833301544,0
1980-12-01,6.9375,0
1980-12-02,6.6875,0
1980-12-03,6.54166698456,0
1980-12-04,6.66666698456,0
1980-12-05,6.25,0
1980-12-08,5.83333301544,0
1980-12-09,6.16666698456,0
1980-12-10,5.60416698456,0
1980-12-11,5.72916698456,0
1980-12-12,5.85416698456,0
1980-12-15,5.91666698456,0
1980-12-16,5.58333301544,0
1980-12-17,5.33333301544,0
1980-12-18,5.27083301544,0
1980-12-19,4.95833301544,0
1980-12-22,5.04166698456,0
1980-12-23,5.35416698456,0
1980-12-24,5.64583301544,0
1980-12-26,5.6875,0
1980-12-29,5.47916698456,0
1980-12-30,5.6875,0
1980-12-31,5.75,0
1981-01-02,5.875,0
1981-01-05,5.4375,0
1981-01-06,5.3125,0
1981-01-07,5.1875,0
1981-01-08,4.9375,0
1981-01-09,4.54166698456,0
1981-01-12,4.66666698456,0
1981-01-13,4.58333301544,0
1981-01-14,4.625,0
1981-01-15,4.6875,0
1981-01-16,4.72916698456,0
1981-01-19,4.8125,0
1981-01-20,4.5625,0
1981-01-21,4.60416698456,0
1981-01-22,4.5625,0
1981-01-23,4.375,0
1981-01-26,4.08333301544,0
1981-01-27,4.14583301544,0
1981-01-28,4.125,0
1981-01-29,4.125,0
1981-01-30,3.9375,0
1981-02-02,3.47916698456,0
1981-02-03,4,0
1981-02-04,4.04166698456,0
1981-02-05,4.14583301544,0
1981-02-06,4.29166698456,0
1981-02-09,4.10416698456,0
1981-02-10,3.97916698456,0
1981-02-11,3.91666698456,0
1981-02-12,3.8125,0
1981-02-13,3.77083301544,0
1981-02-17,3.875,0
1981-02-18,3.89583301544,0
1981-02-19,3.79166698456,0
1981-02-20,3.70833301544,0
1981-02-23,3.85416698456,0
1981-02-24,3.91666698456,0
1981-02-25,3.75,0
1981-02-26,3.66666698456,0
1981-02-27,3.875,0
1981-03-02,4.08333301544,0
1981-03-03,4,0
1981-03-04,3.95833301544,0
1981-03-05,3.75,0
1981-03-06,3.83333301544,0
1981-03-09,3.85416698456,0
1981-03-10,3.8125,0
1981-03-11,3.79166698456,0
1981-03-12,4.08333301544,0
1981-03-13,3.95833301544,0
1981-03-16,4.22916698456,0
1981-03-17,4.1875,0
1981-03-18,4.16666698456,0
1981-03-19,4.10416698456,0
1981-03-20,4.16666698456,0
1981-03-23,4.33333301544,0
1981-03-24,4.39583301544,0
1981-03-25,4.52083301544,0
1981-03-26,4.45833301544,0
1981-03-27,4.29166698456,0
1981-03-30,4.22916698456,0
1981-03-31,4.35416698456,0
1981-04-01,4.25,0
1981-04-02,4.125,0
1981-04-03,4.0625,0
1981-04-06,4.08333301544,0
1981-04-07,4.14583301544,0
1981-04-08,4.22916698456,0
1981-04-09,4.33333301544,0
1981-04-10,4.41666698456,0
1981-04-13,4.60416698456,0
1981-04-14,4.5625,0
1981-04-15,4.64583301544,0
1981-04-16,4.79166698456,0
1981-04-20,5.14583301544,0
1981-04-21,4.77083301544,0
1981-04-22,4.875,0
1981-04-23,4.95833301544,0
1981-04-24,4.9375,0
1981-04-27,4.79166698456,0
1981-04-28,4.66666698456,0
1981-04-29,4.58333301544,0
1981-04-30,4.5625,0
1981-05-01,4.4375,0
1981-05-04,4.3125,0
1981-05-05,4.3125,0
1981-05-06,4.45833301544,0
1981-05-07,4.54166698456,0
1981-05-08,4.5625,0
1981-05-11,4.45833301544,0
1981-05-12,4.72916698456,0
1981-05-13,4.54166698456,0
1981-05-14,4.47916698456,0
1981-05-15,4.54166698456,0
1981-05-18,4.625,0
1981-05-19,4.5625,0
1981-05-20,4.52083301544,0
1981-05-21,4.54166698456,0
1981-05-22,4.45833301544,0
1981-05-26,4.58333301544,0
1981-05-27,4.5625,0
1981-05-28,4.83333301544,0
1981-05-29,4.75,0
1981-06-01,4.66666698456,0
1981-06-02,4.41666698456,0
1981-06-03,4.29166698456,0
1981-06-04,4.25,0
1981-06-05,4.375,0
1981-06-08,4.35416698456,0
1981-06-09,4.22916698456,0
1981-06-10,4.3125,0
1981-06-11,4.45833301544,0
1981-06-12,4.45833301544,0
1981-06-15,4.4375,0
1981-06-16,4.02083301544,0
1981-06-17,4.25,0
1981-06-18,4.0625,0
1981-06-19,4.0625,0
1981-06-22,3.83333301544,0
1981-06-23,3.89583301544,0
1981-06-24,3.85416698456,0
1981-06-25,3.89583301544,0
1981-06-26,4.125,0
1981-06-29,4.04166698456,0
1981-06-30,3.91666698456,0
1981-07-01,3.83333301544,0
1981-07-02,3.58333301544,0
1981-07-06,3.70833301544,0
1981-07-07,3.70833301544,0
1981-07-08,3.54166698456,0
1981-07-09,3.6875,0
1981-07-10,3.54166698456,0
1981-07-13,3.60416698456,0
1981-07-14,3.5,0
1981-07-15,3.60416698456,0
1981-07-16,3.625,0
1981-07-17,3.64583301544,0
1981-07-20,3.60416698456,0
1981-07-21,3.58333301544,0
1981-07-22,3.60416698456,0
1981-07-23,3.625,0
1981-07-24,3.60416698456,0
1981-07-27,3.54166698456,0
1981-07-28,3.41666698456,0
1981-07-29,3.45833301544,0
1981-07-30,3.4375,0
1981-07-31,3.33333301544,0
1981-08-03,3.27083301544,0
1981-08-04,3.25,0
1981-08-05,3.375,0
1981-08-06,3.27083301544,0
1981-08-07,3.22916698456,0
1981-08-10,3.20833301544,0
1981-08-11,3.33333301544,0
1981-08-12,3.25,0
1981-08-13,3.375,0
1981-08-14,3.47916698456,0
1981-08-17,3.47916698456,0
1981-08-18,3.52083301544,0
1981-08-19,3.47916698456,0
1981-08-20,3.41666698456,0
1981-08-21,3.29166698456,0
1981-08-24,3.14583301544,0
1981-08-25,3.20833301544,0
1981-08-26,3.1875,0
1981-08-27,3.10416698456,0
1981-08-28,3.14583301544,0
1981-08-31,3.0625,0
1981-09-01,3.0625,0
1981-09-02,3.14583301544,0
1981-09-03,2.95833301544,0
1981-09-04,2.97916698456,0
1981-09-08,2.89583301544,0
1981-09-09,2.89583301544,0
1981-09-10,3.10416698456,0
1981-09-11,3.14583301544,0
1981-09-14,3.04166698456,0
1981-09-15,3,0
1981-09-16,2.83333301544,0
1981-09-17,2.6875,0
1981-09-18,2.75,0
1981-09-21,2.72916698456,0
1981-09-22,2.60416698456,0
1981-09-23,2.5,0
1981-09-24,2.58333301544,0
1981-09-25,2.45833301544,0
1981-09-28,2.79166698456,0
1981-09-29,2.66666698456,0
1981-09-30,2.70833301544,0
1981-10-01,2.77083301544,0
1981-10-02,2.97916698456,0
1981-10-05,3,0
1981-10-06,2.89583301544,0
1981-10-07,2.875,0
1981-10-08,2.89583301544,0
1981-10-09,2.9375,0
1981-10-12,3.02083301544,0
1981-10-13,3.27083301544,0
1981-10-14,3.10416698456,0
1981-10-15,3.1875,0
1981-10-16,3.125,0
1981-10-19,3.14583301544,0
1981-10-20,3.16666698456,0
1981-10-21,3.29166698456,0
1981-10-22,3.125,0
1981-10-23,2.97916698456,0
1981-10-26,3.02083301544,0
1981-10-27,3.0625,0
1981-10-28,3.29166698456,0
1981-10-29,3.20833301544,0
1981-10-30,3.29166698456,0
1981-11-02,3.39583301544,0
1981-11-03,3.4375,0
1981-11-04,3.4375,0
1981-11-05,3.33333301544,0
1981-11-06,3.22916698456,0
1981-11-09,3.22916698456,0
1981-11-10,3.125,0
1981-11-11,3.10416698456,0
1981-11-12,3.125,0
1981-11-13,2.875,0
1981-11-16,2.875,0
1981-11-17,2.85416698456,0
1981-11-18,2.83333301544,0
1981-11-19,2.83333301544,0
1981-11-20,2.89583301544,0
1981-11-23,2.85416698456,0
1981-11-24,2.97916698456,0
1981-11-25,2.89583301544,0
1981-11-27,2.72916698456,0
1981-11-30,2.83333301544,0
1981-12-01,2.95833301544,0
1981-12-02,3.08333301544,0
1981-12-03,3.0625,0
1981-12-04,3.04166698456,0
1981-12-07,3,0
1981-12-08,2.89583301544,0
1981-12-09,2.89583301544,0
1981-12-10,2.95833301544,0
1981-12-11,2.97916698456,0
1981-12-14,2.875,0
1981-12-15,2.9375,0
1981-12-16,2.89583301544,0
1981-12-17,2.95833301544,0
1981-12-18,3,0
1981-12-21,3,0
1981-12-22,2.97916698456,0
1981-12-23,3.02083301544,0
1981-12-24,3.02083301544,0
1981-12-28,3,0
1981-12-29,2.97916698456,0
1981-12-30,2.9375,0
1981-12-31,2.9375,0
1982-01-04,2.97916698456,0
1982-01-05,2.89583301544,0
1982-01-06,2.8125,0
1982-01-07,2.77083301544,0
1982-01-08,2.77083301544,0
1982-01-11,2.70833301544,0
1982-01-12,2.70833301544,0
1982-01-13,2.64583301544,0
1982-01-14,2.58333301544,0
1982-01-15,2.66666698456,0
1982-01-18,2.83333301544,0
1982-01-19,2.77083301544,0
1982-01-20,2.8125,0
1982-01-21,2.83333301544,0
1982-01-22,2.875,0
1982-01-25,2.89583301544,0
1982-01-26,3.04166698456,0
1982-01-27,3.10416698456,0
1982-01-28,3.1875,0
1982-01-29,3.27083301544,0
1982-02-01,3.1875,0
1982-02-02,3.27083301544,0
1982-02-03,3.10416698456,0
1982-02-04,2.97916698456,0
1982-02-05,3.14583301544,0
1982-02-08,3,0
1982-02-09,2.95833301544,0
1982-02-10,2.91666698456,0
1982-02-11,2.91666698456,0
1982-02-12,2.91666698456,0
1982-02-16,3.04166698456,0
1982-02-17,3,0
1982-02-18,3,0
1982-02-19,2.95833301544,0
1982-02-22,2.83333301544,0
1982-02-23,2.95833301544,0
1982-02-24,2.97916698456,0
1982-02-25,3.125,0
1982-02-26,3.125,0
1982-03-01,3.27083301544,0
1982-03-02,3.27083301544,0
1982-03-03,3.125,0
1982-03-04,3.27083301544,0
1982-03-05,3.25,0
1982-03-08,3.14583301544,0
1982-03-09,3.04166698456,0
1982-03-10,3.10416698456,0
1982-03-11,3.1875,0
1982-03-12,3.14583301544,0
1982-03-15,3.3125,0
1982-03-16,3.33333301544,0
1982-03-17,3.375,0
1982-03-18,3.66666698456,0
1982-03-19,3.79166698456,0
1982-03-22,3.875,0
1982-03-23,3.70833301544,0
1982-03-24,3.66666698456,0
1982-03-25,3.70833301544,0
1982-03-26,3.66666698456,0
1982-03-29,3.72916698456,0
1982-03-30,3.72916698456,0
1982-03-31,3.75,0
1982-04-01,3.79166698456,0
1982-04-02,3.91666698456,0
1982-04-05,3.89583301544,0
1982-04-06,3.85416698456,0
1982-04-07,3.89583301544,0
1982-04-08,4,0
1982-04-12,4.0625,0
1982-04-13,4.10416698456,0
1982-04-14,3.95833301544,0
1982-04-15,4.08333301544,0
1982-04-16,4.0625,0
1982-04-19,4.04166698456,0
1982-04-20,3.85416698456,0
1982-04-21,3.89583301544,0
1982-04-22,4,0
1982-04-23,4.10416698456,0
1982-04-26,4.0625,0
1982-04-27,3.9375,0
1982-04-28,4.10416698456,0
1982-04-29,4.14583301544,0
1982-04-30,4.16666698456,0
1982-05-03,4.27083301544,0
1982-05-04,4.27083301544,0
1982-05-05,4.22916698456,0
1982-05-06,4.20833301544,0
1982-05-07,4.25,0
1982-05-10,4.25,0
1982-05-11,4.35416698456,0
1982-05-12,4.25,0
1982-05-13,4.35416698456,0
1982-05-14,4.5,0
1982-05-17,4.33333301544,0
1982-05-18,4.16666698456,0
1982-05-19,4.125,0
1982-05-20,4.04166698456,0
1982-05-21,4.08333301544,0
1982-05-24,4.10416698456,0
1982-05-25,4.04166698456,0
1982-05-26,3.85416698456,0
1982-05-27,3.89583301544,0
1982-05-28,3.91666698456,0
1982-06-01,3.95833301544,0
1982-06-02,4,0
1982-06-03,4.02083301544,0
1982-06-04,3.77083301544,0
1982-06-07,3.8125,0
1982-06-08,3.83333301544,0
1982-06-09,3.72916698456,0
1982-06-10,3.8125,0
1982-06-11,4.02083301544,0
1982-06-14,3.95833301544,0
1982-06-15,3.79166698456,0
1982-06-16,3.85416698456,0
1982-06-17,3.8125,0
1982-06-18,3.72916698456,0
1982-06-21,3.75,0
1982-06-22,3.95833301544,0
1982-06-23,4.16666698456,0
1982-06-24,3.89583301544,0
1982-06-25,3.89583301544,0
1982-06-28,4,0
1982-06-29,4.04166698456,0
1982-06-30,4.04166698456,0
1982-07-01,3.9375,0
1982-07-02,3.89583301544,0
1982-07-06,3.89583301544,0
1982-07-07,3.91666698456,0
1982-07-08,3.85416698456,0
1982-07-09,3.91666698456,0
1982-07-12,3.95833301544,0
1982-07-13,4.20833301544,0
1982-07-14,4.375,0
1982-07-15,4.29166698456,0
1982-07-16,4.375,0
1982-07-19,4.33333301544,0
1982-07-20,4.5,0
1982-07-21,4.45833301544,0
1982-07-22,4.5,0
1982-07-23,4.52083301544,0
1982-07-26,4.45833301544,0
1982-07-27,4.41666698456,0
1982-07-28,4.45833301544,0
1982-07-29,4.54166698456,0
1982-07-30,4.20833301544,0
1982-08-02,4.27083301544,0
1982-08-03,4.33333301544,0
1982-08-04,4.1875,0
1982-08-05,3.9375,0
1982-08-06,3.875,0
1982-08-09,3.83333301544,0
1982-08-10,3.72916698456,0
1982-08-11,3.70833301544,0
1982-08-12,3.54166698456,0
1982-08-13,3.5,0
1982-08-16,3.52083301544,0
1982-08-17,4,0
1982-08-18,3.77083301544,0
1982-08-19,3.79166698456,0
1982-08-20,4,0
1982-08-23,4.27083301544,0
1982-08-24,4.375,0
1982-08-25,4.54166698456,0
1982-08-26,4.83333301544,0
1982-08-27,4.75,0
1982-08-30,5.08333301544,0
1982-08-31,5.04166698456,0
1982-09-01,4.79166698456,0
1982-09-02,5.0625,0
1982-09-03,5.1875,0
1982-09-07,5.04166698456,0
1982-09-08,5.0625,0
1982-09-09,4.79166698456,0
1982-09-10,4.875,0
1982-09-13,4.89583301544,0
1982-09-14,5.04166698456,0
1982-09-15,4.97916698456,0
1982-09-16,4.89583301544,0
1982-09-17,4.64583301544,0
1982-09-20,4.64583301544,0
1982-09-21,4.89583301544,0
1982-09-22,4.91666698456,0
1982-09-23,5,0
1982-09-24,4.75,0
1982-09-27,4.64583301544,0
1982-09-28,4.60416698456,0
1982-09-29,4.4375,0
1982-09-30,4.4375,0
1982-10-01,4.5,0
1982-10-04,4.4375,0
1982-10-05,4.4375,0
1982-10-06,4.89583301544,0
1982-10-07,5.10416698456,0
1982-10-08,5.125,0
1982-10-11,5.22916698456,0
1982-10-12,4.9375,0
1982-10-13,5.20833301544,0
1982-10-14,5.14583301544,0
1982-10-15,5.29166698456,0
1982-10-18,5.54166698456,0
1982-10-19,5.625,0
1982-10-20,5.79166698456,0
1982-10-21,5.97916698456,0
1982-10-22,6.125,0
1982-10-25,5.52083301544,0
1982-10-26,5.83333301544,0
1982-10-27,5.79166698456,0
1982-10-28,5.65625,0
1982-10-29,5.9375,0
1982-11-01,6,0
1982-11-02,6.25,0
1982-11-03,6.78125,0
1982-11-04,6.9375,0
1982-11-05,6.875,0
1982-11-08,6.5625,0
1982-11-09,6.625,0
1982-11-10,6.0625,0
1982-11-11,6.15625,0
1982-11-12,6.15625,0
1982-11-15,6.125,0
1982-11-16,5.75,0
1982-11-17,6.125,0
1982-11-18,6.0625,0
1982-11-19,5.875,0
1982-11-22,5.84375,0
1982-11-23,5.8125,0
1982-11-24,5.625,0
1982-11-26,5.6875,0
1982-11-29,5.59375,0
1982-11-30,6.25,0
1982-12-01,6.1875,0
1982-12-02,5.96875,0
1982-12-03,5.8125,0
1982-12-06,6.15625,0
1982-12-07,6.34375,0
1982-12-08,6.3125,0
1982-12-09,5.875,0
1982-12-10,5.875,0
1982-12-13,5.9375,0
1982-12-14,5.8125,0
1982-12-15,5.75,0
1982-12-16,5.96875,0
1982-12-17,6.1875,0
1982-12-20,6.21875,0
1982-12-21,6.5,0
1982-12-22,6.75,0
1982-12-23,6.65625,0
1982-12-27,6.59375,0
1982-12-28,6.375,0
1982-12-29,6.21875,0
1982-12-30,6.3125,0
1982-12-31,6.28125,0
1983-01-03,6.125,0
1983-01-04,6.21875,0
1983-01-05,6.09375,0
1983-01-06,6.53125,0
1983-01-07,6.78125,0
1983-01-10,6.9375,0
1983-01-11,6.96875,0
1983-01-12,7.25,0
1983-01-13,7.28125,0
1983-01-14,8,0
1983-01-17,8.34375,0
1983-01-18,8.90625,0
1983-01-19,8.6875,0
1983-01-20,8.875,0
1983-01-21,8.5625,0
1983-01-24,7.96875,0
1983-01-25,8.34375,0
1983-01-26,8.53125,0
1983-01-27,8.78125,0
1983-01-28,8.78125,0
1983-01-31,9,0
1983-02-01,9,0
1983-02-02,8.75,0
1983-02-03,8.875,0
1983-02-04,9.5,0
1983-02-07,9.21875,0
1983-02-08,8.6875,0
1983-02-09,8.4375,0
1983-02-10,8.75,0
1983-02-11,8.78125,0
1983-02-14,9.21875,0
1983-02-15,9.34375,0
1983-02-16,9.0625,0
1983-02-17,8.75,0
1983-02-18,8.9375,0
1983-02-22,8.875,0
1983-02-23,9.4375,0
1983-02-24,9.6875,0
1983-02-25,9.3125,0
1983-02-28,9.125,0
1983-03-01,9.0625,0
1983-03-02,8.65625,0
1983-03-03,8.65625,0
1983-03-04,8.75,0
1983-03-07,8.71875,0
1983-03-08,8.40625,0
1983-03-09,8.4375,0
1983-03-10,8.28125,0
1983-03-11,8.15625,0
1983-03-14,8.375,0
1983-03-15,8.8125,0
1983-03-16,8.96875,0
1983-03-17,8.78125,0
1983-03-18,8.875,0
1983-03-21,9,0
1983-03-22,8.5,0
1983-03-23,8.71875,0
1983-03-24,8.78125,0
1983-03-25,8.875,0
1983-03-28,8.6875,0
1983-03-29,8.4375,0
1983-03-30,8.75,0
1983-03-31,8.375,0
1983-04-04,8.28125,0
1983-04-05,8.15625,0
1983-04-06,7.875,0
1983-04-07,7.9375,0
1983-04-08,8.15625,0
1983-04-11,8.40625,0
1983-04-12,8.4375,0
1983-04-13,8.96875,0
1983-04-14,9.4375,0
1983-04-15,9.40625,0
1983-04-18,9.25,0
1983-04-19,9.09375,0
1983-04-20,9.625,0
1983-04-21,9.46875,0
1983-04-22,9.25,0
1983-04-25,8.875,0
1983-04-26,9.4375,0
1983-04-27,9.375,0
1983-04-28,9.3125,0
1983-04-29,9.5,0
1983-05-02,9.375,0
1983-05-03,9.84375,0
1983-05-04,10.46875,0
1983-05-05,10.96875,0
1983-05-06,11.46875,0
1983-05-09,11.3125,0
1983-05-10,11.4375,0
1983-05-11,11.28125,0
1983-05-12,10.96875,0
1983-05-13,11.53125,0
1983-05-16,11.3125,0
1983-05-17,11.3125,0
1983-05-18,11.34375,0
1983-05-19,11.1875,0
1983-05-20,11.75,0
1983-05-23,11.96875,0
1983-05-24,12.59375,0
1983-05-25,13.09375,0
1983-05-26,12.5,0
1983-05-27,12.40625,0
1983-05-31,12.125,0
1983-06-01,12.625,0
1983-06-02,13.09375,0
1983-06-03,13.40625,0
1983-06-06,13.625,0
1983-06-07,13.21875,0
1983-06-08,13.1875,0
1983-06-09,13.09375,0
1983-06-10,13.0625,0
1983-06-13,12.90625,0
1983-06-14,12.65625,0
1983-06-15,13.0625,0
1983-06-16,13.65625,0
1983-06-17,13.65625,0
1983-06-20,13.46875,0
1983-06-21,13.5,0
1983-06-22,14.65625,0
1983-06-23,15.8125,0
1983-06-24,16.0625,0
1983-06-27,16.125,0
1983-06-28,15.25,0
1983-06-29,15.84375,0
1983-06-30,16.125,0
1983-07-01,16.15625,0
1983-07-05,15.78125,0
1983-07-06,15.90625,0
1983-07-07,16.0625,0
1983-07-08,15.875,0
1983-07-11,16.21875,0
1983-07-12,15.90625,0
1983-07-13,15.4375,0
1983-07-14,14.75,0
1983-07-15,14.4375,0
1983-07-18,14.03125,0
1983-07-19,14.71875,0
1983-07-20,15.75,0
1983-07-21,16.96875,0
1983-07-22,16.28125,0
1983-07-25,16.46875,0
1983-07-26,16.5625,0
1983-07-27,15.96875,0
1983-07-28,14.84375,0
1983-07-29,14.875,0
1983-08-01,15,0
1983-08-02,14.65625,0
1983-08-03,14.5,0
1983-08-04,14.1875,0
1983-08-05,14.1875,0
1983-08-08,14,0
1983-08-09,13.375,0
1983-08-10,13.40625,0
1983-08-11,14,0
1983-08-12,14.1875,0
1983-08-15,14.28125,0
1983-08-16,13.46875,0
1983-08-17,13.53125,0
1983-08-18,13.3125,0
1983-08-19,13.6875,0
1983-08-22,12.96875,0
1983-08-23,13.75,0
1983-08-24,13.5,0
1983-08-25,13.6875,0
1983-08-26,14.625,0
1983-08-29,15.375,0
1983-08-30,15.3125,0
1983-08-31,15.875,0
1983-09-01,15.4375,0
1983-09-02,16,0
1983-09-06,16.4375,0
1983-09-07,16,0
1983-09-08,16,0
1983-09-09,15.1875,0
1983-09-12,14.625,0
1983-09-13,14.6875,0
1983-09-14,14.375,0
1983-09-15,14.875,0
1983-09-16,15.25,0
1983-09-19,16,0
1983-09-20,15.75,0
1983-09-21,15.75,0
1983-09-22,16.125,0
1983-09-23,15.375,0
1983-09-26,15,0
1983-09-27,15.0625,0
1983-09-28,15.875,0
1983-09-29,15.3125,0
1983-09-30,14.5,0
1983-10-03,15,0
1983-10-04,15.4375,0
1983-10-05,15.5625,0
1983-10-06,16.0625,0
1983-10-07,16.3125,0
1983-10-10,16.8125,0
1983-10-11,15.8125,0
1983-10-12,15.625,0
1983-10-13,15.8125,0
1983-10-14,16,0
1983-10-17,16.4375,0
1983-10-18,15.0625,0
1983-10-19,15.0625,0
1983-10-20,15.1875,0
1983-10-21,14.75,0
1983-10-24,15.625,0
1983-10-25,15.625,0
1983-10-26,15.25,0
1983-10-27,15.3125,0
1983-10-28,15.5,0
1983-10-31,15,0
1983-11-01,14.8125,0
1983-11-02,15.125,0
1983-11-03,14.6875,0
1983-11-04,14.625,0
1983-11-07,13.8125,0
1983-11-08,13.375,0
1983-11-09,14.75,0
1983-11-10,15.375,0
1983-11-11,16.125,0
1983-11-14,15.75,0
1983-11-15,15.8125,0
1983-11-16,15.875,0
1983-11-17,16.375,0
1983-11-18,16.75,0
1983-11-21,17.0625,0
1983-11-22,16.5,0
1983-11-23,16.3125,0
1983-11-25,16.6875,0
1983-11-28,16.6875,0
1983-11-29,17.6875,0
1983-11-30,17,0
1983-12-01,16.8125,0
1983-12-02,16.875,0
1983-12-05,16.6875,0
1983-12-06,16.8125,0
1983-12-07,17.1875,0
1983-12-08,16.5625,0
1983-12-09,16.375,0
1983-12-12,16.625,0
1983-12-13,16.5,0
1983-12-14,16.125,0
1983-12-15,16.1875,0
1983-12-16,16,0
1983-12-19,16.0625,0
1983-12-20,16.3125,0
1983-12-21,15.9375,0
1983-12-22,16.125,0
1983-12-23,16.1875,0
1983-12-27,16.5625,0
1983-12-28,16.375,0
1983-12-29,16.8125,0
1983-12-30,16.8125,0
1984-01-03,16.875,0
1984-01-04,17.5625,0
1984-01-05,17.75,0
1984-01-06,18,0
1984-01-09,18.375,0
1984-01-10,17.9375,0
1984-01-11,17.8125,0
1984-01-12,18.375,0
1984-01-13,18,0
1984-01-16,18,0
1984-01-17,18.375,0
1984-01-18,17.875,0
1984-01-19,18.125,0
1984-01-20,17.625,0
1984-01-23,17.1875,0
1984-01-24,17.3125,0
1984-01-25,16.625,0
1984-01-26,15.625,0
1984-01-27,15.0625,0
1984-01-30,14.5,0
1984-01-31,14.375,0
1984-02-01,14.1875,0
1984-02-02,14.5625,0
1984-02-03,14.25,0
1984-02-06,13.375,0
1984-02-07,13.875,0
1984-02-08,13,0
1984-02-09,13.5,0
1984-02-10,13.1875,0
1984-02-13,13.375,0
1984-02-14,13.9375,0
1984-02-15,13.6875,0
1984-02-16,13.8125,0
1984-02-17,13.5,0
1984-02-21,13.875,0
1984-02-22,13.9375,0
1984-02-23,13.5,0
1984-02-24,14.875,0
1984-02-27,14.875,0
1984-02-28,14.1875,0
1984-02-29,14.125,0
1984-03-01,14.5625,0
1984-03-02,14.5,0
1984-03-05,14.625,0
1984-03-06,13.75,0
1984-03-07,13.5625,0
1984-03-08,13.75,0
1984-03-09,13.75,0
1984-03-12,14.625,0
1984-03-13,15,0
1984-03-14,14.9375,0
1984-03-15,14.9375,0
1984-03-16,15.25,0
1984-03-19,14.875,0
1984-03-20,14.875,0
1984-03-21,14.4375,0
1984-03-22,14.0625,0
1984-03-23,13.9375,0
1984-03-26,14.125,0
1984-03-27,14.125,0
1984-03-28,14.8125,0
1984-03-29,14.5625,0
1984-03-30,14.25,0
1984-04-02,14.625,0
1984-04-03,14.4375,0
1984-04-04,13.8125,0
1984-04-05,13.375,0
1984-04-06,13.875,0
1984-04-09,14.25,0
1984-04-10,14.5625,0
1984-04-11,14.3125,0
1984-04-12,15.375,0
1984-04-13,15.25,0
1984-04-16,15.875,0
1984-04-17,16.1875,0
1984-04-18,16.0625,0
1984-04-19,16.125,0
1984-04-23,16.125,0
1984-04-24,15.875,0
1984-04-25,16.1875,0
1984-04-26,16.75,0
1984-04-27,17.125,0
1984-04-30,17.1875,0
1984-05-01,17.375,0
1984-05-02,17.3125,0
1984-05-03,17,0
1984-05-04,16.125,0
1984-05-07,16.0625,0
1984-05-08,16.625,0
1984-05-09,16.625,0
1984-05-10,16.6875,0
1984-05-11,16.5625,0
1984-05-14,16.625,0
1984-05-15,16.8125,0
1984-05-16,16.4375,0
1984-05-17,15.75,0
1984-05-18,15.5,0
1984-05-21,15.1875,0
1984-05-22,15.375,0
1984-05-23,15.4375,0
1984-05-24,15.25,0
1984-05-25,15.4375,0
1984-05-29,15.3125,0
1984-05-30,15.75,0
1984-05-31,15.8125,0
1984-06-01,16.1875,0
1984-06-04,15.9375,0
1984-06-05,16,0
1984-06-06,16.5,0
1984-06-07,16.5625,0
1984-06-08,16.3125,0
1984-06-11,15.625,0
1984-06-12,15.5625,0
1984-06-13,15.375,0
1984-06-14,14.25,0
1984-06-15,14.6875,0
1984-06-18,15.5,0
1984-06-19,15.25,0
1984-06-20,16,0
1984-06-21,15.9375,0
1984-06-22,16,0
1984-06-25,15.75,0
1984-06-26,15.0625,0
1984-06-27,15,0
1984-06-28,15.375,0
1984-06-29,15.375,0
1984-07-02,15.1875,0
1984-07-03,15.4375,0
1984-07-05,15.125,0
1984-07-06,15.25,0
1984-07-09,15.4375,0
1984-07-10,15.5625,0
1984-07-11,15.125,0
1984-07-12,14.5625,0
1984-07-13,14.75,0
1984-07-16,14.9375,0
1984-07-17,14.875,0
1984-07-18,14.75,0
1984-07-19,13.3125,0
1984-07-20,13.3125,0
1984-07-23,13.125,0
1984-07-24,12.8125,0
1984-07-25,13.4375,0
1984-07-26,14.125,0
1984-07-27,14.75,0
1984-07-30,14.125,0
1984-07-31,14.5,0
1984-08-01,15.3125,0
1984-08-02,15.875,0
1984-08-03,17.5625,0
1984-08-06,17.625,0
1984-08-07,17.6875,0
1984-08-08,17.3125,0
1984-08-09,18.875,0
1984-08-10,18.1875,0
1984-08-13,19,0
1984-08-14,18.4375,0
1984-08-15,18.5,0
1984-08-16,19.0625,0
1984-08-17,19.375,0
1984-08-20,19.5625,0
1984-08-21,20.25,0
1984-08-22,19.75,0
1984-08-23,20.5,0
1984-08-24,20.375,0
1984-08-27,20,0
1984-08-28,20.1875,0
1984-08-29,20.3125,0
1984-08-30,19.9375,0
1984-08-31,19.6875,0
1984-09-04,19.4375,0
1984-09-05,19.5625,0
1984-09-06,19.75,0
1984-09-07,19.0625,0
1984-09-10,19,0
1984-09-11,19.375,0
1984-09-12,18.75,0
1984-09-13,19.4375,0
1984-09-14,19.75,0
1984-09-17,20.125,0
1984-09-18,19.625,0
1984-09-19,18.5,0
1984-09-20,18.75,0
1984-09-21,18.625,0
1984-09-24,18.3125,0
1984-09-25,18.3125,0
1984-09-26,17.875,0
1984-09-27,17.5625,0
1984-09-28,17.375,0
1984-10-01,16.8125,0
1984-10-02,16.5,0
1984-10-03,17.25,0
1984-10-04,17.3125,0
1984-10-05,16.5625,0
1984-10-08,16.25,0
1984-10-09,16.5,0
1984-10-10,17.8125,0
1984-10-11,17.1875,0
1984-10-12,17.375,0
1984-10-15,17.8125,0
1984-10-16,17.5,0
1984-10-17,17.3125,0
1984-10-18,18.3125,0
1984-10-19,18.0625,0
1984-10-22,17.75,0
1984-10-23,18.3125,0
1984-10-24,17.75,0
1984-10-25,16.5625,0
1984-10-26,15.5625,0
1984-10-29,15.625,0
1984-10-30,16.1875,0
1984-10-31,16,0
1984-11-01,15.3125,0
1984-11-02,14.8125,0
1984-11-05,15.1875,0
1984-11-06,15.75,0
1984-11-07,15.5,0
1984-11-08,15.75,0
1984-11-09,15.5625,0
1984-11-12,15.625,0
1984-11-13,15.1875,0
1984-11-14,15,0
1984-11-15,14.875,0
1984-11-16,14.5625,0
1984-11-19,14.5,0
1984-11-20,14.6875,0
1984-11-21,14.3125,0
1984-11-23,14.0625,0
1984-11-26,14.25,0
1984-11-27,14.0625,0
1984-11-28,13.5,0
1984-11-29,13.8125,0
1984-11-30,13.875,0
1984-12-03,14.125,0
1984-12-04,14.25,0
1984-12-05,14.125,0
1984-12-06,14.5,0
1984-12-07,14.4375,0
1984-12-10,13.8125,0
1984-12-11,13.5,0
1984-12-12,13.4375,0
1984-12-13,12.75,0
1984-12-14,13,0
1984-12-17,13.0625,0
1984-12-18,14.1875,0
1984-12-19,14.625,0
1984-12-20,14.25,0
1984-12-21,14.5,0
1984-12-24,14.875,0
1984-12-26,14.9375,0
1984-12-27,14.6875,0
1984-12-28,14.8125,0
1984-12-31,14.75,0
1985-01-02,14.5,0
1985-01-03,14.4375,0
1985-01-04,14.5,0
1985-01-07,14.3125,0
1985-01-08,13.4375,0
1985-01-09,14.1875,0
1985-01-10,15,0
1985-01-11,15.25,0
1985-01-14,16.125,0
1985-01-15,16.3125,0
1985-01-16,16.375,0
1985-01-17,16,0
1985-01-18,16.0625,0
1985-01-21,16.6875,0
1985-01-22,16.9375,0
1985-01-23,17.5,0
1985-01-24,17.1875,0
1985-01-25,17.375,0
1985-01-28,17.25,0
1985-01-29,17.75,0
1985-01-30,17.9375,0
1985-01-31,17.5625,0
1985-02-01,17.3125,0
1985-02-04,17.6875,0
1985-02-05,17.6875,0
1985-02-06,17.375,0
1985-02-07,17.4375,0
1985-02-08,17.25,0
1985-02-11,17.4375,0
1985-02-12,17.5625,0
1985-02-13,17.9375,0
1985-02-14,17.1875,0
1985-02-15,16.5625,0
1985-02-19,16.3125,0
1985-02-20,16.875,0
1985-02-21,16.8125,0
1985-02-22,16.4375,0
1985-02-25,16,0
1985-02-26,16.75,0
1985-02-27,16.5,0
1985-02-28,16.625,0
1985-03-01,16.6875,0
1985-03-04,16.25,0
1985-03-05,16.1875,0
1985-03-06,15.8125,0
1985-03-07,15.875,0
1985-03-08,16,0
1985-03-11,16.0625,0
1985-03-12,16.25,0
1985-03-13,15.5,0
1985-03-14,15.25,0
1985-03-15,15.25,0
1985-03-18,15.625,0
1985-03-19,16.6875,0
1985-03-20,16,0
1985-03-21,15.9375,0
1985-03-22,15.8125,0
1985-03-25,15.8125,0
1985-03-26,15.8125,0
1985-03-27,16.3125,0
1985-03-28,16.5,0
1985-03-29,16.6875,0
1985-04-01,16.875,0
1985-04-02,16.5,0
1985-04-03,15.9375,0
1985-04-04,15.625,0
1985-04-08,15.625,0
1985-04-09,15.375,0
1985-04-10,15.5625,0
1985-04-11,15.75,0
1985-04-12,15.25,0
1985-04-15,15.375,0
1985-04-16,15.4375,0
1985-04-17,15.625,0
1985-04-18,14.9375,0
1985-04-19,15,0
1985-04-22,14.3125,0
1985-04-23,14.625,0
1985-04-24,14.5625,0
1985-04-25,14.75,0
1985-04-26,14.5,0
1985-04-29,13.625,0
1985-04-30,13.9375,0
1985-05-01,13.4375,0
1985-05-02,13.6875,0
1985-05-03,14,0
1985-05-06,13.375,0
1985-05-07,13.9375,0
1985-05-08,14.25,0
1985-05-09,14.6875,0
1985-05-10,15.125,0
1985-05-13,14.25,0
1985-05-14,14,0
1985-05-15,14.125,0
1985-05-16,14.5625,0
1985-05-17,14.625,0
1985-05-20,14.875,0
1985-05-21,14.5,0
1985-05-22,14.375,0
1985-05-23,14.25,0
1985-05-24,14.625,0
1985-05-28,14.375,0
1985-05-29,13.875,0
1985-05-30,13.3125,0
1985-05-31,13.25,0
1985-06-03,13.0625,0
1985-06-04,13.3125,0
1985-06-05,12.5625,0
1985-06-06,13,0
1985-06-07,13.125,0
1985-06-10,13.75,0
1985-06-11,13.4375,0
1985-06-12,13,0
1985-06-13,12.4375,0
1985-06-14,12,0
1985-06-17,11.75,0
1985-06-18,11.3125,0
1985-06-19,11.5,0
1985-06-20,11.875,0
1985-06-21,12.3125,0
1985-06-24,13,0
1985-06-25,12.875,0
1985-06-26,12.875,0
1985-06-27,13.375,0
1985-06-28,13,0
1985-07-01,13.5625,0
1985-07-02,13.375,0
1985-07-03,13,0
1985-07-05,13.125,0
1985-07-08,12.8125,0
1985-07-09,12.4375,0
1985-07-10,13.25,0
1985-07-11,13.4375,0
1985-07-12,13.25,0
1985-07-15,13,0
1985-07-16,13.9375,0
1985-07-17,14.5,0
1985-07-18,14.5,0
1985-07-19,14.875,0
1985-07-22,14.3125,0
1985-07-23,14.6875,0
1985-07-24,14.75,0
1985-07-25,14.875,0
1985-07-26,14.9375,0
1985-07-29,14.5,0
1985-07-30,14.5625,0
1985-07-31,14.875,0
1985-08-01,15.1875,0
1985-08-02,15.25,0
1985-08-05,14.875,0
1985-08-06,14.5,0
1985-08-07,14.625,0
1985-08-08,14.875,0
1985-08-09,14.4375,0
1985-08-12,13.875,0
1985-08-13,13.9375,0
1985-08-14,14.375,0
1985-08-15,14,0
1985-08-16,14.1875,0
1985-08-19,14.3125,0
1985-08-20,14.5,0
1985-08-21,14.4375,0
1985-08-22,14,0
1985-08-23,13.8125,0
1985-08-26,13.375,0
1985-08-27,13.75,0
1985-08-28,13.9375,0
1985-08-29,13.6875,0
1985-08-30,13.25,0
1985-09-03,13.1875,0
1985-09-04,13.0625,0
1985-09-05,13,0
1985-09-06,13.5,0
1985-09-09,13.5625,0
1985-09-10,12.625,0
1985-09-11,12.6875,0
1985-09-12,12.875,0
1985-09-13,13.125,0
1985-09-16,13.25,0
1985-09-17,13,0
1985-09-18,13.5625,0
1985-09-19,13.8125,0
1985-09-20,13.5,0
1985-09-23,13.5,0
1985-09-24,13.125,0
1985-09-25,13.125,0
1985-09-26,13.4375,0
1985-09-30,13.125,0
1985-10-01,12.9375,0
1985-10-02,12.125,0
1985-10-03,12.3125,0
1985-10-04,12.125,0
1985-10-07,12.3125,0
1985-10-08,11.625,0
1985-10-09,11.625,0
1985-10-10,11.9375,0
1985-10-11,12.0625,0
1985-10-14,12.6875,0
1985-10-15,12.375,0
1985-10-16,12.625,0
1985-10-17,12.375,0
1985-10-18,12.3125,0
1985-10-21,12.1875,0
1985-10-22,12.3125,0
1985-10-23,12.1875,0
1985-10-24,12.5,0
1985-10-25,12.0625,0
1985-10-28,11.8125,0
1985-10-29,11.9375,0
1985-10-30,11.75,0
1985-10-31,11.6875,0
1985-11-01,12.0625,0
1985-11-04,11.5,0
1985-11-05,11.625,0
1985-11-06,12.375,0
1985-11-07,12.3125,0
1985-11-08,12.25,0
1985-11-11,12.375,0
1985-11-12,12.5,0
1985-11-13,12.5,0
1985-11-14,12.9375,0
1985-11-15,13,0
1985-11-18,12.9375,0
1985-11-19,13.625,0
1985-11-20,13.3125,0
1985-11-21,13.5,0
1985-11-22,13.5,0
1985-11-25,13.1875,0
1985-11-26,13.375,0
1985-11-27,13.75,0
1985-11-29,13.9375,0
1985-12-02,13.6875,0
1985-12-03,14.0625,0
1985-12-04,14.75,0
1985-12-05,14.5,0
1985-12-06,14.9375,0
1985-12-09,15.0625,0
1985-12-10,15.1875,0
1985-12-11,15.375,0
1985-12-12,14.9375,0
1985-12-13,14.75,0
1985-12-16,14.875,0
1985-12-17,14.625,0
1985-12-18,14.4375,0
1985-12-19,14.5625,0
1985-12-20,14.4375,0
1985-12-23,14.125,0
1985-12-24,14.25,0
1985-12-26,14.5,0
1985-12-27,14.625,0
1985-12-30,14.5,0
1985-12-31,14.5,0
1986-01-02,14.4375,0
1986-01-03,14.375,0
1986-01-06,14,0
1986-01-07,14.5,0
1986-01-08,13.4375,0
1986-01-09,13.75,0
1986-01-10,13.5,0
1986-01-13,13.375,0
1986-01-14,13.8125,0
1986-01-15,14,0
1986-01-16,14.1875,0
1986-01-17,14.5,0
1986-01-20,14.75,0
1986-01-21,14.5,0
1986-01-22,14,0
1986-01-23,14.125,0
1986-01-24,14.5625,0
1986-01-27,14.125,0
1986-01-28,14.5,0
1986-01-29,14.125,0
1986-01-30,14,0
1986-01-31,13.6875,0
1986-02-03,13.5625,0
1986-02-04,14.0625,0
1986-02-05,14.4375,0
1986-02-06,14.625,0
1986-02-07,14.875,0
1986-02-10,15.25,0
1986-02-11,15.6875,0
1986-02-12,15.875,0
1986-02-13,15.5625,0
1986-02-14,15.375,0
1986-02-18,15.9375,0
1986-02-19,15.875,0
1986-02-20,16.125,0
1986-02-21,16.25,0
1986-02-24,16.0625,0
1986-02-25,15.8125,0
1986-02-26,15.625,0
1986-02-27,15.875,0
1986-02-28,15.5625,0
1986-03-03,15.125,0
1986-03-04,15.125,0
1986-03-05,15.1875,0
1986-03-06,15,0
1986-03-07,14.625,0
1986-03-10,15.0625,0
1986-03-11,16,0
1986-03-12,15.875,0
1986-03-13,15.875,0
1986-03-14,14.625,0
1986-03-17,15.8125,0
1986-03-18,15.6875,0
1986-03-19,15.3125,0
1986-03-20,15.1875,0
1986-03-21,14.875,0
1986-03-24,15.1875,0
1986-03-25,15.0625,0
1986-03-26,14.75,0
1986-03-27,14.625,0
1986-03-31,14.25,0
1986-04-01,13.75,0
1986-04-02,13.875,0
1986-04-03,13.8125,0
1986-04-04,13.9375,0
1986-04-07,14.25,0
1986-04-08,14.5,0
1986-04-09,14.375,0
1986-04-10,15,0
1986-04-11,15.125,0
1986-04-14,15.25,0
1986-04-15,14.9375,0
1986-04-16,15.1875,0
1986-04-17,15,0
1986-04-18,15,0
1986-04-21,15.0625,0
1986-04-22,14.875,0
1986-04-23,14.8125,0
1986-04-24,15.3125,0
1986-04-25,15.4375,0
1986-04-28,15.125,0
1986-04-29,14.75,0
1986-04-30,14.1875,0
1986-05-01,14.4375,0
1986-05-02,14.0625,0
1986-05-05,14.1875,0
1986-05-06,14.3125,0
1986-05-07,14,0
1986-05-08,13.75,0
1986-05-09,14.125,0
1986-05-12,13.75,0
1986-05-13,13.375,0
1986-05-14,13.125,0
1986-05-15,13,0
1986-05-16,13.0625,0
1986-05-19,13.25,0
1986-05-20,13.4375,0
1986-05-21,12.6875,0
1986-05-22,12.625,0
1986-05-23,12.375,0
1986-05-27,12.375,0
1986-05-28,13,0
1986-05-29,13.4375,0
1986-05-30,13.3125,0
1986-06-02,12.875,0
1986-06-03,12.625,0
1986-06-04,12.3125,0
1986-06-05,12.5,0
1986-06-06,12,0
1986-06-09,11.9375,0
1986-06-10,12,0
1986-06-11,12.5,0
1986-06-12,12,0
1986-06-13,11.6875,0
1986-06-16,11.1875,0
1986-06-17,10.875,0
1986-06-18,10.75,0
1986-06-19,10.9375,0
1986-06-20,10.875,0
1986-06-23,10.25,0
1986-06-24,10.5625,0
1986-06-25,10.75,0
1986-06-26,10.5,0
1986-06-27,10.5625,0
1986-06-30,10,0
1986-07-01,10,0
1986-07-02,10,0
1986-07-03,9.75,0
1986-07-07,9.125,0
1986-07-08,9.625,0
1986-07-09,9.375,0
1986-07-10,8.9375,0
1986-07-11,8.75,0
1986-07-14,8,0
1986-07-15,7.5625,0
1986-07-16,7.25,0
1986-07-17,7.375,0
1986-07-18,7.1875,0
1986-07-21,7.375,0
1986-07-22,7.5,0
1986-07-23,7.3125,0
1986-07-24,7.25,0
1986-07-25,7.5625,0
1986-07-28,7.375,0
1986-07-29,7.3125,0
1986-07-30,8.125,0
1986-07-31,7.875,0
1986-08-01,7.75,0
1986-08-04,7.5625,0
1986-08-05,7.3125,0
1986-08-06,7.3125,0
1986-08-07,7.5,0
1986-08-08,7.8125,0
1986-08-11,8.125,0
1986-08-12,8.375,0
1986-08-13,8.1875,0
1986-08-14,8.1875,0
1986-08-15,8.3125,0
1986-08-18,8,0
1986-08-19,8,0
1986-08-20,8.3125,0
1986-08-21,8.5,0
1986-08-22,9.0625,0
1986-08-25,9.5,0
1986-08-26,9.5,0
1986-08-27,9.8125,0
1986-08-28,9.75,0
1986-08-29,9.6875,0
1986-09-02,9.4375,0
1986-09-03,9.5625,0
1986-09-04,9.625,0
1986-09-05,9.875,0
1986-09-08,9.75,0
1986-09-09,9.4375,0
1986-09-10,9.4375,0
1986-09-11,9,0
1986-09-12,8.75,0
1986-09-15,8.625,0
1986-09-16,8.5,0
1986-09-17,8.6875,0
1986-09-18,8.875,0
1986-09-19,8.5625,0
1986-09-22,8.5,0
1986-09-23,8.6875,0
1986-09-24,8.8125,0
1986-09-25,8.5,0
1986-09-26,8.25,0
1986-09-29,7.8125,0
1986-09-30,7.875,0
1986-10-01,7.9375,0
1986-10-02,7.375,0
1986-10-03,7.25,0
1986-10-06,6.9375,0
1986-10-07,6.8125,0
1986-10-08,6.875,0
1986-10-09,6.875,0
1986-10-10,7,0
1986-10-13,7.25,0
1986-10-14,7.375,0
1986-10-15,7.375,0
1986-10-16,7.3125,0
1986-10-17,7.0625,0
1986-10-20,6.75,0
1986-10-21,6.6875,0
1986-10-22,6.625,0
1986-10-23,7.125,0
1986-10-24,7.1875,0
1986-10-27,7.1875,0
1986-10-28,6.9375,0
1986-10-29,7,0
1986-10-30,7.0625,0
1986-10-31,6.875,0
1986-11-03,7.1875,0
1986-11-04,7.875,0
1986-11-05,8,0
1986-11-06,8,0
1986-11-07,8,0
1986-11-10,8.125,0
1986-11-11,8.0625,0
1986-11-12,7.9375,0
1986-11-13,7.875,0
1986-11-14,7.8125,0
1986-11-17,7.9375,0
1986-11-18,7.4375,0
1986-11-19,7.625,0
1986-11-20,7.6875,0
1986-11-21,7.8125,0
1986-11-24,8,0
1986-11-25,7.875,0
1986-11-26,7.875,0
1986-11-28,7.8125,0
1986-12-01,8.375,0
1986-12-02,8.25,0
1986-12-03,8.0625,0
1986-12-04,8.125,0
1986-12-05,7.8125,0
1986-12-08,7.8125,0
1986-12-09,7.5625,0
1986-12-10,7.5,0
1986-12-11,7.375,0
1986-12-12,7.25,0
1986-12-15,7.375,0
1986-12-16,7.25,0
1986-12-17,7.1875,0
1986-12-18,7.1875,0
1986-12-19,7.125,0
1986-12-22,7.125,0
1986-12-23,6.8125,0
1986-12-24,6.9375,0
1986-12-26,7.0625,0
1986-12-29,6.875,0
1986-12-30,6.8125,0
1986-12-31,6.875,0
1987-01-02,7,0
1987-01-05,7.0625,0
1987-01-06,7.0625,0
1987-01-07,7.25,0
1987-01-08,7.625,0
1987-01-09,7.625,0
1987-01-12,7.75,0
1987-01-13,8.0625,0
1987-01-14,9,0
1987-01-15,9.125,0
1987-01-16,8.6875,0
1987-01-19,9.25,0
1987-01-20,9.0625,0
1987-01-21,8.75,0
1987-01-22,9.0625,0
1987-01-23,8.6875,0
1987-01-26,8.75,0
1987-01-27,8.8125,0
1987-01-28,8.75,0
1987-01-29,8.5,0
1987-01-30,8.75,0
1987-02-02,9.5,0
1987-02-03,10.5625,0
1987-02-04,10.5,0
1987-02-05,11.5,0
1987-02-06,11.1875,0
1987-02-09,10.875,0
1987-02-10,10.5625,0
1987-02-11,11.25,0
1987-02-12,10.6875,0
1987-02-13,11,0
1987-02-17,11.6875,0
1987-02-18,11.5625,0
1987-02-19,11.4375,0
1987-02-20,10.875,0
1987-02-23,10.75,0
1987-02-24,11,0
1987-02-25,10.75,0
1987-02-26,10.6875,0
1987-02-27,10.875,0
1987-03-02,10.5625,0
1987-03-03,10.3125,0
1987-03-04,10.625,0
1987-03-05,10.5625,0
1987-03-06,10.5,0
1987-03-09,10.625,0
1987-03-10,10.6875,0
1987-03-11,10.3125,0
1987-03-12,10.25,0
1987-03-13,10.25,0
1987-03-16,10.5,0
1987-03-17,10.75,0
1987-03-18,10.4375,0
1987-03-19,10.75,0
1987-03-20,10.625,0
1987-03-23,10.625,0
1987-03-24,10.0625,0
1987-03-25,9.875,0
1987-03-26,9.8125,0
1987-03-27,9.9375,0
1987-03-30,9.625,0
1987-03-31,9.9375,0
1987-04-01,10.1875,0
1987-04-02,9.875,0
1987-04-03,10.375,0
1987-04-06,10.5,0
1987-04-07,10.125,0
1987-04-08,10.0625,0
1987-04-09,10.125,0
1987-04-10,10.5,0
1987-04-13,10.0625,0
1987-04-14,9.9375,0
1987-04-15,10.1875,0
1987-04-16,10.1875,0
1987-04-20,10.125,0
1987-04-21,10.375,0
1987-04-22,10.3125,0
1987-04-23,10.125,0
1987-04-24,10.6875,0
1987-04-27,11.125,0
1987-04-28,11.625,0
1987-04-29,11.5,0
1987-04-30,11.0625,0
1987-05-01,11.4375,0
1987-05-04,11.25,0
1987-05-05,11.5,0
1987-05-06,11.0625,0
1987-05-07,11,0
1987-05-08,10.875,0
1987-05-11,11.125,0
1987-05-12,11.125,0
1987-05-13,10.875,0
1987-05-14,10.8125,0
1987-05-15,10.6875,0
1987-05-18,10.625,0
1987-05-19,10.25,0
1987-05-20,10.0625,0
1987-05-21,10.1875,0
1987-05-22,10.0625,0
1987-05-26,10.5,0
1987-05-27,10.5625,0
1987-05-28,10.625,0
1987-05-29,10.8125,0
1987-06-01,11.0625,0
1987-06-02,10.6875,0
1987-06-03,10.375,0
1987-06-04,10.5,0
1987-06-05,10.375,0
1987-06-08,10.6875,0
1987-06-09,10.875,0
1987-06-10,10.625,0
1987-06-11,10.5,0
1987-06-12,10.375,0
1987-06-15,10.125,0
1987-06-16,9.9375,0
1987-06-17,10,0
1987-06-18,9.9375,0
1987-06-19,9.9375,0
1987-06-22,10,0
1987-06-23,9.9375,0
1987-06-24,9.8125,0
1987-06-25,9.3125,0
1987-06-26,9.4375,0
1987-06-29,9.625,0
1987-06-30,9.5,0
1987-07-01,9.375,0
1987-07-02,9.5625,0
1987-07-06,9.375,0
1987-07-07,9.1875,0
1987-07-08,9.0625,0
1987-07-09,9.0625,0
1987-07-10,9.125,0
1987-07-13,9.25,0
1987-07-14,9.1875,0
1987-07-15,8.875,0
1987-07-16,9.0625,0
1987-07-17,8.8125,0
1987-07-20,8.8125,0
1987-07-21,8.625,0
1987-07-22,8.4375,0
1987-07-23,8.625,0
1987-07-24,8.6875,0
1987-07-27,8.875,0
1987-07-28,8.9375,0
1987-07-29,8.9375,0
1987-07-30,8.875,0
1987-07-31,9.0625,0
1987-08-03,9,0
1987-08-04,8.875,0
1987-08-05,9.0625,0
1987-08-06,9.8125,0
1987-08-07,10.125,0
1987-08-10,10.625,0
1987-08-11,10.125,0
1987-08-12,10.25,0
1987-08-13,10.25,0
1987-08-14,10,0
1987-08-17,10.125,0
1987-08-18,9.9375,0
1987-08-19,10.1875,0
1987-08-20,10.375,0
1987-08-21,10.6875,0
1987-08-24,10.875,0
1987-08-25,11.25,0
1987-08-26,11.25,0
1987-08-27,11.5,0
1987-08-28,11,0
1987-08-31,11,0
1987-09-01,10.5,0
1987-09-02,10.3125,0
1987-09-03,10.1875,0
1987-09-04,10.125,0
1987-09-08,10.125,0
1987-09-09,10.0625,0
1987-09-10,10.5625,0
1987-09-11,10.8125,0
1987-09-14,10.6875,0
1987-09-15,10.4375,0
1987-09-16,10.4375,0
1987-09-17,10.25,0
1987-09-18,10.125,0
1987-09-21,10.125,0
1987-09-22,10.5,0
1987-09-23,11.1875,0
1987-09-24,11.375,0
1987-09-25,10.9375,0
1987-09-28,11.0625,0
1987-09-29,11.1875,0
1987-09-30,11,0
1987-10-01,12,0
1987-10-02,12.3125,0
1987-10-05,12.3125,0
1987-10-06,11.5,0
1987-10-07,11.5,0
1987-10-08,11.4375,0
1987-10-09,11.125,0
1987-10-12,9.875,0
1987-10-13,10.375,0
1987-10-14,10,0
1987-10-15,9.5,0
1987-10-16,9,0
1987-10-19,5.75,0
1987-10-20,6.125,0
1987-10-21,6.375,0
1987-10-22,6,0
1987-10-23,5.6875,0
1987-10-26,4.875,0
1987-10-27,5.3125,0
1987-10-28,5.5,0
1987-10-29,6.0625,0
1987-10-30,5.75,0
1987-11-02,5.25,0
1987-11-03,5.25,0
1987-11-04,5.4375,0
1987-11-05,5.5625,0
1987-11-06,5.25,0
1987-11-09,5.0625,0
1987-11-10,4.875,0
1987-11-11,5.125,0
1987-11-12,5.375,0
1987-11-13,5.375,0
1987-11-16,5.25,0
1987-11-17,5,0
1987-11-18,5.125,0
1987-11-19,4.9375,0
1987-11-20,4.9375,0
1987-11-23,5.0625,0
1987-11-24,5,0
1987-11-25,4.9375,0
1987-11-27,4.6875,0
1987-11-30,4.625,0
1987-12-01,4.5,0
1987-12-02,4.3125,0
1987-12-03,4,0
1987-12-04,4.0625,0
1987-12-07,4.25,0
1987-12-08,4.3125,0
1987-12-09,4.5625,0
1987-12-10,4.625,0
1987-12-11,4.6875,0
1987-12-14,5,0
1987-12-15,4.9375,0
1987-12-16,5.1875,0
1987-12-17,5,0
1987-12-18,5.25,0
1987-12-21,5.3125,0
1987-12-22,5.125,0
1987-12-23,5.1875,0
1987-12-24,5.125,0
1987-12-28,4.9375,0
1987-12-29,4.8125,0
1987-12-30,5,0
1987-12-31,4.9375,0
1988-01-04,5.3125,0
1988-01-05,5.4375,0
1988-01-06,5.375,0
1988-01-07,5.5,0
1988-01-08,5.125,0
1988-01-11,5,0
1988-01-12,4.75,0
1988-01-13,4.75,0
1988-01-14,4.875,0
1988-01-15,5,0
1988-01-18,4.875,0
1988-01-19,4.75,0
1988-01-20,4.4375,0
1988-01-21,4.625,0
1988-01-22,4.6875,0
1988-01-25,4.6875,0
1988-01-26,4.5625,0
1988-01-27,4.6875,0
1988-01-28,4.875,0
1988-01-29,4.8125,0
1988-02-01,4.8125,0
1988-02-02,4.875,0
1988-02-03,4.75,0
1988-02-04,4.8125,0
1988-02-05,4.875,0
1988-02-08,4.8125,0
1988-02-09,4.875,0
1988-02-10,4.9375,0
1988-02-11,5.125,0
1988-02-12,5.0625,0
1988-02-16,5.25,0
1988-02-17,5.3125,0
1988-02-18,5.25,0
1988-02-19,5.3125,0
1988-02-22,5.9375,0
1988-02-23,5.875,0
1988-02-24,6.125,0
1988-02-25,6,0
1988-02-26,5.9375,0
1988-02-29,6,0
1988-03-01,5.875,0
1988-03-02,6.1875,0
1988-03-03,6.1875,0
1988-03-04,6.0625,0
1988-03-07,6.3125,0
1988-03-08,6.5625,0
1988-03-09,6.625,0
1988-03-10,6.3125,0
1988-03-11,6.25,0
1988-03-14,6.25,0
1988-03-15,6.3125,0
1988-03-16,6.125,0
1988-03-17,6.1875,0
1988-03-18,6.25,0
1988-03-21,6.0625,0
1988-03-22,6.25,0
1988-03-23,6.125,0
1988-03-24,5.9375,0
1988-03-25,5.625,0
1988-03-28,5.5625,0
1988-03-29,5.6875,0
1988-03-30,5.5,0
1988-03-31,5.5,0
1988-04-04,5.5625,0
1988-04-05,5.6875,0
1988-04-06,6,0
1988-04-07,6.25,0
1988-04-08,6.6875,0
1988-04-11,6.875,0
1988-04-12,6.8125,0
1988-04-13,6.6875,0
1988-04-14,6.3125,0
1988-04-15,6.25,0
1988-04-18,6.4375,0
1988-04-19,6.3125,0
1988-04-20,6.25,0
1988-04-21,6.25,0
1988-04-22,6.5625,0
1988-04-25,6.75,0
1988-04-26,6.875,0
1988-04-27,7.125,0
1988-04-28,7.25,0
1988-04-29,7.1875,0
1988-05-02,7.1875,0
1988-05-03,7.125,0
1988-05-04,7.25,0
1988-05-05,7.25,0
1988-05-06,7.125,0
1988-05-09,6.8125,0
1988-05-10,6.9375,0
1988-05-11,6.9375,0
1988-05-12,7.25,0
1988-05-13,7.5,0
1988-05-16,7.5,0
1988-05-17,7.375,0
1988-05-18,7.125,0
1988-05-19,7.4375,0
1988-05-20,7.3125,0
1988-05-23,7.0625,0
1988-05-24,7.25,0
1988-05-25,7.1875,0
1988-05-26,7.125,0
1988-05-27,7.125,0
1988-05-31,7.5,0
1988-06-01,7.8125,0
1988-06-02,7.625,0
1988-06-03,7.75,0
1988-06-06,8.125,0
1988-06-07,7.9375,0
1988-06-08,8.1875,0
1988-06-09,8,0
1988-06-10,8,0
1988-06-13,8,0
1988-06-14,8.0625,0
1988-06-15,8,0
1988-06-16,7.8125,0
1988-06-17,7.875,0
1988-06-20,7.5625,0
1988-06-21,7.875,0
1988-06-22,8,0
1988-06-23,8.0625,0
1988-06-24,8.125,0
1988-06-27,8,0
1988-06-28,8.375,0
1988-06-29,8.125,0
1988-06-30,8.25,0
1988-07-01,8.25,0
1988-07-05,8.3125,0
1988-07-06,8,0
1988-07-07,8.125,0
1988-07-08,8.1875,0
1988-07-11,7.5,0
1988-07-12,7.4375,0
1988-07-13,7.4375,0
1988-07-14,7.375,0
1988-07-15,7.1875,0
1988-07-18,7.125,0
1988-07-19,6.8125,0
1988-07-20,7.0625,0
1988-07-21,6.875,0
1988-07-22,6.9375,0
1988-07-25,6.875,0
1988-07-26,6.8125,0
1988-07-27,6.4375,0
1988-07-28,6.5,0
1988-07-29,6.6875,0
1988-08-01,6.6875,0
1988-08-02,6.6875,0
1988-08-03,6.75,0
1988-08-04,6.6875,0
1988-08-05,6.4375,0
1988-08-08,6.375,0
1988-08-09,6.3125,0
1988-08-10,6.0625,0
1988-08-11,6,0
1988-08-12,6.125,0
1988-08-15,5.875,0
1988-08-16,6,0
1988-08-17,5.9375,0
1988-08-18,5.875,0
1988-08-19,5.9375,0
1988-08-22,5.8125,0
1988-08-23,5.625,0
1988-08-24,5.9375,0
1988-08-25,5.875,0
1988-08-26,5.875,0
1988-08-29,5.875,0
1988-08-30,5.875,0
1988-08-31,5.6875,0
1988-09-01,5.375,0
1988-09-02,5.6875,0
1988-09-06,5.6875,0
1988-09-07,5.5,0
1988-09-08,5.5625,0
1988-09-09,5.8125,0
1988-09-12,5.75,0
1988-09-13,5.75,0
1988-09-14,5.75,0
1988-09-15,5.625,0
1988-09-16,5.875,0
1988-09-19,5.75,0
1988-09-20,5.75,0
1988-09-21,5.5,0
1988-09-22,5.6875,0
1988-09-23,5.6875,0
1988-09-26,5.625,0
1988-09-27,5.5,0
1988-09-28,5.4375,0
1988-09-29,5.375,0
1988-09-30,4.625,0
1988-10-03,4.5,0
1988-10-04,4.5,0
1988-10-05,4.375,0
1988-10-06,4.375,0
1988-10-07,4.375,0
1988-10-10,4.3125,0
1988-10-11,4.625,0
1988-10-12,4.9375,0
1988-10-13,5.25,0
1988-10-14,4.9375,0
1988-10-17,4.75,0
1988-10-18,4.75,0
1988-10-19,4.6875,0
1988-10-20,4.625,0
1988-10-21,4.6875,0
1988-10-24,4.5,0
1988-10-25,4.5625,0
1988-10-26,4.5,0
1988-10-27,4.3125,0
1988-10-28,4.3125,0
1988-10-31,4.5,0
1988-11-01,4.4375,0
1988-11-02,4.25,0
1988-11-03,4.375,0
1988-11-04,4.375,0
1988-11-07,4.25,0
1988-11-08,4.375,0
1988-11-09,4.25,0
1988-11-10,4.125,0
1988-11-11,4.0625,0
1988-11-14,3.875,0
1988-11-15,3.8125,0
1988-11-16,3.6875,0
1988-11-17,3.75,0
1988-11-18,3.875,0
1988-11-21,3.8125,0
1988-11-22,3.8125,0
1988-11-23,3.8125,0
1988-11-25,3.75,0
1988-11-28,3.625,0
1988-11-29,3.6875,0
1988-11-30,3.75,0
1988-12-01,4,0
1988-12-02,3.9375,0
1988-12-05,3.9375,0
1988-12-06,3.75,0
1988-12-07,3.75,0
1988-12-08,3.75,0
1988-12-09,3.5625,0
1988-12-12,3.625,0
1988-12-13,3.6875,0
1988-12-14,3.75,0
1988-12-15,4.125,0
1988-12-16,4.375,0
1988-12-19,4.5,0
1988-12-20,4.25,0
1988-12-21,4.1875,0
1988-12-22,4.1875,0
1988-12-23,4.3125,0
1988-12-27,4.3125,0
1988-12-28,4.25,0
1988-12-29,4.375,0
1988-12-30,4.3125,0
1989-01-03,4.375,0
1989-01-04,4.5,0
1989-01-05,4.5625,0
1989-01-06,4.5625,0
1989-01-09,4.5625,0
1989-01-10,4.5625,0
1989-01-11,4.3125,0
1989-01-12,4.375,0
1989-01-13,4.4375,0
1989-01-16,4.375,0
1989-01-17,4.25,0
1989-01-18,4.3125,0
1989-01-19,4.3125,0
1989-01-20,4.25,0
1989-01-23,4.3125,0
1989-01-24,4.3125,0
1989-01-25,4.375,0
1989-01-26,4.5625,0
1989-01-27,4.5625,0
1989-01-30,4.5,0
1989-01-31,4.5625,0
1989-02-01,4.5,0
1989-02-02,4.6875,0
1989-02-03,4.75,0
1989-02-06,4.6875,0
1989-02-07,4.6875,0
1989-02-08,4.5,0
1989-02-09,4.4375,0
1989-02-10,4.4375,0
1989-02-13,4.4375,0
1989-02-14,4.3125,0
1989-02-15,4.375,0
1989-02-16,4.3125,0
1989-02-17,4.3125,0
1989-02-21,4.5,0
1989-02-22,4.3125,0
1989-02-23,4.3125,0
1989-02-24,4.1875,0
1989-02-27,4.1875,0
1989-02-28,4.125,0
1989-03-01,4.0625,0
1989-03-02,4.0625,0
1989-03-03,4.0625,0
1989-03-06,4.125,0
1989-03-07,4.0625,0
1989-03-08,4.125,0
1989-03-09,4.3125,0
1989-03-10,4.3125,0
1989-03-13,4.375,0
1989-03-14,4.3125,0
1989-03-15,4.1875,0
1989-03-16,4.1875,0
1989-03-17,4.0625,0
1989-03-20,4.125,0
1989-03-21,4.125,0
1989-03-22,4,0
1989-03-23,4.125,0
1989-03-27,4.25,0
1989-03-28,4.1875,0
1989-03-29,4.125,0
1989-03-30,4.125,0
1989-03-31,4.25,0
1989-04-03,4.3125,0
1989-04-04,4.25,0
1989-04-05,4.3125,0
1989-04-06,4.3125,0
1989-04-07,4.625,0
1989-04-10,4.4375,0
1989-04-11,4.5625,0
1989-04-12,4.5,0
1989-04-13,4.5,0
1989-04-14,4.4375,0
1989-04-17,4.4375,0
1989-04-18,4.5625,0
1989-04-19,4.5,0
1989-04-20,4.5,0
1989-04-21,4.4375,0
1989-04-24,4.5625,0
1989-04-25,4.5,0
1989-04-26,4.4375,0
1989-04-27,4.4375,0
1989-04-28,4.4375,0
1989-05-01,4.4375,0
1989-05-02,4.375,0
1989-05-03,4.4375,0
1989-05-04,4.4375,0
1989-05-05,4.3125,0
1989-05-08,4.375,0
1989-05-09,4.3125,0
1989-05-10,4.375,0
1989-05-11,4.3125,0
1989-05-12,4.5625,0
1989-05-15,4.4375,0
1989-05-16,4.5,0
1989-05-17,4.6875,0
1989-05-18,4.625,0
1989-05-19,4.6875,0
1989-05-22,4.625,0
1989-05-23,4.5625,0
1989-05-24,4.5625,0
1989-05-25,4.6875,0
1989-05-26,4.75,0
1989-05-30,5.125,0
1989-05-31,5.1875,0
1989-06-01,5.125,0
1989-06-02,5.1875,0
1989-06-05,5.0625,0
1989-06-06,5.0625,0
1989-06-07,5.125,0
1989-06-08,5.0625,0
1989-06-09,5,0
1989-06-12,5.1875,0
1989-06-13,5.0625,0
1989-06-14,5.0625,0
1989-06-15,4.875,0
1989-06-16,4.9375,0
1989-06-19,4.875,0
1989-06-20,4.9375,0
1989-06-21,4.875,0
1989-06-22,5,0
1989-06-23,5.125,0
1989-06-26,5.0625,0
1989-06-27,5.0625,0
1989-06-28,5,0
1989-06-29,4.875,0
1989-06-30,4.875,0
1989-07-03,4.9375,0
1989-07-05,4.9375,0
1989-07-06,5,0
1989-07-07,5,0
1989-07-10,4.9375,0
1989-07-11,4.6875,0
1989-07-12,4.6875,0
1989-07-13,4.75,0
1989-07-14,4.6875,0
1989-07-17,4.6875,0
1989-07-18,4.6875,0
1989-07-19,4.625,0
1989-07-20,4.5625,0
1989-07-21,4.5,0
1989-07-24,4.5,0
1989-07-25,4.4375,0
1989-07-26,4.5,0
1989-07-27,4.4375,0
1989-07-28,4.25,0
1989-07-31,4.3125,0
1989-08-01,4.25,0
1989-08-02,4.25,0
1989-08-03,4.25,0
1989-08-04,4.4375,0
1989-08-07,4.5,0
1989-08-08,4.3125,0
1989-08-09,4.3125,0
1989-08-10,4.375,0
1989-08-11,4.3125,0
1989-08-14,4.3125,0
1989-08-15,4.3125,0
1989-08-16,4.25,0
1989-08-17,4.1875,0
1989-08-18,4.25,0
1989-08-21,4.1875,0
1989-08-22,4.125,0
1989-08-23,4.3125,0
1989-08-24,4.3125,0
1989-08-25,4.25,0
1989-08-28,4.25,0
1989-08-29,4.25,0
1989-08-30,4.1875,0
1989-08-31,4.3125,0
1989-09-01,4.25,0
1989-09-05,4.1875,0
1989-09-06,4.125,0
1989-09-07,4.125,0
1989-09-08,4.1875,0
1989-09-11,4.1875,0
1989-09-12,4.25,0
1989-09-13,4.5,0
1989-09-14,4.375,0
1989-09-15,4.375,0
1989-09-18,4.3125,0
1989-09-19,4.25,0
1989-09-20,4.25,0
1989-09-21,4.3125,0
1989-09-22,4.3125,0
1989-09-25,4.25,0
1989-09-26,4.3125,0
1989-09-27,4.3125,0
1989-09-28,4.5,0
1989-09-29,4.4375,0
1989-10-02,4.375,0
1989-10-03,4.375,0
1989-10-04,4.3125,0
1989-10-05,4.25,0
1989-10-06,4.3125,0
1989-10-09,4.3125,0
1989-10-10,4.375,0
1989-10-11,4.3125,0
1989-10-12,4.3125,0
1989-10-13,4.0625,0
1989-10-16,4.1875,0
1989-10-17,4.125,0
1989-10-18,4.1875,0
1989-10-19,4.1875,0
1989-10-20,4.125,0
1989-10-23,4.1875,0
1989-10-24,4.125,0
1989-10-25,4.0625,0
1989-10-26,3.9375,0
1989-10-27,3.9375,0
1989-10-30,3.875,0
1989-10-31,3.9375,0
1989-11-01,3.8125,0
1989-11-02,3.75,0
1989-11-03,3.75,0
1989-11-06,3.625,0
1989-11-07,3.6875,0
1989-11-08,3.6875,0
1989-11-09,3.6875,0
1989-11-10,3.8125,0
1989-11-13,3.8125,0
1989-11-14,3.8125,0
1989-11-15,3.75,0
1989-11-16,3.8125,0
1989-11-17,3.875,0
1989-11-20,3.8125,0
1989-11-21,3.8125,0
1989-11-22,3.75,0
1989-11-24,3.8125,0
1989-11-27,3.8125,0
1989-11-28,3.8125,0
1989-11-29,3.75,0
1989-11-30,3.75,0
1989-12-01,3.8125,0
1989-12-04,3.8125,0
1989-12-05,3.75,0
1989-12-06,3.75,0
1989-12-07,3.75,0
1989-12-08,3.875,0
1989-12-11,3.8125,0
1989-12-12,3.875,0
1989-12-13,4,0
1989-12-14,4.0625,0
1989-12-15,4,0
1989-12-18,3.875,0
1989-12-19,3.8125,0
1989-12-20,3.8125,0
1989-12-21,3.8125,0
1989-12-22,3.875,0
1989-12-26,3.9375,0
1989-12-27,3.9375,0
1989-12-28,3.875,0
1989-12-29,3.9375,0
1990-01-02,4.125,0
1990-01-03,4,0
1990-01-04,3.9375,0
1990-01-05,3.8125,0
1990-01-08,3.8125,0
1990-01-09,3.875,0
1990-01-10,3.8125,0
1990-01-11,3.875,0
1990-01-12,3.75,0
1990-01-15,3.625,0
1990-01-16,3.9375,0
1990-01-17,3.8125,0
1990-01-18,3.8125,0
1990-01-19,3.75,0
1990-01-22,3.75,0
1990-01-23,3.6875,0
1990-01-24,3.8125,0
1990-01-25,3.8125,0
1990-01-26,3.6875,0
1990-01-29,3.6875,0
1990-01-30,3.625,0
1990-01-31,3.625,0
1990-02-01,3.625,0
1990-02-02,3.5,0
1990-02-05,3.5625,0
1990-02-06,3.5,0
1990-02-07,3.6875,0
1990-02-08,3.6875,0
1990-02-09,3.625,0
1990-02-12,3.5,0
1990-02-13,3.5625,0
1990-02-14,3.5625,0
1990-02-15,3.5625,0
1990-02-16,3.625,0
1990-02-20,3.5625,0
1990-02-21,3.75,0
1990-02-22,3.875,0
1990-02-23,3.875,0
1990-02-26,4.0625,0
1990-02-27,4.3125,0
1990-02-28,4.125,0
1990-03-01,4.375,0
1990-03-02,4.5,0
1990-03-05,4.625,0
1990-03-06,4.5625,0
1990-03-07,4.5,0
1990-03-08,4.5,0
1990-03-09,4.5,0
1990-03-12,4.4375,0
1990-03-13,4.4375,0
1990-03-14,4.5625,0
1990-03-15,4.5,0
1990-03-16,4.625,0
1990-03-19,4.8125,0
1990-03-20,4.5,0
1990-03-21,4.75,0
1990-03-22,4.8125,0
1990-03-23,4.9375,0
1990-03-26,4.8125,0
1990-03-27,4.875,0
1990-03-28,4.75,0
1990-03-29,4.6875,0
1990-03-30,4.5625,0
1990-04-02,4.6875,0
1990-04-03,4.625,0
1990-04-04,4.5625,0
1990-04-05,4.5,0
1990-04-06,4.4375,0
1990-04-09,4.25,0
1990-04-10,4.375,0
1990-04-11,4.4375,0
1990-04-12,4.4375,0
1990-04-16,4.3125,0
1990-04-17,4.4375,0
1990-04-18,4.375,0
1990-04-19,4.3125,0
1990-04-20,4.3125,0
1990-04-23,4.1875,0
1990-04-24,4.1875,0
1990-04-25,4.1875,0
1990-04-26,4.3125,0
1990-04-27,4.3125,0
1990-04-30,4.375,0
1990-05-01,4.375,0
1990-05-02,4.3125,0
1990-05-03,4.3125,0
1990-05-04,4.1875,0
1990-05-07,4.3125,0
1990-05-08,4.5,0
1990-05-09,4.5,0
1990-05-10,4.5625,0
1990-05-11,4.75,0
1990-05-14,4.9375,0
1990-05-15,5.0625,0
1990-05-16,5,0
1990-05-17,5.25,0
1990-05-18,5.1875,0
1990-05-21,5.375,0
1990-05-22,5.375,0
1990-05-23,5.5625,0
1990-05-24,5.4375,0
1990-05-25,5.375,0
1990-05-29,5.5,0
1990-05-30,5.375,0
1990-05-31,5.25,0
1990-06-01,5.25,0
1990-06-04,5.375,0
1990-06-05,5.0625,0
1990-06-06,5.125,0
1990-06-07,4.875,0
1990-06-08,4.8125,0
1990-06-11,4.875,0
1990-06-12,4.9375,0
1990-06-13,4.9375,0
1990-06-14,4.6875,0
1990-06-15,4.6875,0
1990-06-18,4.625,0
1990-06-19,4.625,0
1990-06-20,4.5625,0
1990-06-21,4.625,0
1990-06-22,4.5,0
1990-06-25,4.5,0
1990-06-26,4.5,0
1990-06-27,4.5625,0
1990-06-28,4.6875,0
1990-06-29,4.75,0
1990-07-02,4.875,0
1990-07-03,4.75,0
1990-07-05,4.75,0
1990-07-06,4.8125,0
1990-07-09,4.6875,0
1990-07-10,4.5,0
1990-07-11,4.6875,0
1990-07-12,4.6875,0
1990-07-13,4.8125,0
1990-07-16,4.8125,0
1990-07-17,4.6875,0
1990-07-18,4.5625,0
1990-07-19,4.5,0
1990-07-20,3.625,0
1990-07-23,3.5625,0
1990-07-24,3.5625,0
1990-07-25,3.625,0
1990-07-26,3.625,0
1990-07-27,3.5625,0
1990-07-30,3.5625,0
1990-07-31,3.5,0
1990-08-01,3.4375,0
1990-08-02,3.1875,0
1990-08-03,3.0625,0
1990-08-06,2.8125,0
1990-08-07,2.6875,0
1990-08-08,2.8125,0
1990-08-09,2.8125,0
1990-08-10,2.75,0
1990-08-13,2.875,0
1990-08-14,3,0
1990-08-15,3,0
1990-08-16,2.9375,0
1990-08-17,2.875,0
1990-08-20,2.875,0
1990-08-21,2.75,0
1990-08-22,2.8125,0
1990-08-23,2.75,0
1990-08-24,2.75,0
1990-08-27,2.875,0
1990-08-28,2.8125,0
1990-08-29,2.625,0
1990-08-30,2.625,0
1990-08-31,2.6875,0
1990-09-04,2.8125,0
1990-09-05,2.9375,0
1990-09-06,2.9375,0
1990-09-07,3.125,0
1990-09-10,3,0
1990-09-11,3,0
1990-09-12,2.9375,0
1990-09-13,2.9375,0
1990-09-14,2.875,0
1990-09-17,2.875,0
1990-09-18,2.8125,0
1990-09-19,2.875,0
1990-09-20,2.8125,0
1990-09-21,2.75,0
1990-09-24,2.625,0
1990-09-25,2.625,0
1990-09-26,2.6875,0
1990-09-27,2.625,0
1990-09-28,2.5625,0
1990-10-01,2.6875,0
1990-10-02,2.6875,0
1990-10-03,2.5,0
1990-10-04,2.4375,0
1990-10-05,2.5,0
1990-10-08,2.3125,0
1990-10-09,2,0
1990-10-10,1.9375,0
1990-10-11,2.125,0
1990-10-12,2,0
1990-10-15,2.0625,0
1990-10-16,2,0
1990-10-17,1.875,0
1990-10-18,1.9375,0
1990-10-19,2,0
1990-10-22,2,0
1990-10-23,2,0
1990-10-24,2,0
1990-10-25,2.0625,0
1990-10-26,2.0625,0
1990-10-29,2,0
1990-10-30,2,0
1990-10-31,1.9375,0
1990-11-01,1.9375,0
1990-11-02,1.875,0
1990-11-05,1.875,0
1990-11-06,1.875,0
1990-11-07,1.875,0
1990-11-08,1.9375,0
1990-11-09,1.9375,0
1990-11-12,2.3125,0
1990-11-13,2.3125,0
1990-11-14,2.375,0
1990-11-15,2.125,0
1990-11-16,2.125,0
1990-11-19,2.0625,0
1990-11-20,2.0625,0
1990-11-21,2.125,0
1990-11-23,2,0
1990-11-26,2.0625,0
1990-11-27,2.0625,0
1990-11-28,2.125,0
1990-11-29,2.0625,0
1990-11-30,2.1875,0
1990-12-03,2.1875,0
1990-12-04,2.1875,0
1990-12-05,2.3125,0
1990-12-06,2.25,0
1990-12-07,2.3125,0
1990-12-10,2.5625,0
1990-12-11,2.4375,0
1990-12-12,2.4375,0
1990-12-13,2.4375,0
1990-12-14,2.4375,0
1990-12-17,2.4375,0
1990-12-18,2.5,0
1990-12-19,2.625,0
1990-12-20,2.625,0
1990-12-21,2.6875,0
1990-12-24,2.5625,0
1990-12-26,2.5625,0
1990-12-27,2.4375,0
1990-12-28,2.375,0
1990-12-31,2.4375,0
1991-01-02,2.5,0
1991-01-03,2.5625,0
1991-01-04,2.5625,0
1991-01-07,2.5,0
1991-01-08,2.5,0
1991-01-09,2.375,0
1991-01-10,2.4375,0
1991-01-11,2.5,0
1991-01-14,2.375,0
1991-01-15,2.5625,0
1991-01-16,2.6875,0
1991-01-17,2.8125,0
1991-01-18,2.8125,0
1991-01-21,2.8125,0
1991-01-22,2.9375,0
1991-01-23,3.25,0
1991-01-24,3.4375,0
1991-01-25,3.625,0
1991-01-28,3.4375,0
1991-01-29,3.4375,0
1991-01-30,3.5,0
1991-01-31,3.625,0
1991-02-01,3.75,0
1991-02-04,4.0625,0
1991-02-05,4,0
1991-02-06,3.9375,0
1991-02-07,4.0625,0
1991-02-08,3.9375,0
1991-02-11,4.0625,0
1991-02-12,4.0625,0
1991-02-13,4.0625,0
1991-02-14,3.875,0
1991-02-15,3.9375,0
1991-02-19,3.9375,0
1991-02-20,4.0625,0
1991-02-21,4,0
1991-02-22,3.875,0
1991-02-25,3.6875,0
1991-02-26,3.75,0
1991-02-27,4.0625,0
1991-02-28,4.0625,0
1991-03-01,4,0
1991-03-04,4.625,0
1991-03-05,4.875,0
1991-03-06,4.8125,0
1991-03-07,4.75,0
1991-03-08,4.6875,0
1991-03-11,4.6875,0
1991-03-12,4.5625,0
1991-03-13,4.8125,0
1991-03-14,5.125,0
1991-03-15,5.125,0
1991-03-18,5.1875,0
1991-03-19,5.375,0
1991-03-20,5.25,0
1991-03-21,5.5,0
1991-03-22,5.625,0
1991-03-25,5.5625,0
1991-03-26,5.5,0
1991-03-27,5.25,0
1991-03-28,5.25,0
1991-04-01,5.0625,0
1991-04-02,5.3125,0
1991-04-03,5.375,0
1991-04-04,5.5625,0
1991-04-05,5.6875,0
1991-04-08,5.8125,0
1991-04-09,5.75,0
1991-04-10,5.8125,0
1991-04-11,6.3125,0
1991-04-12,6.8125,0
1991-04-15,6.75,0
1991-04-16,6.9375,0
1991-04-17,7.125,0
1991-04-18,6.9375,0
1991-04-19,6.75,0
1991-04-22,6.25,0
1991-04-23,6.4375,0
1991-04-24,6.5,0
1991-04-25,6.375,0
1991-04-26,6.1875,0
1991-04-29,6.1875,0
1991-04-30,6.125,0
1991-05-01,6.1875,0
1991-05-02,6,0
1991-05-03,6.0625,0
1991-05-06,6,0
1991-05-07,5.8125,0
1991-05-08,5.9375,0
1991-05-09,6.3125,0
1991-05-10,6.125,0
1991-05-13,6,0
1991-05-14,5.9375,0
1991-05-15,5.5625,0
1991-05-16,5.5625,0
1991-05-17,5.5,0
1991-05-20,5.6875,0
1991-05-21,6,0
1991-05-22,6.5,0
1991-05-23,6.4375,0
1991-05-24,6.5,0
1991-05-28,6.5,0
1991-05-29,6.4375,0
1991-05-30,6.625,0
1991-05-31,6.75,0
1991-06-03,7,0
1991-06-04,7,0
1991-06-05,6.75,0
1991-06-06,6.75,0
1991-06-07,6.5,0
1991-06-10,6.625,0
1991-06-11,6.75,0
1991-06-12,6.375,0
1991-06-13,6.375,0
1991-06-14,6.4375,0
1991-06-17,6.375,0
1991-06-18,6.125,0
1991-06-19,6.0625,0
1991-06-20,6,0
1991-06-21,6,0
1991-06-24,5.75,0
1991-06-25,5.875,0
1991-06-26,5.8125,0
1991-06-27,5.8125,0
1991-06-28,6,0
1991-07-01,6.1875,0
1991-07-02,6,0
1991-07-03,5.75,0
1991-07-05,5.6875,0
1991-07-08,5.75,0
1991-07-09,5.9375,0
1991-07-10,6.1875,0
1991-07-11,6.4375,0
1991-07-12,6.5,0
1991-07-15,6.75,0
1991-07-16,5.9375,0
1991-07-17,5.8125,0
1991-07-18,5.8125,0
1991-07-19,5.5625,0
1991-07-22,5.4375,0
1991-07-23,5.1875,0
1991-07-24,5.3125,0
1991-07-25,5.3125,0
1991-07-26,5.1875,0
1991-07-29,5.125,0
1991-07-30,5.375,0
1991-07-31,5.5625,0
1991-08-01,5.75,0
1991-08-02,5.75,0
1991-08-05,5.625,0
1991-08-06,5.6875,0
1991-08-07,5.6875,0
1991-08-08,5.6875,0
1991-08-09,5.5,0
1991-08-12,5.5625,0
1991-08-13,5.6875,0
1991-08-14,5.75,0
1991-08-15,5.6875,0
1991-08-16,5.5625,0
1991-08-19,5.3125,0
1991-08-20,5.5,0
1991-08-21,5.6875,0
1991-08-22,5.875,0
1991-08-23,5.75,0
1991-08-26,5.75,0
1991-08-27,5.75,0
1991-08-28,6.0625,0
1991-08-29,6.0625,0
1991-08-30,6.1875,0
1991-09-03,6,0
1991-09-04,6,0
1991-09-05,5.8125,0
1991-09-06,5.9375,0
1991-09-09,6,0
1991-09-10,5.8125,0
1991-09-11,5.9375,0
1991-09-12,5.875,0
1991-09-13,5.625,0
1991-09-16,5.375,0
1991-09-17,5.125,0
1991-09-18,5.375,0
1991-09-19,5.25,0
1991-09-20,5.1875,0
1991-09-23,5.125,0
1991-09-24,5.0625,0
1991-09-25,5.125,0
1991-09-26,5.25,0
1991-09-27,4.8125,0
1991-09-30,4.6875,0
1991-10-01,4.5,0
1991-10-02,4.6875,0
1991-10-03,4.3125,0
1991-10-04,4.5,0
1991-10-07,4.5,0
1991-10-08,4.5,0
1991-10-09,4.625,0
1991-10-10,5,0
1991-10-11,5.25,0
1991-10-14,5.5625,0
1991-10-15,5.5,0
1991-10-16,5.6875,0
1991-10-17,5.5625,0
1991-10-18,5.5625,0
1991-10-21,5.375,0
1991-10-22,5.4375,0
1991-10-23,5.375,0
1991-10-24,5.3125,0
1991-10-25,5.1875,0
1991-10-28,5.3125,0
1991-10-29,5.5,0
1991-10-30,5.5625,0
1991-10-31,6.375,0
1991-11-01,6.125,0
1991-11-04,6.125,0
1991-11-05,6.1875,0
1991-11-06,6.3125,0
1991-11-07,6.625,0
1991-11-08,6.5,0
1991-11-11,6.5,0
1991-11-12,6.5625,0
1991-11-13,7,0
1991-11-14,6.875,0
1991-11-15,6.3125,0
1991-11-18,6.5,0
1991-11-19,6.25,0
1991-11-20,6.375,0
1991-11-21,6.5,0
1991-11-22,6.9375,0
1991-11-25,6.9375,0
1991-11-26,7.0625,0
1991-11-27,7.1875,0
1991-11-29,7.1875,0
1991-12-02,7.125,0
1991-12-03,7.4375,0
1991-12-04,7.5,0
1991-12-05,7.5,0
1991-12-06,7.5625,0
1991-12-09,7.4375,0
1991-12-10,7.4375,0
1991-12-11,7.5625,0
1991-12-12,7.875,0
1991-12-13,7.875,0
1991-12-16,7.875,0
1991-12-17,7.75,0
1991-12-18,7.5,0
1991-12-19,8.375,0
1991-12-20,8.25,0
1991-12-23,8.6875,0
1991-12-24,8.75,0
1991-12-26,8.5,0
1991-12-27,8.375,0
1991-12-30,8.5,0
1991-12-31,8.75,0
1992-01-02,8.9375,0
1992-01-03,9.125,0
1992-01-06,9.625,0
1992-01-07,9.9375,0
1992-01-08,9.5,0
1992-01-09,9.4375,0
1992-01-10,9.5625,0
1992-01-13,9.9375,0
1992-01-14,10.0625,0
1992-01-15,9.625,0
1992-01-16,8.875,0
1992-01-17,9.3125,0
1992-01-20,9.6875,0
1992-01-21,10,0
1992-01-22,10.5,0
1992-01-23,10.3125,0
1992-01-24,10.3125,0
1992-01-27,10.5,0
1992-01-28,10.375,0
1992-01-29,10.5,0
1992-01-30,9.625,0
1992-01-31,9.4375,0
1992-02-03,9.75,0
1992-02-04,10.3125,0
1992-02-05,10.625,0
1992-02-06,10.0625,0
1992-02-07,10.125,0
1992-02-10,10.375,0
1992-02-11,10.3125,0
1992-02-12,10.375,0
1992-02-13,10,0
1992-02-14,9.6875,0
1992-02-18,9.75,0
1992-02-19,9.625,0
1992-02-20,9.9375,0
1992-02-21,9.75,0
1992-02-24,9.5625,0
1992-02-25,9.625,0
1992-02-26,9.125,0
1992-02-27,9,0
1992-02-28,9.1875,0
1992-03-02,9.0625,0
1992-03-03,8.9375,0
1992-03-04,8.625,0
1992-03-05,8.25,0
1992-03-06,8.5625,0
1992-03-09,9,0
1992-03-10,9.125,0
1992-03-11,8.9375,0
1992-03-12,8.8125,0
1992-03-13,8.9375,0
1992-03-16,8.9375,0
1992-03-17,9,0
1992-03-18,9.375,0
1992-03-19,9.25,0
1992-03-20,9.375,0
1992-03-23,9.375,0
1992-03-24,9.125,0
1992-03-25,9.625,0
1992-03-26,9.5625,0
1992-03-27,8.75,0
1992-03-30,8.6875,0
1992-03-31,8.875,0
1992-04-01,8.8125,0
1992-04-02,8.875,0
1992-04-03,8.875,0
1992-04-06,9.4375,0
1992-04-07,8.8125,0
1992-04-08,8.8125,0
1992-04-09,8.5,0
1992-04-10,8.3125,0
1992-04-13,8.3125,0
1992-04-14,8.6875,0
1992-04-15,8.75,0
1992-04-16,8.4375,0
1992-04-20,8.1875,0
1992-04-21,8.1875,0
1992-04-22,8,0
1992-04-23,7.5,0
1992-04-24,7.5,0
1992-04-27,7.625,0
1992-04-28,7.75,0
1992-04-29,8.375,0
1992-04-30,8.9375,0
1992-05-01,8.4375,0
1992-05-04,8.5,0
1992-05-05,9,0
1992-05-06,8.875,0
1992-05-07,9,0
1992-05-08,8.9375,0
1992-05-11,9.0625,0
1992-05-12,9,0
1992-05-13,8.75,0
1992-05-14,7.8125,0
1992-05-15,7.75,0
1992-05-18,7.5,0
1992-05-19,8,0
1992-05-20,7.4375,0
1992-05-21,7.5,0
1992-05-22,7.6875,0
1992-05-26,7.625,0
1992-05-27,7.6875,0
1992-05-28,7.8125,0
1992-05-29,7.875,0
1992-06-01,7.75,0
1992-06-02,7.6875,0
1992-06-03,7.625,0
1992-06-04,7.5,0
1992-06-05,7.5,0
1992-06-08,7.3125,0
1992-06-09,7.6875,0
1992-06-10,7.9375,0
1992-06-11,7.875,0
1992-06-12,7.4375,0
1992-06-15,7.6875,0
1992-06-16,7.5,0
1992-06-17,7.25,0
1992-06-18,4.5,0
1992-06-19,4.6875,0
1992-06-22,4.875,0
1992-06-23,4.5625,0
1992-06-24,4.4375,0
1992-06-25,4.375,0
1992-06-26,4.3125,0
1992-06-29,4.4375,0
1992-06-30,4.375,0
1992-07-01,4.375,0
1992-07-02,3.8125,0
1992-07-06,3.8125,0
1992-07-07,3.875,0
1992-07-08,3.875,0
1992-07-09,4,0
1992-07-10,4.125,0
1992-07-13,4.25,0
1992-07-14,4.375,0
1992-07-15,4.4375,0
1992-07-16,4.4375,0
1992-07-17,4.3125,0
1992-07-20,4.3125,0
1992-07-21,4.4375,0
1992-07-22,4.3125,0
1992-07-23,4.3125,0
1992-07-24,4.1875,0
1992-07-27,4.25,0
1992-07-28,4.25,0
1992-07-29,4.3125,0
1992-07-30,4.3125,0
1992-07-31,4.4375,0
1992-08-03,4.75,0
1992-08-04,4.6875,0
1992-08-05,4.625,0
1992-08-06,4.6875,0
1992-08-07,4.6875,0
1992-08-10,4.5625,0
1992-08-11,4.5,0
1992-08-12,4.5,0
1992-08-13,4.625,0
1992-08-14,4.6875,0
1992-08-17,4.5625,0
1992-08-18,4.5,0
1992-08-19,4.5,0
1992-08-20,4.4375,0
1992-08-21,4.3125,0
1992-08-24,4.25,0
1992-08-25,4.5625,0
1992-08-26,4.75,0
1992-08-27,4.8125,0
1992-08-28,4.75,0
1992-08-31,5.0625,0
1992-09-01,5.25,0
1992-09-02,5.6875,0
1992-09-03,5.6875,0
1992-09-04,5.5625,0
1992-09-08,5.5,0
1992-09-09,5.75,0
1992-09-10,6.125,0
1992-09-11,6.1875,0
1992-09-14,6.125,0
1992-09-15,6.125,0
1992-09-16,6.0625,0
1992-09-17,6.125,0
1992-09-18,6.125,0
1992-09-21,6.125,0
1992-09-22,6,0
1992-09-23,5.8125,0
1992-09-24,5.875,0
1992-09-25,5.75,0
1992-09-28,5.75,0
1992-09-29,5.75,0
1992-09-30,5.625,0
1992-10-01,5.4375,0
1992-10-02,5.625,0
1992-10-05,5.875,0
1992-10-06,6.4375,0
1992-10-07,6.1875,0
1992-10-08,6.1875,0
1992-10-09,5.9375,0
1992-10-12,6.25,0
1992-10-13,6.375,0
1992-10-14,6.375,0
1992-10-15,6.3125,0
1992-10-16,6.5,0
1992-10-19,6.875,0
1992-10-20,7,0
1992-10-21,7.125,0
1992-10-22,7.1875,0
1992-10-23,7.1875,0
1992-10-26,7.3125,0
1992-10-27,7.375,0
1992-10-28,7.75,0
1992-10-29,7.9375,0
1992-10-30,8.25,0
1992-11-02,7.9375,0
1992-11-03,7.75,0
1992-11-04,8.125,0
1992-11-05,8.1875,0
1992-11-06,8.125,0
1992-11-09,8,0
1992-11-10,8,0
1992-11-11,8.1875,0
1992-11-12,8.1875,0
1992-11-13,8.25,0
1992-11-16,8.1875,0
1992-11-17,8.0625,0
1992-11-18,8.1875,0
1992-11-19,9,0
1992-11-20,9.1875,0
1992-11-23,9.25,0
1992-11-24,9,0
1992-11-25,8.8125,0
1992-11-27,8.6875,0
1992-11-30,8.9375,0
1992-12-01,9.125,0
1992-12-02,8.9375,0
1992-12-03,8.0625,0
1992-12-04,8.375,0
1992-12-07,8.8125,0
1992-12-08,8.8125,0
1992-12-09,8.625,0
1992-12-10,8.4375,0
1992-12-11,8.375,0
1992-12-14,8.375,0
1992-12-15,8.1875,0
1992-12-16,8.3125,0
1992-12-17,9,0
1992-12-18,9.125,0
1992-12-21,9.125,0
1992-12-22,9.1875,0
1992-12-23,8.8125,0
1992-12-24,8.8125,0
1992-12-28,8.875,0
1992-12-29,8.9375,0
1992-12-30,9.0625,0
1992-12-31,9.0625,0
1993-01-04,8.8125,0
1993-01-05,9.5,0
1993-01-06,9.875,0
1993-01-07,10,0
1993-01-08,9.625,0
1993-01-11,9.9375,0
1993-01-12,9.75,0
1993-01-13,9.875,0
1993-01-14,10.1875,0
1993-01-15,10,0
1993-01-18,10,0
1993-01-19,10.3125,0
1993-01-20,10.0625,0
1993-01-21,10,0
1993-01-22,9.875,0
1993-01-25,9.9375,0
1993-01-26,9.8125,0
1993-01-27,9.6875,0
1993-01-28,9.5,0
1993-01-29,9.375,0
1993-02-01,9.5625,0
1993-02-02,10.125,0
1993-02-03,10.25,0
1993-02-04,10.0625,0
1993-02-05,9.8125,0
1993-02-08,9.875,0
1993-02-09,9.875,0
1993-02-10,9.875,0
1993-02-11,10.5,0
1993-02-12,10.6875,0
1993-02-16,9.875,0
1993-02-17,10.1875,0
1993-02-18,10.5625,0
1993-02-19,11.0625,0
1993-02-22,10.875,0
1993-02-23,10.6875,0
1993-02-24,11,0
1993-02-25,11.0625,0
1993-02-26,10.875,0
1993-03-01,10.625,0
1993-03-02,11.125,0
1993-03-03,11.4375,0
1993-03-04,11.3125,0
1993-03-05,11.625,0
1993-03-08,12,0
1993-03-09,11.8125,0
1993-03-10,11.8125,0
1993-03-11,11.875,0
1993-03-12,11.875,0
1993-03-15,11.9375,0
1993-03-16,11.75,0
1993-03-17,11.5625,0
1993-03-18,11.625,0
1993-03-19,11.3125,0
1993-03-22,11.125,0
1993-03-23,11,0
1993-03-24,11.125,0
1993-03-25,11.5625,0
1993-03-26,11.375,0
1993-03-29,11.4375,0
1993-03-30,11.5,0
1993-03-31,11.5,0
1993-04-01,11.3125,0
1993-04-02,10.6875,0
1993-04-05,11.125,0
1993-04-06,11.75,0
1993-04-07,12.5625,0
1993-04-08,12.4375,0
1993-04-12,12.9375,0
1993-04-13,12.375,0
1993-04-14,12.25,0
1993-04-15,12.1875,0
1993-04-16,12.0625,0
1993-04-19,14,0
1993-04-20,13.8125,0
1993-04-21,14.5,0
1993-04-22,15.5,0
1993-04-23,15.25,0
1993-04-26,14.5,0
1993-04-27,14.875,0
1993-04-28,15.0625,0
1993-04-29,14.5625,0
1993-04-30,14.0625,0
1993-05-03,14.6875,0
1993-05-04,15.125,0
1993-05-05,14.75,0
1993-05-06,14.375,0
1993-05-07,14.75,0
1993-05-10,14.75,0
1993-05-11,14.5625,0
1993-05-12,14.4375,0
1993-05-13,14.4375,0
1993-05-14,14.25,0
1993-05-17,14,0
1993-05-18,14.25,0
1993-05-19,14.5625,0
1993-05-20,14.375,0
1993-05-21,14.4375,0
1993-05-24,14.5,0
1993-05-25,14.8125,0
1993-05-26,15.1875,0
1993-05-27,14.6875,0
1993-05-28,14.3125,0
1993-06-01,14.125,0
1993-06-02,13.8125,0
1993-06-03,14.25,0
1993-06-04,14,0
1993-06-07,11.875,0
1993-06-08,11.9375,0
1993-06-09,11.5,0
1993-06-10,11.125,0
1993-06-11,10.5625,0
1993-06-14,10.6875,0
1993-06-15,10.875,0
1993-06-16,10.5,0
1993-06-17,10.3125,0
1993-06-18,10.375,0
1993-06-21,10.6875,0
1993-06-22,10.6875,0
1993-06-23,10.5625,0
1993-06-24,10.625,0
1993-06-25,10.6875,0
1993-06-28,11.0625,0
1993-06-29,12,0
1993-06-30,12.0625,0
1993-07-01,12.0625,0
1993-07-02,11.9375,0
1993-07-06,11.625,0
1993-07-07,12,0
1993-07-08,12.4375,0
1993-07-09,12.4375,0
1993-07-12,12.3125,0
1993-07-13,12.3125,0
1993-07-14,12.5,0
1993-07-15,12.1875,0
1993-07-16,11.5,0
1993-07-19,11.625,0
1993-07-20,12.25,0
1993-07-21,12.4375,0
1993-07-22,12.1875,0
1993-07-23,12.1875,0
1993-07-26,12.3125,0
1993-07-27,12.1875,0
1993-07-28,12.125,0
1993-07-29,11.9375,0
1993-07-30,11.9375,0
1993-08-02,12.3125,0
1993-08-03,12.5,0
1993-08-04,12.9375,0
1993-08-05,13.5,0
1993-08-06,14.125,0
1993-08-09,14.3125,0
1993-08-10,14.1875,0
1993-08-11,14.8125,0
1993-08-12,15.0625,0
1993-08-13,15.125,0
1993-08-16,15.625,0
1993-08-17,15.9375,0
1993-08-18,15.6875,0
1993-08-19,15,0
1993-08-20,15.5,0
1993-08-23,15.8125,0
1993-08-24,15.5,0
1993-08-25,15.3125,0
1993-08-26,15.4375,0
1993-08-27,15.625,0
1993-08-30,15.75,0
1993-08-31,16.1875,0
1993-09-01,15.8125,0
1993-09-02,15.5,0
1993-09-03,14.5,0
1993-09-07,13.8125,0
1993-09-08,13.6875,0
1993-09-09,13.875,0
1993-09-10,14.25,0
1993-09-13,14.1875,0
1993-09-14,13.875,0
1993-09-15,13.875,0
1993-09-16,14.375,0
1993-09-17,14.6875,0
1993-09-20,14.875,0
1993-09-21,14.4375,0
1993-09-22,14.9375,0
1993-09-23,15.0625,0
1993-09-24,15,0
1993-09-27,14.6875,0
1993-09-28,15,0
1993-09-29,14.0625,0
1993-09-30,13.1875,0
1993-10-01,12.9375,0
1993-10-04,13.375,0
1993-10-05,11,0
1993-10-06,10.5,0
1993-10-07,10.375,0
1993-10-08,10.25,0
1993-10-11,10.0625,0
1993-10-12,10.1875,0
1993-10-13,10.0625,0
1993-10-14,9.9375,0
1993-10-15,10.125,0
1993-10-18,10.0625,0
1993-10-19,9.75,0
1993-10-20,9.4375,0
1993-10-21,9.9375,0
1993-10-22,10,0
1993-10-25,9.875,0
1993-10-26,9.6875,0
1993-10-27,9.9375,0
1993-10-28,9.875,0
1993-10-29,9.875,0
1993-11-01,10.1875,0
1993-11-02,10.125,0
1993-11-03,9.8125,0
1993-11-04,9.4375,0
1993-11-05,9.625,0
1993-11-08,9.5,0
1993-11-09,9.4375,0
1993-11-10,9.8125,0
1993-11-11,10,0
1993-11-12,9.875,0
1993-11-15,10,0
1993-11-16,9.8125,0
1993-11-17,9.5,0
1993-11-18,9.125,0
1993-11-19,9.25,0
1993-11-22,9.125,0
1993-11-23,9.25,0
1993-11-24,9.5,0
1993-11-26,9.5625,0
1993-11-29,9.4375,0
1993-11-30,9.5,0
1993-12-01,9.4375,0
1993-12-02,9.3125,0
1993-12-03,9.25,0
1993-12-06,8.875,0
1993-12-07,9.0625,0
1993-12-08,9.0625,0
1993-12-09,8.8125,0
1993-12-10,8.8125,0
1993-12-13,9.0625,0
1993-12-14,9,0
1993-12-15,9,0
1993-12-16,8.8125,0
1993-12-17,8.9375,0
1993-12-20,8.875,0
1993-12-21,8.5625,0
1993-12-22,8.6875,0
1993-12-23,8.6875,0
1993-12-27,8.75,0
1993-12-28,9.0625,0
1993-12-29,8.875,0
1993-12-30,8.875,0
1993-12-31,8.875,0
1994-01-03,8.9375,0
1994-01-04,9.125,0
1994-01-05,9.0625,0
1994-01-06,9.125,0
1994-01-07,9.1875,0
1994-01-10,9.0625,0
1994-01-11,8.875,0
1994-01-12,8.9375,0
1994-01-13,9.0625,0
1994-01-14,9.4375,0
1994-01-17,9.75,0
1994-01-18,9.75,0
1994-01-19,9.5625,0
1994-01-20,9.375,0
1994-01-21,9.625,0
1994-01-24,10.25,0
1994-01-25,10,0
1994-01-26,10.3125,0
1994-01-27,10.375,0
1994-01-28,10.1875,0
1994-01-31,10.25,0
1994-02-01,10.125,0
1994-02-02,10.3125,0
1994-02-03,10.4375,0
1994-02-04,10.1875,0
1994-02-07,10.1875,0
1994-02-08,11,0
1994-02-09,10.9375,0
1994-02-10,10.875,0
1994-02-11,10.625,0
1994-02-14,10.6875,0
1994-02-15,10.9375,0
1994-02-16,10.875,0
1994-02-17,11,0
1994-02-18,10.875,0
1994-02-22,10.875,0
1994-02-23,10.9375,0
1994-02-24,10.75,0
1994-02-25,10.625,0
1994-02-28,10.75,0
1994-03-01,10.875,0
1994-03-02,10.875,0
1994-03-03,11.75,0
1994-03-04,11.6875,0
1994-03-07,11.3125,0
1994-03-08,10.75,0
1994-03-09,11.375,0
1994-03-10,14.4375,0
1994-03-11,14.125,0
1994-03-14,13.875,0
1994-03-15,14.3125,0
1994-03-16,14.75,0
1994-03-17,14.8125,0
1994-03-18,14.875,0
1994-03-21,15.4375,0
1994-03-22,15.625,0
1994-03-23,15.375,0
1994-03-24,15,0
1994-03-25,14.8125,0
1994-03-28,14.5625,0
1994-03-29,14.625,0
1994-03-30,15.4375,0
1994-03-31,15.625,0
1994-04-04,15.5,0
1994-04-05,15.125,0
1994-04-06,14.625,0
1994-04-07,14.25,0
1994-04-08,14,0
1994-04-11,13.8125,0
1994-04-12,12.8125,0
1994-04-13,12.75,0
1994-04-14,12.5625,0
1994-04-15,12,0
1994-04-18,12,0
1994-04-19,11.8125,0
1994-04-20,12,0
1994-04-21,12.8125,0
1994-04-22,12.75,0
1994-04-25,12.875,0
1994-04-26,13.4375,0
1994-04-28,13,0
1994-04-29,13.1875,0
1994-05-02,13.375,0
1994-05-03,12.9375,0
1994-05-04,12.625,0
1994-05-05,12.5,0
1994-05-06,12.25,0
1994-05-09,12.375,0
1994-05-10,12.625,0
1994-05-11,12.0625,0
1994-05-12,11.875,0
1994-05-13,11.875,0
1994-05-16,11.8125,0
1994-05-17,11.8125,0
1994-05-18,12.4375,0
1994-05-19,12.8125,0
1994-05-20,12.5625,0
1994-05-23,12.9375,0
1994-05-24,13.5,0
1994-05-25,13.5,0
1994-05-26,13.375,0
1994-05-27,13.125,0
1994-05-31,13.5,0
1994-06-01,14.4375,0
1994-06-02,14.5625,0
1994-06-03,14.125,0
1994-06-06,14,0
1994-06-07,13.875,0
1994-06-08,13.1875,0
1994-06-09,13.0625,0
1994-06-10,13.4375,0
1994-06-13,13.3125,0
1994-06-14,13.4375,0
1994-06-15,13.25,0
1994-06-16,13,0
1994-06-17,13,0
1994-06-20,12.75,0
1994-06-21,12.375,0
1994-06-22,12.875,0
1994-06-23,12.3125,0
1994-06-24,12.1875,0
1994-06-27,12.75,0
1994-06-28,13.0625,0
1994-06-29,13.25,0
1994-06-30,12.5,0
1994-07-01,13,0
1994-07-05,12.9375,0
1994-07-06,12.5,0
1994-07-07,13.1875,0
1994-07-08,13.375,0
1994-07-11,13.5,0
1994-07-12,13.375,0
1994-07-13,13.25,0
1994-07-14,13,0
1994-07-15,12.6875,0
1994-07-18,12.75,0
1994-07-19,12.375,0
1994-07-20,12.3125,0
1994-07-21,12.9375,0
1994-07-22,12.9375,0
1994-07-25,12.75,0
1994-07-26,12.8125,0
1994-07-27,12.8125,0
1994-07-28,12.875,0
1994-07-29,13.5,0
1994-08-01,13.5,0
1994-08-02,13.4375,0
1994-08-03,13.4375,0
1994-08-04,13.1875,0
1994-08-05,13.3125,0
1994-08-08,13.5625,0
1994-08-09,13.8125,0
1994-08-10,14.0625,0
1994-08-11,14.0625,0
1994-08-12,14.1875,0
1994-08-15,14.125,0
1994-08-16,14,0
1994-08-17,14.375,0
1994-08-18,14.25,0
1994-08-19,14.375,0
1994-08-22,14.375,0
1994-08-23,14.5,0
1994-08-24,14.5625,0
1994-08-25,14.5625,0
1994-08-26,14.6875,0
1994-08-29,14.5,0
1994-08-30,14.75,0
1994-08-31,14.5,0
1994-09-01,13.75,0
1994-09-02,14.0625,0
1994-09-06,13.9375,0
1994-09-07,13.8125,0
1994-09-08,14.0625,0
1994-09-09,13.9375,0
1994-09-12,13.75,0
1994-09-13,14.1875,0
1994-09-14,14.5,0
1994-09-15,14.6875,0
1994-09-16,15,0
1994-09-19,15,0
1994-09-20,14.8125,0
1994-09-21,14.5625,0
1994-09-22,14.875,0
1994-09-23,15,0
1994-09-26,14.75,0
1994-09-27,14.8125,0
1994-09-28,15,0
1994-09-29,14.8125,0
1994-09-30,14.875,0
1994-10-03,13.25,0
1994-10-04,12.5625,0
1994-10-05,12.625,0
1994-10-06,12.25,0
1994-10-07,12.3125,0
1994-10-10,12.625,0
1994-10-11,12.3125,0
1994-10-12,11.75,0
1994-10-13,11.625,0
1994-10-14,11.375,0
1994-10-17,11.8125,0
1994-10-18,11.6875,0
1994-10-19,11.5625,0
1994-10-20,11.75,0
1994-10-21,11.875,0
1994-10-24,12.3125,0
1994-10-25,12.125,0
1994-10-26,12.25,0
1994-10-27,12.9375,0
1994-10-28,13.1875,0
1994-10-31,13.1875,0
1994-11-01,12.875,0
1994-11-02,13.1875,0
1994-11-03,13.1875,0
1994-11-04,13,0
1994-11-07,12.8125,0
1994-11-08,12.875,0
1994-11-09,12.9375,0
1994-11-10,12.375,0
1994-11-11,12.25,0
1994-11-14,12.25,0
1994-11-15,12.375,0
1994-11-16,12.3125,0
1994-11-17,12.4375,0
1994-11-18,12.625,0
1994-11-21,12.8125,0
1994-11-22,12.4375,0
1994-11-23,12.375,0
1994-11-25,12.625,0
1994-11-28,12.6875,0
1994-11-29,12.6875,0
1994-11-30,12.625,0
1994-12-01,12.4375,0
1994-12-02,12.5,0
1994-12-05,12.5625,0
1994-12-06,12.3125,0
1994-12-07,12,0
1994-12-08,11.75,0
1994-12-09,11.875,0
1994-12-12,11.625,0
1994-12-13,11.375,0
1994-12-14,11.6875,0
1994-12-15,11.8125,0
1994-12-16,11.5625,0
1994-12-19,11.25,0
1994-12-20,11.4375,0
1994-12-21,11.4375,0
1994-12-22,11.4375,0
1994-12-23,11.4375,0
1994-12-27,12,0
1994-12-28,12.0625,0
1994-12-29,12.375,0
1994-12-30,12.4375,0
1995-01-03,12.5,0
1995-01-04,12.8125,0
1995-01-05,12.75,0
1995-01-06,13.9375,0
1995-01-09,14.4375,0
1995-01-10,14.5625,0
1995-01-11,14.3125,0
1995-01-12,15.875,0
1995-01-13,15.75,0
1995-01-16,15.9375,0
1995-01-17,15.75,0
1995-01-18,16.0625,0
1995-01-19,16,0
1995-01-20,15.6875,0
1995-01-23,15.375,0
1995-01-24,15.625,0
1995-01-25,15.25,0
1995-01-26,15.0625,0
1995-01-27,15.125,0
1995-01-30,14.875,0
1995-01-31,14.6875,0
1995-02-01,15.125,0
1995-02-02,15.4375,0
1995-02-03,15.6875,0
1995-02-06,15.8125,0
1995-02-07,15.25,0
1995-02-08,15.3125,0
1995-02-09,15.625,0
1995-02-10,15.75,0
1995-02-13,15.5,0
1995-02-14,15.375,0
1995-02-15,15.375,0
1995-02-16,15.5625,0
1995-02-17,15.375,0
1995-02-21,14.8125,0
1995-02-22,15,0
1995-02-23,14.75,0
1995-02-24,14.875,0
1995-02-27,14.75,0
1995-02-28,15.1875,0
1995-03-01,14.9375,0
1995-03-02,14.875,0
1995-03-03,15.75,0
1995-03-06,17.125,0
1995-03-07,16.8125,0
1995-03-08,16.75,0
1995-03-09,17.0625,0
1995-03-10,16.9375,0
1995-03-13,17.25,0
1995-03-14,17.4375,0
1995-03-15,17.3125,0
1995-03-16,17.5,0
1995-03-17,17.25,0
1995-03-20,17.25,0
1995-03-21,17,0
1995-03-22,16.625,0
1995-03-23,17.5,0
1995-03-24,17.1875,0
1995-03-27,17.4375,0
1995-03-28,17.375,0
1995-03-29,17.1875,0
1995-03-30,17.125,0
1995-03-31,16.9375,0
1995-04-03,17.0625,0
1995-04-04,17.5,0
1995-04-05,17.375,0
1995-04-06,17.6875,0
1995-04-07,18.4375,0
1995-04-10,18.375,0
1995-04-11,16.75,0
1995-04-12,17.25,0
1995-04-13,17.4375,0
1995-04-17,16.8125,0
1995-04-18,16.9375,0
1995-04-19,16.375,0
1995-04-20,16.75,0
1995-04-21,17,0
1995-04-24,17.4375,0
1995-04-25,17.5625,0
1995-04-26,18.125,0
1995-04-27,18.25,0
1995-04-28,18,0
1995-05-01,17.625,0
1995-05-02,17.375,0
1995-05-03,17.375,0
1995-05-04,17.375,0
1995-05-05,17.3125,0
1995-05-08,17.6875,0
1995-05-09,17.9375,0
1995-05-10,18.5625,0
1995-05-11,18.5,0
1995-05-12,17.8125,0
1995-05-15,17.875,0
1995-05-16,17.8125,0
1995-05-17,17.5625,0
1995-05-18,17.375,0
1995-05-19,17.4375,0
1995-05-22,17.3125,0
1995-05-23,17.5625,0
1995-05-24,17.4375,0
1995-05-25,17.0625,0
1995-05-26,17,0
1995-05-30,16.4375,0
1995-05-31,16.5,0
1995-06-01,16.9375,0
1995-06-02,17.0625,0
1995-06-05,17.3125,0
1995-06-06,17,0
1995-06-07,16.875,0
1995-06-08,17.1875,0
1995-06-09,17.1875,0
1995-06-12,17.25,0
1995-06-13,17.625,0
1995-06-14,17.875,0
1995-06-15,17.6875,0
1995-06-16,17.375,0
1995-06-19,18.5,0
1995-06-20,18.25,0
1995-06-21,17.6875,0
1995-06-22,18.3125,0
1995-06-23,19.4375,0
1995-06-26,18.4375,0
1995-06-27,18.125,0
1995-06-28,18.3125,0
1995-06-29,18.25,0
1995-06-30,18.25,0
1995-07-03,18.125,0
1995-07-05,17.6875,0
1995-07-06,17.6875,0
1995-07-07,17.75,0
1995-07-10,17.0625,0
1995-07-11,17.1875,0
1995-07-12,17.875,0
1995-07-13,17.4375,0
1995-07-14,17.4375,0
1995-07-17,17.1875,0
1995-07-18,16.875,0
1995-07-19,16.3125,0
1995-07-20,16.3125,0
1995-07-21,16.125,0
1995-07-24,16.75,0
1995-07-25,16.8125,0
1995-07-26,16.5625,0
1995-07-27,16.75,0
1995-07-28,16.625,0
1995-07-31,16.3125,0
1995-08-01,15.8125,0
1995-08-02,15.5,0
1995-08-03,15.875,0
1995-08-04,16,0
1995-08-07,16.125,0
1995-08-08,16.125,0
1995-08-09,16.5,0
1995-08-10,16.5,0
1995-08-11,16.75,0
1995-08-14,17.25,0
1995-08-15,17.25,0
1995-08-16,17.6875,0
1995-08-17,17.75,0
1995-08-18,17.5625,0
1995-08-21,17.1875,0
1995-08-22,16.875,0
1995-08-23,16.75,0
1995-08-24,16.75,0
1995-08-25,16.4375,0
1995-08-28,16.125,0
1995-08-29,16.5,0
1995-08-30,16.6875,0
1995-08-31,16.875,0
1995-09-01,16.875,0
1995-09-05,17.3125,0
1995-09-06,17.5625,0
1995-09-07,17.5625,0
1995-09-08,17.125,0
1995-09-11,17.0625,0
1995-09-12,17.3125,0
1995-09-13,17.5,0
1995-09-14,17.25,0
1995-09-15,17,0
1995-09-18,17.1875,0
1995-09-19,17.0625,0
1995-09-20,17.1875,0
1995-09-21,16.5625,0
1995-09-22,16.5625,0
1995-09-25,15.5625,0
1995-09-26,14.875,0
1995-09-27,14.5625,0
1995-09-28,15,0
1995-09-29,14.5625,0
1995-10-02,14.3125,0
1995-10-03,14.4375,0
1995-10-04,13.75,0
1995-10-05,13.625,0
1995-10-06,13.6875,0
1995-10-09,13.125,0
1995-10-10,12.5,0
1995-10-11,13.4375,0
1995-10-12,13.875,0
1995-10-13,13.8125,0
1995-10-16,13.5,0
1995-10-17,13.9375,0
1995-10-18,13.8125,0
1995-10-19,13.4375,0
1995-10-20,13.0625,0
1995-10-23,13.75,0
1995-10-24,13.125,0
1995-10-25,12.75,0
1995-10-26,12.5,0
1995-10-27,12.25,0
1995-10-30,12.25,0
1995-10-31,11.75,0
1995-11-01,11.375,0
1995-11-02,11.625,0
1995-11-03,11.4375,0
1995-11-06,11.25,0
1995-11-07,11.25,0
1995-11-08,10.5,0
1995-11-09,11.1875,0
1995-11-10,10.875,0
1995-11-13,10.5625,0
1995-11-14,10.5,0
1995-11-15,10.8125,0
1995-11-16,10.875,0
1995-11-17,10.75,0
1995-11-20,10.6875,0
1995-11-21,10.25,0
1995-11-22,10.1875,0
1995-11-24,10.375,0
1995-11-27,10.375,0
1995-11-28,10.3125,0
1995-11-29,10.5625,0
1995-11-30,10.25,0
1995-12-01,9.75,0
1995-12-04,10.1875,0
1995-12-05,10.0625,0
1995-12-06,10,0
1995-12-07,9.875,0
1995-12-08,9.9375,0
1995-12-11,9.6875,0
1995-12-12,9.3125,0
1995-12-13,9.0625,0
1995-12-14,9.3125,0
1995-12-15,9.125,0
1995-12-18,8.5625,0
1995-12-19,8.75,0
1995-12-20,8.4375,0
1995-12-21,8.625,0
1995-12-22,8.6875,0
1995-12-26,8.625,0
1995-12-27,8.5,0
1995-12-28,8.3125,0
1995-12-29,8.25,0
1996-01-02,8.625,0
1996-01-03,8.5625,0
1996-01-04,8.375,0
1996-01-05,9.0625,0
1996-01-08,8.6875,0
1996-01-09,8.25,0
1996-01-10,8.8125,0
1996-01-11,8.9375,0
1996-01-12,9,0
1996-01-15,8.75,0
1996-01-16,9.5,0
1996-01-17,9.375,0
1996-01-18,9.4375,0
1996-01-19,9.3125,0
1996-01-22,9.625,0
1996-01-23,9.6875,0
1996-01-24,10.375,0
1996-01-25,10.25,0
1996-01-26,10.0625,0
1996-01-29,10,0
1996-01-30,10,0
1996-01-31,9.875,0
1996-02-01,10.25,0
1996-02-02,10.0625,0
1996-02-05,10.3125,0
1996-02-06,10.4375,0
1996-02-07,10.3125,0
1996-02-08,10.0625,0
1996-02-09,10.5625,0
1996-02-12,10.5,0
1996-02-13,10.25,0
1996-02-14,10.125,0
1996-02-15,10,0
1996-02-16,10,0
1996-02-20,9.9375,0
1996-02-21,9.9375,0
1996-02-22,10.3125,0
1996-02-23,10.25,0
1996-02-26,9.875,0
1996-02-27,9.875,0
1996-02-28,9.5,0
1996-02-29,9.6875,0
1996-03-01,9.5625,0
1996-03-04,9.375,0
1996-03-05,9.375,0
1996-03-06,8.9375,0
1996-03-07,8.625,0
1996-03-08,8.75,0
1996-03-11,8.8125,0
1996-03-12,8.625,0
1996-03-13,8.625,0
1996-03-14,8.625,0
1996-03-15,8.875,0
1996-03-18,9.0625,0
1996-03-19,9.0625,0
1996-03-20,8.6875,0
1996-03-21,8.625,0
1996-03-22,8.4375,0
1996-03-25,8.4375,0
1996-03-26,8.625,0
1996-03-27,8.875,0
1996-03-28,8.75,0
1996-03-29,8.6875,0
1996-04-01,8.8125,0
1996-04-02,8.75,0
1996-04-03,8.75,0
1996-04-04,8.625,0
1996-04-08,8.9375,0
1996-04-09,8.8125,0
1996-04-10,8.75,0
1996-04-11,8.625,0
1996-04-12,8.5625,0
1996-04-15,8.625,0
1996-04-16,8.5625,0
1996-04-17,8.4375,0
1996-04-18,8.625,0
1996-04-19,8.6875,0
1996-04-22,8.6875,0
1996-04-23,8.6875,0
1996-04-24,9.1875,0
1996-04-25,9.375,0
1996-04-26,9.25,0
1996-04-29,9.0625,0
1996-04-30,9.3125,0
1996-05-01,9.5625,0
1996-05-02,9.6875,0
1996-05-03,9.75,0
1996-05-06,9.6875,0
1996-05-07,9.5,0
1996-05-08,9.5,0
1996-05-09,9.375,0
1996-05-10,9.125,0
1996-05-13,9.375,0
1996-05-14,9.375,0
1996-05-15,9.1875,0
1996-05-16,9.3125,0
1996-05-17,9.6875,0
1996-05-20,9.1875,0
1996-05-21,8.8125,0
1996-05-22,8.8125,0
1996-05-23,8.75,0
1996-05-24,8.6875,0
1996-05-28,8.875,0
1996-05-29,8.8125,0
1996-05-30,8.875,0
1996-05-31,8.8125,0
1996-06-03,8.75,0
1996-06-04,8.75,0
1996-06-05,8.75,0
1996-06-06,8.5625,0
1996-06-07,8.6875,0
1996-06-10,8.4375,0
1996-06-11,8.375,0
1996-06-12,8.4375,0
1996-06-13,8.375,0
1996-06-14,8.125,0
1996-06-17,8.0625,0
1996-06-18,7.625,0
1996-06-19,7.8125,0
1996-06-20,7.875,0
1996-06-21,7.125,0
1996-06-24,7.0625,0
1996-06-25,6.9375,0
1996-06-26,6.625,0
1996-06-27,6.625,0
1996-06-28,6.8125,0
1996-07-01,7,0
1996-07-02,6.8125,0
1996-07-03,6.875,0
1996-07-05,6.8125,0
1996-07-08,6.5625,0
1996-07-09,6.5625,0
1996-07-10,6.5,0
1996-07-11,6.125,0
1996-07-12,6.0625,0
1996-07-15,5.9375,0
1996-07-16,5.875,0
1996-07-17,5.9375,0
1996-07-18,5.625,0
1996-07-19,5.5625,0
1996-07-22,5.4375,0
1996-07-23,5.375,0
1996-07-24,5.3125,0
1996-07-25,5.25,0
1996-07-26,6.1875,0
1996-07-29,6.0625,0
1996-07-30,6,0
1996-07-31,6.0625,0
1996-08-01,6.1875,0
1996-08-02,6.25,0
1996-08-05,6.25,0
1996-08-06,6.5,0
1996-08-07,7.0625,0
1996-08-08,6.9375,0
1996-08-09,6.9375,0
1996-08-12,6.875,0
1996-08-13,6.625,0
1996-08-14,6.75,0
1996-08-15,6.6875,0
1996-08-16,6.5625,0
1996-08-19,6.5625,0
1996-08-20,6.4375,0
1996-08-21,6.5,0
1996-08-22,6.5625,0
1996-08-23,6.3125,0
1996-08-26,6.3125,0
1996-08-27,6.1875,0
1996-08-28,6.125,0
1996-08-29,6.375,0
1996-08-30,6.375,0
1996-09-03,6.25,0
1996-09-04,6.3125,0
1996-09-05,6.125,0
1996-09-06,6.1875,0
1996-09-09,6.4375,0
1996-09-10,6.4375,0
1996-09-11,6.5,0
1996-09-12,6.5,0
1996-09-13,6.5,0
1996-09-16,6.6875,0
1996-09-17,7.0625,0
1996-09-18,7,0
1996-09-19,7.125,0
1996-09-20,7.1875,0
1996-09-23,7.0625,0
1996-09-24,7.5,0
1996-09-25,8,0
1996-09-26,7.625,0
1996-09-27,7.375,0
1996-09-30,7.375,0
1996-10-01,7.1875,0
1996-10-02,7.25,0
1996-10-03,7.125,0
1996-10-04,7.25,0
1996-10-07,7.875,0
1996-10-08,8.0625,0
1996-10-09,7.875,0
1996-10-10,7.9375,0
1996-10-11,8.0625,0
1996-10-14,8.8125,0
1996-10-15,8.9375,0
1996-10-16,8.8125,0
1996-10-17,8.75,0
1996-10-18,8.6875,0
1996-10-21,8.8125,0
1996-10-22,8.6875,0
1996-10-23,8.8125,0
1996-10-24,8.625,0
1996-10-25,8.75,0
1996-10-28,8.9375,0
1996-10-29,8.9375,0
1996-10-30,8.875,0
1996-10-31,8.875,0
1996-11-01,8.875,0
1996-11-04,9.4375,0
1996-11-05,9.5,0
1996-11-06,9.875,0
1996-11-07,10.1875,0
1996-11-08,10.125,0
1996-11-11,10.25,0
1996-11-12,10,0
1996-11-13,10.8125,0
1996-11-14,12.375,0
1996-11-15,12.5625,0
1996-11-18,12.4375,0
1996-11-19,12.625,0
1996-11-20,12.4375,0
1996-11-21,12.1875,0
1996-11-22,12.375,0
1996-11-25,12.3125,0
1996-11-26,12.375,0
1996-11-27,12.1875,0
1996-11-29,12.125,0
1996-12-02,12.6875,0
1996-12-03,12.0625,0
1996-12-04,12.125,0
1996-12-05,11.6875,0
1996-12-06,12.875,0
1996-12-09,13.3125,0
1996-12-10,13.0625,0
1996-12-11,13.4375,0
1996-12-12,13.5625,0
1996-12-13,14,0
1996-12-16,13.3125,0
1996-12-17,12.75,0
1996-12-18,13.5,0
1996-12-19,13.3125,0
1996-12-20,13,0
1996-12-23,12.9375,0
1996-12-24,13.0625,0
1996-12-26,13.1875,0
1996-12-27,13.0625,0
1996-12-30,12.875,0
1996-12-31,12.875,0
1997-01-02,13.5625,0
1997-01-03,14,0
1997-01-06,14.25,0
1997-01-07,14.9375,0
1997-01-08,14.4375,0
1997-01-09,13.75,0
1997-01-10,13.875,0
1997-01-13,14.5,0
1997-01-14,16.25,0
1997-01-15,16.8125,0
1997-01-16,16.875,0
1997-01-17,17.5,0
1997-01-20,17.1875,0
1997-01-21,17.125,0
1997-01-22,16.875,0
1997-01-23,16.25,0
1997-01-24,15.875,0
1997-01-27,15.375,0
1997-01-28,15.8125,0
1997-01-29,16.4375,0
1997-01-30,17.5625,0
1997-01-31,17.5625,0
1997-02-03,16.9375,0
1997-02-04,16.9375,0
1997-02-05,16.375,0
1997-02-06,16.8125,0
1997-02-07,17.25,0
1997-02-10,16.5,0
1997-02-11,16,0
1997-02-12,17.125,0
1997-02-13,17.0625,0
1997-02-14,16.9375,0
1997-02-18,17.25,0
1997-02-19,17.75,0
1997-02-20,18.1875,0
1997-02-21,17.375,0
1997-02-24,18.1875,0
1997-02-25,18.3125,0
1997-02-26,18.0625,0
1997-02-27,17.6875,0
1997-02-28,18,0
1997-03-03,17.9375,0
1997-03-04,19.25,0
1997-03-05,19.125,0
1997-03-06,18.875,0
1997-03-07,19.75,0
1997-03-10,20,0
1997-03-11,20.8125,0
1997-03-12,22.9375,0
1997-03-13,23.6875,0
1997-03-14,22.25,0
1997-03-17,22.625,0
1997-03-18,20.9375,0
1997-03-19,19.75,0
1997-03-20,20.0625,0
1997-03-21,19.5625,0
1997-03-24,18.8125,0
1997-03-25,20.375,0
1997-03-26,21.125,0
1997-03-27,20.5,0
1997-03-31,20.75,0
1997-04-01,19.8125,0
1997-04-02,19.75,0
1997-04-03,19,0
1997-04-04,19.8125,0
1997-04-07,21.5,0
1997-04-08,21.6875,0
1997-04-09,20.875,0
1997-04-10,19.875,0
1997-04-11,19.125,0
1997-04-14,19.125,0
1997-04-15,18.75,0
1997-04-16,19.125,0
1997-04-17,19.3125,0
1997-04-18,18.375,0
1997-04-21,17.75,0
1997-04-22,19,0
1997-04-23,18.75,0
1997-04-24,20.75,0
1997-04-25,20.3125,0
1997-04-28,20.625,0
1997-04-29,21.3125,0
1997-04-30,21.25,0
1997-05-01,21.75,0
1997-05-02,22,0
1997-05-05,22.25,0
1997-05-06,21.4375,0
1997-05-07,21.8125,0
1997-05-08,22.375,0
1997-05-09,22.5,0
1997-05-12,21.625,0
1997-05-13,21.9375,0
1997-05-14,21.5625,0
1997-05-15,22,0
1997-05-16,21.3125,0
1997-05-19,20,0
1997-05-20,21.125,0
1997-05-21,20.5625,0
1997-05-22,20.5,0
1997-05-23,20.4375,0
1997-05-27,21.0625,0
1997-05-28,21.125,0
1997-05-29,19.9375,0
1997-05-30,20,0
1997-06-02,19.875,0
1997-06-03,19.375,0
1997-06-04,19.375,0
1997-06-05,18.75,0
1997-06-06,19.3125,0
1997-06-09,20.3125,0
1997-06-10,19.5625,0
1997-06-11,19.6875,0
1997-06-12,19,0
1997-06-13,18.4375,0
1997-06-16,18.875,0
1997-06-17,19.5625,0
1997-06-18,19.3125,0
1997-06-19,18.9375,0
1997-06-20,18.46875,0
1997-06-23,18.5,0
1997-06-24,18.75,0
1997-06-25,19.0625,0
1997-06-26,18.15625,0
1997-06-27,17.875,0
1997-06-30,17.9375,0
1997-07-01,17.375,0
1997-07-02,17.53125,0
1997-07-03,17.96875,0
1997-07-07,19,0
1997-07-08,18.875,0
1997-07-09,19.5,0
1997-07-10,19.21875,0
1997-07-11,18.96875,0
1997-07-14,19.28125,0
1997-07-15,19.34375,0
1997-07-16,20,0
1997-07-17,19.65625,0
1997-07-18,18.65625,0
1997-07-21,18.0625,0
1997-07-22,18.59375,0
1997-07-23,18.15625,0
1997-07-24,17.875,0
1997-07-25,17.5625,0
1997-07-28,17.75,0
1997-07-29,17.25,0
1997-07-30,16.90625,0
1997-07-31,17.5625,0
1997-08-01,18.1875,0
1997-08-04,18.53125,0
1997-08-05,19.1875,0
1997-08-06,19.09375,0
1997-08-07,18.4375,0
1997-08-08,18.03125,0
1997-08-11,17.8125,0
1997-08-12,17.875,0
1997-08-13,19,0
1997-08-14,19,0
1997-08-15,18.75,0
1997-08-18,21.25,0
1997-08-19,20.6875,0
1997-08-20,20.5625,0
1997-08-21,20.96875,0
1997-08-22,20.90625,0
1997-08-25,20.53125,0
1997-08-26,19.75,0
1997-08-27,19.5625,0
1997-08-28,19.25,0
1997-08-29,18.8125,0
1997-09-02,19.4375,0
1997-09-03,19.4375,0
1997-09-04,17.625,0
1997-09-05,17.65625,0
1997-09-08,17,0
1997-09-09,16.875,0
1997-09-10,16.375,0
1997-09-11,17.0625,0
1997-09-12,17.75,0
1997-09-15,17,0
1997-09-16,17.03125,0
1997-09-17,16.53125,0
1997-09-18,16.09375,0
1997-09-19,16.25,0
1997-09-22,16.59375,0
1997-09-23,16.25,0
1997-09-24,15.625,0
1997-09-25,16.3125,0
1997-09-26,16.1875,0
1997-09-29,16.375,0
1997-09-30,16.28125,0
1997-10-01,13.5,0
1997-10-02,14.40625,0
1997-10-03,14.90625,0
1997-10-06,14.03125,0
1997-10-07,15,0
1997-10-08,15.3125,0
1997-10-09,15.59375,0
1997-10-10,15.40625,0
1997-10-13,15.34375,0
1997-10-14,14.90625,0
1997-10-15,14.75,0
1997-10-16,14.375,0
1997-10-17,14.0625,0
1997-10-20,14.03125,0
1997-10-21,14.71875,0
1997-10-22,14.1875,0
1997-10-23,13.75,0
1997-10-24,13.09375,0
1997-10-27,10.5,0
1997-10-28,12.5,0
1997-10-29,12.0625,0
1997-10-30,11.09375,0
1997-10-31,11.5,0
1997-11-03,12.03125,0
1997-11-04,11.96875,0
1997-11-05,12.0625,0
1997-11-06,10.9375,0
1997-11-07,11.28125,0
1997-11-10,10.625,0
1997-11-11,10.8125,0
1997-11-12,9.96875,0
1997-11-13,10.5625,0
1997-11-14,10.21875,0
1997-11-17,11,0
1997-11-18,10.96875,0
1997-11-19,10.46875,0
1997-11-20,11.40625,0
1997-11-21,11.3125,0
1997-11-24,11.125,0
1997-11-25,11.0625,0
1997-11-26,10.78125,0
1997-11-28,10.90625,0
1997-12-01,11.28125,0
1997-12-02,10.6875,0
1997-12-03,10.75,0
1997-12-04,10.46875,0
1997-12-05,10.5625,0
1997-12-08,10.9375,0
1997-12-09,10.40625,0
1997-12-10,9.9375,0
1997-12-11,9.34375,0
1997-12-12,9.09375,0
1997-12-15,9.21875,0
1997-12-16,9.15625,0
1997-12-17,9.46875,0
1997-12-18,9.125,0
1997-12-19,9.40625,0
1997-12-22,9.28125,0
1997-12-23,8.96875,0
1997-12-24,8.875,0
1997-12-26,8.78125,0
1997-12-29,8.6875,0
1997-12-30,8.5625,0
1997-12-31,8.875,0
1998-01-02,9.65625,0
1998-01-05,9.65625,0
1998-01-06,9.96875,0
1998-01-07,9.5,0
1998-01-08,9.46875,0
1998-01-09,9.125,0
1998-01-12,8.875,0
1998-01-13,10.4375,0
1998-01-14,9.21875,0
1998-01-15,9.03125,0
1998-01-16,8.90625,0
1998-01-20,9.28125,0
1998-01-21,9.28125,0
1998-01-22,9.1875,0
1998-01-23,9.0625,0
1998-01-26,9.46875,0
1998-01-27,9.375,0
1998-01-28,9.59375,0
1998-01-29,9.875,0
1998-01-30,10.09375,0
1998-02-02,10.03125,0
1998-02-03,10,0
1998-02-04,10,0
1998-02-05,9.53125,0
1998-02-06,9.25,0
1998-02-09,9.5625,0
1998-02-10,9.6875,0
1998-02-11,9.5625,0
1998-02-12,9.5,0
1998-02-13,9.5625,0
1998-02-17,9.46875,0
1998-02-18,9.5625,0
1998-02-19,9.75,0
1998-02-20,9.875,0
1998-02-23,10.375,0
1998-02-24,10.34375,0
1998-02-25,10.875,0
1998-02-26,12.5625,0
1998-02-27,11.75,0
1998-03-02,11.125,0
1998-03-03,11.40625,0
1998-03-04,10.25,0
1998-03-05,10.5,0
1998-03-06,10.90625,0
1998-03-09,10.28125,0
1998-03-10,10.875,0
1998-03-11,10.6875,0
1998-03-12,11.0859384537,0
1998-03-13,10.96875,0
1998-03-16,11.5,0
1998-03-17,11.03125,0
1998-03-18,11.15625,0
1998-03-19,11.96875,0
1998-03-20,11.1875,0
1998-03-23,11.40625,0
1998-03-24,11.53125,0
1998-03-25,11.46875,0
1998-03-26,11.6875,0
1998-03-27,12.34375,0
1998-03-30,13.28125,0
1998-03-31,14.53125,0
1998-04-01,14.96875,0
1998-04-02,14.84375,0
1998-04-03,14.28125,0
1998-04-06,15.21875,0
1998-04-07,15.25,0
1998-04-08,13.65625,0
1998-04-09,13.3125,0
1998-04-13,12.65625,0
1998-04-14,13.125,0
1998-04-15,13.125,0
1998-04-16,12.875,0
1998-04-17,13.875,0
1998-04-20,13.9375,0
1998-04-21,13.875,0
1998-04-22,14.28125,0
1998-04-23,14.65625,0
1998-04-24,14.5625,0
1998-04-27,14.09375,0
1998-04-28,13.71875,0
1998-04-29,14,0
1998-04-30,13.875,0
1998-05-01,13.78125,0
1998-05-04,13.3125,0
1998-05-05,12.875,0
1998-05-06,12.71875,0
1998-05-07,12.6875,0
1998-05-08,12.96875,0
1998-05-11,12.6875,0
1998-05-12,13,0
1998-05-13,13,0
1998-05-14,12.5625,0
1998-05-15,11.125,0
1998-05-18,11.09375,0
1998-05-19,11.1875,0
1998-05-20,10.3125,0
1998-05-21,10.09375,0
1998-05-22,10.03125,0
1998-05-26,10,0
1998-05-27,9.96875,0
1998-05-28,10.0625,0
1998-05-29,9.78125,0
1998-06-01,9.625,0
1998-06-02,9.375,0
1998-06-03,9,0
1998-06-04,9.1875,0
1998-06-05,9.15625,0
1998-06-08,9.0625,0
1998-06-09,9.3125,0
1998-06-10,8.8125,0
1998-06-11,8.8125,0
1998-06-12,8.4375,0
1998-06-15,8.5,0
1998-06-16,8.90625,0
1998-06-17,8.8125,0
1998-06-18,9,0
1998-06-19,8.75,0
1998-06-22,9.125,0
1998-06-23,8.9375,0
1998-06-24,9.125,0
1998-06-25,9,0
1998-06-26,8.875,0
1998-06-29,8.6875,0
1998-06-30,8.53125,0
1998-07-01,8.375,0
1998-07-02,8.375,0
1998-07-06,8.25,0
1998-07-07,9,0
1998-07-08,9.0625,0
1998-07-09,7.9375,0
1998-07-10,7.84375,0
1998-07-13,7.71875,0
1998-07-14,8.1875,0
1998-07-15,8.6875,0
1998-07-16,8.375,0
1998-07-17,8.28125,0
1998-07-20,8.6875,0
1998-07-21,8.84375,0
1998-07-22,8.28125,0
1998-07-23,8.1875,0
1998-07-24,8.125,0
1998-07-27,8.15625,0
1998-07-28,8.25,0
1998-07-29,7.84375,0
1998-07-30,8.5625,0
1998-07-31,8.625,0
1998-08-03,8.4375,0
1998-08-04,8,0
1998-08-05,7.9375,0
1998-08-06,8.375,0
1998-08-07,9,0
1998-08-10,9,0
1998-08-11,8.9375,0
1998-08-12,9.3125,0
1998-08-13,9,0
1998-08-14,9,0
1998-08-17,9.4375,0
1998-08-18,10.03125,0
1998-08-19,9.40625,0
1998-08-20,8.90625,0
1998-08-21,8.8125,0
1998-08-24,8.65625,0
1998-08-25,8.78125,0
1998-08-26,8.5,0
1998-08-27,7.6875,0
1998-08-28,7.59375,0
1998-08-31,6.5,0
1998-09-01,7.1875,0
1998-09-02,7.34375,0
1998-09-03,7,0
1998-09-04,7.125,0
1998-09-08,7.5625,0
1998-09-09,8.125,0
1998-09-10,8.09375,0
1998-09-11,8.625,0
1998-09-14,8.40625,0
1998-09-15,8.46875,0
1998-09-16,8.375,0
1998-09-17,8.875,0
1998-09-18,8.96875,0
1998-09-21,9,0
1998-09-22,9.375,0
1998-09-23,10.46875,0
1998-09-24,9.96875,0
1998-09-25,10.21875,0
1998-09-28,9.78125,0
1998-09-29,9.40625,0
1998-09-30,9.28125,0
1998-10-01,8.8125,0
1998-10-02,9.375,0
1998-10-05,9.1875,0
1998-10-06,9.9375,0
1998-10-07,7.875,0
1998-10-08,7,0
1998-10-09,7.59375,0
1998-10-12,8,0
1998-10-13,7.84375,0
1998-10-14,8.03125,0
1998-10-15,8.46875,0
1998-10-16,8.59375,0
1998-10-19,8.46875,0
1998-10-20,8.5625,0
1998-10-21,8.59375,0
1998-10-22,8.5,0
1998-10-23,8.71875,0
1998-10-26,8.71875,0
1998-10-27,8.71875,0
1998-10-28,9.40625,0
1998-10-29,9.9375,0
1998-10-30,11.28125,0
1998-11-02,11.5625,0
1998-11-03,11.71875,0
1998-11-04,12.5625,0
1998-11-05,12.3125,0
1998-11-06,12.21875,0
1998-11-09,12.5,0
1998-11-10,13.25,0
1998-11-11,13.5,0
1998-11-12,13.75,0
1998-11-13,13.375,0
1998-11-16,13.84375,0
1998-11-17,13.53125,0
1998-11-18,13.84375,0
1998-11-19,14.3125,0
1998-11-20,13.71875,0
1998-11-23,13.25,0
1998-11-24,12.8125,0
1998-11-25,14.5625,0
1998-11-27,14.59375,0
1998-11-30,13.84375,0
1998-12-01,14.59375,0
1998-12-02,14.3125,0
1998-12-03,14.75,0
1998-12-04,15.6875,0
1998-12-07,15.75,0
1998-12-08,16,0
1998-12-09,15.46875,0
1998-12-10,14.875,0
1998-12-11,15.09375,0
1998-12-14,14.28125,0
1998-12-15,14.375,0
1998-12-16,13.71875,0
1998-12-17,14,0
1998-12-18,14.03125,0
1998-12-21,14.4375,0
1998-12-22,14.375,0
1998-12-23,13.84375,0
1998-12-24,14,0
1998-12-28,13.65625,0
1998-12-29,13.75,0
1998-12-30,14.5625,0
1998-12-31,14.5,0
1999-01-04,14,0
1999-01-05,13.84375,0
1999-01-06,13.625,0
1999-01-07,13.71875,0
1999-01-08,14,0
1999-01-11,15.9375,0
1999-01-12,15.75,0
1999-01-13,13.875,0
1999-01-14,11.25,0
1999-01-15,11.1875,0
1999-01-19,11.0625,0
1999-01-20,11,0
1999-01-21,10.5,0
1999-01-22,10.78125,0
1999-01-25,10.71875,0
1999-01-26,11,0
1999-01-27,10.625,0
1999-01-28,11.4375,0
1999-01-29,11.46875,0
1999-02-01,12.4375,0
1999-02-02,12.15625,0
1999-02-03,10.46875,0
1999-02-04,9.46875,0
1999-02-05,8.40625,0
1999-02-08,8.5625,0
1999-02-09,8.375,0
1999-02-10,8.3125,0
1999-02-11,8.59375,0
1999-02-12,8.78125,0
1999-02-16,8.53125,0
1999-02-17,8.5,0
1999-02-18,8.5625,0
1999-02-19,8.8125,0
1999-02-22,9.65625,0
1999-02-23,9.375,0
1999-02-24,9.28125,0
1999-02-25,9.0625,0
1999-02-26,8.9375,0
1999-03-01,9.15625,0
1999-03-02,9.25,0
1999-03-03,9.0625,0
1999-03-04,9.25,0
1999-03-05,9.21875,0
1999-03-08,9.46875,0
1999-03-09,8.75,0
1999-03-10,8.6875,0
1999-03-11,8.5,0
1999-03-12,8.25,0
1999-03-15,8.15625,0
1999-03-16,8.5,0
1999-03-17,8.4375,0
1999-03-18,8.28125,0
1999-03-19,8.03125,0
1999-03-22,8.03125,0
1999-03-23,7.84375,0
1999-03-24,7.875,0
1999-03-25,8.0625,0
1999-03-26,8,0
1999-03-29,7.9375,0
1999-03-30,7.875,0
1999-03-31,7.75,0
1999-04-01,7.8125,0
1999-04-05,7.84375,0
1999-04-06,7.875,0
1999-04-07,8.09375,0
1999-04-08,7.78125,0
1999-04-09,7.8125,0
1999-04-12,7.53125,0
1999-04-13,7.5,0
1999-04-14,7.375,0
1999-04-15,8.1875,0
1999-04-16,8.1875,0
1999-04-19,7.96875,0
1999-04-20,8,0
1999-04-21,8.40625,0
1999-04-22,8.46875,0
1999-04-23,8.5625,0
1999-04-26,8.375,0
1999-04-27,8.34375,0
1999-04-28,8.1875,0
1999-04-29,8.25,0
1999-04-30,8.25,0
1999-05-03,8.21875,0
1999-05-04,8.3125,0
1999-05-05,8.65625,0
1999-05-06,8.65625,0
1999-05-07,8.8125,0
1999-05-10,9.34375,0
1999-05-11,9.75,0
1999-05-12,9.75,0
1999-05-13,9.15625,0
1999-05-14,9.375,0
1999-05-17,9.4375,0
1999-05-18,9.6875,0
1999-05-19,10.8125,0
1999-05-20,10.1875,0
1999-05-21,10.25,0
1999-05-24,9.53125,0
1999-05-25,9.21875,0
1999-05-26,9.65625,0
1999-05-27,9.4375,0
1999-05-28,9.25,0
1999-06-01,9.28125,0
1999-06-02,9.25,0
1999-06-03,8.90625,0
1999-06-04,8.96875,0
1999-06-07,8.96875,0
1999-06-08,8.84375,0
1999-06-09,8.71875,0
1999-06-10,8.6875,0
1999-06-11,8.40625,0
1999-06-14,8.46875,0
1999-06-15,9.15625,0
1999-06-16,9.125,0
1999-06-17,9.1875,0
1999-06-18,9.375,0
1999-06-21,9.59375,0
1999-06-22,9.625,0
1999-06-23,9.09375,0
1999-06-24,8.53125,0
1999-06-25,8.625,0
1999-06-28,8.5625,0
1999-06-29,9.03125,0
1999-06-30,9.03125,0
1999-07-01,8.6875,0
1999-07-02,8.59375,0
1999-07-06,8.5625,0
1999-07-07,8.4375,0
1999-07-08,8.6875,0
1999-07-09,8.5,0
1999-07-12,8.6875,0
1999-07-13,8.53125,0
1999-07-14,9,0
1999-07-15,8.84375,0
1999-07-16,8.78125,0
1999-07-19,8.65625,0
1999-07-20,8.375,0
1999-07-21,8.5,0
1999-07-22,8.15625,0
1999-07-23,8.0625,0
1999-07-26,8.1875,0
1999-07-27,8.28125,0
1999-07-28,8.40625,0
1999-07-29,8.75,0
1999-07-30,8.6875,0
1999-08-02,8.5,0
1999-08-03,8.3125,0
1999-08-04,8.15625,0
1999-08-05,8.0625,0
1999-08-06,8.6875,0
1999-08-09,9.625,0
1999-08-10,9.21875,0
1999-08-11,9.46875,0
1999-08-12,9.25,0
1999-08-13,9.46875,0
1999-08-16,9.375,0
1999-08-17,9.3125,0
1999-08-18,9.28125,0
1999-08-19,9.0625,0
1999-08-20,9.125,0
1999-08-23,9.59375,0
1999-08-24,9.375,0
1999-08-25,9.5,0
1999-08-26,9.4375,0
1999-08-27,9.84375,0
1999-08-30,10.125,0
1999-08-31,10.34375,0
1999-09-01,9.9375,0
1999-09-02,9.90625,0
1999-09-03,10.5,0
1999-09-07,11.625,0
1999-09-08,10.84375,0
1999-09-09,11.125,0
1999-09-10,10.84375,0
1999-09-13,10.625,0
1999-09-14,10.875,0
1999-09-15,10.53125,0
1999-09-16,10,0
1999-09-17,10.15625,0
1999-09-20,9.65625,0
1999-09-21,9.25,0
1999-09-22,9.46875,0
1999-09-23,8.625,0
1999-09-24,8.71875,0
1999-09-27,9.03125,0
1999-09-28,8.59375,0
1999-09-29,8.6875,0
1999-09-30,8.59375,0
1999-10-01,8.625,0
1999-10-04,8.9375,0
1999-10-05,9.3125,0
1999-10-06,9.71875,0
1999-10-07,9.3125,0
1999-10-08,9.28125,0
1999-10-11,9.5,0
1999-10-12,9.375,0
1999-10-13,9.125,0
1999-10-14,9,0
1999-10-15,8.78125,0
1999-10-18,8.625,0
1999-10-19,8.21875,0
1999-10-20,8.5,0
1999-10-21,9.4375,0
1999-10-22,9.34375,0
1999-10-25,9.53125,0
1999-10-26,9.5625,0
1999-10-27,9.21875,0
1999-10-28,9.5,0
1999-10-29,9.90625,0
1999-11-01,10.15625,0
1999-11-02,10.28125,0
1999-11-03,10.65625,0
1999-11-04,10.3125,0
1999-11-05,10.625,0
1999-11-08,10.71875,0
1999-11-09,10.53125,0
1999-11-10,11.5,0
1999-11-11,14.125,0
1999-11-12,13.28125,0
1999-11-15,12.78125,0
1999-11-16,12.875,0
1999-11-17,13.34375,0
1999-11-18,13,0
1999-11-19,13.5625,0
1999-11-22,13.46875,0
1999-11-23,13.5,0
1999-11-24,13.625,0
1999-11-26,13.84375,0
1999-11-29,15.25,0
1999-11-30,14.125,0
1999-12-01,13.75,0
1999-12-02,15.25,0
1999-12-03,15.75,0
1999-12-06,15.71875,0
1999-12-07,15.875,0
1999-12-08,14.875,0
1999-12-09,14.6875,0
1999-12-10,14.625,0
1999-12-13,14.53125,0
1999-12-14,13.8125,0
1999-12-15,13.5625,0
1999-12-16,14.75,0
1999-12-17,14.40625,0
1999-12-20,14.625,0
1999-12-21,15.03125,0
1999-12-22,14.40625,0
1999-12-23,14.3125,0
1999-12-27,14.46875,0
1999-12-28,14.375,0
1999-12-29,14.21875,0
1999-12-30,14.21875,0
1999-12-31,14.46875,0
2000-01-03,15.5,0
2000-01-04,14.625,0
2000-01-05,15,0
2000-01-06,16,0
2000-01-07,16.25,0
2000-01-10,17.5,0
2000-01-11,17.25,0
2000-01-12,18.125,0
2000-01-13,18.875,0
2000-01-14,20.1875,0
2000-01-18,19.5,0
2000-01-19,19.59375,0
2000-01-20,19.5,0
2000-01-21,18.9375,0
2000-01-24,17.25,0
2000-01-25,20,0
2000-01-26,18.5,0
2000-01-27,18.46875,0
2000-01-28,17.625,0
2000-01-31,18,0
2000-02-01,18.28125,0
2000-02-02,18.03125,0
2000-02-03,19.5,0
2000-02-04,19.28125,0
2000-02-07,20.65625,0
2000-02-08,20.6875,0
2000-02-09,21.03125,0
2000-02-10,21.25,0
2000-02-11,22.75,0
2000-02-14,21.625,0
2000-02-15,21.75,0
2000-02-16,21.875,0
2000-02-17,21.5,0
2000-02-18,21.5,0
2000-02-22,20.90625,0
2000-02-23,20.53125,0
2000-02-24,21.28125,0
2000-02-25,20.25,0
2000-02-28,18.875,0
2000-02-29,19.75,0
2000-03-01,20.25,0
2000-03-02,19.625,0
2000-03-03,20.75,0
2000-03-06,23.75,0
2000-03-07,27.5,0
2000-03-08,26.75,0
2000-03-09,29.0625,0
2000-03-10,26,0
2000-03-13,25.75,0
2000-03-14,24,0
2000-03-15,24.625,0
2000-03-16,24.59375,0
2000-03-17,25,0
2000-03-20,26.875,0
2000-03-21,27.40625,0
2000-03-22,28.75,0
2000-03-23,27.6875,0
2000-03-24,27,0
2000-03-27,27.09375,0
2000-03-28,27.5625,0
2000-03-29,27.375,0
2000-03-30,30,0
2000-03-31,29.5,0
2000-04-03,30.4375,0
2000-04-04,30.5625,0
2000-04-05,34.1875,0
2000-04-06,35.5,0
2000-04-07,37.75,0
2000-04-10,37.75,0
2000-04-11,35.3125,0
2000-04-12,38,0
2000-04-13,35.5,0
2000-04-14,33,0
2000-04-17,36.3125,0
2000-04-18,39.5,0
2000-04-19,37.625,0
2000-04-20,39.125,0
2000-04-24,40.5,0
2000-04-25,43.75,0
2000-04-26,41.125,0
2000-04-27,42.625,0
2000-04-28,43.75,0
2000-05-01,44.1875,0
2000-05-02,44.75,0
2000-05-03,43.875,0
2000-05-04,45,0
2000-05-05,46,0
2000-05-08,44.375,0
2000-05-09,41.75,0
2000-05-10,39.96875,0
2000-05-11,43.875,0
2000-05-12,42.84375,0
2000-05-15,42.75,0
2000-05-16,44.25,0
2000-05-17,42.5,0
2000-05-18,43.25,0
2000-05-19,41.90625,0
2000-05-22,40.25,0
2000-05-23,37.75,0
2000-05-24,36.34375,0
2000-05-25,35.3125,0
2000-05-26,37,0
2000-05-30,43,0
2000-05-31,40.875,0
2000-06-01,42,0
2000-06-02,45.0625,0
2000-06-05,45.5625,0
2000-06-06,45.125,0
2000-06-07,43.5,0
2000-06-08,43.5625,0
2000-06-09,44.375,0
2000-06-12,42.75,0
2000-06-13,44,0
2000-06-14,41.875,0
2000-06-15,41.4375,0
2000-06-16,41.25,0
2000-06-19,45.90625,0
2000-06-20,45.625,0
2000-06-21,47.5,0
2000-06-22,45.625,0
2000-06-23,43.875,0
2000-06-26,43.625,0
2000-06-27,42.125,0
2000-06-28,40.34375,0
2000-06-29,38.125,0
2000-06-30,38.625,0
2000-07-03,42.125,0
2000-07-05,37.625,0
2000-07-06,38.75,0
2000-07-07,41,0
2000-07-10,42.5,0
2000-07-11,41.75,0
2000-07-12,42.15625,0
2000-07-13,42.75,0
2000-07-14,45,0
2000-07-17,45.625,0
2000-07-18,45.5,0
2000-07-19,45.125,0
2000-07-20,43.0625,0
2000-07-21,40.0625,0
2000-07-24,39,0
2000-07-25,39.375,0
2000-07-26,38.09375,0
2000-07-27,35,0
2000-07-28,35.5,0
2000-07-31,36,0
2000-08-01,33.875,0
2000-08-02,31.25,0
2000-08-03,32.75,0
2000-08-04,31.375,0
2000-08-07,32.5,0
2000-08-08,30.625,0
2000-08-09,30.875,0
2000-08-10,28.5,0
2000-08-11,28.875,0
2000-08-14,31.5,0
2000-08-15,32,0
2000-08-16,32.625,0
2000-08-17,34.0625,0
2000-08-18,35.125,0
2000-08-21,34.09375,0
2000-08-22,34.4375,0
2000-08-23,34.75,0
2000-08-24,34.9375,0
2000-08-25,34.5,0
2000-08-28,34.5,0
2000-08-29,34.75,0
2000-08-30,35,0
2000-08-31,37.5,0
2000-09-01,37.5,0
2000-09-05,34.75,0
2000-09-06,32,0
2000-09-07,33,0
2000-09-08,31.875,0
2000-09-11,32.25,0
2000-09-12,30.5,0
2000-09-13,29,0
2000-09-14,28.375,0
2000-09-15,27.75,0
2000-09-18,26.5,0
2000-09-19,30.375,0
2000-09-20,29.6875,0
2000-09-21,23.9375,0
2000-09-22,26.5,0
2000-09-25,25.9375,0
2000-09-26,24.875,0
2000-09-27,24,0
2000-09-28,23.625,0
2000-09-29,24,0
2000-10-02,23.25,0
2000-10-03,23.6875,0
2000-10-04,24.5,0
2000-10-05,23.5,0
2000-10-06,22,0
2000-10-09,22.375,0
2000-10-10,22.75,0
2000-10-11,23.5,0
2000-10-12,22.5625,0
2000-10-13,21.875,0
2000-10-16,20.375,0
2000-10-17,18.375,0
2000-10-18,18.125,0
2000-10-19,21.8125,0
2000-10-20,22.125,0
2000-10-23,21.875,0
2000-10-24,20.1875,0
2000-10-25,19.1875,0
2000-10-26,20.3125,0
2000-10-27,20.4375,0
2000-10-30,20.25,0
2000-10-31,22.625,0
2000-11-01,23.8125,0
2000-11-02,23.75,0
2000-11-03,23.75,0
2000-11-06,24.3125,0
2000-11-07,22.5625,0
2000-11-08,21.6875,0
2000-11-09,21,0
2000-11-10,20.0625,0
2000-11-13,21.3125,0
2000-11-14,21.75,0
2000-11-15,21.9375,0
2000-11-16,20.5625,0
2000-11-17,20.5625,0
2000-11-20,20.375,0
2000-11-21,19.9375,0
2000-11-22,19.625,0
2000-11-24,20.8125,0
2000-11-27,19,0
2000-11-28,17.75,0
2000-11-29,17.0625,0
2000-11-30,15.25,0
2000-12-01,15.4375,0
2000-12-04,15.375,0
2000-12-05,15.75,0
2000-12-06,14.4375,0
2000-12-07,14.5,0
2000-12-08,16.0625,0
2000-12-11,17.3125,0
2000-12-12,17.25,0
2000-12-13,16.75,0
2000-12-14,16.5,0
2000-12-15,16.1875,0
2000-12-18,15.25,0
2000-12-19,15.375,0
2000-12-20,14.5625,0
2000-12-21,13.6875,0
2000-12-22,14.3125,0
2000-12-26,14.125,0
2000-12-27,14.625,0
2000-12-28,14.3125,0
2000-12-29,13.8125,0
2001-01-02,14.375,0
2001-01-03,16.25,0
2001-01-04,16.6875,0
2001-01-05,16,0
2001-01-08,16.1875,0
2001-01-09,16.75,0
2001-01-10,17.125,0
2001-01-11,18.1875,0
2001-01-12,17.8125,0
2001-01-16,17.125,0
2001-01-17,18.5,0
2001-01-18,22.6875,0
2001-01-19,22,0
2001-01-22,21.4375,0
2001-01-23,22.3125,0
2001-01-24,22.6875,0
2001-01-25,21.9375,0
2001-01-26,21.375,0
2001-01-29,23,0
2001-01-30,24.0200004578,0
2001-01-31,24.6000003815,0
2001-02-01,25.7099990845,0
2001-02-02,23.8899993896,0
2001-02-05,24,0
2001-02-06,24.0499992371,0
2001-02-07,23.5699996948,0
2001-02-08,24,0
2001-02-09,24.3700008392,0
2001-02-12,24,0
2001-02-13,24.0100002289,0
2001-02-14,24.9500007629,0
2001-02-15,26.2299995422,0
2001-02-16,24.7099990845,0
2001-02-20,22.5699996948,0
2001-02-21,23,0
2001-02-22,21,0
2001-02-23,22.1000003815,0
2001-02-26,22.8299999237,0
2001-02-27,21.9799995422,0
2001-02-28,21.5,0
2001-03-01,20.9500007629,0
2001-03-02,21.7399997711,0
2001-03-05,23.1299991608,0
2001-03-06,24.75,0
2001-03-07,25.1000003815,0
2001-03-08,26,0
2001-03-09,23.2999992371,0
2001-03-12,22.7299995422,0
2001-03-13,23.7800006866,0
2001-03-14,23.9400005341,0
2001-03-15,23.5599994659,0
2001-03-16,23.3999996185,0
2001-03-19,23.7299995422,0
2001-03-20,22.4300003052,0
2001-03-21,23.2900009155,0
2001-03-22,26.4500007629,0
2001-03-23,29.4400005341,0
2001-03-26,28.7399997711,0
2001-03-27,29.6900005341,0
2001-03-28,27.7000007629,0
2001-03-29,28.2999992371,0
2001-03-30,26.5400009155,0
2001-04-02,25.5,0
2001-04-03,23.6800003052,0
2001-04-04,20.7399997711,0
2001-04-05,23.0200004578,0
2001-04-06,20.0499992371,0
2001-04-09,19.7000007629,0
2001-04-10,21.3199996948,0
2001-04-11,23.5100002289,0
2001-04-12,24.8500003815,0
2001-04-16,23.5,0
2001-04-17,23,0
2001-04-18,27.8500003815,0
2001-04-19,29.0100002289,0
2001-04-20,29,0
2001-04-23,27.6000003815,0
2001-04-24,27.3500003815,0
2001-04-25,26.8999996185,0
2001-04-26,27.5100002289,0
2001-04-27,30,0
2001-04-30,31,0
2001-05-01,31.8600006104,0
2001-05-02,32.9500007629,0
2001-05-03,32.6100006104,0
2001-05-04,30.9899997711,0
2001-05-07,30.0100002289,0
2001-05-08,29.75,0
2001-05-09,28.1499996185,0
2001-05-10,28.7000007629,0
2001-05-11,27.6800003052,0
2001-05-14,27.2000007629,0
2001-05-15,29.1399993896,0
2001-05-16,31.5,0
2001-05-17,31.5499992371,0
2001-05-18,32.4900016785,0
2001-05-21,34.4000015259,0
2001-05-22,33.9900016785,0
2001-05-23,32.6599998474,0
2001-05-24,31.9500007629,0
2001-05-25,31.9400005341,0
2001-05-29,29.4300003052,0
2001-05-30,27.9500007629,0
2001-05-31,28.25,0
2001-06-01,29.6000003815,0
2001-06-04,27.6100006104,0
2001-06-05,28.8999996185,0
2001-06-06,28.3700008392,0
2001-06-07,30.2800006866,0
2001-06-08,31.1000003815,0
2001-06-11,30.0499992371,0
2001-06-12,29.6700000763,0
2001-06-13,29.2800006866,0
2001-06-14,27.4400005341,0
2001-06-15,27.5599994659,0
2001-06-18,26.3999996185,0
2001-06-19,24.9899997711,0
2001-06-20,23.9500007629,0
2001-06-21,24.4799995422,0
2001-06-22,24.6700000763,0
2001-06-25,25.2900009155,0
2001-06-26,26.1499996185,0
2001-06-27,26.5,0
2001-06-28,27.4300003052,0
2001-06-29,28.8999996185,0
2001-07-02,29.7399997711,0
2001-07-03,29.7600002289,0
2001-07-05,28.6399993896,0
2001-07-06,20.7999992371,0
2001-07-09,21.2000007629,0
2001-07-10,21,0
2001-07-11,21.1200008392,0
2001-07-12,22.7000007629,0
2001-07-13,21.0799999237,0
2001-07-16,20,0
2001-07-17,20.4200000763,0
2001-07-18,17.8700008392,0
2001-07-19,17.5400009155,0
2001-07-20,17,0
2001-07-23,16.8700008392,0
2001-07-24,16.3799991608,0
2001-07-25,16.2999992371,0
2001-07-26,17.5,0
2001-07-27,17.6800003052,0
2001-07-30,18.2099990845,0
2001-07-31,18.2600002289,0
2001-08-01,18.8999996185,0
2001-08-02,19.7600002289,0
2001-08-03,19.25,0
2001-08-06,17.6200008392,0
2001-08-07,17.5499992371,0
2001-08-08,16.7000007629,0
2001-08-09,16.6900005341,0
2001-08-10,16.2099990845,0
2001-08-13,16.6100006104,0
2001-08-14,15.5,0
2001-08-15,14.75,0
2001-08-16,15,0
2001-08-17,14.3900003433,0
2001-08-20,14.4600000381,0
2001-08-21,14.75,0
2001-08-22,14.5100002289,0
2001-08-23,14.3000001907,0
2001-08-24,15,0
2001-08-27,15.3000001907,0
2001-08-28,14.8599996567,0
2001-08-29,14.1999998093,0
2001-08-30,13.2899999619,0
2001-08-31,13.5500001907,0
2001-09-04,12.9499998093,0
2001-09-05,12.0500001907,0
2001-09-06,11.3999996185,0
2001-09-07,11.5,0
2001-09-10,11.8500003815,0
2001-09-17,10.1400003433,0
2001-09-18,9.5,0
2001-09-19,9.10999965668,0
2001-09-20,8.98999977112,0
2001-09-21,9.30000019073,0
2001-09-24,9.81000041962,0
2001-09-25,9.05000019073,0
2001-09-26,8.35000038147,0
2001-09-27,8,0
2001-09-28,8.14999961853,0
2001-10-01,7.92999982834,0
2001-10-02,8,0
2001-10-03,8.46000003815,0
2001-10-04,9,0
2001-10-05,8.60000038147,0
2001-10-08,8.77999973297,0
2001-10-09,8.85999965668,0
2001-10-10,9.59000015259,0
2001-10-11,10.5,0
2001-10-12,10.3999996185,0
2001-10-15,10.2299995422,0
2001-10-16,10.6099996567,0
2001-10-17,9.71000003815,0
2001-10-18,9.5,0
2001-10-19,9.18999958038,0
2001-10-22,9.57999992371,0
2001-10-23,9.65999984741,0
2001-10-24,9.94999980927,0
2001-10-25,10.2600002289,0
2001-10-26,10.3400001526,0
2001-10-29,9.56000041962,0
2001-10-30,9.43000030518,0
2001-10-31,9.84000015259,0
2001-11-01,11.5,0
2001-11-02,12.25,0
2001-11-05,13.0399999619,0
2001-11-06,13,0
2001-11-07,13.5200004578,0
2001-11-08,12.3999996185,0
2001-11-09,12.3900003433,0
2001-11-12,12.8000001907,0
2001-11-13,13.6499996185,0
2001-11-14,14,0
2001-11-15,13.75,0
2001-11-16,13.6499996185,0
2001-11-19,13.6499996185,0
2001-11-20,13.1899995804,0
2001-11-21,13.3400001526,0
2001-11-23,13.3599996567,0
2001-11-26,14.1499996185,0
2001-11-27,13.8000001907,0
2001-11-28,13.2100000381,0
2001-11-29,13.529999733,0
2001-11-30,13.5600004196,0
2001-12-03,14.0500001907,0
2001-12-04,14.8999996185,0
2001-12-05,16.2399997711,0
2001-12-06,16.25,0
2001-12-07,17.8500003815,0
2001-12-10,17.5,0
2001-12-11,17.8600006104,0
2001-12-12,18.3099994659,0
2001-12-13,16.1800003052,0
2001-12-14,17.4699993134,0
2001-12-17,17.7999992371,0
2001-12-18,17.5799999237,0
2001-12-19,16.9599990845,0
2001-12-20,15.6499996185,0
2001-12-21,15.8699998856,0
2001-12-24,15.5600004196,0
2001-12-26,15.6199998856,0
2001-12-27,16.1200008392,0
2001-12-28,16.3799991608,0
2001-12-31,15.8599996567,0
2002-01-02,16.3899993896,0
2002-01-03,19.3700008392,0
2002-01-04,20,0
2002-01-07,19.9799995422,0
2002-01-08,19.8999996185,0
2002-01-09,19.0900001526,0
2002-01-10,18.6399993896,0
2002-01-11,19.1499996185,0
2002-01-14,19.6100006104,0
2002-01-15,19.1499996185,0
2002-01-16,17.8999996185,0
2002-01-17,17.2800006866,0
2002-01-18,16.8099994659,0
2002-01-22,16.2900009155,0
2002-01-23,16.7000007629,0
2002-01-24,16.1299991608,0
2002-01-25,16.2999992371,0
2002-01-28,16.3600006104,0
2002-01-29,15.8900003433,0
2002-01-30,15.7600002289,0
2002-01-31,16.0499992371,0
2002-02-01,15.8000001907,0
2002-02-04,15.0500001907,0
2002-02-05,14.5799999237,0
2002-02-06,14.0500001907,0
2002-02-07,13.4899997711,0
2002-02-08,15.25,0
2002-02-11,15,0
2002-02-12,15.1199998856,0
2002-02-13,15.5,0
2002-02-14,14.8500003815,0
2002-02-15,14.5200004578,0
2002-02-19,13.7600002289,0
2002-02-20,14.720000267,0
2002-02-21,13.1400003433,0
2002-02-22,12.8500003815,0
2002-02-25,13.5699996948,0
2002-02-26,13.6999998093,0
2002-02-27,14.0200004578,0
2002-02-28,13.5,0
2002-03-01,15.1499996185,0
2002-03-04,15.2399997711,0
2002-03-05,15.7399997711,0
2002-03-06,15.4600000381,0
2002-03-07,15.3100004196,0
2002-03-08,16.2099990845,0
2002-03-11,16.25,0
2002-03-12,15.75,0
2002-03-13,14.3000001907,0
2002-03-14,14.3500003815,0
2002-03-15,14.6000003815,0
2002-03-18,14.8199996948,0
2002-03-19,14.7899999619,0
2002-03-20,14.1700000763,0
2002-03-21,14.4899997711,0
2002-03-22,14.7600002289,0
2002-03-25,14.1300001144,0
2002-03-26,14.3599996567,0
2002-03-27,14.1400003433,0
2002-03-28,14.7100000381,0
2002-04-01,14.75,0
2002-04-02,14.1700000763,0
2002-04-03,13.8000001907,0
2002-04-04,13.7600002289,0
2002-04-05,13.5,0
2002-04-08,13.75,0
2002-04-09,13.3599996567,0
2002-04-10,13.5,0
2002-04-11,13.2299995422,0
2002-04-12,13.1499996185,0
2002-04-15,13.5,0
2002-04-16,14.3500003815,0
2002-04-17,14.8199996948,0
2002-04-18,12.6000003815,0
2002-04-19,12.1599998474,0
2002-04-22,11.4799995422,0
2002-04-23,11.8400001526,0
2002-04-24,11.6899995804,0
2002-04-25,11.3500003815,0
2002-04-26,11.1999998093,0
2002-04-29,11,0
2002-04-30,11.1800003052,0
2002-05-01,11.5200004578,0
2002-05-02,11.3400001526,0
2002-05-03,11.0500001907,0
2002-05-06,10.6099996567,0
2002-05-07,10.6400003433,0
2002-05-08,11.5100002289,0
2002-05-09,11.4099998474,0
2002-05-10,11.0399999619,0
2002-05-13,11.5,0
2002-05-14,12.3999996185,0
2002-05-15,12.5100002289,0
2002-05-16,12.3999996185,0
2002-05-17,12.1999998093,0
2002-05-20,12.1400003433,0
2002-05-21,11.7399997711,0
2002-05-22,11.779999733,0
2002-05-23,12,0
2002-05-24,11.6499996185,0
2002-05-28,11.7299995422,0
2002-05-29,11.6000003815,0
2002-05-30,11.3800001144,0
2002-05-31,11.4300003052,0
2002-06-03,10.7600002289,0
2002-06-04,10.9899997711,0
2002-06-05,10.970000267,0
2002-06-06,10.6099996567,0
2002-06-07,9.81000041962,0
2002-06-10,9.89000034332,0
2002-06-11,9.32999992371,0
2002-06-12,9.67000007629,0
2002-06-13,9.39000034332,0
2002-06-14,9.60000038147,0
2002-06-17,10.8000001907,0
2002-06-18,10.3000001907,0
2002-06-19,8.69999980927,0
2002-06-20,8.27000045776,0
2002-06-21,8.03999996185,0
2002-06-24,8.69999980927,0
2002-06-25,8.38000011444,0
2002-06-26,8.97000026703,0
2002-06-27,9.05000019073,0
2002-06-28,9.72000026703,0
2002-07-01,9.14000034332,0
2002-07-02,8.80000019073,0
2002-07-03,8.43000030518,0
2002-07-05,9.34000015259,0
2002-07-08,9.05000019073,0
2002-07-09,8.97999954224,0
2002-07-10,9.01000022888,0
2002-07-11,9.32999992371,0
2002-07-12,9.10000038147,0
2002-07-15,9.25,0
2002-07-16,9.39999961853,0
2002-07-17,9.32999992371,0
2002-07-18,8.72000026703,0
2002-07-19,8.48999977112,0
2002-07-22,8.42000007629,0
2002-07-23,8.14999961853,0
2002-07-24,8.46000003815,0
2002-07-25,7.86000013351,0
2002-07-26,7.82000017166,0
2002-07-29,8.14999961853,0
2002-07-30,8.44999980927,0
2002-07-31,8.02999973297,0
2002-08-01,7.73000001907,0
2002-08-02,7.30999994278,0
2002-08-05,7.57000017166,0
2002-08-06,8.31999969482,0
2002-08-07,8.60000038147,0
2002-08-08,8.93999958038,0
2002-08-09,8.82999992371,0
2002-08-12,8.82999992371,0
2002-08-13,8.5,0
2002-08-14,9.05000019073,0
2002-08-15,9.10000038147,0
2002-08-16,9.93000030518,0
2002-08-19,10.5,0
2002-08-20,10.1899995804,0
2002-08-21,10.6999998093,0
2002-08-22,10.4099998474,0
2002-08-23,9.67000007629,0
2002-08-26,9.72000026703,0
2002-08-27,9.09000015259,0
2002-08-28,8.69999980927,0
2002-08-29,8.76000022888,0
2002-08-30,8.85000038147,0
2002-09-03,8.26000022888,0
2002-09-04,8.44999980927,0
2002-09-05,7.98999977112,0
2002-09-06,8.03999996185,0
2002-09-09,7.96999979019,0
2002-09-10,8.27000045776,0
2002-09-11,8.23999977112,0
2002-09-12,7.63999986649,0
2002-09-13,7.21000003815,0
2002-09-16,7.03000020981,0
2002-09-17,6.82999992371,0
2002-09-18,6.78000020981,0
2002-09-19,6.26999998093,0
2002-09-20,6.40000009537,0
2002-09-23,5.98000001907,0
2002-09-24,5.75,0
2002-09-25,5.92999982834,0
2002-09-26,6.07000017166,0
2002-09-27,5.73999977112,0
2002-09-30,5.34000015259,0
2002-10-01,5.26999998093,0
2002-10-02,5.36999988556,0
2002-10-03,3.63000011444,0
2002-10-04,3.50999999046,0
2002-10-07,3.20000004768,0
2002-10-08,3.54999995232,0
2002-10-09,3.55999994278,0
2002-10-10,3.63000011444,0
2002-10-11,3.75999999046,0
2002-10-14,3.93000006676,0
2002-10-15,4.19999980927,0
2002-10-16,3.49000000954,0
2002-10-17,4.32999992371,0
2002-10-18,4.40000009537,0
2002-10-21,5.55000019073,0
2002-10-22,5.32000017166,0
2002-10-23,5.84999990463,0
2002-10-24,5.92000007629,0
2002-10-25,6.09000015259,0
2002-10-28,6.11000013351,0
2002-10-29,5.82999992371,0
2002-10-30,6.32000017166,0
2002-10-31,6.13999986649,0
2002-11-01,6.51000022888,0
2002-11-04,6.73000001907,0
2002-11-05,6.80000019073,0
2002-11-06,7.23000001907,0
2002-11-07,6.82000017166,0
2002-11-08,6.09999990463,0
2002-11-11,5.94999980927,0
2002-11-12,6.36999988556,0
2002-11-13,6.32999992371,0
2002-11-14,6.59000015259,0
2002-11-15,6.48000001907,0
2002-11-18,6.51999998093,0
2002-11-19,5.57999992371,0
2002-11-20,5.55000019073,0
2002-11-21,6.13999986649,0
2002-11-22,6.86000013351,0
2002-11-25,7.94999980927,0
2002-11-26,7.96000003815,0
2002-11-27,8.55000019073,0
2002-11-29,9,0
2002-12-02,8.93000030518,0
2002-12-03,8.11999988556,0
2002-12-04,7.84999990463,0
2002-12-05,8.25,0
2002-12-06,8.10999965668,0
2002-12-09,7.30999994278,0
2002-12-10,7.94999980927,0
2002-12-11,7.71999979019,0
2002-12-12,7.75,0
2002-12-13,7.32000017166,0
2002-12-16,7.46999979019,0
2002-12-17,7.34000015259,0
2002-12-18,6.67000007629,0
2002-12-19,6.46999979019,0
2002-12-20,6.61999988556,0
2002-12-23,6.76000022888,0
2002-12-24,6.57000017166,0
2002-12-26,6.46000003815,0
2002-12-27,6.34999990463,0
2002-12-30,6.34999990463,0
2002-12-31,6.46000003815,0
2003-01-02,7.01000022888,0
2003-01-03,6.94000005722,0
2003-01-06,7.15999984741,0
2003-01-07,7.17000007629,0
2003-01-08,6.69000005722,0
2003-01-09,6.90999984741,0
2003-01-10,7.40999984741,0
2003-01-13,7.44999980927,0
2003-01-14,7.42999982834,0
2003-01-15,7.44999980927,0
2003-01-16,7.19999980927,0
2003-01-17,6.03000020981,0
2003-01-21,6,0
2003-01-22,5.71999979019,0
2003-01-23,5.65000009537,0
2003-01-24,5.42999982834,0
2003-01-27,5.28000020981,0
2003-01-28,5.30000019073,0
2003-01-29,5.61000013351,0
2003-01-30,5.17000007629,0
2003-01-31,5.23999977112,0
2003-02-03,5.05000019073,0
2003-02-04,5.05999994278,0
2003-02-05,5.03000020981,0
2003-02-06,5.07000017166,0
2003-02-07,5.03999996185,0
2003-02-10,5.17000007629,0
2003-02-11,5.07999992371,0
2003-02-12,4.94000005722,0
2003-02-13,5,0
2003-02-14,5.09999990463,0
2003-02-18,5.48000001907,0
2003-02-19,5.57999992371,0
2003-02-20,5.32999992371,0
2003-02-21,5.38999986649,0
2003-02-24,5.30999994278,0
2003-02-25,5.25,0
2003-02-26,5.15000009537,0
2003-02-27,5.23000001907,0
2003-02-28,5.48999977112,0
2003-03-03,5.36999988556,0
2003-03-04,5.26000022888,0
2003-03-05,5.42000007629,0
2003-03-06,5.32000017166,0
2003-03-07,5.25,0
2003-03-10,5.53000020981,0
2003-03-11,5.59999990463,0
2003-03-12,5.51999998093,0
2003-03-13,5.78999996185,0
2003-03-14,5.76999998093,0
2003-03-17,5.80999994278,0
2003-03-18,6.55000019073,0
2003-03-19,6.86999988556,0
2003-03-20,7.05000019073,0
2003-03-21,7.15000009537,0
2003-03-24,6.59000015259,0
2003-03-25,6.69000005722,0
2003-03-26,6.46000003815,0
2003-03-27,6.44000005722,0
2003-03-28,6.21999979019,0
2003-03-31,6.17999982834,0
2003-04-01,6.38000011444,0
2003-04-02,7,0
2003-04-03,7.19999980927,0
2003-04-04,7.09999990463,0
2003-04-07,7.15000009537,0
2003-04-08,7,0
2003-04-09,6.92000007629,0
2003-04-10,6.98000001907,0
2003-04-11,7.15000009537,0
2003-04-14,7.40000009537,0
2003-04-15,7.59999990463,0
2003-04-16,7.90000009537,0
2003-04-17,8.02999973297,0
2003-04-21,8.31999969482,0
2003-04-22,8.43999958038,0
2003-04-23,8.38000011444,0
2003-04-24,7.80000019073,0
2003-04-25,7.53999996185,0
2003-04-28,7.59000015259,0
2003-04-29,7.65999984741,0
2003-04-30,7.44000005722,0
2003-05-01,7.36000013351,0
2003-05-02,7.40000009537,0
2003-05-05,7.57000017166,0
2003-05-06,7.63999986649,0
2003-05-07,7.48999977112,0
2003-05-08,7.25,0
2003-05-09,7.34999990463,0
2003-05-12,7.42999982834,0
2003-05-13,7.5,0
2003-05-14,7.51999998093,0
2003-05-15,7.46999979019,0
2003-05-16,7.59999990463,0
2003-05-19,7.21000003815,0
2003-05-20,7,0
2003-05-21,7.05000019073,0
2003-05-22,7.05000019073,0
2003-05-23,6.90999984741,0
2003-05-27,7.19999980927,0
2003-05-28,7.32000017166,0
2003-05-29,7.42000007629,0
2003-05-30,7.28000020981,0
2003-06-02,6.86999988556,0
2003-06-03,6.94000005722,0
2003-06-04,7.01000022888,0
2003-06-05,7.01999998093,0
2003-06-06,6.92999982834,0
2003-06-09,6.55000019073,0
2003-06-10,6.67999982834,0
2003-06-11,6.40999984741,0
2003-06-12,6.90000009537,0
2003-06-13,6.51999998093,0
2003-06-16,6.61000013351,0
2003-06-17,6.57999992371,0
2003-06-18,6.75,0
2003-06-19,6.80999994278,0
2003-06-20,6.78999996185,0
2003-06-23,6.59000015259,0
2003-06-24,6.30999994278,0
2003-06-25,6.34999990463,0
2003-06-26,6.55000019073,0
2003-06-27,6.38000011444,0
2003-06-30,6.40999984741,0
2003-07-01,6.53999996185,0
2003-07-02,6.75,0
2003-07-03,6.71000003815,0
2003-07-07,7.17999982834,0
2003-07-08,7.09999990463,0
2003-07-09,7.11999988556,0
2003-07-10,7.05000019073,0
2003-07-11,7.19999980927,0
2003-07-14,7.19999980927,0
2003-07-15,7.28000020981,0
2003-07-16,7.32000017166,0
2003-07-17,7.26999998093,0
2003-07-18,7.11999988556,0
2003-07-21,7.09999990463,0
2003-07-22,7.28999996185,0
2003-07-23,7.19000005722,0
2003-07-24,7.05999994278,0
2003-07-25,7.15999984741,0
2003-07-28,7.32999992371,0
2003-07-29,7.30999994278,0
2003-07-30,7.28000020981,0
2003-07-31,7.30000019073,0
2003-08-01,7.19000005722,0
2003-08-04,7.21999979019,0
2003-08-05,7.26999998093,0
2003-08-06,7.26000022888,0
2003-08-07,7.55999994278,0
2003-08-08,7.26000022888,0
2003-08-11,7.38999986649,0
2003-08-12,7.40000009537,0
2003-08-13,7.57000017166,0
2003-08-14,7.82000017166,0
2003-08-15,7.80000019073,0
2003-08-18,8.90999984741,0
2003-08-19,9.22999954224,0
2003-08-20,9.11999988556,0
2003-08-21,9.44999980927,0
2003-08-22,9.90999984741,0
2003-08-25,10.0900001526,0
2003-08-26,10.1000003815,0
2003-08-27,10.2399997711,0
2003-08-28,10.9200000763,0
2003-08-29,11.2899999619,0
2003-09-02,11.1599998474,0
2003-09-03,11.0100002289,0
2003-09-04,11.6999998093,0
2003-09-05,12.1000003815,0
2003-09-08,12.4499998093,0
2003-09-09,12.279999733,0
2003-09-10,11.2600002289,0
2003-09-11,11.8299999237,0
2003-09-12,12.1599998474,0
2003-09-15,11.8999996185,0
2003-09-16,12.2399997711,0
2003-09-17,12.5,0
2003-09-18,12.7899999619,0
2003-09-19,12.6800003052,0
2003-09-22,12.4200000763,0
2003-09-23,12.3800001144,0
2003-09-24,11.5500001907,0
2003-09-25,11.3699998856,0
2003-09-26,10.8699998856,0
2003-09-29,11.1999998093,0
2003-09-30,11.1099996567,0
2003-10-01,11.1700000763,0
2003-10-02,11.6899995804,0
2003-10-03,11.8900003433,0
2003-10-06,12.1599998474,0
2003-10-07,12.7899999619,0
2003-10-08,12.9600000381,0
2003-10-09,13.0900001526,0
2003-10-10,13.2399997711,0
2003-10-13,13.3999996185,0
2003-10-14,13.6300001144,0
2003-10-15,13.6599998474,0
2003-10-16,13.9600000381,0
2003-10-17,13.9899997711,0
2003-10-20,14.1199998856,0
2003-10-21,14.2899999619,0
2003-10-22,13.9600000381,0
2003-10-23,13.6499996185,0
2003-10-24,13.5900001526,0
2003-10-27,13.8500003815,0
2003-10-28,14.8500003815,0
2003-10-29,15.0900001526,0
2003-10-30,15.1800003052,0
2003-10-31,15.1999998093,0
2003-11-03,15.9300003052,0
2003-11-04,16.5499992371,0
2003-11-05,17.0100002289,0
2003-11-06,17.0400009155,0
2003-11-07,17.0100002289,0
2003-11-10,16.8199996948,0
2003-11-11,16.6200008392,0
2003-11-12,18.0799999237,0
2003-11-13,18.2900009155,0
2003-11-14,17.8600006104,0
2003-11-17,17.3600006104,0
2003-11-18,17.3299999237,0
2003-11-19,17.6000003815,0
2003-11-20,16.5,0
2003-11-21,16.7999992371,0
2003-11-24,17.4099998474,0
2003-11-25,17.4899997711,0
2003-11-26,17.7299995422,0
2003-11-28,17.9699993134,0
2003-12-01,18.0699996948,0
2003-12-02,17.8999996185,0
2003-12-03,17.2900009155,0
2003-12-04,16.6599998474,0
2003-12-05,16.0699996948,0
2003-12-08,15.7399997711,0
2003-12-09,14.9200000763,0
2003-12-10,14.6800003052,0
2003-12-11,15.1899995804,0
2003-12-12,15.2700004578,0
2003-12-15,14.7299995422,0
2003-12-16,14.3599996567,0
2003-12-17,13.9899997711,0
2003-12-18,14.5600004196,0
2003-12-19,14.2600002289,0
2003-12-22,14.2299995422,0
2003-12-23,14.6700000763,0
2003-12-24,14.5100002289,0
2003-12-26,14.6999998093,0
2003-12-29,15.279999733,0
2003-12-30,15.1099996567,0
2003-12-31,14.8999996185,0
2004-01-02,14.8599996567,0
2004-01-05,15.1999998093,0
2004-01-06,15.6099996567,0
2004-01-07,15.6599998474,0
2004-01-08,15.9300003052,0
2004-01-09,15.5399999619,0
2004-01-12,15.7700004578,0
2004-01-13,15.1899995804,0
2004-01-14,15.1999998093,0
2004-01-15,15.8999996185,0
2004-01-16,16.7600002289,0
2004-01-20,17.3799991608,0
2004-01-21,15.8999996185,0
2004-01-22,15.4300003052,0
2004-01-23,15.3199996948,0
2004-01-26,15.6000003815,0
2004-01-27,15.5600004196,0
2004-01-28,15.3000001907,0
2004-01-29,14.6800003052,0
2004-01-30,14.8599996567,0
2004-02-02,14.6400003433,0
2004-02-03,14.75,0
2004-02-04,14.1300001144,0
2004-02-05,14.1700000763,0
2004-02-06,14.9399995804,0
2004-02-09,15.0600004196,0
2004-02-10,15.5399999619,0
2004-02-11,15.7100000381,0
2004-02-12,15.0900001526,0
2004-02-13,14.9399995804,0
2004-02-17,14.9300003052,0
2004-02-18,15.3000001907,0
2004-02-19,14.970000267,0
2004-02-20,14.6499996185,0
2004-02-23,13.9899997711,0
2004-02-24,14.0100002289,0
2004-02-25,14.5200004578,0
2004-02-26,15.0500001907,0
2004-02-27,15,0
2004-03-01,14.8900003433,0
2004-03-02,14.9300003052,0
2004-03-03,14.6999998093,0
2004-03-04,15.3900003433,0
2004-03-05,15.3599996567,0
2004-03-08,14.6999998093,0
2004-03-09,14.529999733,0
2004-03-10,14.4300003052,0
2004-03-11,14.4399995804,0
2004-03-12,15,0
2004-03-15,14.6000003815,0
2004-03-16,14.9200000763,0
2004-03-17,15.3500003815,0
2004-03-18,15.3500003815,0
2004-03-19,15.25,0
2004-03-22,14.7899999619,0
2004-03-23,14.8599996567,0
2004-03-24,15.5399999619,0
2004-03-25,15.8699998856,0
2004-03-26,15.5100002289,0
2004-03-29,15.7299995422,0
2004-03-30,16.0300006866,0
2004-03-31,16.2299995422,0
2004-04-01,16.7900009155,0
2004-04-02,17.4500007629,0
2004-04-05,17.4300003052,0
2004-04-06,17.1000003815,0
2004-04-07,16.8999996185,0
2004-04-08,17,0
2004-04-12,17.3700008392,0
2004-04-13,17.1599998474,0
2004-04-14,17.1200008392,0
2004-04-15,16.2199993134,0
2004-04-16,16.0499992371,0
2004-04-19,16.2900009155,0
2004-04-20,15.7899999619,0
2004-04-21,16.2800006866,0
2004-04-22,16.4599990845,0
2004-04-23,16.3600006104,0
2004-04-26,16,0
2004-04-27,15.5900001526,0
2004-04-28,15.1700000763,0
2004-04-29,14.6000003815,0
2004-04-30,14.220000267,0
2004-05-03,14.220000267,0
2004-05-04,14.4600000381,0
2004-05-05,14.3500003815,0
2004-05-06,14.3699998856,0
2004-05-07,14.9099998474,0
2004-05-10,15.0200004578,0
2004-05-11,15.4799995422,0
2004-05-12,15.1400003433,0
2004-05-13,14.6700000763,0
2004-05-14,13.8699998856,0
2004-05-17,13.8800001144,0
2004-05-18,13.9499998093,0
2004-05-19,14.4899997711,0
2004-05-20,14.1899995804,0
2004-05-21,14.2399997711,0
2004-05-24,14.3599996567,0
2004-05-25,14.9200000763,0
2004-05-26,15.1199998856,0
2004-05-27,15.1999998093,0
2004-05-28,15.5500001907,0
2004-06-01,15.3000001907,0
2004-06-02,15.0799999237,0
2004-06-03,14.5900001526,0
2004-06-04,15.1199998856,0
2004-06-07,15.8000001907,0
2004-06-08,16.1800003052,0
2004-06-09,15.5100002289,0
2004-06-10,15.75,0
2004-06-14,15.1499996185,0
2004-06-15,15.3900003433,0
2004-06-16,15.2399997711,0
2004-06-17,14.7600002289,0
2004-06-18,14.8800001144,0
2004-06-21,14.1000003815,0
2004-06-22,14.6700000763,0
2004-06-23,15.3999996185,0
2004-06-24,15.3199996948,0
2004-06-25,15.5,0
2004-06-28,15.2899999619,0
2004-06-29,15.8199996948,0
2004-06-30,15.8999996185,0
2004-07-01,15.5,0
2004-07-02,15.2700004578,0
2004-07-06,14.8100004196,0
2004-07-07,15.1999998093,0
2004-07-08,15.1000003815,0
2004-07-09,14.8100004196,0
2004-07-12,14.4300003052,0
2004-07-13,14.5,0
2004-07-14,13.7399997711,0
2004-07-15,12.970000267,0
2004-07-16,12.6400003433,0
2004-07-19,12.5500001907,0
2004-07-20,12.6800003052,0
2004-07-21,12.1199998856,0
2004-07-22,12.6400003433,0
2004-07-23,12.1199998856,0
2004-07-26,11.6499996185,0
2004-07-27,11.6099996567,0
2004-07-28,11.3299999237,0
2004-07-29,11.8400001526,0
2004-07-30,12.4899997711,0
2004-08-02,12.2899999619,0
2004-08-03,11.6000003815,0
2004-08-04,11.8599996567,0
2004-08-05,11.8100004196,0
2004-08-06,11.2600002289,0
2004-08-09,11.1700000763,0
2004-08-10,11.5200004578,0
2004-08-11,10.9300003052,0
2004-08-12,10.8999996185,0
2004-08-13,11.0600004196,0
2004-08-16,11.2399997711,0
2004-08-17,11.3800001144,0
2004-08-18,11.8699998856,0
2004-08-19,11.75,0
2004-08-20,11.970000267,0
2004-08-23,12.2600002289,0
2004-08-24,11.9499998093,0
2004-08-25,12.1999998093,0
2004-08-26,11.8199996948,0
2004-08-27,11.9600000381,0
2004-08-30,11.5900001526,0
2004-08-31,11.4300003052,0
2004-09-01,11.6999998093,0
2004-09-02,11.6800003052,0
2004-09-03,10.8999996185,0
2004-09-07,10.970000267,0
2004-09-08,10.8599996567,0
2004-09-09,11.6000003815,0
2004-09-10,12.2100000381,0
2004-09-13,12.8999996185,0
2004-09-14,12.6999998093,0
2004-09-15,12.220000267,0
2004-09-16,12.1700000763,0
2004-09-17,12.6999998093,0
2004-09-20,12.7899999619,0
2004-09-21,13.029999733,0
2004-09-22,12.9799995422,0
2004-09-23,12.8199996948,0
2004-09-24,12.4200000763,0
2004-09-27,12.470000267,0
2004-09-28,12.4600000381,0
2004-09-29,12.8000001907,0
2004-09-30,13,0
2004-10-01,13.4300003052,0
2004-10-04,13.6999998093,0
2004-10-05,13.6800003052,0
2004-10-06,13.970000267,0
2004-10-07,14.1099996567,0
2004-10-08,13.5,0
2004-10-11,13.9499998093,0
2004-10-12,13.6999998093,0
2004-10-13,13.8400001526,0
2004-10-14,13.5900001526,0
2004-10-15,14,0
2004-10-18,14.1899995804,0
2004-10-19,14.75,0
2004-10-20,15.4099998474,0
2004-10-21,15.9499998093,0
2004-10-22,15.5600004196,0
2004-10-25,15.5,0
2004-10-26,15.6199998856,0
2004-10-27,16.2299995422,0
2004-10-28,16.6900005341,0
2004-10-29,16.8199996948,0
2004-11-01,17.3400001526,0
2004-11-02,17.7000007629,0
2004-11-03,17.1000003815,0
2004-11-04,16.9799995422,0
2004-11-05,17.0900001526,0
2004-11-08,17.3700008392,0
2004-11-09,17.2199993134,0
2004-11-10,17.2900009155,0
2004-11-11,18.5900001526,0
2004-11-12,21.0200004578,0
2004-11-15,20.9799995422,0
2004-11-16,20.8799991608,0
2004-11-17,21.9899997711,0
2004-11-18,21.9599990845,0
2004-11-19,20.8099994659,0
2004-11-22,20.9599990845,0
2004-11-23,21.3899993896,0
2004-11-24,21.5699996948,0
2004-11-26,21.5400009155,0
2004-11-29,21.2299995422,0
2004-11-30,21.2800006866,0
2004-12-01,22.6100006104,0
2004-12-02,22.6200008392,0
2004-12-03,23.2199993134,0
2004-12-06,24.8500003815,0
2004-12-07,23.4899997711,0
2004-12-08,22.8999996185,0
2004-12-09,22.1000003815,0
2004-12-10,21.8299999237,0
2004-12-13,22.1100006104,0
2004-12-14,22.5400009155,0
2004-12-15,22.6399993896,0
2004-12-16,22.4899997711,0
2004-12-17,22.4300003052,0
2004-12-20,21.8400001526,0
2004-12-21,21.7299995422,0
2004-12-22,21.8299999237,0
2004-12-23,22.1200008392,0
2004-12-27,21.8999996185,0
2004-12-28,21.7299995422,0
2004-12-29,21.9599990845,0
2004-12-30,21.9500007629,0
2004-12-31,22.0200004578,0
2005-01-03,21.4099998474,0
2005-01-04,20.2099990845,0
2005-01-05,19.75,0
2005-01-06,19.7199993134,0
2005-01-07,19.9200000763,0
2005-01-10,20.1299991608,0
2005-01-11,14.8599996567,0
2005-01-12,15.0200004578,0
2005-01-13,15.1599998474,0
2005-01-14,15.1599998474,0
2005-01-18,15.5,0
2005-01-19,15.5,0
2005-01-20,15.6400003433,0
2005-01-21,15.4899997711,0
2005-01-24,15.1599998474,0
2005-01-25,15.75,0
2005-01-26,15.9799995422,0
2005-01-27,16.1200008392,0
2005-01-28,15.7100000381,0
2005-01-31,15.8000001907,0
2005-02-01,16.2700004578,0
2005-02-02,16.6599998474,0
2005-02-03,16.6700000763,0
2005-02-04,17.4899997711,0
2005-02-07,17.2199993134,0
2005-02-08,17.6399993896,0
2005-02-09,17.9400005341,0
2005-02-10,17.75,0
2005-02-11,18.1100006104,0
2005-02-14,18.2399997711,0
2005-02-15,17.6800003052,0
2005-02-16,17.4500007629,0
2005-02-17,17.0599994659,0
2005-02-18,16.8999996185,0
2005-02-22,17,0
2005-02-23,16.6000003815,0
2005-02-24,17.6200008392,0
2005-02-25,17.7700004578,0
2005-02-28,17.4500007629,0
2005-03-01,17.9599990845,0
2005-03-02,17.6499996185,0
2005-03-03,17.5200004578,0
2005-03-04,17.4300003052,0
2005-03-07,17.4699993134,0
2005-03-08,17.1200008392,0
2005-03-09,16.9400005341,0
2005-03-10,17.0200004578,0
2005-03-11,16.3600006104,0
2005-03-14,16.4400005341,0
2005-03-15,16.0699996948,0
2005-03-16,16.0300006866,0
2005-03-17,16.1200008392,0
2005-03-18,16.0799999237,0
2005-03-21,15.75,0
2005-03-22,15.3800001144,0
2005-03-23,15.6499996185,0
2005-03-24,16.1200008392,0
2005-03-28,15.470000267,0
2005-03-29,15.4200000763,0
2005-03-30,16.2099990845,0
2005-03-31,16.1200008392,0
2005-04-01,16.1900005341,0
2005-04-04,15.9499998093,0
2005-04-05,15.8500003815,0
2005-04-06,15.7399997711,0
2005-04-07,16.1800003052,0
2005-04-08,17.0900001526,0
2005-04-11,17.0200004578,0
2005-04-12,17.2299995422,0
2005-04-13,17.0599994659,0
2005-04-14,16.2600002289,0
2005-04-15,15.4499998093,0
2005-04-18,15.279999733,0
2005-04-19,15.279999733,0
2005-04-20,14.6499996185,0
2005-04-21,14.9899997711,0
2005-04-22,14.6000003815,0
2005-04-25,14.6999998093,0
2005-04-26,14.6199998856,0
2005-04-27,14.5100002289,0
2005-04-28,14.1599998474,0
2005-04-29,14.2299995422,0
2005-05-02,14.3199996948,0
2005-05-03,14.3599996567,0
2005-05-04,14.6800003052,0
2005-05-05,14.7399997711,0
2005-05-06,14.8999996185,0
2005-05-09,15.0500001907,0
2005-05-10,15.0699996948,0
2005-05-11,15.0900001526,0
2005-05-12,15.3000001907,0
2005-05-13,15.4799995422,0
2005-05-16,15.6700000763,0
2005-05-17,15.6700000763,0
2005-05-18,15.8199996948,0
2005-05-19,15.8599996567,0
2005-05-20,16,0
2005-05-23,15.9499998093,0
2005-05-24,16.1200008392,0
2005-05-25,16.1599998474,0
2005-05-26,16.3600006104,0
2005-05-27,16.2099990845,0
2005-05-31,16.3999996185,0
2005-06-01,16.7199993134,0
2005-06-02,17.0499992371,0
2005-06-03,17.0799999237,0
2005-06-06,17.0100002289,0
2005-06-07,17.5599994659,0
2005-06-08,17.7999992371,0
2005-06-09,18.2099990845,0
2005-06-10,17.5699996948,0
2005-06-13,17.3199996948,0
2005-06-14,17.0799999237,0
2005-06-15,17.0499992371,0
2005-06-16,17.3899993896,0
2005-06-17,17.4400005341,0
2005-06-20,17.5300006866,0
2005-06-21,17.7999992371,0
2005-06-22,17.9099998474,0
2005-06-23,17.6200008392,0
2005-06-24,17.1700000763,0
2005-06-27,16.6499996185,0
2005-06-28,17.7000007629,0
2005-06-29,17.3700008392,0
2005-06-30,17.3400001526,0
2005-07-01,17.4500007629,0
2005-07-05,18.0400009155,0
2005-07-06,18.5100002289,0
2005-07-07,18.7299995422,0
2005-07-08,18.9400005341,0
2005-07-11,19.0100002289,0
2005-07-12,19.3700008392,0
2005-07-13,19.25,0
2005-07-14,19.8799991608,0
2005-07-15,20.0100002289,0
2005-07-18,19.9400005341,0
2005-07-19,20.6700000763,0
2005-07-20,20.5900001526,0
2005-07-21,20.3700008392,0
2005-07-22,20.4899997711,0
2005-07-25,19.75,0
2005-07-26,19.8500003815,0
2005-07-27,20.1000003815,0
2005-07-28,20.2700004578,0
2005-07-29,20.0799999237,0
2005-08-01,20.0499992371,0
2005-08-02,20.4200000763,0
2005-08-03,20.6499996185,0
2005-08-04,20.1499996185,0
2005-08-05,19.9099998474,0
2005-08-08,19.9599990845,0
2005-08-09,20.4200000763,0
2005-08-10,20.6000003815,0
2005-08-11,20.6900005341,0
2005-08-12,20.7000007629,0
2005-08-15,20.8500003815,0
2005-08-16,20.2999992371,0
2005-08-17,21.1900005341,0
2005-08-18,20.8700008392,0
2005-08-19,20.5499992371,0
2005-08-22,20.6299991608,0
2005-08-23,20.5,0
2005-08-24,20.6499996185,0
2005-08-25,20.9899997711,0
2005-08-26,21,0
2005-08-29,20.8400001526,0
2005-08-30,20.3700008392,0
2005-08-31,20.7700004578,0
2005-09-01,20.8799991608,0
2005-09-02,20.8999996185,0
2005-09-06,21.5200004578,0
2005-09-07,22.5499992371,0
2005-09-08,23.0799999237,0
2005-09-09,23.8500003815,0
2005-09-12,23.3799991608,0
2005-09-13,23.2999992371,0
2005-09-14,23.6299991608,0
2005-09-15,23.6399993896,0
2005-09-16,22.6499996185,0
2005-09-19,22.3400001526,0
2005-09-20,23,0
2005-09-21,22.1000003815,0
2005-09-22,22.2099990845,0
2005-09-23,22.9799995422,0
2005-09-26,23.6299991608,0
2005-09-27,23.7700004578,0
2005-09-28,24.1700000763,0
2005-09-29,24.8700008392,0
2005-09-30,25.2000007629,0
2005-10-03,25.6599998474,0
2005-10-04,24.3600006104,0
2005-10-05,24,0
2005-10-06,23.8299999237,0
2005-10-07,24,0
2005-10-10,23.1100006104,0
2005-10-11,24,0
2005-10-12,21,0
2005-10-13,21.6299991608,0
2005-10-14,21.1900005341,0
2005-10-17,21.3700008392,0
2005-10-18,21.0499992371,0
2005-10-19,21.3400001526,0
2005-10-20,21,0
2005-10-21,21.8500003815,0
2005-10-24,22.1200008392,0
2005-10-25,22.3500003815,0
2005-10-26,22.8199996948,0
2005-10-27,21.8199996948,0
2005-10-28,22.3199996948,0
2005-10-31,23.2199993134,0
2005-11-01,23.0799999237,0
2005-11-02,24.2000007629,0
2005-11-03,24.5,0
2005-11-04,24.6299991608,0
2005-11-07,24.8899993896,0
2005-11-08,24.5400009155,0
2005-11-09,24.5200004578,0
2005-11-10,24.8199996948,0
2005-11-11,24.7600002289,0
2005-11-14,25,0
2005-11-15,25.5,0
2005-11-16,25.5499992371,0
2005-11-17,25.8899993896,0
2005-11-18,26.7399997711,0
2005-11-21,27.0400009155,0
2005-11-22,27.0900001526,0
2005-11-23,26.2199993134,0
2005-11-25,26.5200004578,0
2005-11-28,26.4899997711,0
2005-11-29,25.5799999237,0
2005-11-30,26.1800003052,0
2005-12-01,27.4099998474,0
2005-12-02,27.9500007629,0
2005-12-05,27.2700004578,0
2005-12-06,26.9500007629,0
2005-12-07,26.6700000763,0
2005-12-08,25.6499996185,0
2005-12-09,26.8999996185,0
2005-12-12,26.9899997711,0
2005-12-13,27.0300006866,0
2005-12-14,27.5499992371,0
2005-12-15,27.8999996185,0
2005-12-16,28.1700000763,0
2005-12-19,28.1200008392,0
2005-12-20,29.2199993134,0
2005-12-21,29.3400001526,0
2005-12-22,30.0200004578,0
2005-12-23,30.5,0
2005-12-27,31.2000007629,0
2005-12-28,31.7000007629,0
2005-12-29,30.5300006866,0
2005-12-30,30.6000003815,0
2006-01-03,32.4000015259,0
2006-01-04,32.5600013733,0
2006-01-05,33.6800003052,0
2006-01-06,33.7799987793,0
2006-01-09,33.25,0
2006-01-10,34.9300003052,0
2006-01-11,36.2700004578,0
2006-01-12,35.3499984741,0
2006-01-13,34.1300010681,0
2006-01-17,32.8600006104,0
2006-01-18,34.1500015259,0
2006-01-19,37.1300010681,0
2006-01-20,35.7000007629,0
2006-01-23,35.4700012207,0
2006-01-24,36.7700004578,0
2006-01-25,38.3800010681,0
2006-01-26,40.4099998474,0
2006-01-27,39.8499984741,0
2006-01-30,41.4000015259,0
2006-01-31,41.7999992371,0
2006-02-01,42.0999984741,0
2006-02-02,41.0200004578,0
2006-02-03,39.5400009155,0
2006-02-06,41.2200012207,0
2006-02-07,41.0099983215,0
2006-02-08,40.8600006104,0
2006-02-09,40.0600013733,0
2006-02-10,40.0999984741,0
2006-02-13,38.9599990845,0
2006-02-14,40.2200012207,0
2006-02-15,40.2400016785,0
2006-02-16,41.7400016785,0
2006-02-17,40.3300018311,0
2006-02-21,40.0499992371,0
2006-02-22,40.7999992371,0
2006-02-23,40.3899993896,0
2006-02-24,40.5400009155,0
2006-02-27,40.6199989319,0
2006-02-28,38.6699981689,0
2006-03-01,40.0699996948,0
2006-03-02,41.3300018311,0
2006-03-03,39.5099983215,0
2006-03-06,39.3899993896,0
2006-03-07,38.2700004578,0
2006-03-08,37.0900001526,0
2006-03-09,36.2099990845,0
2006-03-10,36.6300010681,0
2006-03-13,34,0
2006-03-14,34.9900016785,0
2006-03-15,35.1199989319,0
2006-03-16,34.0800018311,0
2006-03-17,33.9500007629,0
2006-03-20,34.1500015259,0
2006-03-21,34.4399986267,0
2006-03-22,34.3699989319,0
2006-03-23,34.75,0
2006-03-24,36.1300010681,0
2006-03-27,35.3300018311,0
2006-03-28,34.0900001526,0
2006-03-29,34.2900009155,0
2006-03-30,33.5900001526,0
2006-03-31,33.1599998474,0
2006-04-03,33.1800003052,0
2006-04-04,33.4300003052,0
2006-04-05,34.7799987793,0
2006-04-06,34.7000007629,0
2006-04-07,33.6899986267,0
2006-04-10,34.5699996948,0
2006-04-11,34.3499984741,0
2006-04-12,35.4199981689,0
2006-04-13,31.7999992371,0
2006-04-17,30.6000003815,0
2006-04-18,31.2299995422,0
2006-04-19,31.5400009155,0
2006-04-20,31.3799991608,0
2006-04-21,31.7299995422,0
2006-04-24,32.8100013733,0
2006-04-25,33.4099998474,0
2006-04-26,32.7999992371,0
2006-04-27,32.7999992371,0
2006-04-28,32.3499984741,0
2006-05-01,31.7900009155,0
2006-05-02,32.6199989319,0
2006-05-03,33.2700004578,0
2006-05-04,33.9500007629,0
2006-05-05,34.4300003052,0
2006-05-08,33.9500007629,0
2006-05-09,34.1599998474,0
2006-05-10,32.8300018311,0
2006-05-11,31.4899997711,0
2006-05-12,31.6599998474,0
2006-05-15,31.1200008392,0
2006-05-16,30.8099994659,0
2006-05-17,30.7700004578,0
2006-05-18,31.3500003815,0
2006-05-19,34.9500007629,0
2006-05-22,33.1800003052,0
2006-05-23,31.7900009155,0
2006-05-24,31.1800003052,0
2006-05-25,30.9699993134,0
2006-05-26,31.6299991608,0
2006-05-30,30.4799995422,0
2006-05-31,30.8899993896,0
2006-06-01,31.3899993896,0
2006-06-02,30.1000003815,0
2006-06-05,29.0599994659,0
2006-06-06,28.9500007629,0
2006-06-07,28,0
2006-06-08,27.0300006866,0
2006-06-09,26.75,0
2006-06-12,25.6800003052,0
2006-06-13,24.3899993896,0
2006-06-14,25.1100006104,0
2006-06-15,26.1100006104,0
2006-06-16,25.6399993896,0
2006-06-19,24.9500007629,0
2006-06-20,24.8700008392,0
2006-06-21,25.4200000763,0
2006-06-22,25.3700008392,0
2006-06-23,25.1399993896,0
2006-06-26,24.6599998474,0
2006-06-27,24.2600002289,0
2006-06-28,23.8899993896,0
2006-06-29,24.8099994659,0
2006-06-30,24.4200000763,0
2006-07-03,24.6000003815,0
2006-07-05,23.8999996185,0
2006-07-06,23.8299999237,0
2006-07-07,23.5599994659,0
2006-07-10,22.5100002289,0
2006-07-11,22.9799995422,0
2006-07-12,22.8400001526,0
2006-07-13,22.1299991608,0
2006-07-14,21.6000003815,0
2006-07-17,20.9200000763,0
2006-07-18,20.5499992371,0
2006-07-19,21.4599990845,0
2006-07-20,21.6499996185,0
2006-07-21,18.2600002289,0
2006-07-24,17.3899993896,0
2006-07-25,17.7999992371,0
2006-07-26,18.25,0
2006-07-27,18.0599994659,0
2006-07-28,19.1000003815,0
2006-07-31,19.3899993896,0
2006-08-01,19.1000003815,0
2006-08-02,19.6000003815,0
2006-08-03,20.4500007629,0
2006-08-04,20.4699993134,0
2006-08-07,20.2199993134,0
2006-08-08,20.1200008392,0
2006-08-09,19.8500003815,0
2006-08-10,20.0100002289,0
2006-08-11,19.7800006866,0
2006-08-14,19.8700008392,0
2006-08-15,20.8700008392,0
2006-08-16,22.5699996948,0
2006-08-17,24.2000007629,0
2006-08-18,23.9300003052,0
2006-08-21,23.3999996185,0
2006-08-22,24.8799991608,0
2006-08-23,24.8999996185,0
2006-08-24,24.7600002289,0
2006-08-25,24.5599994659,0
2006-08-28,23.9200000763,0
2006-08-29,24.3999996185,0
2006-08-30,25.0300006866,0
2006-08-31,24.9899997711,0
2006-09-01,24.6599998474,0
2006-09-05,26.2199993134,0
2006-09-06,24.5300006866,0
2006-09-07,24.5900001526,0
2006-09-08,25.7999992371,0
2006-09-11,25.6599998474,0
2006-09-12,26.4799995422,0
2006-09-13,27.1499996185,0
2006-09-14,27.0200004578,0
2006-09-15,26.5300006866,0
2006-09-18,27.3199996948,0
2006-09-19,26.9300003052,0
2006-09-20,27.3799991608,0
2006-09-21,26.9799995422,0
2006-09-22,26.2099990845,0
2006-09-25,26.7700004578,0
2006-09-26,25.9899997711,0
2006-09-27,25.3199996948,0
2006-09-28,25.0699996948,0
2006-09-29,24.8500003815,0
2006-10-02,24.8099994659,0
2006-10-03,24.1299991608,0
2006-10-04,25.0300006866,0
2006-10-05,25.1100006104,0
2006-10-06,24.0100002289,0
2006-10-09,23,0
2006-10-10,23.1399993896,0
2006-10-11,24.2700004578,0
2006-10-12,24.6900005341,0
2006-10-13,25.2299995422,0
2006-10-16,25.3799991608,0
2006-10-17,24.4799995422,0
2006-10-18,24.2299995422,0
2006-10-19,21.0100002289,0
2006-10-20,20.1200008392,0
2006-10-23,20.2399997711,0
2006-10-24,20.3199996948,0
2006-10-25,20.8299999237,0
2006-10-26,21.5,0
2006-10-27,20.8600006104,0
2006-10-30,21.3199996948,0
2006-10-31,21.2700004578,0
2006-11-01,20.7299995422,0
2006-11-02,20.8500003815,0
2006-11-03,20.8799991608,0
2006-11-06,21.3899993896,0
2006-11-07,21.5599994659,0
2006-11-08,21.25,0
2006-11-09,20.8899993896,0
2006-11-10,21.0699996948,0
2006-11-13,21.2000007629,0
2006-11-14,21.3400001526,0
2006-11-15,21.7099990845,0
2006-11-16,21.7399997711,0
2006-11-17,21.4500007629,0
2006-11-20,21.4400005341,0
2006-11-21,21.2399997711,0
2006-11-22,21.7700004578,0
2006-11-24,21.7999992371,0
2006-11-27,21.8299999237,0
2006-11-28,21.9300003052,0
2006-11-29,21.4099998474,0
2006-11-30,21.5699996948,0
2006-12-01,20.6900005341,0
2006-12-04,21.0400009155,0
2006-12-05,21.3400001526,0
2006-12-06,21.4899997711,0
2006-12-07,21.0499992371,0
2006-12-08,20.9300003052,0
2006-12-11,20.6900005341,0
2006-12-12,20.4699993134,0
2006-12-13,20.1700000763,0
2006-12-14,22.7099990845,0
2006-12-15,22.1200008392,0
2006-12-18,21.9699993134,0
2006-12-19,21.6399993896,0
2006-12-20,21.8500003815,0
2006-12-21,20.9500007629,0
2006-12-22,20.7700004578,0
2006-12-26,20.6000003815,0
2006-12-27,20.7000007629,0
2006-12-28,20.5699996948,0
2006-12-29,20.3500003815,0
2007-01-03,19.5200004578,0
2007-01-04,19.7900009155,0
2007-01-05,19.7099990845,0
2007-01-08,19.4699993134,0
2007-01-09,19.6499996185,0
2007-01-10,20.0100002289,0
2007-01-11,20.1800003052,0
2007-01-12,18.2600002289,0
2007-01-16,18.1299991608,0
2007-01-17,18.2000007629,0
2007-01-18,17.9200000763,0
2007-01-19,17.7299995422,0
2007-01-22,17.5300006866,0
2007-01-23,17.5100002289,0
2007-01-24,16.0300006866,0
2007-01-25,16.0499992371,0
2007-01-26,16.2199993134,0
2007-01-29,15.9499998093,0
2007-01-30,15.7899999619,0
2007-01-31,15.5500001907,0
2007-02-01,15.7700004578,0
2007-02-02,15.6899995804,0
2007-02-05,15.6000003815,0
2007-02-06,15.3199996948,0
2007-02-07,15.5,0
2007-02-08,15.1300001144,0
2007-02-09,14.8999996185,0
2007-02-12,14.6899995804,0
2007-02-13,14.6000003815,0
2007-02-14,14.9499998093,0
2007-02-15,14.8299999237,0
2007-02-16,14.9399995804,0
2007-02-20,14.9200000763,0
2007-02-21,14.5600004196,0
2007-02-22,14.5399999619,0
2007-02-23,14.6899995804,0
2007-02-26,15.6800003052,0
2007-02-27,15.0799999237,0
2007-02-28,15.0699996948,0
2007-03-01,14.7899999619,0
2007-03-02,14.1800003052,0
2007-03-05,13.9499998093,0
2007-03-06,14.0900001526,0
2007-03-07,14.1000003815,0
2007-03-08,14.1899995804,0
2007-03-09,14.1999998093,0
2007-03-12,14.1700000763,0
2007-03-13,13.9399995804,0
2007-03-14,14.1300001144,0
2007-03-15,13.9300003052,0
2007-03-16,14.0100002289,0
2007-03-19,13.720000267,0
2007-03-20,13.4099998474,0
2007-03-21,13.6000003815,0
2007-03-22,13.3500003815,0
2007-03-23,13.5,0
2007-03-26,13.5500001907,0
2007-03-27,13.5,0
2007-03-28,13.3800001144,0
2007-03-29,13.0799999237,0
2007-03-30,13.0600004196,0
2007-04-02,12.8299999237,0
2007-04-03,12.8999996185,0
2007-04-04,12.7100000381,0
2007-04-05,12.8599996567,0
2007-04-09,13.3500003815,0
2007-04-10,13.2700004578,0
2007-04-11,13.1899995804,0
2007-04-12,13.6599998474,0
2007-04-13,13.5699996948,0
2007-04-16,13.5200004578,0
2007-04-17,13.470000267,0
2007-04-18,13.9099998474,0
2007-04-19,14.279999733,0
2007-04-20,14.1599998474,0
2007-04-23,14.0399999619,0
2007-04-24,14.5699996948,0
2007-04-25,14.6499996185,0
2007-04-26,14.5,0
2007-04-27,14.3199996948,0
2007-04-30,13.8199996948,0
2007-05-01,13.5399999619,0
2007-05-02,13.6300001144,0
2007-05-03,13.6899995804,0
2007-05-04,13.529999733,0
2007-05-07,13.279999733,0
2007-05-08,13.1800003052,0
2007-05-09,13.5699996948,0
2007-05-10,14.0500001907,0
2007-05-11,14.6800003052,0
2007-05-14,15.3599996567,0
2007-05-15,15.3999996185,0
2007-05-16,15.5799999237,0
2007-05-17,15.4300003052,0
2007-05-18,15.5900001526,0
2007-05-21,15.4300003052,0
2007-05-22,15.4200000763,0
2007-05-23,15.2100000381,0
2007-05-24,14.8800001144,0
2007-05-25,14.7600002289,0
2007-05-29,14.6000003815,0
2007-05-30,14.3699998856,0
2007-05-31,14.2700004578,0
2007-06-01,14.3100004196,0
2007-06-04,14.1700000763,0
2007-06-05,13.9799995422,0
2007-06-06,13.6300001144,0
2007-06-07,13.6800003052,0
2007-06-08,14.0699996948,0
2007-06-11,13.9099998474,0
2007-06-12,13.8000001907,0
2007-06-13,13.9600000381,0
2007-06-14,13.779999733,0
2007-06-15,13.6300001144,0
2007-06-18,13.5100002289,0
2007-06-19,13.5699996948,0
2007-06-20,13.6400003433,0
2007-06-21,14.720000267,0
2007-06-22,14.5699996948,0
2007-06-25,14.279999733,0
2007-06-26,14.1800003052,0
2007-06-27,14.5799999237,0
2007-06-28,14.4899997711,0
2007-06-29,14.3000001907,0
2007-07-02,14.3599996567,0
2007-07-03,14.3599996567,0
2007-07-05,14.1899995804,0
2007-07-06,14.3900003433,0
2007-07-09,14.5699996948,0
2007-07-10,14.4300003052,0
2007-07-11,14.6499996185,0
2007-07-12,15.3599996567,0
2007-07-13,15.4300003052,0
2007-07-16,15.720000267,0
2007-07-17,15.8400001526,0
2007-07-18,15.4600000381,0
2007-07-19,15.779999733,0
2007-07-20,15.5,0
2007-07-23,15.3599996567,0
2007-07-24,15.2100000381,0
2007-07-25,15.5799999237,0
2007-07-26,14.7299995422,0
2007-07-27,13.8699998856,0
2007-07-30,13.7899999619,0
2007-07-31,13.5399999619,0
2007-08-01,13.4099998474,0
2007-08-02,13.3999996185,0
2007-08-03,12.8500003815,0
2007-08-06,12.7700004578,0
2007-08-07,12.6300001144,0
2007-08-08,13.4200000763,0
2007-08-09,13.0799999237,0
2007-08-10,13.0100002289,0
2007-08-13,12.8400001526,0
2007-08-14,12.5399999619,0
2007-08-15,11.9499998093,0
2007-08-16,11.6400003433,0
2007-08-17,11.8900003433,0
2007-08-20,12.1000003815,0
2007-08-21,12.1700000763,0
2007-08-22,12.0100002289,0
2007-08-23,12.0600004196,0
2007-08-24,12.1300001144,0
2007-08-27,11.9799995422,0
2007-08-28,11.6599998474,0
2007-08-29,12.3000001907,0
2007-08-30,12.4200000763,0
2007-08-31,13,0
2007-09-04,13.1700000763,0
2007-09-05,12.8999996185,0
2007-09-06,12.9399995804,0
2007-09-07,12.6099996567,0
2007-09-10,12.9399995804,0
2007-09-11,12.970000267,0
2007-09-12,12.8299999237,0
2007-09-13,12.7299995422,0
2007-09-14,12.6899995804,0
2007-09-17,12.8400001526,0
2007-09-18,13.3000001907,0
2007-09-19,13.1000003815,0
2007-09-20,13.3500003815,0
2007-09-21,13.2399997711,0
2007-09-24,13.4799995422,0
2007-09-25,13.8100004196,0
2007-09-26,13.75,0
2007-09-27,13.279999733,0
2007-09-28,13.1999998093,0
2007-10-01,13.2299995422,0
2007-10-02,13.1999998093,0
2007-10-03,13.2299995422,0
2007-10-04,13.3500003815,0
2007-10-05,13.6300001144,0
2007-10-08,13.6300001144,0
2007-10-09,13.7899999619,0
2007-10-10,14.0200004578,0
2007-10-11,13.8000001907,0
2007-10-12,13.9399995804,0
2007-10-15,13.9799995422,0
2007-10-16,13.9600000381,0
2007-10-17,14.1099996567,0
2007-10-18,14.5500001907,0
2007-10-19,13.8000001907,0
2007-10-22,13.75,0
2007-10-23,13.7299995422,0
2007-10-24,13.1199998856,0
2007-10-25,12.75,0
2007-10-26,12.8900003433,0
2007-10-29,12.8800001144,0
2007-10-30,13,0
2007-10-31,13.0799999237,0
2007-11-01,12.8000001907,0
2007-11-02,13.1700000763,0
2007-11-05,13.4200000763,0
2007-11-06,13.4300003052,0
2007-11-07,13.0100002289,0
2007-11-08,12.5100002289,0
2007-11-09,12.3699998856,0
2007-11-12,11.9499998093,0
2007-11-13,12.3999996185,0
2007-11-14,12.279999733,0
2007-11-15,12.6999998093,0
2007-11-16,12.6400003433,0
2007-11-19,12.0699996948,0
2007-11-20,11.279999733,0
2007-11-21,10.8299999237,0
2007-11-23,10.779999733,0
2007-11-26,10.2700004578,0
2007-11-27,10.1499996185,0
2007-11-28,10.3500003815,0
2007-11-29,10.1400003433,0
2007-11-30,9.76000022888,0
2007-12-03,9.65999984741,0
2007-12-04,9.25,0
2007-12-05,8.90999984741,0
2007-12-06,9.06999969482,0
2007-12-07,9.05000019073,0
2007-12-10,9.18000030518,0
2007-12-11,9.06999969482,0
2007-12-12,8.97000026703,0
2007-12-13,8.84000015259,0
2007-12-14,8.43000030518,0
2007-12-17,7.94999980927,0
2007-12-18,7.67999982834,0
2007-12-19,7.98000001907,0
2007-12-20,7.96999979019,0
2007-12-21,7.78999996185,0
2007-12-24,7.76999998093,0
2007-12-26,7.76999998093,0
2007-12-27,7.53000020981,0
2007-12-28,7.32000017166,0
2007-12-31,7.5,0
2008-01-02,7.13999986649,0
2008-01-03,6.76999998093,0
2008-01-04,6.25,0
2008-01-07,6.07999992371,0
2008-01-08,6,0
2008-01-09,5.53000020981,0
2008-01-10,5.96000003815,0
2008-01-11,6.25,0
2008-01-14,6.40999984741,0
2008-01-15,6.11999988556,0
2008-01-16,6.57000017166,0
2008-01-17,6.34000015259,0
2008-01-18,7.07000017166,0
2008-01-22,6.82999992371,0
2008-01-23,7.55999994278,0
2008-01-24,7.57999992371,0
2008-01-25,7.15000009537,0
2008-01-28,7.46000003815,0
2008-01-29,7.61000013351,0
2008-01-30,7.61000013351,0
2008-01-31,7.59000015259,0
2008-02-01,8,0
2008-02-04,7.92000007629,0
2008-02-05,7.21000003815,0
2008-02-06,6.73999977112,0
2008-02-07,6.59000015259,0
2008-02-08,6.34000015259,0
2008-02-11,6.28000020981,0
2008-02-12,6.40999984741,0
2008-02-13,6.69999980927,0
2008-02-14,6.53000020981,0
2008-02-15,6.44999980927,0
2008-02-19,6.5,0
2008-02-20,6.82999992371,0
2008-02-21,6.96000003815,0
2008-02-22,6.71000003815,0
2008-02-25,6.96999979019,0
2008-02-26,7.13000011444,0
2008-02-27,7.28000020981,0
2008-02-28,7.01999998093,0
2008-02-29,7.21000003815,0
2008-03-03,6.76000022888,0
2008-03-04,6.76000022888,0
2008-03-05,6.84000015259,0
2008-03-06,6.48999977112,0
2008-03-07,6.48999977112,0
2008-03-10,6.15999984741,0
2008-03-11,6.48000001907,0
2008-03-12,6.42999982834,0
2008-03-13,6.73000001907,0
2008-03-14,6.38000011444,0
2008-03-17,6.34000015259,0
2008-03-18,6.38999986649,0
2008-03-19,6.15000009537,0
2008-03-20,6.11000013351,0
2008-03-24,6.21000003815,0
2008-03-25,6.30000019073,0
2008-03-26,6.21999979019,0
2008-03-27,6.15999984741,0
2008-03-28,5.90999984741,0
2008-03-31,5.88999986649,0
2008-04-01,6.07000017166,0
2008-04-02,6.19000005722,0
2008-04-03,6.26000022888,0
2008-04-04,6.23000001907,0
2008-04-07,6.34000015259,0
2008-04-08,6.03000020981,0
2008-04-09,6.26000022888,0
2008-04-10,6.26999998093,0
2008-04-11,6.01000022888,0
2008-04-14,5.86000013351,0
2008-04-15,5.78000020981,0
2008-04-16,6.07000017166,0
2008-04-17,6.19000005722,0
2008-04-18,6.11000013351,0
2008-04-21,6.13999986649,0
2008-04-22,5.96000003815,0
2008-04-23,5.92000007629,0
2008-04-24,6.03000020981,0
2008-04-25,6.05999994278,0
2008-04-28,6,0
2008-04-29,6.01999998093,0
2008-04-30,5.96000003815,0
2008-05-01,6.21999979019,0
2008-05-02,6.15999984741,0
2008-05-05,6.53000020981,0
2008-05-06,7.11999988556,0
2008-05-07,6.90999984741,0
2008-05-08,6.92999982834,0
2008-05-09,6.94000005722,0
2008-05-12,7.15999984741,0
2008-05-13,7.19000005722,0
2008-05-14,7.15999984741,0
2008-05-15,7.40999984741,0
2008-05-16,7.26000022888,0
2008-05-19,7.09999990463,0
2008-05-20,7.11999988556,0
2008-05-21,7.07999992371,0
2008-05-22,7.07000017166,0
2008-05-23,6.88000011444,0
2008-05-27,6.92000007629,0
2008-05-28,6.82000017166,0
2008-05-29,6.76999998093,0
2008-05-30,6.88000011444,0
2008-06-02,6.80000019073,0
2008-06-03,6.80999994278,0
2008-06-04,7.19000005722,0
2008-06-05,7.78000020981,0
2008-06-06,7.42999982834,0
2008-06-09,7.67999982834,0
2008-06-10,7.42999982834,0
2008-06-11,6.96000003815,0
2008-06-12,7.13999986649,0
2008-06-13,7.51999998093,0
2008-06-16,7.71000003815,0
2008-06-17,7.71999979019,0
2008-06-18,7.28999996185,0
2008-06-19,7.32999992371,0
2008-06-20,6.98999977112,0
2008-06-23,6.55000019073,0
2008-06-24,6.23999977112,0
2008-06-25,6.42999982834,0
2008-06-26,6.13000011444,0
2008-06-27,5.94999980927,0
2008-06-30,5.82999992371,0
2008-07-01,5.65000009537,0
2008-07-02,5.44000005722,0
2008-07-03,5.30000019073,0
2008-07-07,5.38000011444,0
2008-07-08,5.53000020981,0
2008-07-09,5.05999994278,0
2008-07-10,4.96000003815,0
2008-07-11,4.84000015259,0
2008-07-14,4.82000017166,0
2008-07-15,4.71999979019,0
2008-07-16,5.05999994278,0
2008-07-17,5.30000019073,0
2008-07-18,4.65000009537,0
2008-07-21,4.59000015259,0
2008-07-22,4.40999984741,0
2008-07-23,4.67000007629,0
2008-07-24,4.36999988556,0
2008-07-25,4.36000013351,0
2008-07-28,4.19000005722,0
2008-07-29,4.21000003815,0
2008-07-30,4.23000001907,0
2008-07-31,4.21000003815,0
2008-08-01,4.28000020981,0
2008-08-04,4.48000001907,0
2008-08-05,4.59999990463,0
2008-08-06,4.80000019073,0
2008-08-07,5.03000020981,0
2008-08-08,5.13000011444,0
2008-08-11,5.11000013351,0
2008-08-12,5.21000003815,0
2008-08-13,5.15000009537,0
2008-08-14,5.30000019073,0
2008-08-15,5.63999986649,0
2008-08-18,5.90999984741,0
2008-08-19,5.57999992371,0
2008-08-20,5.69999980927,0
2008-08-21,5.76000022888,0
2008-08-22,5.80999994278,0
2008-08-25,5.92999982834,0
2008-08-26,5.92999982834,0
2008-08-27,6.07000017166,0
2008-08-28,6.25,0
2008-08-29,6.28999996185,0
2008-09-02,6.34000015259,0
2008-09-03,6.15000009537,0
2008-09-04,5.84000015259,0
2008-09-05,5.96000003815,0
2008-09-08,6.07000017166,0
2008-09-09,5.76999998093,0
2008-09-10,5.78000020981,0
2008-09-11,5.71000003815,0
2008-09-12,5.75,0
2008-09-15,5.17999982834,0
2008-09-16,5.26000022888,0
2008-09-17,4.90000009537,0
2008-09-18,5.30000019073,0
2008-09-19,5.42000007629,0
2008-09-22,4.98999977112,0
2008-09-23,4.94000005722,0
2008-09-24,4.88000011444,0
2008-09-25,5.23000001907,0
2008-09-26,5.15999984741,0
2008-09-29,4.28999996185,0
2008-09-30,5.25,0
2008-10-01,4.73999977112,0
2008-10-02,4.13999986649,0
2008-10-03,4.53000020981,0
2008-10-06,4.23000001907,0
2008-10-07,4.59000015259,0
2008-10-08,4.05000019073,0
2008-10-09,4.03999996185,0
2008-10-10,3.80999994278,0
2008-10-13,4.21000003815,0
2008-10-14,4.26999998093,0
2008-10-15,3.91000008583,0
2008-10-16,4.11999988556,0
2008-10-17,4.21000003815,0
2008-10-20,4.11000013351,0
2008-10-21,3.91000008583,0
2008-10-22,3.61999988556,0
2008-10-23,3.27999997139,0
2008-10-24,3.02999997139,0
2008-10-27,2.94000005722,0
2008-10-28,2.83999991417,0
2008-10-29,2.98000001907,0
2008-10-30,3.55999994278,0
2008-10-31,3.5,0
2008-11-03,3.6099998951,0
2008-11-04,3.79999995232,0
2008-11-05,3.54999995232,0
2008-11-06,3.17000007629,0
2008-11-07,3.16000008583,0
2008-11-10,3.03999996185,0
2008-11-11,2.96000003815,0
2008-11-12,2.56999993324,0
2008-11-13,2.70000004768,0
2008-11-14,2.43000006676,0
2008-11-17,2.5,0
2008-11-18,2.5,0
2008-11-19,2.11999988556,0
2008-11-20,1.90999996662,0
2008-11-21,1.82000005245,0
2008-11-24,1.86000001431,0
2008-11-25,1.79999995232,0
2008-11-26,2.13000011444,0
2008-11-28,2.3599998951,0
2008-12-01,2,0
2008-12-02,2.02999997139,0
2008-12-03,2.20000004768,0
2008-12-04,2.07999992371,0
2008-12-05,2.13000011444,0
2008-12-08,2.09999990463,0
2008-12-09,2.26999998093,0
2008-12-10,2.20000004768,0
2008-12-11,2.20000004768,0
2008-12-12,2.27999997139,0
2008-12-15,2.21000003815,0
2008-12-16,2.25,0
2008-12-17,2.28999996185,0
2008-12-18,2.23000001907,0
2008-12-19,2.26999998093,0
2008-12-22,2.01999998093,0
2008-12-23,1.96000003815,0
2008-12-24,1.99000000954,0
2008-12-26,2.18000006676,0
2008-12-29,2.09999990463,0
2008-12-30,2.21000003815,0
2008-12-31,2.16000008583,0
2009-01-02,2.38000011444,0
2009-01-05,2.67000007629,0
2009-01-06,2.77999997139,0
2009-01-07,2.66000008583,0
2009-01-08,2.74000000954,0
2009-01-09,2.69000005722,0
2009-01-12,2.51999998093,0
2009-01-13,2.38000011444,0
2009-01-14,2.15000009537,0
2009-01-15,2.25999999046,0
2009-01-16,2.28999996185,0
2009-01-20,2,0
2009-01-21,2.25,0
2009-01-22,2.01999998093,0
2009-01-23,2.06999993324,0
2009-01-26,2.00999999046,0
2009-01-27,2.1400001049,0
2009-01-28,2.34999990463,0
2009-01-29,2.20000004768,0
2009-01-30,2.19000005722,0
2009-02-02,2.15000009537,0
2009-02-03,2.21000003815,0
2009-02-04,2.26999998093,0
2009-02-05,2.3599998951,0
2009-02-06,2.41000008583,0
2009-02-09,2.3599998951,0
2009-02-10,2.1099998951,0
2009-02-11,2.15000009537,0
2009-02-12,2.27999997139,0
2009-02-13,2.42000007629,0
2009-02-17,2.36999988556,0
2009-02-18,2.20000004768,0
2009-02-19,2.11999988556,0
2009-02-20,2.02999997139,0
2009-02-23,2.01999998093,0
2009-02-24,2.11999988556,0
2009-02-25,2.22000002861,0
2009-02-26,2.08999991417,0
2009-02-27,2.18000006676,0
2009-03-02,2.00999999046,0
2009-03-03,2.06999993324,0
2009-03-04,2.29999995232,0
2009-03-05,2.16000008583,0
2009-03-06,2.1400001049,0
2009-03-09,2.1400001049,0
2009-03-10,2.31999993324,0
2009-03-11,2.30999994278,0
2009-03-12,2.40000009537,0
2009-03-13,2.51999998093,0
2009-03-16,2.48000001907,0
2009-03-17,2.75999999046,0
2009-03-18,2.97000002861,0
2009-03-19,2.96000003815,0
2009-03-20,2.67000007629,0
2009-03-23,3.01999998093,0
2009-03-24,3.1400001049,0
2009-03-25,3.17000007629,0
2009-03-26,3.55999994278,0
2009-03-27,3.36999988556,0
2009-03-30,3.19000005722,0
2009-03-31,3.04999995232,0
2009-04-01,3.01999998093,0
2009-04-02,3.16000008583,0
2009-04-03,3.43000006676,0
2009-04-06,3.52999997139,0
2009-04-07,3.44000005722,0
2009-04-08,3.68000006676,0
2009-04-09,3.75,0
2009-04-13,3.6099998951,0
2009-04-14,3.63000011444,0
2009-04-15,3.44000005722,0
2009-04-16,3.56999993324,0
2009-04-17,3.55999994278,0
2009-04-20,3.30999994278,0
2009-04-21,3.3599998951,0
2009-04-22,3.32999992371,0
2009-04-23,3.52999997139,0
2009-04-24,3.50999999046,0
2009-04-27,3.47000002861,0
2009-04-28,3.41000008583,0
2009-04-29,3.50999999046,0
2009-04-30,3.6099998951,0
2009-05-01,3.81999993324,0
2009-05-04,4.26000022888,0
2009-05-05,4.32000017166,0
2009-05-06,4.30999994278,0
2009-05-07,4.01000022888,0
2009-05-08,3.93000006676,0
2009-05-11,4.21999979019,0
2009-05-12,4.34999990463,0
2009-05-13,4.38000011444,0
2009-05-14,4.23999977112,0
2009-05-15,4.01000022888,0
2009-05-18,4.13999986649,0
2009-05-19,4.38999986649,0
2009-05-20,4.5,0
2009-05-21,4.34000015259,0
2009-05-22,4.26000022888,0
2009-05-26,4.53000020981,0
2009-05-27,4.71000003815,0
2009-05-28,4.69999980927,0
2009-05-29,4.53999996185,0
2009-06-01,4.73000001907,0
2009-06-02,4.55999994278,0
2009-06-03,4.48000001907,0
2009-06-04,4.65000009537,0
2009-06-05,4.63000011444,0
2009-06-08,4.61000013351,0
2009-06-09,4.75,0
2009-06-10,4.82000017166,0
2009-06-11,4.69999980927,0
2009-06-12,4.46999979019,0
2009-06-15,4.26000022888,0
2009-06-16,4.13000011444,0
2009-06-17,4.07999992371,0
2009-06-18,3.84999990463,0
2009-06-19,3.86999988556,0
2009-06-22,3.61999988556,0
2009-06-23,3.54999995232,0
2009-06-24,3.66000008583,0
2009-06-25,3.6400001049,0
2009-06-26,3.61999988556,0
2009-06-29,3.72000002861,0
2009-06-30,3.86999988556,0
2009-07-01,3.91000008583,0
2009-07-02,3.77999997139,0
2009-07-06,3.54999995232,0
2009-07-07,3.43000006676,0
2009-07-08,3.3599998951,0
2009-07-09,3.48000001907,0
2009-07-10,3.49000000954,0
2009-07-13,3.55999994278,0
2009-07-14,3.54999995232,0
2009-07-15,3.8599998951,0
2009-07-16,3.92000007629,0
2009-07-17,4,0
2009-07-20,4.17000007629,0
2009-07-21,4.07999992371,0
2009-07-22,3.54999995232,0
2009-07-23,3.58999991417,0
2009-07-24,3.76999998093,0
2009-07-27,3.79999995232,0
2009-07-28,3.76999998093,0
2009-07-29,3.71000003815,0
2009-07-30,3.66000008583,0
2009-07-31,3.66000008583,0
2009-08-03,3.74000000954,0
2009-08-04,3.75999999046,0
2009-08-05,3.75,0
2009-08-06,3.71000003815,0
2009-08-07,3.70000004768,0
2009-08-10,3.68000006676,0
2009-08-11,3.58999991417,0
2009-08-12,3.58999991417,0
2009-08-13,3.68000006676,0
2009-08-14,3.69000005722,0
2009-08-17,3.54999995232,0
2009-08-18,3.55999994278,0
2009-08-19,3.51999998093,0
2009-08-20,3.51999998093,0
2009-08-21,3.70000004768,0
2009-08-24,4,0
2009-08-25,4.01999998093,0
2009-08-26,4.05999994278,0
2009-08-27,4.23000001907,0
2009-08-28,4.46999979019,0
2009-08-31,4.36000013351,0
2009-09-01,4.21999979019,0
2009-09-02,4.28000020981,0
2009-09-03,4.53000020981,0
2009-09-04,4.53000020981,0
2009-09-08,5.19000005722,0
2009-09-09,5.19999980927,0
2009-09-10,5.38000011444,0
2009-09-11,5.67999982834,0
2009-09-14,5.71999979019,0
2009-09-15,5.88000011444,0
2009-09-16,5.69000005722,0
2009-09-17,5.67000007629,0
2009-09-18,5.69999980927,0
2009-09-21,5.80999994278,0
2009-09-22,6.07999992371,0
2009-09-23,6.01999998093,0
2009-09-24,5.65999984741,0
2009-09-25,5.82999992371,0
2009-09-28,5.94000005722,0
2009-09-29,5.78000020981,0
2009-09-30,5.65999984741,0
2009-10-01,5.38999986649,0
2009-10-02,5.30999994278,0
2009-10-05,5.53999996185,0
2009-10-06,5.63999986649,0
2009-10-07,5.53999996185,0
2009-10-08,5.51000022888,0
2009-10-09,5.88000011444,0
2009-10-12,6.13999986649,0
2009-10-13,6.07999992371,0
2009-10-14,6.25,0
2009-10-15,6.19000005722,0
2009-10-16,5.73999977112,0
2009-10-19,5.86999988556,0
2009-10-20,5.98000001907,0
2009-10-21,5.76999998093,0
2009-10-22,5.82999992371,0
2009-10-23,5.59999990463,0
2009-10-26,5.42000007629,0
2009-10-27,5.15000009537,0
2009-10-28,4.84999990463,0
2009-10-29,4.92999982834,0
2009-10-30,4.59999990463,0
2009-11-02,4.59999990463,0
2009-11-03,4.63999986649,0
2009-11-04,4.69000005722,0
2009-11-05,4.82999992371,0
2009-11-06,5.03999996185,0
2009-11-09,5.21000003815,0
2009-11-10,5.13999986649,0
2009-11-11,5.32000017166,0
2009-11-12,6.48000001907,0
2009-11-13,6.53000020981,0
2009-11-16,6.42999982834,0
2009-11-17,6.61999988556,0
2009-11-18,7.32000017166,0
2009-11-19,7.05000019073,0
2009-11-20,6.94999980927,0
2009-11-23,7,0
2009-11-24,6.94999980927,0
2009-11-25,7.11000013351,0
2009-11-27,6.84999990463,0
2009-11-30,7.01000022888,0
2009-12-01,7.19999980927,0
2009-12-02,7.30000019073,0
2009-12-03,8.02999973297,0
2009-12-04,7.86000013351,0
2009-12-07,8.52000045776,0
2009-12-08,8.67000007629,0
2009-12-09,8.71000003815,0
2009-12-10,8.57999992371,0
2009-12-11,8.64000034332,0
2009-12-14,8.68000030518,0
2009-12-15,8.81999969482,0
2009-12-16,9.14999961853,0
2009-12-17,9.11999988556,0
2009-12-18,9.05000019073,0
2009-12-21,9.52999973297,0
2009-12-22,9.43000030518,0
2009-12-23,9.67000007629,0
2009-12-24,9.90999984741,0
2009-12-28,9.82999992371,0
2009-12-29,9.75,0
2009-12-30,9.72000026703,0
2009-12-31,9.68000030518,0
2010-01-04,9.69999980927,0
2010-01-05,9.71000003815,0
2010-01-06,9.56999969482,0
2010-01-07,9.47000026703,0
2010-01-08,9.43000030518,0
2010-01-11,9.14000034332,0
2010-01-12,8.64999961853,0
2010-01-13,9.14999961853,0
2010-01-14,9,0
2010-01-15,8.84000015259,0
2010-01-19,9.01000022888,0
2010-01-20,8.86999988556,0
2010-01-21,8.98999977112,0
2010-01-22,7.88000011444,0
2010-01-25,8.06999969482,0
2010-01-26,8.09000015259,0
2010-01-27,8.18999958038,0
2010-01-28,7.88000011444,0
2010-01-29,7.46000003815,0
2010-02-01,7.98000001907,0
2010-02-02,7.90999984741,0
2010-02-03,7.80999994278,0
2010-02-04,7.19000005722,0
2010-02-05,7.34999990463,0
2010-02-08,7.42000007629,0
2010-02-09,7.53999996185,0
2010-02-10,7.63999986649,0
2010-02-11,7.84000015259,0
2010-02-12,7.86999988556,0
2010-02-16,8.06000041962,0
2010-02-17,8.02999973297,0
2010-02-18,7.94999980927,0
2010-02-19,7.92999982834,0
2010-02-22,7.90000009537,0
2010-02-23,7.78999996185,0
2010-02-24,8.05000019073,0
2010-02-25,7.88999986649,0
2010-02-26,7.90999984741,0
2010-03-01,8.21000003815,0
2010-03-02,8.38000011444,0
2010-03-03,8.35000038147,0
2010-03-04,8.5,0
2010-03-05,8.60999965668,0
2010-03-08,8.64000034332,0
2010-03-09,8.63000011444,0
2010-03-10,8.92000007629,0
2010-03-11,8.94999980927,0
2010-03-12,8.93000030518,0
2010-03-15,8.92000007629,0
2010-03-16,9.39999961853,0
2010-03-17,9.67000007629,0
2010-03-18,9.39000034332,0
2010-03-19,9.10999965668,0
2010-03-22,9.31000041962,0
2010-03-23,9.44999980927,0
2010-03-24,9.22999954224,0
2010-03-25,9.02999973297,0
2010-03-26,9.02000045776,0
2010-03-29,9.10999965668,0
2010-03-30,9.27000045776,0
2010-03-31,9.27000045776,0
2010-04-01,9.36999988556,0
2010-04-05,9.52999973297,0
2010-04-06,9.35000038147,0
2010-04-07,9.65999984741,0
2010-04-08,9.42000007629,0
2010-04-09,9.30000019073,0
2010-04-12,9.42000007629,0
2010-04-13,9.56000041962,0
2010-04-14,9.89000034332,0
2010-04-15,10.1599998474,0
2010-04-16,9.81000041962,0
2010-04-19,9.57999992371,0
2010-04-20,9.77000045776,0
2010-04-21,9.77999973297,0
2010-04-22,9.85999965668,0
2010-04-23,9.76000022888,0
2010-04-26,9.97000026703,0
2010-04-27,9.57999992371,0
2010-04-28,9.55000019073,0
2010-04-29,9.72000026703,0
2010-04-30,9.06999969482,0
2010-05-03,9.28999996185,0
2010-05-04,8.68000030518,0
2010-05-05,8.57999992371,0
2010-05-06,8.27000045776,0
2010-05-07,8.38000011444,0
2010-05-10,8.98999977112,0
2010-05-11,9.06999969482,0
2010-05-12,9.48999977112,0
2010-05-13,9.42000007629,0
2010-05-14,8.80000019073,0
2010-05-17,8.85000038147,0
2010-05-18,8.42000007629,0
2010-05-19,8.47000026703,0
2010-05-20,8.09000015259,0
2010-05-21,8.39999961853,0
2010-05-24,8.09000015259,0
2010-05-25,8.14999961853,0
2010-05-26,8.22000026703,0
2010-05-27,8.80000019073,0
2010-05-28,8.56999969482,0
2010-06-01,8.14000034332,0
2010-06-02,8.53999996185,0
2010-06-03,8.68999958038,0
2010-06-04,8.10999965668,0
2010-06-07,7.71000003815,0
2010-06-08,7.76999998093,0
2010-06-09,7.61000013351,0
2010-06-10,8.01000022888,0
2010-06-11,8.11999988556,0
2010-06-14,8.27999973297,0
2010-06-15,8.81999969482,0
2010-06-16,8.89999961853,0
2010-06-17,8.90999984741,0
2010-06-18,8.82999992371,0
2010-06-21,8.80000019073,0
2010-06-22,8.57999992371,0
2010-06-23,8.56000041962,0
2010-06-24,8.13000011444,0
2010-06-25,8.09000015259,0
2010-06-28,8.05000019073,0
2010-06-29,7.48000001907,0
2010-06-30,7.32000017166,0
2010-07-01,7.38999986649,0
2010-07-02,7.17000007629,0
2010-07-06,7.03999996185,0
2010-07-07,7.38999986649,0
2010-07-08,7.36999988556,0
2010-07-09,7.34000015259,0
2010-07-12,7.36000013351,0
2010-07-13,7.51999998093,0
2010-07-14,7.44000005722,0
2010-07-15,7.40999984741,0
2010-07-16,7.36999988556,0
2010-07-19,7.44000005722,0
2010-07-20,7.59999990463,0
2010-07-21,7.40000009537,0
2010-07-22,7.61000013351,0
2010-07-23,7.82000017166,0
2010-07-26,8.06999969482,0
2010-07-27,8.21000003815,0
2010-07-28,7.98000001907,0
2010-07-29,7.78000020981,0
2010-07-30,7.48999977112,0
2010-08-02,7.65000009537,0
2010-08-03,7.51000022888,0
2010-08-04,7.51999998093,0
2010-08-05,7.5,0
2010-08-06,7.44999980927,0
2010-08-09,7.42000007629,0
2010-08-10,6.82999992371,0
2010-08-11,6.48999977112,0
2010-08-12,6.57000017166,0
2010-08-13,6.48999977112,0
2010-08-16,6.61999988556,0
2010-08-17,6.63000011444,0
2010-08-18,6.57000017166,0
2010-08-19,6.42000007629,0
2010-08-20,6.25,0
2010-08-23,6.13999986649,0
2010-08-24,5.98999977112,0
2010-08-25,6.13000011444,0
2010-08-26,5.86999988556,0
2010-08-27,6.07999992371,0
2010-08-30,5.78000020981,0
2010-08-31,5.61000013351,0
2010-09-01,5.76000022888,0
2010-09-02,5.92999982834,0
2010-09-03,6.09000015259,0
2010-09-07,5.94999980927,0
2010-09-08,5.82999992371,0
2010-09-09,5.86000013351,0
2010-09-10,5.80999994278,0
2010-09-13,6.17999982834,0
2010-09-14,6.26999998093,0
2010-09-15,6.21999979019,0
2010-09-16,6.15000009537,0
2010-09-17,6.11999988556,0
2010-09-20,6.09000015259,0
2010-09-21,6.17000007629,0
2010-09-22,6.26000022888,0
2010-09-23,6.40000009537,0
2010-09-24,6.84000015259,0
2010-09-27,7.01999998093,0
2010-09-28,6.94999980927,0
2010-09-29,7.28000020981,0
2010-09-30,7.11000013351,0
2010-10-01,7.05000019073,0
2010-10-04,6.94000005722,0
2010-10-05,6.98000001907,0
2010-10-06,6.86000013351,0
2010-10-07,6.86999988556,0
2010-10-08,7.05000019073,0
2010-10-11,7.23999977112,0
2010-10-12,7.30000019073,0
2010-10-13,7.21999979019,0
2010-10-14,7.13999986649,0
2010-10-15,7.11999988556,0
2010-10-18,6.96000003815,0
2010-10-19,6.94999980927,0
2010-10-20,6.82000017166,0
2010-10-21,6.88999986649,0
2010-10-22,6.88999986649,0
2010-10-25,7.26000022888,0
2010-10-26,7.19999980927,0
2010-10-27,7.34999990463,0
2010-10-28,7.63000011444,0
2010-10-29,7.34000015259,0
2010-11-01,7.36000013351,0
2010-11-02,7.53999996185,0
2010-11-03,7.63999986649,0
2010-11-04,8,0
2010-11-05,8.03999996185,0
2010-11-08,8.14000034332,0
2010-11-09,7.90999984741,0
2010-11-10,7.75,0
2010-11-11,7.63000011444,0
2010-11-12,7.63000011444,0
2010-11-15,7.57000017166,0
2010-11-16,7.42999982834,0
2010-11-17,7.32999992371,0
2010-11-18,7.34999990463,0
2010-11-19,7.46999979019,0
2010-11-22,7.40999984741,0
2010-11-23,7.32000017166,0
2010-11-24,7.61999988556,0
2010-11-26,7.55000019073,0
2010-11-29,7.38000011444,0
2010-11-30,7.28999996185,0
2010-12-01,7.51000022888,0
2010-12-02,7.53999996185,0
2010-12-03,7.65000009537,0
2010-12-06,7.82000017166,0
2010-12-07,8.02000045776,0
2010-12-08,8.17000007629,0
2010-12-09,7.94999980927,0
2010-12-10,8.06999969482,0
2010-12-13,8.22999954224,0
2010-12-14,8.05000019073,0
2010-12-15,8.02000045776,0
2010-12-16,8.02999973297,0
2010-12-17,8.10000038147,0
2010-12-20,8.23999977112,0
2010-12-21,8.14000034332,0
2010-12-22,8.10999965668,0
2010-12-23,8.03999996185,0
2010-12-27,8.05000019073,0
2010-12-28,8.09000015259,0
2010-12-29,8.07999992371,0
2010-12-30,8.14000034332,0
2010-12-31,8.18000030518,0
2011-01-03,8.47000026703,0
2011-01-04,8.77000045776,0
2011-01-05,8.90999984741,0
2011-01-06,8.68999958038,0
2011-01-07,8.82999992371,0
2011-01-10,9.18999958038,0
2011-01-11,8.35999965668,0
2011-01-12,8.39000034332,0
2011-01-13,8.26000022888,0
2011-01-14,8.19999980927,0
2011-01-18,8.10000038147,0
2011-01-19,7.92999982834,0
2011-01-20,8.02000045776,0
2011-01-21,7.53999996185,0
2011-01-24,7.67999982834,0
2011-01-25,7.48000001907,0
2011-01-26,7.48999977112,0
2011-01-27,7.75,0
2011-01-28,7.48999977112,0
2011-01-31,7.82999992371,0
2011-02-01,8.22000026703,0
2011-02-02,8.28999996185,0
2011-02-03,8.32999992371,0
2011-02-04,8.39999961853,0
2011-02-07,8.32999992371,0
2011-02-08,8.23999977112,0
2011-02-09,8.22999954224,0
2011-02-10,8.22000026703,0
2011-02-11,8.27999973297,0
2011-02-14,8.63000011444,0
2011-02-15,8.60000038147,0
2011-02-16,8.98999977112,0
2011-02-17,9.43999958038,0
2011-02-18,9.18000030518,0
2011-02-22,8.85000038147,0
2011-02-23,8.55000019073,0
2011-02-24,9.10000038147,0
2011-02-25,9.28999996185,0
2011-02-28,9.21000003815,0
2011-03-01,9.02999973297,0
2011-03-02,9.17000007629,0
2011-03-03,9.27999973297,0
2011-03-04,9.22999954224,0
2011-03-07,8.84000015259,0
2011-03-08,8.98999977112,0
2011-03-09,8.67000007629,0
2011-03-10,8.42000007629,0
2011-03-11,8.64999961853,0
2011-03-14,8.43000030518,0
2011-03-15,8.27999973297,0
2011-03-16,8.11999988556,0
2011-03-17,8.31000041962,0
2011-03-18,8.55000019073,0
2011-03-21,8.55000019073,0
2011-03-22,8.35999965668,0
2011-03-23,8.59000015259,0
2011-03-24,8.82999992371,0
2011-03-25,8.88000011444,0
2011-03-28,8.68999958038,0
2011-03-29,8.68000030518,0
2011-03-30,8.78999996185,0
2011-03-31,8.60000038147,0
2011-04-01,8.35999965668,0
2011-04-04,8.10000038147,0
2011-04-05,8.10999965668,0
2011-04-06,8.43000030518,0
2011-04-07,8.40999984741,0
2011-04-08,8.47000026703,0
2011-04-11,8.42000007629,0
2011-04-12,8.26000022888,0
2011-04-13,8.19999980927,0
2011-04-14,8.18999958038,0
2011-04-15,8.27000045776,0
2011-04-18,8.19999980927,0
2011-04-19,8.27000045776,0
2011-04-20,8.63000011444,0
2011-04-21,8.71000003815,0
2011-04-25,8.69999980927,0
2011-04-26,8.88000011444,0
2011-04-27,8.94999980927,0
2011-04-28,9.06999969482,0
2011-04-29,9.10000038147,0
2011-05-02,9.02999973297,0
2011-05-03,8.80000019073,0
2011-05-04,8.78999996185,0
2011-05-05,8.86999988556,0
2011-05-06,8.92000007629,0
2011-05-09,8.93999958038,0
2011-05-10,8.93999958038,0
2011-05-11,8.88000011444,0
2011-05-12,8.93000030518,0
2011-05-13,8.89999961853,0
2011-05-16,8.67000007629,0
2011-05-17,8.53999996185,0
2011-05-18,8.67000007629,0
2011-05-19,8.64000034332,0
2011-05-20,8.61999988556,0
2011-05-23,8.48999977112,0
2011-05-24,8.39000034332,0
2011-05-25,8.43000030518,0
2011-05-26,8.47999954224,0
2011-05-27,8.48999977112,0
2011-05-31,8.68000030518,0
2011-06-01,8.36999988556,0
2011-06-02,8.23999977112,0
2011-06-03,7.96999979019,0
2011-06-06,7.80000019073,0
2011-06-07,7.71000003815,0
2011-06-08,7.61999988556,0
2011-06-09,7.63999986649,0
2011-06-10,7.59000015259,0
2011-06-13,7.53999996185,0
2011-06-14,7.67000007629,0
2011-06-15,7.5,0
2011-06-16,7.19000005722,0
2011-06-17,7,0
2011-06-20,6.88999986649,0
2011-06-21,7.21999979019,0
2011-06-22,7.05999994278,0
2011-06-23,7.05999994278,0
2011-06-24,6.90000009537,0
2011-06-27,6.92000007629,0
2011-06-28,6.94999980927,0
2011-06-29,6.88999986649,0
2011-06-30,6.98999977112,0
2011-07-01,7.11000013351,0
2011-07-05,7.13999986649,0
2011-07-06,7,0
2011-07-07,7.15000009537,0
2011-07-08,6.94999980927,0
2011-07-11,6.76000022888,0
2011-07-12,6.42999982834,0
2011-07-13,6.48000001907,0
2011-07-14,6.44000005722,0
2011-07-15,6.42999982834,0
2011-07-18,6.17999982834,0
2011-07-19,6.48000001907,0
2011-07-20,6.59999990463,0
2011-07-21,6.5,0
2011-07-22,7.75,0
2011-07-25,7.63000011444,0
2011-07-26,7.65999984741,0
2011-07-27,7.51000022888,0
2011-07-28,7.42000007629,0
2011-07-29,7.34000015259,0
2011-08-01,7.21999979019,0
2011-08-02,7.11000013351,0
2011-08-03,7.15999984741,0
2011-08-04,6.5,0
2011-08-05,6.55999994278,0
2011-08-08,5.94000005722,0
2011-08-09,6.17999982834,0
2011-08-10,5.84999990463,0
2011-08-11,6.17000007629,0
2011-08-12,6.21000003815,0
2011-08-15,6.42999982834,0
2011-08-16,6.34000015259,0
2011-08-17,6.13999986649,0
2011-08-18,5.78999996185,0
2011-08-19,5.98000001907,0
2011-08-22,6.05000019073,0
2011-08-23,6.5,0
2011-08-24,6.34000015259,0
2011-08-25,6.36999988556,0
2011-08-26,6.48999977112,0
2011-08-29,6.82999992371,0
2011-08-30,6.84000015259,0
2011-08-31,6.82999992371,0
2011-09-01,6.67999982834,0
2011-09-02,6.32000017166,0
2011-09-06,6.26999998093,0
2011-09-07,6.76000022888,0
2011-09-08,6.80999994278,0
2011-09-09,6.51999998093,0
2011-09-12,6.71000003815,0
2011-09-13,6.96000003815,0
2011-09-14,7.21000003815,0
2011-09-15,7.34000015259,0
2011-09-16,7.19999980927,0
2011-09-19,6.92000007629,0
2011-09-20,6.73999977112,0
2011-09-21,6.48000001907,0
2011-09-22,6.11999988556,0
2011-09-23,6.17000007629,0
2011-09-26,6.40000009537,0
2011-09-27,6.48999977112,0
2011-09-28,6.15000009537,0
2011-09-29,5.30999994278,0
2011-09-30,5.07999992371,0
2011-10-03,4.53000020981,0
2011-10-04,4.71999979019,0
2011-10-05,4.82999992371,0
2011-10-06,4.84999990463,0
2011-10-07,4.73000001907,0
2011-10-10,4.84000015259,0
2011-10-11,4.86000013351,0
2011-10-12,4.92999982834,0
2011-10-13,4.96999979019,0
2011-10-14,4.92000007629,0
2011-10-17,4.67000007629,0
2011-10-18,4.82999992371,0
2011-10-19,4.73000001907,0
2011-10-20,4.53999996185,0
2011-10-21,4.71999979019,0
2011-10-24,5.05999994278,0
2011-10-25,4.90999984741,0
2011-10-26,5.09999990463,0
2011-10-27,5.53999996185,0
2011-10-28,5.94000005722,0
2011-10-31,5.82999992371,0
2011-11-01,5.30000019073,0
2011-11-02,5.46000003815,0
2011-11-03,5.73000001907,0
2011-11-04,5.67000007629,0
2011-11-07,5.67999982834,0
2011-11-08,5.75,0
2011-11-09,5.38000011444,0
2011-11-10,5.65999984741,0
2011-11-11,5.94999980927,0
2011-11-14,5.78999996185,0
2011-11-15,5.76000022888,0
2011-11-16,5.67999982834,0
2011-11-17,5.44000005722,0
2011-11-18,5.46999979019,0
2011-11-21,5.42000007629,0
2011-11-22,5.30000019073,0
2011-11-23,5.05000019073,0
2011-11-25,4.98999977112,0
2011-11-28,5.30000019073,0
2011-11-29,5.32000017166,0
2011-11-30,5.69000005722,0
2011-12-01,5.69999980927,0
2011-12-02,5.65000009537,0
2011-12-05,5.76000022888,0
2011-12-06,5.65999984741,0
2011-12-07,5.71999979019,0
2011-12-08,5.46999979019,0
2011-12-09,5.53999996185,0
2011-12-12,5.30000019073,0
2011-12-13,5.17999982834,0
2011-12-14,5.07000017166,0
2011-12-15,5.03999996185,0
2011-12-16,5.13000011444,0
2011-12-19,4.86000013351,0
2011-12-20,5.19000005722,0
2011-12-21,5.07999992371,0
2011-12-22,5.44999980927,0
2011-12-23,5.40999984741,0
2011-12-27,5.38000011444,0
2011-12-28,5.28000020981,0
2011-12-29,5.34000015259,0
2011-12-30,5.40000009537,0
2012-01-03,5.48000001907,0
2012-01-04,5.46000003815,0
2012-01-05,5.46000003815,0
2012-01-06,5.42999982834,0
2012-01-09,5.59000015259,0
2012-01-10,5.71000003815,0
2012-01-11,5.80999994278,0
2012-01-12,5.82000017166,0
2012-01-13,5.65999984741,0
2012-01-17,5.73000001907,0
2012-01-18,5.96999979019,0
2012-01-19,6.21999979019,0
2012-01-20,6.42000007629,0
2012-01-23,6.51999998093,0
2012-01-24,6.53000020981,0
2012-01-25,6.73000001907,0
2012-01-26,6.76999998093,0
2012-01-27,6.82000017166,0
2012-01-30,6.73999977112,0
2012-01-31,6.71000003815,0
2012-02-01,6.90000009537,0
2012-02-02,6.92999982834,0
2012-02-03,7.07999992371,0
2012-02-06,6.92000007629,0
2012-02-07,7.13000011444,0
2012-02-08,7.25,0
2012-02-09,7.23999977112,0
2012-02-10,7.05000019073,0
2012-02-13,7.28999996185,0
2012-02-14,7.32000017166,0
2012-02-15,7.30000019073,0
2012-02-16,7.59000015259,0
2012-02-17,7.42000007629,0
2012-02-21,7.28000020981,0
2012-02-22,7.13999986649,0
2012-02-23,7.28999996185,0
2012-02-24,7.46000003815,0
2012-02-27,7.46999979019,0
2012-02-28,7.51999998093,0
2012-02-29,7.34999990463,0
2012-03-01,7.51000022888,0
2012-03-02,7.46000003815,0
2012-03-05,7.07000017166,0
2012-03-06,6.90000009537,0
2012-03-07,7.17000007629,0
2012-03-08,7.46999979019,0
2012-03-09,7.57999992371,0
2012-03-12,7.5,0
2012-03-13,7.76000022888,0
2012-03-14,7.76000022888,0
2012-03-15,8.25,0
2012-03-16,8.19999980927,0
2012-03-19,8.18000030518,0
2012-03-20,8.06000041962,0
2012-03-21,8.03999996185,0
2012-03-22,8.02999973297,0
2012-03-23,8.09000015259,0
2012-03-26,8.23999977112,0
2012-03-27,8.18999958038,0
2012-03-28,8.07999992371,0
2012-03-29,8.11999988556,0
2012-03-30,8.02000045776,0
2012-04-02,8.19999980927,0
2012-04-03,7.98000001907,0
2012-04-04,7.80999994278,0
2012-04-05,7.86999988556,0
2012-04-09,7.75,0
2012-04-10,7.53000020981,0
2012-04-11,7.63999986649,0
2012-04-12,7.92000007629,0
2012-04-13,7.73000001907,0
2012-04-16,7.69999980927,0
2012-04-17,7.94000005722,0
2012-04-18,7.96999979019,0
2012-04-19,7.96999979019,0
2012-04-20,7.76000022888,0
2012-04-23,7.38999986649,0
2012-04-24,7.30999994278,0
2012-04-25,7.38999986649,0
2012-04-26,7.44999980927,0
2012-04-27,7.32999992371,0
2012-04-30,7.36000013351,0
2012-05-01,7.59000015259,0
2012-05-02,7.63000011444,0
2012-05-03,7.40999984741,0
2012-05-04,7.17999982834,0
2012-05-07,7.17999982834,0
2012-05-08,7.03000020981,0
2012-05-09,6.86000013351,0
2012-05-10,6.78000020981,0
2012-05-11,6.78000020981,0
2012-05-14,6.75,0
2012-05-15,6.59999990463,0
2012-05-16,6.38999986649,0
2012-05-17,6.13000011444,0
2012-05-18,6.01000022888,0
2012-05-21,6.30000019073,0
2012-05-22,6.15999984741,0
2012-05-23,6.07999992371,0
2012-05-24,6.01999998093,0
2012-05-25,6.21999979019,0
2012-05-29,6.46000003815,0
2012-05-30,6.15000009537,0
2012-05-31,6.07999992371,0
2012-06-01,5.73000001907,0
2012-06-04,5.63000011444,0
2012-06-05,5.82999992371,0
2012-06-06,6.01999998093,0
2012-06-07,5.76000022888,0
2012-06-08,5.90999984741,0
2012-06-11,5.69000005722,0
2012-06-12,5.90999984741,0
2012-06-13,5.76000022888,0
2012-06-14,5.76000022888,0
2012-06-15,5.86999988556,0
2012-06-18,5.92999982834,0
2012-06-19,5.80999994278,0
2012-06-20,6.05999994278,0
2012-06-21,5.71999979019,0
2012-06-22,5.73000001907,0
2012-06-25,5.40999984741,0
2012-06-26,5.44000005722,0
2012-06-27,5.5,0
2012-06-28,5.40999984741,0
2012-06-29,5.73000001907,0
2012-07-02,5.75,0
2012-07-03,6.03000020981,0
2012-07-05,5.88000011444,0
2012-07-06,5.75,0
2012-07-09,5.61999988556,0
2012-07-10,4.98999977112,0
2012-07-11,4.88999986649,0
2012-07-12,4.88000011444,0
2012-07-13,4.90000009537,0
2012-07-16,4.82999992371,0
2012-07-17,4.86999988556,0
2012-07-18,4.88999986649,0
2012-07-19,4.86000013351,0
2012-07-20,4.21999979019,0
2012-07-23,4.15000009537,0
2012-07-24,4.05999994278,0
2012-07-25,4.01000022888,0
2012-07-26,4.03999996185,0
2012-07-27,4.09000015259,0
2012-07-30,4.09999990463,0
2012-07-31,4.05999994278,0
2012-08-01,4.05000019073,0
2012-08-02,3.97000002861,0
2012-08-03,4.09000015259,0
2012-08-06,4.01000022888,0
2012-08-07,4.01999998093,0
2012-08-08,4.40000009537,0
2012-08-09,4.36999988556,0
2012-08-10,4.34000015259,0
2012-08-13,4.26000022888,0
2012-08-14,4.11999988556,0
2012-08-15,4.19000005722,0
2012-08-16,4.17000007629,0
2012-08-17,4.09999990463,0
2012-08-20,4.09000015259,0
2012-08-21,4.07000017166,0
2012-08-22,4.01000022888,0
2012-08-23,3.90000009537,0
2012-08-24,3.94000005722,0
2012-08-27,3.84999990463,0
2012-08-28,3.78999996185,0
2012-08-29,3.76999998093,0
2012-08-30,3.70000004768,0
2012-08-31,3.72000002861,0
2012-09-04,3.6400001049,0
2012-09-05,3.50999999046,0
2012-09-06,3.66000008583,0
2012-09-07,3.45000004768,0
2012-09-10,3.47000002861,0
2012-09-11,3.75,0
2012-09-12,3.8900001049,0
2012-09-13,3.92000007629,0
2012-09-14,3.90000009537,0
2012-09-17,4.01000022888,0
2012-09-18,3.61999988556,0
2012-09-19,3.66000008583,0
2012-09-20,3.58999991417,0
2012-09-21,3.59999990463,0
2012-09-24,3.46000003815,0
2012-09-25,3.27999997139,0
2012-09-26,3.31999993324,0
2012-09-27,3.43000006676,0
2012-09-28,3.36999988556,0
2012-10-01,3.27999997139,0
2012-10-02,3.26999998093,0
2012-10-03,3.11999988556,0
2012-10-04,3.22000002861,0
2012-10-05,3.22000002861,0
2012-10-08,3.19000005722,0
2012-10-09,3.25,0
2012-10-10,3.15000009537,0
2012-10-11,3.20000004768,0
2012-10-12,2.74000000954,0
2012-10-15,2.75,0
2012-10-16,2.68000006676,0
2012-10-17,2.76999998093,0
2012-10-18,2.61999988556,0
2012-10-19,2.18000006676,0
2012-10-22,2.09999990463,0
2012-10-23,2.1400001049,0
2012-10-24,2.07999992371,0
2012-10-25,2.11999988556,0
2012-10-26,2.06999993324,0
2012-10-31,2.04999995232,0
2012-11-01,2.1400001049,0
2012-11-02,2.09999990463,0
2012-11-05,2.1099998951,0
2012-11-06,2.06999993324,0
2012-11-07,2.00999999046,0
2012-11-08,1.98000001907,0
2012-11-09,2.02999997139,0
2012-11-12,1.99000000954,0
2012-11-13,2.08999991417,0
2012-11-14,1.92999994755,0
2012-11-15,1.87000000477,0
2012-11-16,1.86000001431,0
2012-11-19,1.91999995708,0
2012-11-20,1.87999999523,0
2012-11-21,1.87000000477,0
2012-11-23,1.95000004768,0
2012-11-26,1.87000000477,0
2012-11-27,1.87999999523,0
2012-11-28,1.96000003815,0
2012-11-29,2.03999996185,0
2012-11-30,2.20000004768,0
2012-12-03,2.3599998951,0
2012-12-04,2.25999999046,0
2012-12-05,2.28999996185,0
2012-12-06,2.33999991417,0
2012-12-07,2.3599998951,0
2012-12-10,2.31999993324,0
2012-12-11,2.32999992371,0
2012-12-12,2.36999988556,0
2012-12-13,2.41000008583,0
2012-12-14,2.3900001049,0
2012-12-17,2.46000003815,0
2012-12-18,2.51999998093,0
2012-12-19,2.51999998093,0
2012-12-20,2.40000009537,0
2012-12-21,2.58999991417,0
2012-12-24,2.48000001907,0
2012-12-26,2.43000006676,0
2012-12-27,2.3900001049,0
2012-12-28,2.27999997139,0
2012-12-31,2.40000009537,0
2013-01-02,2.52999997139,0
2013-01-03,2.49000000954,0
2013-01-04,2.58999991417,0
2013-01-07,2.67000007629,0
2013-01-08,2.67000007629,0
2013-01-09,2.63000011444,0
2013-01-10,2.61999988556,0
2013-01-11,2.67000007629,0
2013-01-14,2.6400001049,0
2013-01-15,2.68000006676,0
2013-01-16,2.72000002861,0
2013-01-17,2.74000000954,0
2013-01-18,2.46000003815,0
2013-01-22,2.45000004768,0
2013-01-23,2.73000001907,0
2013-01-24,2.78999996185,0
2013-01-25,2.84999990463,0
2013-01-28,2.81999993324,0
2013-01-29,2.74000000954,0
2013-01-30,2.65000009537,0
2013-01-31,2.59999990463,0
2013-02-01,2.59999990463,0
2013-02-04,2.51999998093,0
2013-02-05,2.59999990463,0
2013-02-06,2.59999990463,0
2013-02-07,2.56999993324,0
2013-02-08,2.58999991417,0
2013-02-11,2.67000007629,0
2013-02-12,2.76999998093,0
2013-02-13,2.75,0
2013-02-14,2.75,0
2013-02-15,2.71000003815,0
2013-02-19,2.81999993324,0
2013-02-20,2.70000004768,0
2013-02-21,2.59999990463,0
2013-02-22,2.6099998951,0
2013-02-25,2.52999997139,0
2013-02-26,2.46000003815,0
2013-02-27,2.52999997139,0
2013-02-28,2.49000000954,0
2013-03-01,2.42000007629,0
2013-03-04,2.40000009537,0
2013-03-05,2.43000006676,0
2013-03-06,2.43000006676,0
2013-03-07,2.54999995232,0
2013-03-08,2.55999994278,0
2013-03-11,2.58999991417,0
2013-03-12,2.6099998951,0
2013-03-13,2.59999990463,0
2013-03-14,2.63000011444,0
2013-03-15,2.59999990463,0
2013-03-18,2.65000009537,0
2013-03-19,2.67000007629,0
2013-03-20,2.75,0
2013-03-21,2.6400001049,0
2013-03-22,2.53999996185,0
2013-03-25,2.50999999046,0
2013-03-26,2.53999996185,0
2013-03-27,2.54999995232,0
2013-03-28,2.54999995232,0
2013-04-01,2.44000005722,0
2013-04-02,2.3900001049,0
2013-04-03,2.31999993324,0
2013-04-04,2.32999992371,0
2013-04-05,2.28999996185,0
2013-04-08,2.58999991417,0
2013-04-09,2.63000011444,0
2013-04-10,2.6099998951,0
2013-04-11,2.51999998093,0
2013-04-12,2.48000001907,0
2013-04-15,2.40000009537,0
2013-04-16,2.44000005722,0
2013-04-17,2.40000009537,0
2013-04-18,2.50999999046,0
2013-04-19,2.47000002861,0
2013-04-22,2.46000003815,0
2013-04-23,2.52999997139,0
2013-04-24,2.6099998951,0
2013-04-25,2.68000006676,0
2013-04-26,2.6400001049,0
2013-04-29,2.68000006676,0
2013-04-30,2.81999993324,0
2013-05-01,3.22000002861,0
2013-05-02,3.41000008583,0
2013-05-03,3.59999990463,0
2013-05-06,3.6099998951,0
2013-05-07,3.53999996185,0
2013-05-08,3.82999992371,0
2013-05-09,3.8599998951,0
2013-05-10,3.95000004768,0
2013-05-13,4.17000007629,0
2013-05-14,4.26000022888,0
2013-05-15,4.38000011444,0
2013-05-16,3.82999992371,0
2013-05-17,4.07000017166,0
2013-05-20,4.09999990463,0
2013-05-21,4.01999998093,0
2013-05-22,3.96000003815,0
2013-05-23,4.01000022888,0
2013-05-24,4.05000019073,0
2013-05-28,4.05000019073,0
2013-05-29,3.98000001907,0
2013-05-30,4.03999996185,0
2013-05-31,4,0
2013-06-03,3.96000003815,0
2013-06-04,4.01000022888,0
2013-06-05,3.91000008583,0
2013-06-06,3.94000005722,0
2013-06-07,3.91000008583,0
2013-06-10,4.05999994278,0
2013-06-11,3.96000003815,0
2013-06-12,3.90000009537,0
2013-06-13,3.95000004768,0
2013-06-14,3.94000005722,0
2013-06-17,4.05000019073,0
2013-06-18,4.09000015259,0
2013-06-19,4.07000017166,0
2013-06-20,3.86999988556,0
2013-06-21,4,0
2013-06-24,4.05000019073,0
2013-06-25,4.15000009537,0
2013-06-26,4.13999986649,0
2013-06-27,4.07999992371,0
2013-06-28,4.07999992371,0
2013-07-01,4.09999990463,0
2013-07-02,3.97000002861,0
2013-07-03,4.05999994278,0
2013-07-05,4.07000017166,0
2013-07-08,4,0
2013-07-09,4.05000019073,0
2013-07-10,3.98000001907,0
2013-07-11,4.44999980927,0
2013-07-12,4.32000017166,0
2013-07-15,4.40000009537,0
2013-07-16,4.42999982834,0
2013-07-17,4.38000011444,0
2013-07-18,4.63999986649,0
2013-07-19,4.03000020981,0
2013-07-22,3.90000009537,0
2013-07-23,3.66000008583,0
2013-07-24,3.63000011444,0
2013-07-25,3.70000004768,0
2013-07-26,3.81999993324,0
2013-07-29,3.75,0
2013-07-30,3.81999993324,0
2013-07-31,3.76999998093,0
2013-08-01,3.80999994278,0
2013-08-02,3.79999995232,0
2013-08-05,3.81999993324,0
2013-08-06,3.72000002861,0
2013-08-07,3.69000005722,0
2013-08-08,3.71000003815,0
2013-08-09,3.65000009537,0
2013-08-12,3.65000009537,0
2013-08-13,3.69000005722,0
2013-08-14,3.81999993324,0
2013-08-15,3.69000005722,0
2013-08-16,3.66000008583,0
2013-08-19,3.59999990463,0
2013-08-20,3.63000011444,0
2013-08-21,3.6099998951,0
2013-08-22,3.63000011444,0
2013-08-23,3.65000009537,0
2013-08-26,3.57999992371,0
2013-08-27,3.3900001049,0
2013-08-28,3.42000007629,0
2013-08-29,3.38000011444,0
2013-08-30,3.26999998093,0
2013-09-03,3.26999998093,0
2013-09-04,3.30999994278,0
2013-09-05,3.41000008583,0
2013-09-06,3.56999993324,0
2013-09-09,3.69000005722,0
2013-09-10,3.86999988556,0
2013-09-11,3.81999993324,0
2013-09-12,3.75,0
2013-09-13,3.82999992371,0
2013-09-16,3.81999993324,0
2013-09-17,3.84999990463,0
2013-09-18,3.93000006676,0
2013-09-19,3.95000004768,0
2013-09-20,3.82999992371,0
2013-09-23,3.78999996185,0
2013-09-24,3.79999995232,0
2013-09-25,3.91000008583,0
2013-09-26,3.8900001049,0
2013-09-27,3.8599998951,0
2013-09-30,3.80999994278,0
2013-10-01,3.8599998951,0
2013-10-02,3.90000009537,0
2013-10-03,3.90000009537,0
2013-10-04,3.91000008583,0
2013-10-07,3.8599998951,0
2013-10-08,3.72000002861,0
2013-10-09,3.65000009537,0
2013-10-10,3.78999996185,0
2013-10-11,3.82999992371,0
2013-10-14,3.97000002861,0
2013-10-15,4.01999998093,0
2013-10-16,4.09000015259,0
2013-10-17,4.09000015259,0
2013-10-18,3.52999997139,0
2013-10-21,3.36999988556,0
2013-10-22,3.18000006676,0
2013-10-23,3.1400001049,0
2013-10-24,3.23000001907,0
2013-10-25,3.33999991417,0
2013-10-28,3.31999993324,0
2013-10-29,3.32999992371,0
2013-10-30,3.29999995232,0
2013-10-31,3.33999991417,0
2013-11-01,3.30999994278,0
2013-11-04,3.31999993324,0
2013-11-05,3.32999992371,0
2013-11-06,3.31999993324,0
2013-11-07,3.27999997139,0
2013-11-08,3.26999998093,0
2013-11-11,3.33999991417,0
2013-11-12,3.44000005722,0
2013-11-13,3.53999996185,0
2013-11-14,3.51999998093,0
2013-11-15,3.5,0
2013-11-18,3.47000002861,0
2013-11-19,3.42000007629,0
2013-11-20,3.42000007629,0
2013-11-21,3.36999988556,0
2013-11-22,3.33999991417,0
2013-11-25,3.3900001049,0
2013-11-26,3.45000004768,0
2013-11-27,3.55999994278,0
2013-11-29,3.6400001049,0
2013-12-02,3.66000008583,0
2013-12-03,3.61999988556,0
2013-12-04,3.56999993324,0
2013-12-05,3.6400001049,0
2013-12-06,3.66000008583,0
2013-12-09,3.63000011444,0
2013-12-10,3.72000002861,0
2013-12-11,3.68000006676,0
2013-12-12,3.69000005722,0
2013-12-13,3.69000005722,0
2013-12-16,3.58999991417,0
2013-12-17,3.65000009537,0
2013-12-18,3.65000009537,0
2013-12-19,3.65000009537,0
2013-12-20,3.69000005722,0
2013-12-23,3.75,0
2013-12-24,3.76999998093,0
2013-12-26,3.79999995232,0
2013-12-27,3.77999997139,0
2013-12-30,3.84999990463,0
2013-12-31,3.86999988556,0
2014-01-02,3.95000004768,0
2014-01-03,4,0
2014-01-06,4.13000011444,0
2014-01-07,4.17999982834,0
2014-01-08,4.17999982834,0
2014-01-09,4.09000015259,0
2014-01-10,4.17000007629,0
2014-01-13,4.13000011444,0
2014-01-14,4.30000019073,0
2014-01-15,4.46999979019,0
2014-01-16,4.38000011444,0
2014-01-17,4.17999982834,0
2014-01-21,4.17000007629,0
2014-01-22,3.67000007629,0
2014-01-23,3.61999988556,0
2014-01-24,3.47000002861,0
2014-01-27,3.41000008583,0
2014-01-28,3.53999996185,0
2014-01-29,3.48000001907,0
2014-01-30,3.48000001907,0
2014-01-31,3.43000006676,0
2014-02-03,3.32999992371,0
2014-02-04,3.36999988556,0
2014-02-05,3.30999994278,0
2014-02-06,3.41000008583,0
2014-02-07,3.47000002861,0
2014-02-10,3.63000011444,0
2014-02-11,3.70000004768,0
2014-02-12,3.69000005722,0
2014-02-13,3.70000004768,0
2014-02-14,3.69000005722,0
2014-02-18,3.70000004768,0
2014-02-19,3.72000002861,0
2014-02-20,3.69000005722,0
2014-02-21,3.69000005722,0
2014-02-24,3.71000003815,0
2014-02-25,3.69000005722,0
2014-02-26,3.70000004768,0
2014-02-27,3.71000003815,0
2014-02-28,3.71000003815,0
2014-03-03,3.67000007629,0
2014-03-04,3.70000004768,0
2014-03-05,3.71000003815,0
2014-03-06,3.73000001907,0
2014-03-07,3.95000004768,0
2014-03-10,3.80999994278,0
2014-03-11,3.84999990463,0
2014-03-12,3.91000008583,0
2014-03-13,3.8599998951,0
2014-03-14,3.84999990463,0
2014-03-17,3.79999995232,0
2014-03-18,3.8900001049,0
2014-03-19,3.98000001907,0
2014-03-20,4.05000019073,0
2014-03-21,4.03999996185,0
2014-03-24,4.05000019073,0
2014-03-25,4.05000019073,0
2014-03-26,4.05000019073,0
2014-03-27,3.91000008583,0
2014-03-28,3.88000011444,0
2014-03-31,4.01000022888,0
2014-04-01,4.07000017166,0
2014-04-02,4.05999994278,0
2014-04-03,4,0
2014-04-04,4.01000022888,0
2014-04-07,3.88000011444,0
2014-04-08,3.99000000954,0
2014-04-09,3.98000001907,0
2014-04-10,3.84999990463,0
2014-04-11,3.65000009537,0
2014-04-14,3.71000003815,0
2014-04-15,3.78999996185,0
2014-04-16,3.75999999046,0
2014-04-17,3.69000005722,0
2014-04-21,4.11999988556,0
2014-04-22,4.30000019073,0
2014-04-23,4.25,0
2014-04-24,4.28000020981,0
2014-04-25,4.05000019073,0
2014-04-28,3.96000003815,0
2014-04-29,4.03000020981,0
2014-04-30,4.09000015259,0
2014-05-01,4.19999980927,0
2014-05-02,4.11999988556,0
2014-05-05,4.09000015259,0
2014-05-06,4.01000022888,0
2014-05-07,3.97000002861,0
2014-05-08,3.93000006676,0
2014-05-09,3.86999988556,0
2014-05-12,3.97000002861,0
2014-05-13,4.03000020981,0
2014-05-14,3.98000001907,0
2014-05-15,3.96000003815,0
2014-05-16,4.01999998093,0
2014-05-19,4.09000015259,0
2014-05-20,4.05000019073,0
2014-05-21,4.09999990463,0
2014-05-22,4.01000022888,0
2014-05-23,4.01999998093,0
2014-05-27,4.03999996185,0
2014-05-28,4,0
2014-05-29,4.03000020981,0
2014-05-30,4,0
2014-06-02,3.97000002861,0
2014-06-03,3.94000005722,0
2014-06-04,4.03999996185,0
2014-06-05,4.07999992371,0
2014-06-06,4.05999994278,0
2014-06-09,4.07000017166,0
2014-06-10,4.19999980927,0
2014-06-11,4.28999996185,0
2014-06-12,4.28999996185,0
2014-06-13,4.28000020981,0
2014-06-16,4.44000005722,0
2014-06-17,4.46999979019,0
2014-06-18,4.40000009537,0
2014-06-19,4.36000013351,0
2014-06-20,4.09999990463,0
2014-06-23,4.01000022888,0
2014-06-24,3.94000005722,0
2014-06-25,3.96000003815,0
2014-06-26,4.03000020981,0
2014-06-27,4.11000013351,0
2014-06-30,4.19000005722,0
2014-07-01,4.21999979019,0
2014-07-02,4.34000015259,0
2014-07-03,4.23999977112,0
2014-07-07,4.26000022888,0
2014-07-08,4.21999979019,0
2014-07-09,4.23000001907,0
2014-07-10,4.28999996185,0
2014-07-11,4.36999988556,0
2014-07-14,4.63999986649,0
2014-07-15,4.53000020981,0
2014-07-16,4.65999984741,0
2014-07-17,4.57000017166,0
2014-07-18,3.82999992371,0
2014-07-21,3.77999997139,0
2014-07-22,3.79999995232,0
2014-07-23,3.75999999046,0
2014-07-24,3.73000001907,0
2014-07-25,3.75999999046,0
2014-07-28,3.73000001907,0
2014-07-29,3.78999996185,0
2014-07-30,3.81999993324,0
2014-07-31,3.91000008583,0
2014-08-01,3.97000002861,0
2014-08-04,4,0
2014-08-05,4.07999992371,0
2014-08-06,4.11999988556,0
2014-08-07,4.09999990463,0
2014-08-08,4.11999988556,0
2014-08-11,4.13999986649,0
2014-08-12,4.07999992371,0
2014-08-13,4.11000013351,0
2014-08-14,4.07999992371,0
2014-08-15,4.13000011444,0
2014-08-18,4.21000003815,0
2014-08-19,4.26999998093,0
2014-08-20,4.28000020981,0
2014-08-21,4.23999977112,0
2014-08-22,4.25,0
2014-08-25,4.17999982834,0
2014-08-26,4.19000005722,0
2014-08-27,4.15999984741,0
2014-08-28,4.13999986649,0
2014-08-29,4.17000007629,0
2014-09-02,4.15999984741,0
2014-09-03,4.19000005722,0
2014-09-04,4.15000009537,0
2014-09-05,4.15000009537,0
2014-09-08,4.13000011444,0
2014-09-09,4.07999992371,0
2014-09-10,4.07999992371,0
2014-09-11,4.07999992371,0
2014-09-12,3.96000003815,0
2014-09-15,3.91000008583,0
2014-09-16,3.80999994278,0
2014-09-17,3.81999993324,0
2014-09-18,3.88000011444,0
2014-09-19,3.80999994278,0
2014-09-22,3.75999999046,0
2014-09-23,3.69000005722,0
2014-09-24,3.70000004768,0
2014-09-25,3.63000011444,0
2014-09-26,3.59999990463,0
2014-09-29,3.54999995232,0
2014-09-30,3.41000008583,0
2014-10-01,3.34999990463,0
2014-10-02,3.3900001049,0
2014-10-03,3.40000009537,0
2014-10-06,3.3599998951,0
2014-10-07,3.27999997139,0
2014-10-08,3.27999997139,0
2014-10-09,2.95000004768,0
2014-10-10,2.72000002861,0
2014-10-13,2.74000000954,0
2014-10-14,2.61999988556,0
2014-10-15,2.6099998951,0
2014-10-16,2.6400001049,0
2014-10-17,2.72000002861,0
2014-10-20,2.67000007629,0
2014-10-21,2.76999998093,0
2014-10-22,2.6400001049,0
2014-10-23,2.69000005722,0
2014-10-24,2.68000006676,0
2014-10-27,2.66000008583,0
2014-10-28,2.72000002861,0
2014-10-29,2.76999998093,0
2014-10-30,2.75,0
2014-10-31,2.79999995232,0
2014-11-03,2.86999988556,0
2014-11-04,2.82999992371,0
2014-11-05,2.79999995232,0
2014-11-06,2.75999999046,0
2014-11-07,2.77999997139,0
2014-11-10,2.75999999046,0
2014-11-11,2.73000001907,0
2014-11-12,2.71000003815,0
2014-11-13,2.66000008583,0
2014-11-14,2.6099998951,0
2014-11-17,2.67000007629,0
2014-11-18,2.65000009537,0
2014-11-19,2.63000011444,0
2014-11-20,2.69000005722,0
2014-11-21,2.76999998093,0
2014-11-24,2.82999992371,0
2014-11-25,2.82999992371,0
2014-11-26,2.83999991417,0
2014-11-28,2.78999996185,0
2014-12-01,2.67000007629,0
2014-12-02,2.68000006676,0
2014-12-03,2.74000000954,0
2014-12-04,2.69000005722,0
2014-12-05,2.66000008583,0
2014-12-08,2.57999992371,0
2014-12-09,2.58999991417,0
2014-12-10,2.48000001907,0
2014-12-11,2.49000000954,0
2014-12-12,2.51999998093,0
2014-12-15,2.47000002861,0
2014-12-16,2.5,0
2014-12-17,2.54999995232,0
2014-12-18,2.54999995232,0
2014-12-19,2.56999993324,0
2014-12-22,2.66000008583,0
2014-12-23,2.67000007629,0
2014-12-24,2.65000009537,0
2014-12-26,2.65000009537,0
2014-12-29,2.66000008583,0
2014-12-30,2.63000011444,0
2014-12-31,2.67000007629,0
2015-01-02,2.67000007629,0
2015-01-05,2.66000008583,0
2015-01-06,2.63000011444,0
2015-01-07,2.57999992371,0
2015-01-08,2.6099998951,0
2015-01-09,2.63000011444,0
2015-01-12,2.63000011444,0
2015-01-13,2.66000008583,0
2015-01-14,2.63000011444,0
2015-01-15,2.51999998093,0
2015-01-16,2.3900001049,0
2015-01-20,2.24000000954,0
2015-01-21,2.45000004768,0
2015-01-22,2.47000002861,0
2015-01-23,2.45000004768,0
2015-01-26,2.6099998951,0
2015-01-27,2.70000004768,0
2015-01-28,2.63000011444,0
2015-01-29,2.6099998951,0
2015-01-30,2.56999993324,0
2015-02-02,2.67000007629,0
2015-02-03,2.75999999046,0
2015-02-04,2.84999990463,0
2015-02-05,3.30999994278,0
2015-02-06,3.02999997139,0
2015-02-09,3.03999996185,0
2015-02-10,3.03999996185,0
2015-02-11,3.06999993324,0
2015-02-12,3.11999988556,0
2015-02-13,3.15000009537,0
2015-02-17,3.1099998951,0
2015-02-18,3.07999992371,0
2015-02-19,3.05999994278,0
2015-02-20,3.05999994278,0
2015-02-23,3.05999994278,0
2015-02-24,3.1099998951,0
2015-02-25,3.09999990463,0
2015-02-26,3.07999992371,0
2015-02-27,3.1099998951,0
2015-03-02,3.21000003815,0
2015-03-03,3.1400001049,0
2015-03-04,3.04999995232,0
2015-03-05,2.98000001907,0
2015-03-06,2.92000007629,0
2015-03-09,2.93000006676,0
2015-03-10,2.92000007629,0
2015-03-11,2.83999991417,0
2015-03-12,2.75999999046,0
2015-03-13,2.75,0
2015-03-16,2.75999999046,0
2015-03-17,2.76999998093,0
2015-03-18,2.75,0
2015-03-19,2.74000000954,0
2015-03-20,2.79999995232,0
2015-03-23,2.83999991417,0
2015-03-24,2.78999996185,0
2015-03-25,2.63000011444,0
2015-03-26,2.65000009537,0
2015-03-27,2.72000002861,0
2015-03-30,2.70000004768,0
2015-03-31,2.68000006676,0
2015-04-01,2.69000005722,0
2015-04-02,2.69000005722,0
2015-04-06,2.70000004768,0
2015-04-07,2.70000004768,0
2015-04-08,2.71000003815,0
2015-04-09,2.72000002861,0
2015-04-10,2.75999999046,0
2015-04-13,2.77999997139,0
2015-04-14,2.67000007629,0
2015-04-15,2.70000004768,0
2015-04-16,2.86999988556,0
2015-04-17,2.57999992371,0
2015-04-20,2.49000000954,0
2015-04-21,2.34999990463,0
2015-04-22,2.27999997139,0
2015-04-23,2.32999992371,0
2015-04-24,2.29999995232,0
2015-04-27,2.33999991417,0
2015-04-28,2.30999994278,0
2015-04-29,2.27999997139,0
2015-04-30,2.25999999046,0
2015-05-01,2.30999994278,0
2015-05-04,2.30999994278,0
2015-05-05,2.27999997139,0
2015-05-06,2.28999996185,0
2015-05-07,2.31999993324,0
2015-05-08,2.30999994278,0
2015-05-11,2.31999993324,0
2015-05-12,2.34999990463,0
2015-05-13,2.36999988556,0
2015-05-14,2.32999992371,0
2015-05-15,2.31999993324,0
2015-05-18,2.34999990463,0
2015-05-19,2.27999997139,0
2015-05-20,2.31999993324,0
2015-05-21,2.27999997139,0
2015-05-22,2.27999997139,0
2015-05-26,2.22000002861,0
2015-05-27,2.27999997139,0
2015-05-28,2.26999998093,0
2015-05-29,2.27999997139,0
2015-06-01,2.25,0
2015-06-02,2.29999995232,0
2015-06-03,2.27999997139,0
2015-06-04,2.32999992371,0
2015-06-05,2.32999992371,0
2015-06-08,2.30999994278,0
2015-06-09,2.28999996185,0
2015-06-10,2.31999993324,0
2015-06-11,2.31999993324,0
2015-06-12,2.30999994278,0
2015-06-15,2.31999993324,0
2015-06-16,2.34999990463,0
2015-06-17,2.47000002861,0
2015-06-18,2.51999998093,0
2015-06-19,2.57999992371,0
2015-06-22,2.61999988556,0
2015-06-23,2.6099998951,0
2015-06-24,2.61999988556,0
2015-06-25,2.57999992371,0
2015-06-26,2.47000002861,0
2015-06-29,2.33999991417,0
2015-06-30,2.40000009537,0
2015-07-01,2.42000007629,0
2015-07-02,2.52999997139,0
2015-07-06,2.47000002861,0
2015-07-07,2.08999991417,0
2015-07-08,2.00999999046,0
2015-07-09,1.98000001907,0
2015-07-10,1.96000003815,0
2015-07-13,1.96000003815,0
2015-07-14,2.04999995232,0
2015-07-15,1.96000003815,0
2015-07-16,1.87000000477,0
2015-07-17,1.78999996185,0
2015-07-20,1.79999995232,0
2015-07-21,1.79999995232,0
2015-07-22,1.78999996185,0
2015-07-23,1.75999999046,0
2015-07-24,1.66999995708,0
2015-07-27,1.62000000477,0
2015-07-28,1.76999998093,0
2015-07-29,1.96000003815,0
2015-07-30,1.92999994755,0
2015-07-31,1.92999994755,0
2015-08-03,2.20000004768,0
2015-08-04,2.13000011444,0
2015-08-05,2.16000008583,0
2015-08-06,2.1099998951,0
2015-08-07,2.08999991417,0
2015-08-10,1.92999994755,0
2015-08-11,1.89999997616,0
2015-08-12,1.89999997616,0
2015-08-13,1.78999996185,0
2015-08-14,1.84000003338,0
2015-08-17,1.79999995232,0
2015-08-18,1.79999995232,0
2015-08-19,1.79999995232,0
2015-08-20,1.70000004768,0
2015-08-21,1.77999997139,0
2015-08-24,1.75,0
2015-08-25,1.65999996662,0
2015-08-26,1.72000002861,0
2015-08-27,1.77999997139,0
2015-08-28,1.85000002384,0
2015-08-31,1.80999994278,0
2015-09-01,1.71000003815,0
2015-09-02,1.76999998093,0
2015-09-03,1.78999996185,0
2015-09-04,1.82000005245,0
2015-09-08,1.87999999523,0
2015-09-09,1.85000002384,0
2015-09-10,1.84000003338,0
2015-09-11,2.00999999046,0
2015-09-14,1.82000005245,0
2015-09-15,1.86000001431,0
2015-09-16,1.88999998569,0
2015-09-17,1.88999998569,0
2015-09-18,1.87000000477,0
2015-09-21,1.80999994278,0
2015-09-22,1.73000001907,0
2015-09-23,1.70000004768,0
2015-09-24,1.72000002861,0
2015-09-25,1.71000003815,0
2015-09-28,1.65999996662,0
2015-09-29,1.66999995708,0
2015-09-30,1.72000002861,0
2015-10-01,1.74000000954,0
2015-10-02,1.83000004292,0
2015-10-05,1.79999995232,0
2015-10-06,1.83000004292,0
2015-10-07,1.86000001431,0
2015-10-08,1.92999994755,0
2015-10-09,1.96000003815,0
2015-10-12,1.87000000477,0
2015-10-13,1.91999995708,0
2015-10-14,1.95000004768,0
2015-10-15,1.97000002861,0
2015-10-16,1.94000005722,0
2015-10-19,2.00999999046,0
2015-10-20,2.01999998093,0
2015-10-21,2.09999990463,0
2015-10-22,2.1400001049,0
2015-10-23,2.21000003815,0
2015-10-26,2.15000009537,0
2015-10-27,2.15000009537,0
2015-10-28,2.18000006676,0
2015-10-29,2.13000011444,0
2015-10-30,2.11999988556,0
2015-11-02,2.19000005722,0
2015-11-03,2.27999997139,0
2015-11-04,2.20000004768,0
2015-11-05,2.20000004768,0
2015-11-06,2.15000009537,0
2015-11-09,2.1099998951,0
2015-11-10,2.01999998093,0
2015-11-11,2.06999993324,0
2015-11-12,2,0
2015-11-13,1.99000000954,0
2015-11-16,1.99000000954,0
2015-11-17,1.98000001907,0
2015-11-18,2.11999988556,0
2015-11-19,2.1400001049,0
2015-11-20,2.22000002861,0
2015-11-23,2.22000002861,0
2015-11-24,2.33999991417,0
2015-11-25,2.38000011444,0
2015-11-27,2.32999992371,0
2015-11-30,2.3599998951,0
2015-12-01,2.33999991417,0
2015-12-02,2.26999998093,0
2015-12-03,2.23000001907,0
2015-12-04,2.27999997139,0
2015-12-07,2.3599998951,0
2015-12-08,2.3900001049,0
2015-12-09,2.34999990463,0
2015-12-10,2.45000004768,0
2015-12-11,2.3599998951,0
2015-12-14,2.33999991417,0
2015-12-15,2.3599998951,0
2015-12-16,2.53999996185,0
2015-12-17,2.55999994278,0
2015-12-18,2.45000004768,0
2015-12-21,2.52999997139,0
2015-12-22,2.76999998093,0
2015-12-23,2.82999992371,0
2015-12-24,2.92000007629,0
2015-12-28,3,0
2015-12-29,3,0
2015-12-30,2.98000001907,0
2015-12-31,2.86999988556,0
2016-01-04,2.76999998093,0
2016-01-05,2.75,0
2016-01-06,2.50999999046,0
2016-01-07,2.27999997139,0
2016-01-08,2.1400001049,0
2016-01-11,2.33999991417,0
2016-01-12,2.3900001049,0
2016-01-13,2.25,0
2016-01-14,2.21000003815,0
2016-01-15,2.02999997139,0
2016-01-19,1.95000004768,0
2016-01-20,1.79999995232,0
2016-01-21,2.08999991417,0
2016-01-22,2.01999998093,0
2016-01-25,2.11999988556,0
2016-01-26,2.06999993324,0
2016-01-27,2.13000011444,0
2016-01-28,2.07999992371,0
2016-01-29,2.20000004768,0
2016-02-01,2.1400001049,0
2016-02-02,1.99000000954,0
2016-02-03,2.06999993324,0
2016-02-04,2.08999991417,0
2016-02-05,1.98000001907,0
2016-02-08,1.92999994755,0
2016-02-09,1.89999997616,0
2016-02-10,1.84000003338,0
2016-02-11,1.86000001431,0
2016-02-12,1.83000004292,0
2016-02-16,1.83000004292,0
2016-02-17,1.89999997616,0
2016-02-18,1.90999996662,0
2016-02-19,1.90999996662,0
2016-02-22,2.00999999046,0
2016-02-23,1.97000002861,0
2016-02-24,2.01999998093,0
2016-02-25,2.02999997139,0
2016-02-26,2.06999993324,0
2016-02-29,2.1400001049,0
2016-03-01,2.18000006676,0
2016-03-02,2.31999993324,0
2016-03-03,2.46000003815,0
2016-03-04,2.36999988556,0
2016-03-07,2.47000002861,0
2016-03-08,2.29999995232,0
2016-03-09,2.25999999046,0
2016-03-10,2.25999999046,0
2016-03-11,2.51999998093,0
2016-03-14,2.72000002861,0
2016-03-15,2.49000000954,0
2016-03-16,2.63000011444,0
2016-03-17,2.79999995232,0
2016-03-18,2.93000006676,0
2016-03-21,2.79999995232,0
2016-03-22,2.78999996185,0
2016-03-23,2.68000006676,0
2016-03-24,2.78999996185,0
2016-03-28,2.77999997139,0
2016-03-29,2.8599998951,0
2016-03-30,2.8599998951,0
2016-03-31,2.84999990463,0
2016-04-01,2.82999992371,0
2016-04-04,2.82999992371,0
2016-04-05,2.75999999046,0
2016-04-06,2.79999995232,0
2016-04-07,2.6400001049,0
2016-04-08,2.74000000954,0
2016-04-11,2.75999999046,0
2016-04-12,2.80999994278,0
2016-04-13,2.79999995232,0
2016-04-14,2.72000002861,0
2016-04-15,2.70000004768,0
2016-04-18,2.75999999046,0
2016-04-19,2.61999988556,0
2016-04-20,2.70000004768,0
2016-04-21,2.61999988556,0
2016-04-22,3.99000000954,0
2016-04-25,3.45000004768,0
2016-04-26,3.66000008583,0
2016-04-27,3.73000001907,0
2016-04-28,3.6099998951,0
2016-04-29,3.54999995232,0
2016-05-02,3.74000000954,0
2016-05-03,3.59999990463,0
2016-05-04,3.59999990463,0
2016-05-05,3.66000008583,0
2016-05-06,3.68000006676,0
2016-05-09,3.65000009537,0
2016-05-10,3.6400001049,0
2016-05-11,3.65000009537,0
2016-05-12,3.58999991417,0
2016-05-13,3.67000007629,0
2016-05-16,3.78999996185,0
2016-05-17,3.78999996185,0
2016-05-18,3.83999991417,0
2016-05-19,3.76999998093,0
2016-05-20,3.86999988556,0
2016-05-23,4.03999996185,0
2016-05-24,4.19999980927,0
2016-05-25,4.17999982834,0
2016-05-26,4.34999990463,0
2016-05-27,4.59999990463,0
2016-05-31,4.57000017166,0
2016-06-01,4.42999982834,0
2016-06-02,4.23999977112,0
2016-06-03,4.15999984741,0
2016-06-06,4.46999979019,0
2016-06-07,4.51000022888,0
2016-06-08,4.46000003815,0
2016-06-09,4.51999998093,0
2016-06-10,4.32000017166,0
2016-06-13,4.40000009537,0
2016-06-14,4.38999986649,0
2016-06-15,4.42000007629,0
2016-06-16,4.75,0
2016-06-17,5.26000022888,0
2016-06-20,5.09999990463,0
2016-06-21,5.44999980927,0
2016-06-22,5.01999998093,0
2016-06-23,5.21000003815,0
2016-06-24,4.88000011444,0
2016-06-27,4.71999979019,0
2016-06-28,5.11999988556,0
2016-06-29,5.13000011444,0
2016-06-30,5.13999986649,0
2016-07-01,5.07000017166,0
2016-07-05,4.96000003815,0
2016-07-06,5.03999996185,0
2016-07-07,5.01999998093,0
2016-07-08,5.09999990463,0
2016-07-11,5.01000022888,0
2016-07-12,5.13999986649,0
2016-07-13,5.09000015259,0
2016-07-14,5.17000007629,0
2016-07-15,5.13999986649,0
2016-07-18,5.51000022888,0
2016-07-19,5.40999984741,0
2016-07-20,5.40999984741,0
2016-07-21,5.21999979019,0
2016-07-22,5.84000015259,0
2016-07-25,6.69999980927,0
2016-07-26,6.98000001907,0
2016-07-27,6.84999990463,0
2016-07-28,6.82000017166,0
2016-07-29,6.86000013351,0
2016-08-01,6.63999986649,0
2016-08-02,6.26000022888,0
2016-08-03,6.30000019073,0
2016-08-04,6.46999979019,0
2016-08-05,6.61000013351,0
2016-08-08,6.67999982834,0
2016-08-09,6.59999990463,0
2016-08-10,6.48999977112,0
2016-08-11,6.57999992371,0
2016-08-12,6.73000001907,0
2016-08-15,6.94999980927,0
2016-08-16,6.78000020981,0
2016-08-17,6.67999982834,0
2016-08-18,7.03999996185,0
2016-08-19,7.61999988556,0
2016-08-22,7.57999992371,0
2016-08-23,7.67000007629,0
2016-08-24,7.42999982834,0
2016-08-25,7.46999979019,0
2016-08-26,7.67000007629,0
2016-08-29,7.59000015259,0
2016-08-30,7.48999977112,0
2016-08-31,7.40000009537,0
2016-09-01,7.34999990463,0
2016-09-02,7.51000022888,0
2016-09-06,7.34000015259,0
2016-09-07,6.84000015259,0
2016-09-08,6.23000001907,0
2016-09-09,5.90000009537,0
2016-09-12,5.94000005722,0
2016-09-13,5.73999977112,0
2016-09-14,6.03999996185,0
2016-09-15,6.01999998093,0
2016-09-16,6.05000019073,0
2016-09-19,6.15999984741,0
2016-09-20,6.17000007629,0
2016-09-21,6.28999996185,0
2016-09-22,6.36999988556,0
2016-09-23,6.55000019073,0
2016-09-26,6.32000017166,0
2016-09-27,6.53999996185,0
2016-09-28,6.59000015259,0
2016-09-29,6.67000007629,0
2016-09-30,6.90999984741,0
2016-10-03,6.94999980927,0
2016-10-04,6.96999979019,0
2016-10-05,6.78000020981,0
2016-10-06,6.96000003815,0
2016-10-07,6.75,0
2016-10-10,6.84000015259,0
2016-10-11,6.5,0
2016-10-12,6.61999988556,0
2016-10-13,6.48999977112,0
2016-10-14,6.75,0
2016-10-17,6.67000007629,0
2016-10-18,6.73000001907,0
2016-10-19,6.76999998093,0
2016-10-20,6.96000003815,0
2016-10-21,6.51999998093,0
2016-10-24,7.01000022888,0
2016-10-25,7.5,0
2016-10-26,7.28999996185,0
2016-10-27,7.11000013351,0
2016-10-28,7.19999980927,0
2016-10-31,7.23000001907,0
2016-11-01,7.09000015259,0
2016-11-02,6.76000022888,0
2016-11-03,6.69999980927,0
2016-11-04,6.55999994278,0
2016-11-07,6.96000003815,0
2016-11-08,7,0
2016-11-09,6.94000005722,0
2016-11-10,6.30000019073,0
2016-11-11,6.69000005722,0
2016-11-14,6.78999996185,0
2016-11-15,6.96999979019,0
2016-11-16,7.67000007629,0
2016-11-17,8.46000003815,0
2016-11-18,8.71000003815,0
2016-11-21,8.93999958038,0
2016-11-22,8.68999958038,0
2016-11-23,8.80000019073,0
2016-11-25,8.77000045776,0
2016-11-28,8.82999992371,0
2016-11-29,8.93000030518,0
2016-11-30,8.90999984741,0
2016-12-01,8.39000034332,0
2016-12-02,8.52999973297,0
2016-12-05,8.68000030518,0
2016-12-06,9.44999980927,0
2016-12-07,9.56000041962,0
2016-12-08,10.3400001526,0
2016-12-09,10.3400001526,0
2016-12-12,10.6800003052,0
2016-12-13,10.5399999619,0
2016-12-14,10.5500001907,0
2016-12-15,10.8599996567,0
2016-12-16,10.6599998474,0
2016-12-19,10.9499998093,0
2016-12-20,11.5100002289,0
2016-12-21,11.470000267,0
2016-12-22,11.6000003815,0
2016-12-23,11.5799999237,0
2016-12-27,12.0699996948,0
2016-12-28,11.5500001907,0
2016-12-29,11.5900001526,0
2016-12-30,11.3400001526,0
2017-01-03,11.4300003052,0
2017-01-04,11.4300003052,0
2017-01-05,11.2399997711,0
2017-01-06,11.3199996948,0
2017-01-09,11.4899997711,0
2017-01-10,11.4399995804,0
2017-01-11,11.1999998093,0
2017-01-12,10.7600002289,0
2017-01-13,10.5799999237,0
2017-01-17,9.81999969482,0
2017-01-18,9.88000011444,0
2017-01-19,9.77000045776,0
2017-01-20,9.75,0
2017-01-23,9.90999984741,0
2017-01-24,10.4399995804,0
2017-01-25,10.3500003815,0
2017-01-26,10.5200004578,0
2017-01-27,10.6700000763,0
2017-01-30,10.6099996567,0
2017-01-31,10.3699998856,0
2017-02-01,12.0600004196,0
2017-02-02,12.279999733,0
2017-02-03,12.2399997711,0
2017-02-06,13.6300001144,0
2017-02-07,13.2899999619,0
2017-02-08,13.5600004196,0
2017-02-09,13.4200000763,0
2017-02-10,13.5799999237,0
2017-02-13,13.4899997711,0
2017-02-14,13.2600002289,0
2017-02-15,13.3000001907,0
2017-02-16,12.970000267,0
2017-02-17,13.1300001144,0
2017-02-21,14,0
2017-02-22,14.279999733,0
2017-02-23,14.3199996948,0
2017-02-24,14.1199998856,0
2017-02-27,15.1999998093,0
2017-02-28,14.4600000381,0
2017-03-01,14.9600000381,0
2017-03-02,13.8999996185,0
2017-03-03,13.029999733,0
2017-03-06,13.0399999619,0
2017-03-07,13.0500001907,0
2017-03-08,13.220000267,0
2017-03-09,13.3299999237,0
2017-03-10,13.9099998474,0
2017-03-13,14.279999733,0
2017-03-14,14.1000003815,0
2017-03-15,13.9799995422,0
2017-03-16,13.6499996185,0
2017-03-17,13.4899997711,0
2017-03-20,14.3999996185,0
2017-03-21,13.8199996948,0
2017-03-22,14.1000003815,0
2017-03-23,13.7899999619,0
2017-03-24,13.6999998093,0
2017-03-27,13.6999998093,0
2017-03-28,13.6899995804,0
2017-03-29,13.7100000381,0
2017-03-30,14.0500001907,0
2017-03-31,14.5500001907,0
2017-04-03,14.6400003433,0
2017-04-04,14.1599998474,0
2017-04-05,14.1700000763,0
2017-04-06,13.2700004578,0
2017-04-07,13.5200004578,0
2017-04-10,13.1000003815,0
2017-04-11,13.1000003815,0
2017-04-12,12.7600002289,0
2017-04-13,12.3100004196,0
2017-04-17,12.7899999619,0
2017-04-18,12.9499998093,0
2017-04-19,12.8400001526,0
2017-04-20,13.1099996567,0
2017-04-21,13,0
2017-04-24,13.1300001144,0
2017-04-25,13.4899997711,0
2017-04-26,13.4099998474,0
2017-04-27,13.6199998856,0
2017-04-28,13.3000001907,0
2017-05-01,13.6199998856,0
2017-05-02,10.3199996948,0
2017-05-03,10.3900003433,0
2017-05-04,10.1000003815,0
2017-05-05,10.1899995804,0
2017-05-08,10.0399999619,0
2017-05-09,10.1800003052,0
2017-05-10,10.7899999619,0
2017-05-11,11.0699996948,0
2017-05-12,11.2600002289,0
2017-05-15,11.4200000763,0
2017-05-16,12.75,0
2017-05-17,11.1999998093,0
2017-05-18,11.279999733,0
2017-05-19,11.4099998474,0
2017-05-22,11.0399999619,0
2017-05-23,10.8900003433,0
2017-05-24,10.8900003433,0
2017-05-25,10.9799995422,0
2017-05-26,11,0
2017-05-30,11.1199998856,0
2017-05-31,11.1899995804,0
2017-06-01,10.9300003052,0
2017-06-02,10.8999996185,0
2017-06-05,11.2399997711,0
2017-06-06,12.029999733,0
2017-06-07,12.3800001144,0
2017-06-08,12.8999996185,0
2017-06-09,12.279999733,0
2017-06-12,12.0900001526,0
2017-06-13,11.9600000381,0
2017-06-14,11.7700004578,0
2017-06-15,11.5,0
2017-06-16,11.4399995804,0
2017-06-19,11.9300003052,0
2017-06-20,12.6400003433,0
2017-06-21,13.9799995422,0
2017-06-22,14.3800001144,0
2017-06-23,14.1700000763,0
2017-06-26,14.0799999237,0
2017-06-27,13.3999996185,0
2017-06-28,13.2299995422,0
2017-06-29,12.6000003815,0
2017-06-30,12.4799995422,0
2017-07-03,12.1499996185,0
2017-07-05,13.1899995804,0
2017-07-06,13.0200004578,0
2017-07-07,13.3599996567,0
2017-07-10,13.8100004196,0
2017-07-11,13.8900003433,0
2017-07-12,14.2899999619,0
2017-07-13,13.529999733,0
2017-07-14,13.9200000763,0
2017-07-17,13.8000001907,0
2017-07-18,13.4799995422,0
2017-07-19,13.5500001907,0
2017-07-20,13.8000001907,0
2017-07-21,13.8800001144,0
2017-07-24,14.1599998474,0
2017-07-25,14.1099996567,0
2017-07-26,14.7600002289,0
2017-07-27,14.1199998856,0
2017-07-28,13.9499998093,0
2017-07-31,13.6099996567,0
2017-08-01,13.7100000381,0
2017-08-02,13.3699998856,0
2017-08-03,13.2399997711,0
2017-08-04,13.1199998856,0
2017-08-07,13.4300003052,0
2017-08-08,13.1099996567,0
2017-08-09,12.8299999237,0
2017-08-10,12.1199998856,0
2017-08-11,12.2299995422,0
2017-08-14,12.7600002289,0
2017-08-15,13.0200004578,0
2017-08-16,12.6300001144,0
2017-08-17,12.3400001526,0
2017-08-18,12.3699998856,0
2017-08-21,12.0500001907,0
2017-08-22,12.1700000763,0
2017-08-23,12.4799995422,0
2017-08-24,12.5,0
2017-08-25,12.4300003052,0
2017-08-28,12.2299995422,0
2017-08-29,12.1499996185,0
2017-08-30,12.6700000763,0
2017-08-31,13,0
2017-09-01,13.1899995804,0
2017-09-05,12.9200000763,0
2017-09-06,12.8599996567,0
2017-09-07,12.6300001144,0
2017-09-08,12.25,0
2017-09-11,12.5500001907,0
2017-09-12,12.3000001907,0
2017-09-13,12.220000267,0
2017-09-14,12.2600002289,0
2017-09-15,12.5200004578,0
2017-09-18,13.0799999237,0
2017-09-19,13.1199998856,0
2017-09-20,13.7399997711,0
2017-09-21,13.4099998474,0
2017-09-22,13.3000001907,0
2017-09-25,12.6099996567,0
2017-09-26,12.4499998093,0
2017-09-27,12.7399997711,0
2017-09-28,12.7399997711,0
2017-09-29,12.75,0
2017-10-02,12.7100000381,0
2017-10-03,13.4200000763,0
2017-10-04,13.3100004196,0
2017-10-05,13.3400001526,0
2017-10-06,13.2299995422,0
2017-10-09,13.470000267,0
2017-10-10,13.6999998093,0
2017-10-11,13.8800001144,0
2017-10-12,14.1999998093,0
2017-10-13,14.220000267,0
2017-10-16,14.2600002289,0
2017-10-17,14.1599998474,0
2017-10-18,14.0699996948,0
2017-10-19,13.9499998093,0
2017-10-20,13.8100004196,0
2017-10-23,14.1000003815,0
2017-10-24,14.25,0
2017-10-25,12.3299999237,0
2017-10-26,12.0100002289,0
2017-10-27,11.8400001526,0
2017-10-30,10.8900003433,0
2017-10-31,10.9899997711,0
2017-11-01,10.8000001907,0
2017-11-02,10.8500003815,0
2017-11-03,11.1199998856,0
2017-11-06,11.9300003052,0
2017-11-07,12.0500001907,0
2017-11-08,11.7100000381,0
2017-11-09,11.1199998856,0
2017-11-10,11.2600002289,0
2017-11-13,11.0900001526,0
2017-11-14,11.1199998856,0
2017-11-15,11.0699996948,0
2017-11-16,11.25,0
2017-11-17,11.3800001144,0
2017-11-20,11.3400001526,0
2017-11-21,11.3999996185,0
2017-11-22,11.3699998856,0
2017-11-24,11.3800001144,0
2017-11-27,11.5500001907,0
2017-11-28,11.1700000763,0
2017-11-29,10.8299999237,0
2017-11-30,10.8900003433,0
2017-12-01,10.7299995422,0
2017-12-04,10.029999733,0
2017-12-05,9.90999984741,0
2017-12-06,10,0
2017-12-07,10.0399999619,0
2017-12-08,9.93999958038,0
2017-12-11,10.1599998474,0
2017-12-12,9.89999961853,0
2017-12-13,10.1099996567,0
2017-12-14,10.1300001144,0
2017-12-15,10.2899999619,0
2017-12-18,10.9799995422,0
2017-12-19,10.9499998093,0
2017-12-20,10.9799995422,0
2017-12-21,10.8900003433,0
2017-12-22,10.5399999619,0
2017-12-26,10.4600000381,0
2017-12-27,10.529999733,0
2017-12-28,10.5500001907,0
2017-12-29,10.279999733,0
2018-01-02,10.9799995422,0
2018-01-03,11.5500001907,0
2018-01-04,12.1199998856,0
2018-01-05,11.8800001144,0
2018-01-08,12.279999733,0
2018-01-09,11.8199996948,0
2018-01-10,11.9600000381,0
2018-01-11,12.1400003433,0
2018-01-12,12.0200004578,0
2018-01-16,11.9099998474,0
2018-01-17,12.1800003052,0
2018-01-18,12.470000267,0
2018-01-19,12.5900001526,0
2018-01-22,12.6499996185,0
2018-01-23,12.9399995804,0
2018-01-24,12.7100000381,0
2018-01-25,12.4099998474,0
2018-01-26,12.9499998093,0
2018-01-29,13.3199996948,0
2018-01-30,12.8699998856,0
2018-01-31,13.7399997711,0
2018-02-01,13.25,0
2018-02-02,12.4499998093,0
2018-02-05,11.5699996948,0
2018-02-06,11.6499996185,0
2018-02-07,11.6000003815,0
2018-02-08,11.220000267,0
2018-02-09,11.3100004196,0
2018-02-12,11.6800003052,0
2018-02-13,11.779999733,0
2018-02-14,12.1999998093,0
2018-02-15,12.1899995804,0
2018-02-16,11.8199996948,0
2018-02-20,12.0200004578,0
2018-02-21,11.720000267,0
2018-02-22,11.8400001526,0
2018-02-23,12.0699996948,0
2018-02-26,12.4200000763,0
2018-02-27,12.529999733,0
2018-02-28,12.1099996567,0
2018-03-01,11.8999996185,0
2018-03-02,11.8100004196,0
2018-03-05,11.9099998474,0
2018-03-06,11.7600002289,0
2018-03-07,12.2399997711,0
2018-03-08,11.970000267,0
2018-03-09,11.6999998093,0
2018-03-12,11.5200004578,0
2018-03-13,11.6400003433,0
2018-03-14,11.3599996567,0
2018-03-15,11.4600000381,0
2018-03-16,11.470000267,0
2018-03-19,11.4300003052,0
2018-03-20,11.1099996567,0
2018-03-21,11.2600002289,0
2018-03-22,10.9099998474,0
2018-03-23,10.6300001144,0
2018-03-26,10.4399995804,0
2018-03-27,10,0
2018-03-28,9.81000041962,0
2018-03-29,10.0500001907,0
2018-04-02,9.52999973297,0
2018-04-03,9.55000019073,0
2018-04-04,9.77000045776,0
2018-04-05,10.0200004578,0
2018-04-06,9.60999965668,0
2018-04-09,9.52999973297,0
2018-04-10,9.97999954224,0
2018-04-11,9.81999969482,0
2018-04-12,10.0799999237,0
2018-04-13,9.93000030518,0
2018-04-16,10.0900001526,0
2018-04-17,10.5200004578,0
2018-04-18,10.3599996567,0
2018-04-19,10.1099996567,0
2018-04-20,9.98999977112,0
2018-04-23,10.0399999619,0
2018-04-24,10.0900001526,0
2018-04-25,9.71000003815,0
2018-04-26,11.0399999619,0
2018-04-27,11.1099996567,0
2018-04-30,10.8800001144,0
2018-05-01,11.1300001144,0
2018-05-02,10.970000267,0
2018-05-03,10.9300003052,0
2018-05-04,11.279999733,0
2018-05-07,11.5900001526,0
2018-05-08,11.6099996567,0
2018-05-09,11.9499998093,0
2018-05-10,12.1300001144,0
2018-05-11,11.9499998093,0
2018-05-14,12.2299995422,0
2018-05-15,12.4499998093,0
2018-05-16,12.8199996948,0
2018-05-17,12.8199996948,0
2018-05-18,13,0
2018-05-21,12.9899997711,0
2018-05-22,12.9799995422,0
2018-05-23,13.1000003815,0
2018-05-24,13.4099998474,0
2018-05-25,13.5399999619,0
2018-05-29,13.3599996567,0
2018-05-30,13.8199996948,0
2018-05-31,13.7299995422,0
2018-06-01,14.3999996185,0
2018-06-04,14.8500003815,0
2018-06-05,14.8500003815,0
2018-06-06,15.6700000763,0
2018-06-07,14.8900003433,0
2018-06-08,15.25,0
2018-06-11,15.7299995422,0
2018-06-12,15.8500003815,0
2018-06-13,16.3199996948,0
2018-06-14,16.25,0
2018-06-15,16.3400001526,0
2018-06-18,17.1100006104,0
2018-06-19,16.6900005341,0
2018-06-20,16.5200004578,0
2018-06-21,15.6499996185,0
2018-06-22,15.8000001907,0
2018-06-25,15.1099996567,0
2018-06-26,15.5,0
2018-06-27,14.970000267,0
2018-06-28,15.3100004196,0
2018-06-29,14.9899997711,0
2018-07-02,15.1599998474,0
2018-07-03,15,0
2018-07-05,15.5,0
2018-07-06,16.3600006104,0
2018-07-09,16.6100006104,0
2018-07-10,16.5499992371,0
2018-07-11,16.2700004578,0
2018-07-12,16.5599994659,0
2018-07-13,16.2700004578,0
2018-07-16,16.5799999237,0
2018-07-17,16.8700008392,0
2018-07-18,16.8500003815,0
2018-07-19,16.7099990845,0
2018-07-20,16.5,0
2018-07-23,16.6599998474,0
2018-07-24,16.1900005341,0
2018-07-25,16.0499992371,0
2018-07-26,18.3500003815,0
2018-07-27,18.9400005341,0
2018-07-30,19.4200000763,0
2018-07-31,18.3299999237,0
2018-08-01,18.4799995422,0
2018-08-02,18.7900009155,0
2018-08-03,18.4899997711,0
2018-08-06,19.4300003052,0
2018-08-07,19.5599994659,0
2018-08-08,19.5799999237,0
2018-08-09,19.1000003815,0
2018-08-10,19.0599994659,0
2018-08-13,19.7299995422,0
2018-08-14,20.0200004578,0
2018-08-15,19.7000007629,0
2018-08-16,19.3299999237,0
2018-08-17,19.7700004578,0
2018-08-20,19.9799995422,0
2018-08-21,20.3999996185,0
2018-08-22,20.8999996185,0
2018-08-23,22.2900009155,0
2018-08-24,23.9799995422,0
2018-08-27,25.2600002289,0
2018-08-28,25.0499992371,0
2018-08-29,25.2000007629,0
2018-08-30,24.8899993896,0
2018-08-31,25.1700000763,0
2018-09-04,28.0599994659,0
2018-09-05,28.5100002289,0
2018-09-06,27.8400001526,0
2018-09-07,27.3799991608,0
2018-09-10,29.8899993896,0
2018-09-11,30.1000003815,0
2018-09-12,32.2099990845,0
2018-09-13,30.4799995422,0
2018-09-14,32.7200012207,0
2018-09-17,32.4300003052,0
2018-09-18,31.9300003052,0
2018-09-19,31.2099990845,0
2018-09-20,31.1800003052,0
2018-09-21,31.0200004578,0
2018-09-24,32.6100006104,0
2018-09-25,32.5699996948,0
2018-09-26,32.1899986267,0
2018-09-27,32.5900001526,0
2018-09-28,30.8899993896,0
2018-10-01,31.4200000763,0
2018-10-02,29.0200004578,0
2018-10-03,28.4300003052,0
2018-10-04,27.7800006866,0
2018-10-05,27.3500003815,0
2018-10-08,26.4599990845,0
2018-10-09,27.2399997711,0
2018-10-10,25,0
2018-10-11,25.2999992371,0
2018-10-12,26.3400001526,0
2018-10-15,26.2600002289,0
2018-10-16,28.1800003052,0
2018-10-17,27.2999992371,0
2018-10-18,26.6200008392,0
2018-10-19,23.6599998474,0
2018-10-22,25.0300006866,0
2018-10-23,25.0900001526,0
2018-10-24,22.7900009155,0
2018-10-25,19.2700004578,0
2018-10-26,17.6299991608,0
2018-10-29,16.8500003815,0
2018-10-30,17.2000007629,0
2018-10-31,18.2099990845,0
2018-11-01,20.2199993134,0
2018-11-02,20.2299995422,0
2018-11-05,19.8999996185,0
2018-11-06,20.6800003052,0
2018-11-07,21.8400001526,0
2018-11-08,21.2000007629,0
2018-11-09,21.0300006866,0
2018-11-12,19.0300006866,0
2018-11-13,19.6100006104,0
2018-11-14,20.8099994659,0
2018-11-15,21.4899997711,0
2018-11-16,20.6599998474,0
2018-11-19,19.1100006104,0
2018-11-20,19.2099990845,0
2018-11-21,18.7299995422,0
2018-11-23,19.3799991608,0
2018-11-26,20.0799999237,0
2018-11-27,21.0499992371,0
2018-11-28,21.3400001526,0
2018-11-29,21.4300003052,0
2018-11-30,21.2999992371,0
2018-12-03,23.7099990845,0
2018-12-04,21.1200008392,0
2018-12-06,21.2999992371,0
2018-12-07,19.4599990845,0
2018-12-10,19.9899997711,0
2018-12-11,19.9799995422,0
2018-12-12,20.4799995422,0
2018-12-13,19.8600006104,0
2018-12-14,19.8999996185,0
2018-12-17,18.8299999237,0
2018-12-18,19.5,0
2018-12-19,18.1599998474,0
2018-12-20,17.9400005341,0
2018-12-21,16.9300003052,0
2018-12-24,16.6499996185,0
2018-12-26,17.8999996185,0
2018-12-27,17.4899997711,0
2018-12-28,17.8199996948,0
2018-12-31,18.4599990845,0
2019-01-02,18.8299999237,0
2019-01-03,17.0499992371,0
2019-01-04,19,0
2019-01-07,20.5699996948,0
2019-01-08,20.75,0
2019-01-09,20.1900005341,0
2019-01-10,19.7399997711,0
2019-01-11,20.2700004578,0
2019-01-14,20.2299995422,0
2019-01-15,20.3799991608,0
2019-01-16,19.7299995422,0
2019-01-17,20.25,0
2019-01-18,20.7700004578,0
2019-01-22,19.7600002289,0
2019-01-23,19.7999992371,0
2019-01-24,20.8500003815,0
2019-01-25,21.9300003052,0
2019-01-28,20.1800003052,0
2019-01-29,19.25,0
2019-01-30,23.0900001526,0
2019-01-31,24.4099998474,0
2019-02-01,24.5100002289,0
2019-02-04,24.1299991608,0
2019-02-05,23.3099994659,0
2019-02-06,23.2600002289,0
2019-02-07,22.6700000763,0
2019-02-08,23.0499992371,0
2019-02-11,22.9599990845,0
2019-02-12,22.8199996948,0
2019-02-13,22.8500003815,0
2019-02-14,23.1299991608,0
2019-02-15,23.6800003052,0
2019-02-19,23.9500007629,0
2019-02-20,23.9500007629,0
2019-02-21,23.9200000763,0
2019-02-22,24.3600006104,0
2019-02-25,24.7099990845,0
2019-02-26,24.2099990845,0
2019-02-27,23.4799995422,0
2019-02-28,23.5300006866,0
2019-03-01,23.6800003052,0
2019-03-04,23.3700008392,0
2019-03-05,23.5,0
2019-03-06,22.4099998474,0
2019-03-07,22.0799999237,0
2019-03-08,22.0100002289,0
2019-03-11,22.9599990845,0
2019-03-12,23.4899997711,0
2019-03-13,23.3799991608,0
2019-03-14,22.8199996948,0
2019-03-15,23.2900009155,0
2019-03-18,23.25,0
2019-03-19,26,0
2019-03-20,25.7000007629,0
2019-03-21,27.8899993896,0
2019-03-22,26.3700008392,0
2019-03-25,25.9699993134,0
2019-03-26,25.6900005341,0
2019-03-27,24.8899993896,0
2019-03-28,25.0599994659,0
2019-03-29,25.5200004578,0
2019-04-01,26.3600006104,0
2019-04-02,26.75,0
2019-04-03,29.0200004578,0
2019-04-04,29.0900001526,0
2019-04-05,28.9799995422,0
2019-04-08,28.5300006866,0
2019-04-09,27.2399997711,0
2019-04-10,27.8299999237,0
2019-04-11,27.7900009155,0
2019-04-12,27.8500003815,0
2019-04-15,27.3299999237,0
2019-04-16,27.9300003052,0
2019-04-17,27.4899997711,0
2019-04-18,27.6800003052,0
2019-04-22,28.1800003052,0
2019-04-23,27.9699993134,0
2019-04-24,28.4599990845,0
2019-04-25,27.6599998474,0
2019-04-26,27.8799991608,0
2019-04-29,27.6900005341,0
2019-04-30,27.6299991608,0
2019-05-01,26.8099994659,0
2019-05-02,28.2900009155,0
2019-05-03,28.2199993134,0
2019-05-06,27.4200000763,0
2019-05-07,26.6599998474,0
2019-05-08,27.0900001526,0
2019-05-09,27.2099990845,0
2019-05-10,27.9599990845,0
2019-05-13,26.2399997711,0
2019-05-14,27.3199996948,0
2019-05-15,27.5799999237,0
2019-05-16,28.0100002289,0
2019-05-17,27.5,0
2019-05-20,26.6800003052,0
2019-05-21,27.3500003815,0
2019-05-22,27.4099998474,0
2019-05-23,26.3600006104,0
2019-05-24,26.4400005341,0
2019-05-28,29.0499992371,0
2019-05-29,28.0900001526,0
2019-05-30,28.0300006866,0
2019-05-31,27.4099998474,0
2019-06-03,27.5799999237,0
2019-06-04,29.5699996948,0
2019-06-05,29.5,0
2019-06-06,31.8199996948,0
2019-06-07,32.4099998474,0
2019-06-10,33.2299995422,0
2019-06-11,32.4099998474,0
2019-06-12,32.1800003052,0
2019-06-13,31.3899993896,0
2019-06-14,30.3600006104,0
2019-06-17,29.2000007629,0
2019-06-18,30.4500007629,0
2019-06-19,30.5,0
2019-06-20,30.0100002289,0
2019-06-21,29.1000003815,0
2019-06-24,29.2600002289,0
2019-06-25,28.8600006104,0
2019-06-26,29.9200000763,0
2019-06-27,30.7399997711,0
2019-06-28,30.3700008392,0
2019-07-01,31.2000007629,0
2019-07-02,31.2399997711,0
2019-07-03,31.1900005341,0
2019-07-05,31.5,0
2019-07-08,32.0400009155,0
2019-07-09,33.1500015259,0
2019-07-10,33.7900009155,0
2019-07-11,33.0600013733,0
2019-07-12,33.2099990845,0
2019-07-15,34.3899993896,0
2019-07-16,33.8499984741,0
2019-07-17,33.5999984741,0
2019-07-18,33,0
2019-07-19,32.5099983215,0
2019-07-22,32.8499984741,0
2019-07-23,33.4900016785,0
2019-07-24,34.1100006104,0
2019-07-25,33.6699981689,0
2019-07-26,34.0200004578,0
2019-07-29,33.4799995422,0
2019-07-30,33.8699989319,0
2019-07-31,30.4500007629,0
2019-08-01,29.8600006104,0
2019-08-02,29.4400005341,0
2019-08-05,27.9899997711,0
2019-08-06,28.8600006104,0
2019-08-07,29.1900005341,0
2019-08-08,33.9199981689,0
2019-08-09,34.1899986267,0
2019-08-12,32.4300003052,0
2019-08-13,32.1100006104,0
2019-08-14,30.2399997711,0
2019-08-15,29.6700000763,0
2019-08-16,31.1800003052,0
2019-08-19,31.4799995422,0
2019-08-20,30.7199993134,0
2019-08-21,31.7000007629,0
2019-08-22,31.8999996185,0
2019-08-23,29.5400009155,0
2019-08-26,30.2800006866,0
2019-08-27,30.2000007629,0
2019-08-28,30.7800006866,0
2019-08-29,31.4500007629,0
2019-08-30,31.4500007629,0
2019-09-03,30.8999996185,0
2019-09-04,30.9500007629,0
2019-09-05,31.5,0
2019-09-06,30.5599994659,0
2019-09-09,30.5,0
2019-09-10,30.2299995422,0
2019-09-11,29.7600002289,0
2019-09-12,30.2099990845,0
2019-09-13,30.6900005341,0
2019-09-16,30.8299999237,0
2019-09-17,30.9899997711,0
2019-09-18,30.4200000763,0
2019-09-19,30.2900009155,0
2019-09-20,30.0499992371,0
2019-09-23,30.6399993896,0
2019-09-24,29.5200004578,0
2019-09-25,29.5400009155,0
2019-09-26,29.4699993134,0
2019-09-27,28.7199993134,0
2019-09-30,28.9899997711,0
2019-10-01,28.7600002289,0
2019-10-02,28.3099994659,0
2019-10-03,28.6800003052,0
2019-10-04,29.0100002289,0
2019-10-07,28.9300003052,0
2019-10-08,28.2299995422,0
2019-10-09,28.4599990845,0
2019-10-10,28.3799991608,0
2019-10-11,29.75,0
2019-10-14,30.5300006866,0
2019-10-15,30.7199993134,0
2019-10-16,30.8099994659,0
2019-10-17,31.1399993896,0
2019-10-18,30.9699993134,0
2019-10-21,32.0299987793,0
2019-10-22,31.5100002289,0
2019-10-23,31.3600006104,0
2019-10-24,31.7199993134,0
2019-10-25,32.7099990845,0
2019-10-28,33.6899986267,0
2019-10-29,33.0299987793,0
2019-10-30,33.1300010681,0
2019-10-31,33.9300003052,0
2019-11-01,34.8899993896,0
2019-11-04,36.2900009155,0
2019-11-05,36.1500015259,0
2019-11-06,35.9300003052,0
2019-11-07,36.2799987793,0
2019-11-08,36.2900009155,0
2019-11-11,36.3100013733,0
2019-11-12,36.7099990845,0
2019-11-13,37.5200004578,0
2019-11-14,38.3499984741,0
2019-11-15,38.5600013733,0
2019-11-18,39.8800010681,0
2019-11-19,41.2900009155,0
2019-11-20,40.9799995422,0
2019-11-21,39.5200004578,0
2019-11-22,39.1500015259,0
2019-11-25,39.7900009155,0
2019-11-26,38.9900016785,0
2019-11-27,39.4099998474,0
2019-11-29,39.1500015259,0
2019-12-02,38.7299995422,0
2019-12-03,38.9000015259,0
2019-12-04,39.6899986267,0
2019-12-05,39.6199989319,0
2019-12-06,39.6300010681,0
2019-12-09,38.9300003052,0
2019-12-10,39.4399986267,0
2019-12-11,39.4700012207,0
2019-12-12,42.5900001526,0
2019-12-13,41.1500015259,0
2019-12-16,42.3499984741,0
2019-12-17,42.7700004578,0
2019-12-18,42.2999992371,0
2019-12-19,42.8300018311,0
2019-12-20,44.1500015259,0
2019-12-23,45.4599990845,0
2019-12-24,46.5400009155,0
2019-12-26,46.6300010681,0
2019-12-27,46.1800003052,0
2019-12-30,45.5200004578,0
2019-12-31,45.8600006104,0
2020-01-02,49.0999984741,0
2020-01-03,48.5999984741,0
2020-01-06,48.3899993896,0
2020-01-07,48.25,0
2020-01-08,47.8300018311,0
2020-01-09,48.9700012207,0
2020-01-10,48.1699981689,0
2020-01-13,48.75,0
2020-01-14,48.2099990845,0
2020-01-15,48.5499992371,0
2020-01-16,49.7700004578,0
2020-01-17,50.9300003052,0
2020-01-21,51.0499992371,0
2020-01-22,51.4300003052,0
2020-01-23,51.7099990845,0
2020-01-24,50.3499984741,0
2020-01-27,49.2599983215,0
2020-01-28,50.5299987793,0
2020-01-29,47.5099983215,0
2020-01-30,48.7799987793,0
2020-01-31,47,0
2020-02-03,48.0200004578,0
2020-02-04,49.4500007629,0
2020-02-05,49.8400001526,0
2020-02-06,49.3199996948,0
2020-02-07,49.7299995422,0
2020-02-10,52.2599983215,0
2020-02-11,53.7999992371,0
2020-02-12,53.8899993896,0
2020-02-13,54.5299987793,0
2020-02-14,55.3100013733,0
2020-02-18,56.8899993896,0
2020-02-19,58.9000015259,0
2020-02-20,57.2700004578,0
2020-02-21,53.2799987793,0
2020-02-24,49.1199989319,0
2020-02-25,47.5699996948,0
2020-02-26,47.4900016785,0
2020-02-27,44.0099983215,0
2020-02-28,45.4799995422,0
2020-03-02,47.4599990845,0
2020-03-03,46.75,0
2020-03-04,50.1100006104,0
2020-03-05,48.1100006104,0
2020-03-06,48.5900001526,0
2020-03-09,43.2700004578,0
2020-03-10,45.3800010681,0
2020-03-11,45.7000007629,0
2020-03-12,39.0099983215,0
2020-03-13,43.9000015259,0
2020-03-16,38.7099990845,0
2020-03-17,41.8800010681,0
2020-03-18,39.1199989319,0
2020-03-19,39.8199996948,0
2020-03-20,39.6100006104,0
2020-03-23,41.6399993896,0
2020-03-24,46.2200012207,0
2020-03-25,44.6300010681,0
2020-03-26,47.5,0
2020-03-27,46.5800018311,0
2020-03-30,47.8600006104,0
2020-03-31,45.4799995422,0
2020-04-01,43.6599998474,0
2020-04-02,44.4900016785,0
2020-04-03,42.5900001526,0
2020-04-06,47.5200004578,0
2020-04-07,47.5600013733,0
2020-04-08,48.7900009155,0
2020-04-09,48.3800010681,0
2020-04-13,50.9399986267,0
2020-04-14,54.9300003052,0
2020-04-15,54.9900016785,0
2020-04-16,56.9500007629,0
2020-04-17,56.5999984741,0
2020-04-20,56.9700012207,0
2020-04-21,52.9199981689,0
2020-04-22,55.9199981689,0
2020-04-23,55.9000015259,0
2020-04-24,56.1800003052,0
2020-04-27,56.4900016785,0
2020-04-28,55.5099983215,0
2020-04-29,53.6599998474,0
2020-04-30,52.3899993896,0
2020-05-01,49.8800010681,0
2020-05-04,52.5600013733,0
2020-05-05,52.1899986267,0
2020-05-06,52.1599998474,0
2020-05-07,51.9500007629,0
2020-05-08,53.1899986267,0
2020-05-11,55.7400016785,0
2020-05-12,53.7599983215,0
2020-05-13,52.1800003052,0
2020-05-14,54.5099983215,0
2020-05-15,54.2000007629,0
2020-05-18,54.5900001526,0
2020-05-19,55.4700012207,0
2020-05-20,56.3899993896,0
2020-05-21,54.6500015259,0
2020-05-22,55.1699981689,0
2020-05-26,53.1899986267,0
2020-05-27,52.7400016785,0
2020-05-28,51.7400016785,0
2020-05-29,53.7999992371,0
2020-06-01,53.6300010681,0
2020-06-02,53.5400009155,0
2020-06-03,52.7299995422,0
2020-06-04,52.6300010681,0
2020-06-05,53.0999984741,0
2020-06-08,52.9700012207,0
2020-06-09,56.3899993896,0
2020-06-10,57.4399986267,0
2020-06-11,52.8300018311,0
2020-06-12,53.5,0
2020-06-15,54.6800003052,0
2020-06-16,54.4599990845,0
2020-06-17,54.5499992371,0
2020-06-18,54.0400009155,0
2020-06-19,54.2299995422,0
2020-06-22,54.7599983215,0
2020-06-23,53.9900016785,0
2020-06-24,52.3899993896,0
2020-06-25,51.9300003052,0
2020-06-26,50.0999984741,0
2020-06-29,50.2799987793,0
2020-06-30,52.6100006104,0
2020-07-01,52.5800018311,0
2020-07-02,52.3400001526,0
2020-07-06,53.4000015259,0
2020-07-07,52.9300003052,0
2020-07-08,53.4300003052,0
2020-07-09,57.2599983215,0
2020-07-10,55.8800010681,0
2020-07-13,53.5900001526,0
2020-07-14,54.7200012207,0
2020-07-15,55.3400001526,0
2020-07-16,54.9199981689,0
2020-07-17,55.0400009155,0
2020-07-20,57.4599990845,0
2020-07-21,57,0
2020-07-22,61.7900009155,0
2020-07-23,59.5699996948,0
2020-07-24,69.4000015259,0
2020-07-27,68.9700012207,0
2020-07-28,67.6100006104,0
2020-07-29,76.0899963379,0
2020-07-30,78.1999969482,0
2020-07-31,77.4300003052,0
2020-08-03,77.6699981689,0
2020-08-04,85.0400009155,0
2020-08-05,85.3099975586,0
2020-08-06,86.7099990845,0
2020-08-07,84.8499984741,0
2020-08-10,82.2399978638,0
2020-08-11,76.8799972534,0
2020-08-12,82.6100006104,0
2020-08-13,81.8399963379,0
2020-08-14,81.3000030518,0
2020-08-17,82.4199981689,0
2020-08-18,81.6600036621,0
2020-08-19,81.0899963379,0
2020-08-20,82.7699966431,0
2020-08-21,83.8099975586,0
2020-08-24,83.0800018311,0
2020-08-25,86.3499984741,0
2020-08-26,86.0199966431,0
2020-08-27,83.8000030518,0
2020-08-28,85.5500030518,0
2020-08-31,90.8199996948,0
2020-09-01,92.1800003052,0
2020-09-02,90.2200012207,0
2020-09-03,82.5400009155,0
2020-09-04,82.0100021362,0
2020-09-08,78.6900024414,0
2020-09-09,81.9100036621,0
2020-09-10,78.9800033569,0
2020-09-11,76.3399963379,0
2020-09-14,77.9000015259,0
2020-09-15,78.9300003052,0
2020-09-16,76.6600036621,0
2020-09-17,76.5500030518,0
2020-09-18,74.9300003052,0
2020-09-21,77.9400024414,0
2020-09-22,77.6999969482,0
2020-09-23,74.7300033569,0
2020-09-24,75.8199996948,0
2020-09-25,78.0599975586,0
2020-09-28,79.4800033569,0
2020-09-29,81.7699966431,0
2020-09-30,81.9899978638,0
2020-10-01,84.8600006104,0
2020-10-02,81.8000030518,0
2020-10-05,86.1500015259,0
2020-10-06,84.4800033569,0
2020-10-07,86.6900024414,0
2020-10-08,86.5100021362,0
2020-10-09,83.0999984741,0
2020-10-12,84.2900009155,0
2020-10-13,85.2799987793,0
2020-10-14,84.2099990845,0
2020-10-15,83.1299972534,0
2020-10-16,83.1699981689,0
2020-10-19,82,0
2020-10-20,81.5599975586,0
2020-10-21,79.1999969482,0
2020-10-22,79.4199981689,0
2020-10-23,81.9599990845,0
2020-10-26,82.2300033569,0
2020-10-27,78.8799972534,0
2020-10-28,76.4000015259,0
2020-10-29,78.0199966431,0
2020-10-30,75.2900009155,0
2020-11-02,74.6999969482,0
2020-11-03,76.5800018311,0
2020-11-04,81.3499984741,0
2020-11-05,83,0
2020-11-06,85.8799972534,0
2020-11-09,83.1200027466,0
2020-11-10,77.9899978638,0
2020-11-11,81.2799987793,0
2020-11-12,81.8399963379,0
2020-11-13,81.4300003052,0
2020-11-16,83.7300033569,0
2020-11-17,83.3600006104,0
2020-11-18,82.5400009155,0
2020-11-19,85.5400009155,0
2020-11-20,84.6399993896,0
2020-11-23,85.3099975586,0
2020-11-24,85.0699996948,0
2020-11-25,86.7099990845,0
2020-11-27,87.1900024414,0
2020-11-30,92.6600036621,0
2020-12-01,92.6299972534,0
2020-12-02,93.7399978638,0
2020-12-03,92.3099975586,0
2020-12-04,94.0400009155,0
2020-12-07,94.0699996948,0
2020-12-08,92.9199981689,0
2020-12-09,89.8300018311,0
2020-12-10,91.6600036621,0
2020-12-11,91.6500015259,0
2020-12-14,94.7799987793,0
2020-12-15,97.1200027466,0
2020-12-16,96.8499984741,0
2020-12-17,96.8399963379,0
2020-12-18,95.9199981689,0
2020-12-21,93.2300033569,0
2020-12-22,93.1600036621,0
2020-12-23,91.5500030518,0
2020-12-24,91.8099975586,0
2020-12-28,91.5999984741,0
2020-12-29,90.6200027466,0
2020-12-30,92.2900009155,0
2020-12-31,91.7099990845,0
2021-01-04,92.3000030518,0
2021-01-05,92.7699966431,0
2021-01-06,90.3300018311,0
2021-01-07,95.1600036621,0
2021-01-08,94.5800018311,0
2021-01-11,97.25,0
2021-01-12,95.3600006104,0
2021-01-13,91.7799987793,0
2021-01-14,90.7900009155,0
2021-01-15,88.2099990845,0
2021-01-19,89.4499969482,0
2021-01-20,88.75,0
2021-01-21,91.5299987793,0
2021-01-22,92.7900009155,0
2021-01-25,94.1299972534,0
2021-01-26,94.7099990845,0
2021-01-27,88.8399963379,0
2021-01-28,87.5199966431,0
2021-01-29,85.6399993896,0
2021-02-01,87.6600036621,0
2021-02-02,88.8600006104,0
2021-02-03,87.8899993896,0
2021-02-04,87.8399963379,0
2021-02-05,87.9000015259,0
2021-02-08,91.4700012207,0
2021-02-09,90.9100036621,0
2021-02-10,92.3499984741,0
2021-02-11,92.6600036621,0
2021-02-12,93.7699966431,0
2021-02-16,91.4599990845,0
2021-02-17,89.9400024414,0
2021-02-18,88.6399993896,0
2021-02-19,89.5800018311,0
2021-02-22,85.3700027466,0
2021-02-23,84.7399978638,0
2021-02-24,86.9400024414,0
2021-02-25,82.4199981689,0
2021-02-26,84.5100021362,0
2021-03-01,86.3899993896,0
2021-03-02,84.1299972534,0
2021-03-03,80.8600006104,0
2021-03-04,77.75,0
2021-03-05,78.5199966431,0
2021-03-08,73.9599990845,0
2021-03-09,78.5299987793,0
2021-03-10,77.5199966431,0
2021-03-11,81.2300033569,0
2021-03-12,81.0500030518,0
2021-03-15,82.5,0
2021-03-16,82.75,0
2021-03-17,82.6299972534,0
2021-03-18,78.1200027466,0
2021-03-19,79.0599975586,0
2021-03-22,80.3000030518,0
2021-03-23,78.3799972534,0
2021-03-24,76.4800033569,0
2021-03-25,76.2200012207,0
2021-03-26,77.4100036621,0
2021-03-29,77.1399993896,0
2021-03-30,76,0
2021-03-31,78.5,0
2021-04-01,81.0899963379,0
2021-04-05,81.4300003052,0
2021-04-06,81.4400024414,0
2021-04-07,82.1999969482,0
2021-04-08,83.3499984741,0
2021-04-09,82.7600021362,0
2021-04-12,78.5800018311,0
2021-04-13,80.1900024414,0
2021-04-14,78.5500030518,0
2021-04-15,83.0100021362,0
2021-04-16,82.1500015259,0
2021-04-19,81.1100006104,0
2021-04-20,79.2699966431,0
2021-04-21,81.6100006104,0
2021-04-22,79.0599975586,0
2021-04-23,82.7600021362,0
2021-04-26,85.4100036621,0
2021-04-27,85.2099990845,0
2021-04-28,84.0199966431,0
2021-04-29,83.9100036621,0
2021-04-30,81.6200027466,0
2021-05-03,78.5500030518,0
2021-05-04,78.6100006104,0
2021-05-05,77.8300018311,0
2021-05-06,77.8899993896,0
2021-05-07,78.8099975586,0
2021-05-10,75.9899978638,0
2021-05-11,76.8300018311,0
2021-05-12,74.6399993896,0
2021-05-13,73.0899963379,0
2021-05-14,74.5899963379,0
2021-05-17,74.6500015259,0
2021-05-18,74.4400024414,0
2021-05-19,76.2300033569,0
2021-05-20,78.0599975586,0
2021-05-21,77.1699981689,0
2021-05-24,77.4400024414,0
2021-05-25,77.8600006104,0
2021-05-26,78.3399963379,0
2021-05-27,78.4199981689,0
2021-05-28,80.0800018311,0
2021-06-01,80.8099975586,0
2021-06-02,81.9700012207,0
2021-06-03,80.2799987793,0
2021-06-04,81.5800018311,0
2021-06-07,81.3499984741,0
2021-06-08,80.8899993896,0
2021-06-09,79.9599990845,0
2021-06-10,81.5599975586,0
2021-06-11,81.3099975586,0
2021-06-14,81.5500030518,0
2021-06-15,80.4700012207,0
2021-06-16,80.1100006104,0
2021-06-17,84.5599975586,0
2021-06-18,84.6500015259,0
2021-06-21,82.5899963379,0
2021-06-22,83.5800018311,0
2021-06-23,83.8199996948,0
2021-06-24,86.0999984741,0
2021-06-25,85.6200027466,0
2021-06-28,87.0800018311,0
2021-06-29,89.5199966431,0
2021-06-30,93.9300003052,0
2021-07-01,93.3099975586,0
2021-07-02,94.6999969482,0
2021-07-06,94.4700012207,0
2021-07-07,90.5400009155,0
2021-07-08,89.7399978638,0
2021-07-09,90.9000015259,0
2021-07-12,90.8099975586,0
2021-07-13,90.2600021362,0
2021-07-14,89.0500030518,0
2021-07-15,86.9300003052,0
2021-07-16,85.8899993896,0
2021-07-19,86.5800018311,0
2021-07-20,87.1100006104,0
2021-07-21,89.4100036621,0
2021-07-22,91.2099990845,0
2021-07-23,92.1500015259,0
2021-07-26,91.8199996948,0
2021-07-27,91.0299987793,0
2021-07-28,97.9300003052,0
2021-07-29,102.949996948,0
2021-07-30,106.190002441,0
2021-08-02,108.629997253,0
2021-08-03,112.559997559,0
2021-08-04,118.769996643,0
2021-08-05,112.349998474,0
2021-08-06,110.11000061,0
2021-08-09,107.580001831,0
2021-08-10,106.480003357,0
2021-08-11,107.680000305,0
2021-08-12,106.5,0
2021-08-13,110.550003052,0
2021-08-16,107.480003357,0
2021-08-17,107.559997559,0
2021-08-18,103.440002441,0
2021-08-19,103.699996948,0
2021-08-20,104.650001526,0
2021-08-23,108.769996643,0
2021-08-24,107.650001526,0
2021-08-25,108.300003052,0
2021-08-26,107.269996643,0
2021-08-27,111.400001526,0
2021-08-30,111.319999695,0
2021-08-31,110.720001221,0
2021-09-01,109.989997864,0
2021-09-02,109.199996948,0
2021-09-03,109.919998169,0
2021-09-07,109.150001526,0
2021-09-08,106.169998169,0
2021-09-09,106.150001526,0
2021-09-10,105.199996948,0
2021-09-13,104.800003052,0
2021-09-14,105.730003357,0
2021-09-15,105.599998474,0
2021-09-16,106.220001221,0
2021-09-17,103.879997253,0
2021-09-20,101.550003052,0
2021-09-21,102.819999695,0
2021-09-22,104.379997253,0
2021-09-23,106.150001526,0
2021-09-24,105.800003052,0
2021-09-27,108.160003662,0
2021-09-28,101.519996643,0
2021-09-29,100.349998474,0
2021-09-30,102.900001526,0
2021-10-01,102.449996948,0
2021-10-04,100.339996338,0
2021-10-05,101.809997559,0
2021-10-06,103.63999939,0
2021-10-07,106.449996948,0
2021-10-08,105.059997559,0
2021-10-11,104.680000305,0
2021-10-12,105.040000916,0
2021-10-13,109.160003662,0
2021-10-14,111.989997864,0
2021-10-15,112.120002747,0
2021-10-18,116.430000305,0
2021-10-19,116.330001831,0
2021-10-20,116.38999939,0
2021-10-21,119.330001831,0
2021-10-22,119.819999695,0
2021-10-25,122.36000061,0
2021-10-26,122.930000305,0
2021-10-27,122.279998779,0
2021-10-28,121.160003662,0
2021-10-29,120.230003357,0
2021-11-01,125.230003357,0
2021-11-02,127.629997253,0
2021-11-03,130.529998779,0
2021-11-04,137.5,0
2021-11-05,136.339996338,0
2021-11-08,150.160003662,0
2021-11-09,148.919998169,0
2021-11-10,139.869995117,0
2021-11-11,146.009994507,0
2021-11-12,147.88999939,0
2021-11-15,146.490005493,0
2021-11-16,152.449996948,0
2021-11-17,151.339996338,0
2021-11-18,155.020004272,0
2021-11-19,155.410003662,0
2021-11-22,152.520004272,0
2021-11-23,149.919998169,0
2021-11-24,157.800003052,0
2021-11-26,154.809997559,0
2021-11-29,161.910003662,0
2021-11-30,158.369995117,0
2021-12-01,149.11000061,0
2021-12-02,150.679992676,0
2021-12-03,144.009994507,0
2021-12-06,139.059997559,0
2021-12-07,144.850006104,0
2021-12-08,145.240005493,0
2021-12-09,138.100006104,0
2021-12-10,138.550003052,0
2021-12-13,133.800003052,0
2021-12-14,135.600006104,0
2021-12-15,146.5,0
2021-12-16,138.63999939,0
2021-12-17,137.75,0
2021-12-20,135.800003052,0
2021-12-21,144.25,0
2021-12-22,143.880004883,0
2021-12-23,146.13999939,0
2021-12-27,154.36000061,0
2021-12-28,153.149993896,0
2021-12-29,148.259994507,0
2021-12-30,145.149993896,0
2021-12-31,143.899993896,0
2022-01-03,150.240005493,0
2022-01-04,144.419998169,0
2022-01-05,136.149993896,0
2022-01-06,136.229995728,0
2022-01-07,132,0
2022-01-10,132,0
2022-01-11,137.309997559,0
2022-01-12,137.470001221,0
2022-01-13,132.740005493,0
2022-01-14,136.880004883,0
2022-01-18,131.929992676,0
2022-01-19,128.270004272,0
2022-01-20,121.88999939,0
2022-01-21,118.809997559,0
2022-01-24,116.529998779,0
2022-01-25,111.129997253,0
2022-01-26,110.709999084,0
2022-01-27,102.599998474,0
2022-01-28,105.239997864,0
2022-01-31,114.25,0
2022-02-01,116.779998779,0
2022-02-02,122.760002136,0
2022-02-03,120.080001831,0
2022-02-04,123.599998474,0
2022-02-07,123.669998169,0
2022-02-08,128.229995728,0
2022-02-09,132.850006104,0
2022-02-10,125.769996643,0
2022-02-11,113.180000305,0
2022-02-14,114.269996643,0
2022-02-15,121.470001221,0
2022-02-16,117.690002441,0
2022-02-17,112.370002747,0
2022-02-18,113.830001831,0
2022-02-22,115.650001526,0
2022-02-23,109.760002136,0
2022-02-24,116.61000061,0
2022-02-25,121.059997559,0
2022-02-28,123.339996338,0
2022-03-01,113.830001831,0
2022-03-02,118.279998779,0
2022-03-03,111.980003357,0
2022-03-04,108.410003662,0
2022-03-07,102.949996948,0
2022-03-08,105.529998779,0
2022-03-09,111.050003052,0
2022-03-10,106.459999084,0
2022-03-11,104.290000916,0
2022-03-14,102.25,0
2022-03-15,109.330001831,0
2022-03-16,115.370002747,0
2022-03-17,111.690002441,0
2022-03-18,113.459999084,0
2022-03-21,115.919998169,0
2022-03-22,114.779998779,0
2022-03-23,113.919998169,0
2022-03-24,120.529998779,0
2022-03-25,119.669998169,0
2022-03-28,120.239997864,0
2022-03-29,123.230003357,0
2022-03-30,119.220001221,0
2022-03-31,109.339996338,0
2022-04-01,108.190002441,0
2022-04-04,110.529998779,0
2022-04-05,106.819999695,0
2022-04-06,103.669998169,0
2022-04-07,103.720001221,0
2022-04-08,101,0
2022-04-11,97.3700027466,0
2022-04-12,95.0999984741,0
2022-04-13,97.7399978638,0
2022-04-14,93.0599975586,0
2022-04-18,93.8899993896,0
2022-04-19,96.9300003052,0
2022-04-20,94.0199966431,0
2022-04-21,89.8499984741,0
2022-04-22,88.1399993896,0
2022-04-25,90.6900024414,0
2022-04-26,85.1600036621,0
2022-04-27,84.9100036621,0
2022-04-28,89.6399993896,0
2022-04-29,85.5199966431,0
2022-05-02,89.8399963379,0
2022-05-03,91.1299972534,0
2022-05-04,99.4199981689,0
2022-05-05,93.8700027466,0
2022-05-06,95.3399963379,0
2022-05-09,86.3600006104,0
2022-05-10,88.7300033569,0
2022-05-11,87.9199981689,0
2022-05-12,87.0599975586,0
2022-05-13,95.1200027466,0
2022-05-16,94.2399978638,0
2022-05-17,102.470001221,0
2022-05-18,96.2799987793,0
2022-05-19,96.6699981689,0
2022-05-20,93.5,0
2022-05-23,95.0699996948,0
2022-05-24,91.1600036621,0
2022-05-25,92.6500015259,0
2022-05-26,98.75,0
2022-05-27,102.260002136,0
2022-05-31,101.86000061,0
2022-06-01,101.220001221,0
2022-06-02,108.589996338,0
2022-06-03,106.300003052,0
2022-06-06,105.650001526,0
2022-06-07,105.279998779,0
2022-06-08,101.900001526,0
2022-06-09,98.8000030518,0
2022-06-10,94.8199996948,0
2022-06-13,86.9899978638,0
2022-06-14,86.9899978638,0
2022-06-15,89.3000030518,0
2022-06-16,82.0500030518,0
2022-06-17,81.5699996948,0
2022-06-21,83.7900009155,0
2022-06-22,83.75,0
2022-06-23,82.4300003052,0
2022-06-24,87.0800018311,0
2022-06-27,86.1600036621,0
2022-06-28,80.7799987793,0
2022-06-29,77.9899978638,0
2022-06-30,76.4700012207,0
2022-07-01,73.6699981689,0
2022-07-05,75.1999969482,0
2022-07-06,75.3499984741,0
2022-07-07,79.3000030518,0
2022-07-08,79.3499984741,0
2022-07-11,76.9499969482,0
2022-07-12,76.3600006104,0
2022-07-13,77.5199966431,0
2022-07-14,78.5999984741,0
2022-07-15,81.1100006104,0
2022-07-18,81.4300003052,0
2022-07-19,85.8799972534,0
2022-07-20,89.4300003052,0
2022-07-21,91.0899963379,0
2022-07-22,88.0999984741,0
2022-07-25,87.5400009155,0
2022-07-26,85.25,0
2022-07-27,89.8199996948,0
2022-07-28,91.6699981689,0
2022-07-29,94.4700012207,0
2022-08-01,96.7799987793,0
2022-08-02,99.2900009155,0
2022-08-03,98.0899963379,0
2022-08-04,103.910003662,0
2022-08-05,102.309997559,0
2022-08-08,100.069999695,0
2022-08-09,95.5400009155,0
2022-08-10,99.0500030518,0
2022-08-11,98.1200027466,0
2022-08-12,100.830001831,0
2022-08-15,101.010002136,0
2022-08-16,100.199996948,0
2022-08-17,98.2699966431,0
2022-08-18,100.440002441,0
2022-08-19,95.9499969482,0
2022-08-22,92.8399963379,0
2022-08-23,92.4899978638,0
2022-08-24,92.7300033569,0
2022-08-25,97.1800003052,0
2022-08-26,91.1800003052,0
2022-08-29,88.4899978638,0
2022-08-30,86.9400024414,0
2022-08-31,84.8700027466,0
2022-09-01,82.3300018311,0
2022-09-02,80.2399978638,0
2022-09-06,78.7200012207,0
2022-09-07,79.6100006104,0
2022-09-08,82.7799987793,0
2022-09-09,85.4499969482,0
2022-09-12,84.6399993896,0
2022-09-13,77.0299987793,0
2022-09-14,77.4499969482,0
2022-09-15,76.6600036621,0
2022-09-16,76.5100021362,0
2022-09-19,76.7699966431,0
2022-09-20,75.25,0
2022-09-21,74.4800033569,0
2022-09-22,69.5,0
2022-09-23,67.9599990845,0
2022-09-26,66.3000030518,0
2022-09-27,67.1699981689,0
2022-09-28,68.3600006104,0
2022-09-29,64.1399993896,0
2022-09-30,63.3600006104,0
2022-10-03,66.1100006104,0
2022-10-04,67.9000015259,0
2022-10-05,67.9400024414,0
2022-10-06,67.8499984741,0
2022-10-07,58.4399986267,0
2022-10-10,57.8100013733,0
2022-10-11,57.6300010681,0
2022-10-12,57.8499984741,0
2022-10-13,58.9399986267,0
2022-10-14,55.9399986267,0
2022-10-17,57.9599990845,0
2022-10-18,57.9199981689,0
2022-10-19,57.2299995422,0
2022-10-20,57.7700004578,0
2022-10-21,58.8199996948,0
2022-10-24,58.7000007629,0
2022-10-25,61.4700012207,0
2022-10-26,59.7299995422,0
2022-10-27,58.5999984741,0
2022-10-28,62.0099983215,0
2022-10-31,60.0600013733,0
2022-11-01,59.6599998474,0
2022-11-02,58.6300010681,0
2022-11-03,60.1100006104,0
2022-11-04,62.1899986267,0
2022-11-07,63.0800018311,0
2022-11-08,63.8499984741,0
2022-11-09,59.9199981689,0
2022-11-10,68.4700012207,0
2022-11-11,72.3700027466,0
2022-11-14,73.5299987793,0
2022-11-15,76.3700027466,0
2022-11-16,72.6999969482,0
2022-11-17,73.9000015259,0
2022-11-18,73.5699996948,0
2022-11-21,72.4599990845,0
2022-11-22,75.25,0
2022-11-23,76.4000015259,0
2022-11-25,75.1399993896,0
2022-11-28,73.1900024414,0
2022-11-29,73.3899993896,0
2022-11-30,77.6299972534,0
2022-12-01,77.4800033569,0
2022-12-02,74.9800033569,0
2022-12-05,73.6200027466,0
2022-12-06,70.2699966431,0
2022-12-07,70.1399993896,0
2022-12-08,70.4700012207,0
2022-12-09,68.5899963379,0
2022-12-12,70.6699981689,0
2022-12-13,71.6500015259,0
2022-12-14,68.9300003052,0
2022-12-15,66.5299987793,0
2022-12-16,65.4100036621,0
2022-12-19,64.5899963379,0
2022-12-20,65.0500030518,0
2022-12-21,67.6800003052,0
2022-12-22,63.8600006104,0
2022-12-23,64.5199966431,0
2022-12-27,63.2700004578,0
2022-12-28,62.5699996948,0
2022-12-29,64.8199996948,0
2022-12-30,64.7699966431,0
2023-01-03,64.0199966431,0
2023-01-04,64.6600036621,0
2023-01-05,62.3300018311,0
2023-01-06,63.9599990845,0
2023-01-09,67.2399978638,0
2023-01-10,68.0500030518,0
2023-01-11,69.0599975586,0
2023-01-12,70.8000030518,0
2023-01-13,71,0
2023-01-17,71.5899963379,0
2023-01-18,70.5299987793,0
2023-01-19,67.7099990845,0
2023-01-20,70.0699996948,0
2023-01-23,76.5299987793,0
2023-01-24,74.6999969482,0
2023-01-25,74.9100036621,0
2023-01-26,75.1600036621,0
2023-01-27,75.4000015259,0
2023-01-30,72.4499969482,0
2023-01-31,75.1500015259,0
2023-02-01,84.6399993896,0
2023-02-02,88.3099975586,0
2023-02-03,86.0899963379,0
2023-02-06,83.6800003052,0
2023-02-07,85.9100036621,0
2023-02-08,84.6900024414,0
2023-02-09,83.2099990845,0
2023-02-10,81.4800033569,0
2023-02-13,83.1299972534,0
2023-02-14,85.9499969482,0
2023-02-15,85.1800003052,0
2023-02-16,80.0800018311,0
2023-02-17,78.5,0
2023-02-21,76.7699966431,0
2023-02-22,76.6100006104,0
2023-02-23,79.75,0
2023-02-24,78.0899963379,0
2023-02-27,78.7699966431,0
2023-02-28,78.5800018311,0
2023-03-01,78.2900009155,0
2023-03-02,80.4400024414,0
2023-03-03,81.5199966431,0
2023-03-06,81.1600036621,0
2023-03-07,82.1100006104,0
2023-03-08,85.3700027466,0
2023-03-09,84.0299987793,0
2023-03-10,82.6699981689,0
2023-03-13,82.0100021362,0
2023-03-14,87.4499969482,0
2023-03-15,89.6800003052,0
2023-03-16,96.5999984741,0
2023-03-17,97.8399963379,0
2023-03-20,96.8099975586,0
2023-03-21,95.9300003052,0
2023-03-22,97.5800018311,0
2023-03-23,100.279998779,0
2023-03-24,97.9499969482,0
2023-03-27,96.6100006104,0
2023-03-28,94.5599975586,0
2023-03-29,96.0899963379,0
2023-03-30,97.8799972534,0
2023-03-31,98.0100021362,0
2023-04-03,96.5599975586,0
2023-04-04,95.8700027466,0
2023-04-05,92.5599975586,0
2023-04-06,92.4700012207,0
2023-04-10,95.4800033569,0
2023-04-11,94.0299987793,0
2023-04-12,92.3300018311,0
2023-04-13,92.0899963379,0
2023-04-14,91.75,0
2023-04-17,89.8700027466,0
2023-04-18,89.7799987793,0
2023-04-19,89.9400024414,0
2023-04-20,90.1100006104,0
2023-04-21,88.4300003052,0
2023-04-24,87.5699996948,0
2023-04-25,83.8000030518,0
2023-04-26,85.9400024414,0
2023-04-27,87.4400024414,0
2023-04-28,89.3700027466,0
2023-05-01,89.6900024414,0
2023-05-02,89.9100036621,0
2023-05-03,81.6200027466,0
2023-05-04,86.6100006104,0
2023-05-05,89.8399963379,0
2023-05-08,95.0400009155,0
2023-05-09,95.0599975586,0
2023-05-10,97.0199966431,0
2023-05-11,97.0999984741,0
2023-05-12,95.2600021362,0
2023-05-15,97.4000015259,0
2023-05-16,101.480003357,0
2023-05-17,103.75,0
2023-05-18,107.930000305,0
2023-05-19,105.819999695,0
2023-05-22,108,0
2023-05-23,108.120002747,0
2023-05-24,108.269996643,0
2023-05-25,120.349998474,0
2023-05-26,127.029998779,0
2023-05-30,125.269996643,0
2023-05-31,118.209999084,0
2023-06-01,119.470001221,0
2023-06-02,117.86000061,0
2023-06-05,117.930000305,0
2023-06-06,124.230003357,0
2023-06-07,117.830001831,0
2023-06-08,121.050003052,0
2023-06-09,124.919998169,0
2023-06-12,129.190002441,0
2023-06-13,124.529998779,0
2023-06-14,127.330001831,0
2023-06-15,124.239997864,0
2023-06-16,120.080001831,0
2023-06-20,118.930000305,0
2023-06-21,112.11000061,0
2023-06-22,110.699996948,0
2023-06-23,110.010002136,0
2023-06-26,107.510002136,0
2023-06-27,110.38999939,0
2023-06-28,110.169998169,0
2023-06-29,111.239997864,0
2023-06-30,113.910003662,0
2023-07-03,115.819999695,0
2023-07-05,113.949996948,0
2023-07-06,113.480003357,0
2023-07-07,113.169998169,0
2023-07-10,113.580001831,0
2023-07-11,111.319999695,0
2023-07-12,114.580001831,0
2023-07-13,115.919998169,0
2023-07-14,115.940002441,0
2023-07-17,118.319999695,0
2023-07-18,117.930000305,0
2023-07-19,116.430000305,0
2023-07-20,110.25,0
2023-07-21,110.949996948,0
2023-07-24,110.61000061,0
2023-07-25,113,0
2023-07-26,110.089996338,0
2023-07-27,111.099998474,0
2023-07-28,112.959999084,0
2023-07-31,114.400001526,0
2023-08-01,117.599998474,0
2023-08-02,109.349998474,0
2023-08-03,113.150001526,0
2023-08-04,115.819999695,0
2023-08-07,116.809997559,0
2023-08-08,113.230003357,0
2023-08-09,110.470001221,0
2023-08-10,110.230003357,0
2023-08-11,107.569999695,0
2023-08-14,111.980003357,0
2023-08-15,111.349998474,0
2023-08-16,107.190002441,0
2023-08-17,104.440002441,0
2023-08-18,105.449996948,0
2023-08-21,108.220001221,0
2023-08-22,105.660003662,0
2023-08-23,109.430000305,0
2023-08-24,101.800003052,0
2023-08-25,102.25,0
2023-08-28,102.61000061,0
2023-08-29,105.919998169,0
2023-08-30,106.589996338,0
2023-08-31,105.720001221,0
2023-09-01,109.449996948,0
2023-09-05,110.779998779,0
2023-09-06,109.279998779,0
2023-09-07,106.589996338,0
2023-09-08,106.089996338,0
2023-09-11,105.319999695,0
2023-09-12,105.309997559,0
2023-09-13,107.709999084,0
2023-09-14,106.629997253,0
2023-09-15,101.489997864,0
2023-09-18,102.370002747,0
2023-09-19,101.61000061,0
2023-09-20,100.339996338,0
2023-09-21,96.1100006104,0
2023-09-22,96.1999969482,0
2023-09-25,97.3799972534,0
2023-09-26,95.9599990845,0
2023-09-27,98.0699996948,0
2023-09-28,102.760002136,0
2023-09-29,102.819999695,0
2023-10-02,103.269996643,0
2023-10-03,100.080001831,0
2023-10-04,104.069999695,0
2023-10-05,102.910003662,0
2023-10-06,107.239997864,0
2023-10-09,106.970001221,0
2023-10-10,109.010002136,0
2023-10-11,108.309997559,0
2023-10-12,108.790000916,0
2023-10-13,105.089996338,0
2023-10-16,106.459999084,0
2023-10-17,105.13999939,0
2023-10-18,102.169998169,0
2023-10-19,102.400001526,0
2023-10-20,101.809997559,0
2023-10-23,100.010002136,0
2023-10-24,101.669998169,0
2023-10-25,96.0599975586,0
2023-10-26,93.6699981689,0
2023-10-27,96.4300003052,0
2023-10-30,96.1800003052,0
2023-10-31,98.5,0
2023-11-01,108.040000916,0
2023-11-02,107.830001831,0
2023-11-03,112.25,0
2023-11-06,111.75,0
2023-11-07,113.449996948,0
2023-11-08,113.589996338,0
2023-11-09,113.489997864,0
2023-11-10,118.589996338,0
2023-11-13,116.790000916,0
2023-11-14,119.879997253,0
2023-11-15,118,0
2023-11-16,119.830001831,0
2023-11-17,120.620002747,0
2023-11-20,121.529998779,0
2023-11-21,119.160003662,0
2023-11-22,122.510002136,0
2023-11-24,122.309997559,0
2023-11-27,122.650001526,0
2023-11-28,122.010002136,0
2023-11-29,123.849998474,0
2023-11-30,121.160003662,0
2023-12-01,121.38999939,0
2023-12-04,118.569999695,0
2023-12-05,118.379997253,0
2023-12-06,116.819999695,0
2023-12-07,128.369995117,0
2023-12-08,128.919998169,0
2023-12-11,134.410003662,0
2023-12-12,137.61000061,0
2023-12-13,138.190002441,0
2023-12-14,138,0
2023-12-15,139.149993896,0
2023-12-18,138.899993896,0
2023-12-19,140.149993896,0
2023-12-20,135.470001221,0
2023-12-21,139.910003662,0
2023-12-22,139.600006104,0
2023-12-26,143.410003662,0
2023-12-27,146.070007324,0
2023-12-28,148.759994507,0
2023-12-29,147.410003662,0
2024-01-02,138.580001831,0
2024-01-03,135.320007324,0
2024-01-04,136.009994507,0
2024-01-05,138.580001831,0
2024-01-08,146.179992676,0
2024-01-09,149.259994507,0
2024-01-10,148.539993286,0
2024-01-11,148.020004272,0
2024-01-12,146.559997559,0
2024-01-16,158.740005493,0
2024-01-17,160.169998169,0
2024-01-18,162.669998169,0
2024-01-19,174.229995728,0
2024-01-22,168.179992676,0
2024-01-23,168.419998169,0
2024-01-24,178.289993286,0
2024-01-25,180.330001831,0
2024-01-26,177.25,0
2024-01-29,177.830001831,0
2024-01-30,172.059997559,0
2024-01-31,167.690002441,0
2024-02-01,170.479995728,0
2024-02-02,177.660003662,0
2024-02-05,174.229995728,0
2024-02-06,167.880004883,0
2024-02-07,170.940002441,0
2024-02-08,169.350006104,0
2024-02-09,172.479995728,0
2024-02-12,171.910003662,0
2024-02-13,171.539993286,0
2024-02-14,178.699996948,0
2024-02-15,176.759994507,0
2024-02-16,173.869995117,0
2024-02-20,165.690002441,0
2024-02-21,164.289993286,0
2024-02-22,181.86000061,0
2024-02-23,176.520004272,0
2024-02-26,176.009994507,0
2024-02-27,178,0
2024-02-28,176.539993286,0
2024-02-29,192.529998779,0
2024-03-01,202.63999939,0
2024-03-04,205.36000061,0
2024-03-05,205.130004883,0
2024-03-06,210.630004883,0
2024-03-07,211.380004883,0
2024-03-08,207.38999939,0
2024-03-11,198.38999939,0
2024-03-12,202.759994507,0
2024-03-13,194.789993286,0
2024-03-14,187.059997559,0
2024-03-15,191.059997559,0
2024-03-18,190.649993896,0
2024-03-19,181.419998169,0
2024-03-20,179.729995728,0
2024-03-21,178.679992676,0
2024-03-22,179.649993896,0
2024-03-25,178.630004883,0
2024-03-26,177.869995117,0
2024-03-27,179.589996338,0
2024-03-28,180.490005493,0
2024-04-01,183.339996338,0
2024-04-02,178.699996948,0
2024-04-03,180.770004272,0
2024-04-04,165.830001831,0
2024-04-05,170.419998169,0
2024-04-08,169.899993896,0
2024-04-09,170.779998779,0
2024-04-10,167.13999939,0
2024-04-11,170.5,0
2024-04-12,163.279998779,0
2024-04-15,160.320007324,0
2024-04-16,163.460006714,0
2024-04-17,154.020004272,0
2024-04-18,155.080001831,0
2024-04-19,146.63999939,0
2024-04-22,148.63999939,0
2024-04-23,152.270004272,0
2024-04-24,151.740005493,0
2024-04-25,153.759994507,0
2024-04-26,157.399993896,0
2024-04-29,160.199996948,0
2024-04-30,158.380004883,0
2024-05-01,144.270004272,0
2024-05-02,146.160003662,0
2024-05-03,150.600006104,0
2024-05-06,155.779998779,0
2024-05-07,154.429992676,0
2024-05-08,153.619995117,0
2024-05-09,152.38999939,0
2024-05-10,151.919998169,0
2024-05-13,150.559997559,0
2024-05-14,153.160003662,0
2024-05-15,159.669998169,0
2024-05-16,162.619995117,0
2024-05-17,164.470001221,0
2024-05-20,166.330001831,0
2024-05-21,164.660003662,0
2024-05-22,165.520004272,0
2024-05-23,160.429992676,0
2024-05-24,166.36000061,0
2024-05-28,171.61000061,0
2024-05-29,165.13999939,0
2024-05-30,166.75,0
2024-05-31,166.899993896,0
2024-06-03,163.550003052,0
2024-06-04,159.990005493,0
2024-06-05,166.169998169,0
2024-06-06,166.779998779,0
2024-06-07,167.869995117,0
2024-06-10,160.339996338,0
2024-06-11,158.960006714,0
2024-06-12,160.240005493,0
2024-06-13,159.899993896,0
2024-06-14,159.630004883,0
2024-06-17,158.399993896,0
2024-06-18,154.630004883,0
2024-06-20,161.779998779,0
2024-06-21,161.229995728,0
2024-06-24,160.25,0
2024-06-25,160.25,0
2024-06-26,157.539993286,0
2024-06-27,159.470001221,0
2024-06-28,162.210006714,0
2024-07-01,157.690002441,0
2024-07-02,164.309997559,0
2024-07-03,163.899993896,0
2024-07-05,171.899993896,0
2024-07-08,178.690002441,0
2024-07-09,177.100006104,0
2024-07-10,183.960006714,0
2024-07-11,181.940002441,0
2024-07-12,181.61000061,0
2024-07-15,179.830001831,0
2024-07-16,177.550003052,0
2024-07-17,159.429992676,0
2024-07-18,155.770004272,0
2024-07-19,151.580001831,0
2024-07-22,155.869995117,0
2024-07-23,154,0
2024-07-24,144.630004883,0
2024-07-25,138.320007324,0
2024-07-26,139.990005493,0
2024-07-29,139.75,0
2024-07-30,138.440002441,0
2024-07-31,144.479995728,0
2024-08-01,132.539993286,0
2024-08-02,132.5,0
2024-08-05,134.820007324,0
2024-08-06,130.179992676,0
2024-08-07,128.669998169,0
2024-08-08,136.320007324,0
2024-08-09,134.270004272,0
2024-08-12,136.770004272,0
2024-08-13,141.130004883,0
2024-08-14,140.75,0
2024-08-15,147.36000061,0
2024-08-16,148.559997559,0
2024-08-19,155.279998779,0
2024-08-20,156.399993896,0
2024-08-21,157.809997559,0
2024-08-22,151.699996948,0
2024-08-23,154.979995728,0
2024-08-26,149.990005493,0
2024-08-27,150.5,0
2024-08-28,146.36000061,0
2024-08-29,145.490005493,0
2024-08-30,148.559997559,0
2024-09-03,136.940002441,0
2024-09-04,140.869995117,0
2024-09-05,139.440002441,0
2024-09-06,134.350006104,0
2024-09-09,138.149993896,0
2024-09-10,142.839996338,0
2024-09-11,149.86000061,0
2024-09-12,150.770004272,0
2024-09-13,152.309997559,0
2024-09-16,152.080001831,0
2024-09-17,150.820007324,0
2024-09-18,148.289993286,0
2024-09-19,156.740005493,0
2024-09-20,155.949996948,0
2024-09-23,156.75,0
2024-09-24,158.320007324,0
2024-09-25,162.020004272,0
2024-09-26,167.490005493,0
2024-09-27,164.350006104,0
2024-09-30,164.080001831,0
2024-10-01,159.75,0
2024-10-02,159.779998779,0
2024-10-03,162.850006104,0
2024-10-04,170.899993896,0
2024-10-07,170.970001221,0
2024-10-08,172.800003052,0
2024-10-09,171.020004272,0
2024-10-10,164.179992676,0
2024-10-11,167.88999939,0
2024-10-14,165.270004272,0
2024-10-15,156.63999939,0
2024-10-16,156.130004883,0
2024-10-17,156.25,0
2024-10-18,155.970001221,0
2024-10-21,157.899993896,0
2024-10-22,154.089996338,0
2024-10-23,152.910003662,0
2024-10-24,153.440002441,0
2024-10-25,156.229995728,0
2024-10-28,159.919998169,0
2024-10-29,166.25,0
2024-10-30,148.600006104,0
2024-10-31,144.070007324,0
2024-11-01,141.86000061,0
2024-11-04,140.710006714,0
2024-11-05,141.660003662,0
2024-11-06,145.100006104,0
2024-11-07,149.820007324,0
2024-11-08,147.949996948,0
2024-11-11,147.350006104,0
2024-11-12,143.630004883,0
2024-11-13,139.300003052,0
2024-11-14,138.839996338,0
2024-11-15,134.899993896,0
2024-11-18,138.929992676,0
2024-11-19,139.38999939,0
2024-11-20,137.600006104,0
2024-11-21,137.490005493,0
2024-11-22,138.350006104,0
2024-11-25,141.130004883,0
2024-11-26,137.720001221,0
2024-11-27,136.240005493,0
2024-11-29,137.179992676,0
2024-12-02,142.059997559,0
2024-12-03,141.979995728,0
2024-12-04,143.990005493,0
2024-12-05,141.36000061,0
2024-12-06,138.589996338,0
2024-12-09,130.869995117,0
2024-12-10,127.739997864,0
2024-12-11,130.149993896,0
2024-12-12,130.600006104,0
2024-12-13,126.910003662,0
2024-12-16,126.690002441,0
2024-12-17,125.019996643,0
2024-12-18,121.410003662,0
2024-12-19,118.879997253,0
2024-12-20,119.209999084,0
2024-12-23,124.599998474,0
2024-12-24,126.290000916,0
2024-12-26,125.059997559,0
2024-12-27,125.190002441,0
2024-12-30,122.440002441,0
2024-12-31,120.790000916,0
2025-01-02,120.629997253,0
2025-01-03,125.370002747,0
2025-01-06,129.550003052,0
2025-01-07,127.330001831,0
2025-01-08,121.839996338,0
2025-01-10,116.040000916,0
2025-01-13,117.319999695,0
2025-01-14,116.089996338,0
2025-01-15,119.959999084,0
2025-01-16,118.440002441,0
2025-01-17,121.459999084,0
2025-01-21,122.279998779,0
2025-01-22,123.75,0
2025-01-23,123.040000916,0
2025-01-24,122.839996338,0
2025-01-27,115.010002136,0
2025-01-28,114.169998169,0
2025-01-29,117.349998474,0
2025-01-30,118.86000061,0
2025-01-31,115.949996948,0
2025-02-03,114.269996643,0
2025-02-04,119.5,0
2025-02-05,112.010002136,0
2025-02-06,110.160003662,0
2025-02-07,107.559997559,0
2025-02-10,110.480003357,0
2025-02-11,111.099998474,0
2025-02-12,111.720001221,0
2025-02-13,111.809997559,0
2025-02-14,113.099998474,0
2025-02-18,114.279998779,0
2025-02-19,114.690002441,0
2025-02-20,114.169998169,0
2025-02-21,110.839996338,0
2025-02-24,108.11000061,0
2025-02-25,103.959999084,0
2025-02-26,104.739997864,0
2025-02-27,99.5100021362,0
2025-02-28,99.8600006104,0
2025-03-03,98.2300033569,0
2025-03-04,100.75,0
2025-03-05,101.669998169,0
2025-03-06,98.8499984741,0
2025-03-07,100.309997559,0
2025-03-10,96.6299972534,0
2025-03-11,96.7600021362,0
2025-03-12,100.790000916,0
2025-03-13,98.1100006104,0
2025-03-14,100.970001221,0
2025-03-17,104.589996338,0
2025-03-18,103.510002136,0
2025-03-19,106.230003357,0
2025-03-20,107.13999939,0
2025-03-21,106.440002441,0
2025-03-24,113.849998474,0
2025-03-25,114.809997559,0
2025-03-26,110.190002441,0
2025-03-27,106.650001526,0
2025-03-28,103.220001221,0
2025-03-31,102.739997864,0
2025-04-01,102.779998779,0
2025-04-02,102.959999084,0
2025-04-03,93.8000030518,0
2025-04-04,85.7600021362,0
2025-04-07,83.6399993896,0
2025-04-08,78.2099990845,0
2025-04-09,96.8399963379,0
2025-04-10,88.6999969482,0
2025-04-11,93.4000015259,0
2025-04-14,94.5,0
2025-04-15,95.2900009155,0
2025-04-16,88.2900009155,0
2025-04-17,87.5,0
2025-04-21,85.5599975586,0
2025-04-22,86.2600021362,0
2025-04-23,90.3899993896,0
2025-04-24,94.4700012207,0
2025-04-25,96.6500015259,0
2025-04-28,96.3899993896,0
2025-04-29,96.0599975586,0
2025-04-30,97.3499984741,0
2025-05-01,96.6500015259,0
2025-05-02,98.8000030518,0
2025-05-05,100.589996338,0
2025-05-06,98.6200027466,0
2025-05-07,100.36000061,0
2025-05-08,101.699996948,0
2025-05-09,102.839996338,0
2025-05-12,108.120002747,0
2025-05-13,112.459999084,0
2025-05-14,117.720001221,0
2025-05-15,114.989997864,0
2025-05-16,117.169998169,0
2025-05-19,114.739997864,0
2025-05-20,113.510002136,0
2025-05-21,112.059997559,0
2025-05-22,110.709999084,0
2025-05-23,110.309997559,0
2025-05-27,114.559997559,0
2025-05-28,112.86000061,0
2025-05-29,113.029998779,0
2025-05-30,110.730003357,0
2025-06-02,114.629997253,0
2025-06-03,117.309997559,0
2025-06-04,118.580001831,0
2025-06-05,115.690002441,0
2025-06-06,116.190002441,0
2025-06-09,121.730003357,0
2025-06-10,123.239997864,0
2025-06-11,121.13999939,0
2025-06-12,118.5,0
2025-06-13,116.160003662,0
2025-06-16,126.38999939,0
2025-06-17,127.099998474,0
2025-06-18,126.790000916,0
2025-06-20,128.240005493,0
2025-06-23,129.580001831,0
2025-06-24,138.429992676,0
2025-06-25,143.399993896,0
2025-06-26,143.679992676,0
2025-06-27,143.809997559,0
2025-06-30,141.899993896,0
2025-07-01,136.11000061,0
2025-07-02,138.520004272,0
2025-07-03,137.910003662,0
2025-07-07,134.800003052,0
2025-07-08,137.820007324,0
2025-07-09,138.410003662,0
2025-07-10,144.160003662,0
2025-07-11,146.419998169,0
2025-07-14,146.240005493,0
2025-07-15,155.61000061,0
2025-07-16,160.080001831,0
2025-07-17,160.410003662,0
2025-07-18,156.990005493,0
2025-07-21,157,0
2025-07-22,154.720001221,0
2025-07-23,158.649993896,0
2025-07-24,162.119995117,0
2025-07-25,166.470001221,0
2025-07-28,173.660003662,0
2025-07-29,177.440002441,0
2025-07-30,179.509994507,0
2025-07-31,176.309997559,0
2025-08-01,171.699996948,0
2025-08-04,176.779998779,0
2025-08-05,174.309997559,0
2025-08-06,163.119995117,0
2025-08-07,172.399993896,0
2025-08-08,172.759994507,0
2025-08-11,172.279998779,0
2025-08-12,174.949996948,0
2025-08-13,184.419998169,0
2025-08-14,180.949996948,0
2025-08-15,177.509994507,0
2025-08-18,176.13999939,0
2025-08-19,166.550003052,0
2025-08-20,165.199996948,0
2025-08-21,163.710006714,0
2025-08-22,167.759994507,0
2025-08-25,163.36000061,0
2025-08-26,166.619995117,0
2025-08-27,167.130004883,0
2025-08-28,168.580001831,0
2025-08-29,162.630004883,0
2025-09-02,162.320007324,0
2025-09-03,162.130004883,0
2025-09-04,161.789993286,0
2025-09-05,151.13999939,0
2025-09-08,151.410003662,0
2025-09-09,155.820007324,0
2025-09-10,159.539993286,0
2025-09-11,155.669998169,0
2025-09-12,158.570007324,0
2025-09-15,161.160003662,0
2025-09-16,160.460006714,0
2025-09-17,159.160003662,0
2025-09-18,157.919998169,0
2025-09-19,157.38999939,0
2025-09-22,159.789993286,0
2025-09-23,160.899993896,0
2025-09-24,160.880004883,0
2025-09-25,161.270004272,0
2025-09-26,159.460006714,0
2025-09-29,161.36000061,0
2025-09-30,161.789993286,0
2025-10-01,164.009994507,0
2025-10-02,169.729995728,0
2025-10-03,164.669998169,0
2025-10-06,203.710006714,0
2025-10-07,211.509994507,0
2025-10-08,235.559997559,0
2025-10-09,232.88999939,0
2025-10-10,214.899993896,0
2025-10-13,216.419998169,0
2025-10-14,218.089996338,0
2025-10-15,238.600006104,0
2025-10-16,234.559997559,0
2025-10-17,233.080001831,0
2025-10-20,240.559997559,0
2025-10-21,238.029998779,0
2025-10-22,230.229995728,0
2025-10-23,234.990005493,0
2025-10-24,252.919998169,0
2025-10-27,259.670013428,0
2025-10-28,258.010009766,0
2025-10-29,264.329986572,0
2025-10-30,254.839996338,0
2025-10-31,256.119995117,0
2025-11-03,259.649993896,0
2025-11-04,250.050003052,0
2025-11-05,256.329986572,0
2025-11-06,237.699996948,0
2025-11-07,233.539993286,0
2025-11-10,243.979995728,0
2025-11-11,237.520004272,0
2025-11-12,258.890014648,0
2025-11-13,247.960006714,0
2025-11-14,246.809997559,0
2025-11-17,240.520004272,0
2025-11-18,230.289993286,0
2025-11-19,223.550003052,0
2025-11-20,206.020004272,0
2025-11-21,203.779998779,0
2025-11-24,215.050003052,0
2025-11-25,206.130004883,0
2025-11-26,214.240005493,0
2025-11-28,217.529998779,0
2025-12-01,219.759994507,0
2025-12-02,215.240005493,0
2025-12-03,217.600006104,0
2025-12-04,215.979995728,0
2025-12-05,217.970001221,0
2025-12-08,221.11000061,0
2025-12-09,221.619995117,0
2025-12-10,221.419998169,0
2025-12-11,221.429992676,0
2025-12-12,210.779998779,0
2025-12-15,207.580001831,0
2025-12-16,209.169998169,0
2025-12-17,198.11000061,0
2025-12-18,201.059997559,0
2025-12-19,213.429992676,0
2025-12-22,214.949996948,0
2025-12-23,214.899993896,0
2025-12-24,215.039993286,0
2025-12-26,214.990005493,0
2025-12-29,215.61000061,0
2025-12-30,215.339996338,0
2025-12-31,214.160003662,0
2026-01-02,223.470001221,0
2026-01-05,221.080001831,0
2026-01-06,214.350006104,0
2026-01-07,210.020004272,0
2026-01-08,204.679992676,0
2026-01-09,203.169998169,0
2026-01-12,207.690002441,0
2026-01-13,220.970001221,0
2026-01-14,223.600006104,0
2026-01-15,227.919998169,0
2026-01-16,231.830001831,0
2026-01-20,231.919998169,0
2026-01-21,249.800003052,0
2026-01-22,253.729995728,0
2026-01-23,259.679992676,0
2026-01-26,251.309997559,0
2026-01-27,252.029998779,0
2026-01-28,252.740005493,0
2026-01-29,252.179992676,0
2026-01-30,236.729995728,0
2026-02-02,246.270004272,0
2026-02-03,242.11000061,0
2026-02-04,200.190002441,0
2026-02-05,192.5,0
2026-02-06,208.440002441,0
2026-02-09,216,0
2026-02-10,213.570007324,0
2026-02-11,213.580001831,0
2026-02-12,205.940002441,0
2026-02-13,207.320007324,0
2026-02-17,203.080001831,0
2026-02-18,200.119995117,0
2026-02-19,203.369995117,0
2026-02-20,200.149993896,0
2026-02-23,196.600006104,0
2026-02-24,213.839996338,0
2026-02-25,210.86000061,0
2026-02-26,203.679992676,0
2026-02-27,200.210006714,0
2026-03-02,198.619995117,0
2026-03-03,190.949996948,0
2026-03-04,202.070007324,0
2026-03-05,199.449996948,0
2026-03-06,192.429992676,0
2026-03-09,202.679992676,0
2026-03-10,203.229995728,0
2026-03-11,204.830001831,0
2026-03-12,197.740005493,0
2026-03-13,193.38999939,0
2026-03-16,196.580001831,0
2026-03-17,196.309997559,0
2026-03-18,199.460006714,0
2026-03-19,205.270004272,0
2026-03-20,201.330001831,0
2026-03-23,202.679992676,0
2026-03-24,205.369995117,0
2026-03-25,220.270004272,0
2026-03-26,203.770004272,0
2026-03-27,201.990005493,0
2026-03-30,196.039993286,0
2026-03-31,203.429992676,0
2026-04-01,210.210006714,0
2026-04-02,217.5,0
2026-04-06,220.179992676,0
2026-04-07,221.529998779,0
2026-04-08,231.820007324,0
2026-04-09,236.63999939,0
2026-04-10,245.039993286,0
2026-04-13,246.830001831,0
2026-04-14,255.070007324,0
2026-04-15,258.119995117,0
2026-04-16,278.260009766,0
2026-04-17,278.390014648,0
2026-04-20,274.950012207,0
2026-04-21,284.489990234,0
2026-04-22,303.459991455,0
2026-04-23,305.329986572,0
2026-04-24,347.809997559,0
2026-04-27,334.630004883,0
2026-04-28,323.209991455,0
2026-04-29,337.109985352,0
2026-04-30,354.489990234,0
2026-05-01,360.540008545,0
2026-05-04,341.540008545,0
2026-05-05,355.260009766,0
2026-05-06,421.390014648,0
2026-05-07,408.459991455,0
2026-05-08,455.190002441,0
2026-05-11,458.790008545,0
2026-05-12,448.290008545,0
2026-05-13,445.5,0
2026-05-14,449.700012207,0
2026-05-15,424.100006104,0
2026-05-18,420.989990234,0
2026-05-19,414.049987793,0
2026-05-20,447.579986572,0
2026-05-21,449.589996338,0
2026-05-22,467.510009766,0
2026-05-26,503.890014648,0
2026-05-27,495.540008545,0
2026-05-28,518.090026855,0
2026-05-29,516.099975586,0
2026-06-01,510.130004883,0
2026-06-02,521.539978027,0
2026-06-03,542.520019531,0
2026-06-04,523.200012207,0
2026-06-05,466.380004883,0
2026-06-08,490.329986572,0
2026-06-09,475.510009766,0
2026-06-10,452.399993896,0
2026-06-11,488.450012207,0
2026-06-12,511.570007324,0
2026-06-15,547.260009766,0
2026-06-16,507.290008545,0
2026-06-17,512.479980469,0
2026-06-18,537.369995117,0
2026-06-22,551.630004883,0
2026-06-23,519.849975586,0
2026-06-24,519.739990234,0
2026-06-25,532.570007324,0
2026-06-26,521.58001709,0
2026-06-29,539.489990234,0
2026-06-30,580.909973145,0
2026-07-01,540.880004883,0
2026-07-02,517.820007324,0
2026-07-06,552.049987793,0
2026-07-07,516.109985352,0
2026-07-08,517.409973145,0
2026-07-09,546.719970703,0
2026-07-10,557.890014648,0
2026-07-13,534.390014648,0
2026-07-14,548.130004883,0
2026-07-15,529.140014648,0
2026-07-16,500.940002441,0
2026-07-17,495.760009766,0
2026-07-20,503.570007324,0
2026-07-21,544.429992676,0
2026-07-22,552.33001709,0
2026-07-23,539.690002441,0
2026-07-24,521.950012207,0
2026-07-27,494.950012207,0
2026-07-28,454.619995117,0
2026-07-29,429.559997559,0
2026-07-30,485.390014648,0
2026-07-31,476.149993896,0
2026-08-03,484.640014648,0
2026-08-04,518.58001709,0
2026-08-05,482.049987793,0
2026-08-06,489.279998779,0
2026-08-07,483.359985352,0
2026-08-10,469.559997559,0
2026-08-11,474.320007324,0
2026-08-12,482.929992676,0
2026-08-13,483.010009766,0
