date,close,dividend
2000-10-16,867.099975586,0
2000-10-17,804,0
2000-10-18,802.599975586,0
2000-10-19,798.400024414,0
2000-10-20,826.200012207,0
2000-10-23,796.400024414,0
2000-10-24,808.900024414,0
2000-10-25,808.599975586,0
2000-10-26,793.799987793,0
2000-10-27,783.700012207,0
2000-10-30,741.799987793,0
2000-10-31,746.799987793,0
2000-11-01,763.599975586,0
2000-11-02,782.5,0
2000-11-03,795.400024414,0
2000-11-06,804.599975586,0
2000-11-07,796.299987793,0
2000-11-08,793.099975586,0
2000-11-09,801.099975586,0
2000-11-10,808.299987793,0
2000-11-13,780.700012207,0
2000-11-14,800.900024414,0
2000-11-15,816.400024414,0
2000-11-16,808.599975586,0
2000-11-17,806.799987793,0
2000-11-20,801.700012207,0
2000-11-21,787,0
2000-11-22,771.299987793,0
2000-11-23,728.299987793,0
2000-11-24,735,0
2000-11-27,759.400024414,0
2000-11-28,725,0
2000-11-29,684.5,0
2000-11-30,672.599975586,0
2000-12-01,678.099975586,0
2000-12-04,663.799987793,0
2000-12-05,669.599975586,0
2000-12-06,675.400024414,0
2000-12-07,677.200012207,0
2000-12-08,684.099975586,0
2000-12-11,711.099975586,0
2000-12-12,697.700012207,0
2000-12-13,707.5,0
2000-12-14,708.5,0
2000-12-15,679.400024414,0
2000-12-18,665.700012207,0
2000-12-19,634,0
2000-12-20,589.799987793,0
2000-12-21,560.599975586,0
2000-12-22,526.700012207,0
2000-12-26,525.799987793,0
2001-01-02,557,0
2001-01-03,569,0
2001-01-04,615.099975586,0
2001-01-05,625.200012207,0
2001-01-08,650,0
2001-01-09,678.200012207,0
2001-01-10,639.599975586,0
2001-01-11,675.099975586,0
2001-01-12,713.599975586,0
2001-01-15,765.200012207,0
2001-01-16,777.099975586,0
2001-01-17,750.099975586,0
2001-01-18,745.599975586,0
2001-01-19,772.099975586,0
2001-01-22,833.200012207,0
2001-01-26,800.400024414,0
2001-01-29,813.799987793,0
2001-01-30,827.599975586,0
2001-01-31,843.599975586,0
2001-02-01,827,0
2001-02-02,826.599975586,0
2001-02-05,779.700012207,0
2001-02-06,797.200012207,0
2001-02-07,778,0
2001-02-08,798,0
2001-02-09,807.299987793,0
2001-02-12,831.099975586,0
2001-02-13,840.799987793,0
2001-02-14,853.099975586,0
2001-02-15,873.799987793,0
2001-02-16,863.200012207,0
2001-02-19,872.900024414,0
2001-02-20,876.5,0
2001-02-21,852.5,0
2001-02-22,801.799987793,0
2001-02-23,805.700012207,0
2001-02-26,812.5,0
2001-02-27,781.200012207,0
2001-02-28,767.599975586,0
2001-03-02,719.900024414,0
2001-03-05,743.200012207,0
2001-03-06,735.200012207,0
2001-03-07,753.5,0
2001-03-08,780,0
2001-03-09,765.599975586,0
2001-03-12,723.299987793,0
2001-03-13,685.700012207,0
2001-03-14,720.400024414,0
2001-03-15,712.400024414,0
2001-03-16,713.799987793,0
2001-03-19,713.299987793,0
2001-03-20,713.5,0
2001-03-21,712.700012207,0
2001-03-22,706.400024414,0
2001-03-23,706.099975586,0
2001-03-26,727.700012207,0
2001-03-27,718.599975586,0
2001-03-28,705.799987793,0
2001-03-29,691.400024414,0
2001-03-30,684.299987793,0
2001-04-02,682.900024414,0
2001-04-03,662.400024414,0
2001-04-04,643.400024414,0
2001-04-06,665.099975586,0
2001-04-09,648.099975586,0
2001-04-10,645.599975586,0
2001-04-11,671.799987793,0
2001-04-12,683.200012207,0
2001-04-13,686.200012207,0
2001-04-16,680.700012207,0
2001-04-17,683.099975586,0
2001-04-18,721.900024414,0
2001-04-19,749,0
2001-04-20,735,0
2001-04-23,758.799987793,0
2001-04-24,757.200012207,0
2001-04-25,769.700012207,0
2001-04-26,763.400024414,0
2001-04-27,753.200012207,0
2001-04-30,789.700012207,0
2001-05-02,810,0
2001-05-03,799.900024414,0
2001-05-04,804.799987793,0
2001-05-07,828.400024414,0
2001-05-08,822.700012207,0
2001-05-09,795.900024414,0
2001-05-10,814.099975586,0
2001-05-11,817.200012207,0
2001-05-14,829.299987793,0
2001-05-15,814.799987793,0
2001-05-16,801.200012207,0
2001-05-17,833.200012207,0
2001-05-18,830.299987793,0
2001-05-21,838.099975586,0
2001-05-22,837.799987793,0
2001-05-23,828.599975586,0
2001-05-24,830.099975586,0
2001-05-25,834.299987793,0
2001-05-28,832.200012207,0
2001-05-29,838.099975586,0
2001-05-30,832.200012207,0
2001-05-31,813.5,0
2001-06-01,801.099975586,0
2001-06-04,803.700012207,0
2001-06-05,789.200012207,0
2001-06-07,781.400024414,0
2001-06-08,807.700012207,0
2001-06-11,795.200012207,0
2001-06-12,801.200012207,0
2001-06-13,816.799987793,0
2001-06-14,821.299987793,0
2001-06-15,824.900024414,0
2001-06-18,817.599975586,0
2001-06-19,809.299987793,0
2001-06-20,788.299987793,0
2001-06-21,788.200012207,0
2001-06-22,786,0
2001-06-25,776.799987793,0
2001-06-26,745.299987793,0
2001-06-27,746,0
2001-06-28,747.200012207,0
2001-06-29,768.700012207,0
2001-07-02,775.599975586,0
2001-07-03,776.5,0
2001-07-04,774.900024414,0
2001-07-05,767.200012207,0
2001-07-06,740.799987793,0
2001-07-09,701.200012207,0
2001-07-10,706.700012207,0
2001-07-11,680.700012207,0
2001-07-12,721.599975586,0
2001-07-13,695.799987793,0
2001-07-16,701.700012207,0
2001-07-18,680.299987793,0
2001-07-19,683.799987793,0
2001-07-20,670.799987793,0
2001-07-23,641.400024414,0
2001-07-24,645.299987793,0
2001-07-25,641,0
2001-07-26,652.400024414,0
2001-07-27,674.599975586,0
2001-07-30,669.799987793,0
2001-07-31,680.900024414,0
2001-08-01,704.400024414,0
2001-08-02,707.200012207,0
2001-08-03,705.799987793,0
2001-08-06,718,0
2001-08-07,714.900024414,0
2001-08-08,707.700012207,0
2001-08-09,689.200012207,0
2001-08-10,692.099975586,0
2001-08-13,689.700012207,0
2001-08-14,697.599975586,0
2001-08-16,690.400024414,0
2001-08-17,691.400024414,0
2001-08-20,679.700012207,0
2001-08-21,682.200012207,0
2001-08-22,686.599975586,0
2001-08-23,679.400024414,0
2001-08-24,677.799987793,0
2001-08-27,681.299987793,0
2001-08-28,674.400024414,0
2001-08-29,653.200012207,0
2001-08-30,648.299987793,0
2001-08-31,618.400024414,0
2001-09-03,615.200012207,0
2001-09-04,627.400024414,0
2001-09-05,617.599975586,0
2001-09-06,627.599975586,0
2001-09-07,631.400024414,0
2001-09-10,626.200012207,0
2001-09-11,618,0
2001-09-12,546.400024414,0
2001-09-13,541.900024414,0
2001-09-14,502.100006104,0
2001-09-17,460.5,0
2001-09-18,494.799987793,0
2001-09-19,504.600006104,0
2001-09-20,493.600006104,0
2001-09-21,489.700012207,0
2001-09-24,500,0
2001-09-25,486.200012207,0
2001-09-26,489.100006104,0
2001-09-27,496.5,0
2001-09-28,516.400024414,0
2001-10-04,550.799987793,0
2001-10-05,540.700012207,0
2001-10-08,535.5,0
2001-10-09,560.200012207,0
2001-10-10,564.5,0
2001-10-11,583.900024414,0
2001-10-12,590.200012207,0
2001-10-15,595.700012207,0
2001-10-16,608.200012207,0
2001-10-17,619.099975586,0
2001-10-18,612.799987793,0
2001-10-19,620.599975586,0
2001-10-22,633.599975586,0
2001-10-23,629.900024414,0
2001-10-24,640.900024414,0
2001-10-25,636.599975586,0
2001-10-26,641,0
2001-10-29,640.599975586,0
2001-10-30,617.099975586,0
2001-10-31,625.5,0
2001-11-01,636.400024414,0
2001-11-02,639.299987793,0
2001-11-05,653.599975586,0
2001-11-06,659.700012207,0
2001-11-07,656.599975586,0
2001-11-08,666.099975586,0
2001-11-09,671.900024414,0
2001-11-12,683.900024414,0
2001-11-13,680.099975586,0
2001-11-14,692,0
2001-11-15,683.299987793,0
2001-11-16,685,0
2001-11-19,691.5,0
2001-11-20,686.799987793,0
2001-11-21,690.299987793,0
2001-11-22,696.599975586,0
2001-11-23,706.200012207,0
2001-11-26,722.799987793,0
2001-11-27,722.799987793,0
2001-11-28,679.900024414,0
2001-11-29,689.900024414,0
2001-11-30,705.200012207,0
2001-12-03,710.299987793,0
2001-12-04,707.599975586,0
2001-12-05,720.400024414,0
2001-12-06,718.900024414,0
2001-12-07,728.200012207,0
2001-12-10,727,0
2001-12-11,723.799987793,0
2001-12-12,747.900024414,0
2001-12-13,753,0
2001-12-14,739.400024414,0
2001-12-17,715.099975586,0
2001-12-18,693.5,0
2001-12-19,675.900024414,0
2001-12-20,698.400024414,0
2001-12-21,684.299987793,0
2001-12-24,684.299987793,0
2001-12-26,685.400024414,0
2001-12-27,694.299987793,0
2001-12-28,722.099975586,0
2002-01-02,744.700012207,0
2002-01-03,744.900024414,0
2002-01-04,754.5,0
2002-01-07,760.900024414,0
2002-01-08,753.5,0
2002-01-09,761.5,0
2002-01-10,763.299987793,0
2002-01-11,750.200012207,0
2002-01-14,751.099975586,0
2002-01-15,731.900024414,0
2002-01-16,729.099975586,0
2002-01-17,722.900024414,0
2002-01-18,720.200012207,0
2002-01-21,729.900024414,0
2002-01-22,739.299987793,0
2002-01-23,750.299987793,0
2002-01-24,750.099975586,0
2002-01-25,764.700012207,0
2002-01-28,799.900024414,0
2002-01-29,790.900024414,0
2002-01-30,762,0
2002-01-31,773.599975586,0
2002-02-01,759.799987793,0
2002-02-04,742.799987793,0
2002-02-05,743.5,0
2002-02-06,747.400024414,0
2002-02-07,724.5,0
2002-02-08,728.799987793,0
2002-02-14,751.900024414,0
2002-02-15,753,0
2002-02-18,760.5,0
2002-02-19,758.5,0
2002-02-20,756.700012207,0
2002-02-21,763,0
2002-02-22,770.599975586,0
2002-02-25,771.099975586,0
2002-02-26,770,0
2002-02-27,775.400024414,0
2002-02-28,787.099975586,0
2002-03-04,830.400024414,0
2002-03-05,836.200012207,0
2002-03-06,841.400024414,0
2002-03-07,837.299987793,0
2002-03-08,840.900024414,0
2002-03-11,865.400024414,0
2002-03-12,866,0
2002-03-13,869.599975586,0
2002-03-14,874.900024414,0
2002-03-15,893.5,0
2002-03-18,917.799987793,0
2002-03-19,925.799987793,0
2002-03-20,916.599975586,0
2002-03-21,918.400024414,0
2002-03-22,943,0
2002-03-25,936.299987793,0
2002-03-26,925.599975586,0
2002-03-27,931,0
2002-03-28,918.5,0
2002-03-29,927.299987793,0
2002-04-01,877,0
2002-04-02,884.200012207,0
2002-04-03,878.700012207,0
2002-04-04,882,0
2002-04-08,879.900024414,0
2002-04-09,862.099975586,0
2002-04-10,835.400024414,0
2002-04-11,846.099975586,0
2002-04-12,842.400024414,0
2002-04-15,858.200012207,0
2002-04-16,865.099975586,0
2002-04-17,874.299987793,0
2002-04-18,876.799987793,0
2002-04-19,858.799987793,0
2002-04-22,824.5,0
2002-04-23,810.200012207,0
2002-04-24,794.799987793,0
2002-04-25,757.299987793,0
2002-04-26,767.799987793,0
2002-04-29,737,0
2002-04-30,733.400024414,0
2002-05-02,763.099975586,0
2002-05-03,764.799987793,0
2002-05-06,755,0
2002-05-07,748.200012207,0
2002-05-08,767.799987793,0
2002-05-09,780.200012207,0
2002-05-10,769.900024414,0
2002-05-13,766.299987793,0
2002-05-14,766.599975586,0
2002-05-15,783.400024414,0
2002-05-16,779.900024414,0
2002-05-17,794.700012207,0
2002-05-20,793.5,0
2002-05-21,766.5,0
2002-05-22,774.200012207,0
2002-05-23,755.299987793,0
2002-05-24,755.700012207,0
2002-05-27,743.900024414,0
2002-05-28,740.700012207,0
2002-05-29,724.700012207,0
2002-05-30,703.799987793,0
2002-05-31,697.799987793,0
2002-06-03,698,0
2002-06-04,698.799987793,0
2002-06-05,710.5,0
2002-06-07,697.200012207,0
2002-06-10,712.5,0
2002-06-11,713.599975586,0
2002-06-12,724,0
2002-06-14,715.5,0
2002-06-17,704.599975586,0
2002-06-18,701.799987793,0
2002-06-19,662.599975586,0
2002-06-20,657.700012207,0
2002-06-21,658.099975586,0
2002-06-24,639.099975586,0
2002-06-25,618.799987793,0
2002-06-26,566.299987793,0
2002-06-27,572.299987793,0
2002-06-28,608.5,0
2002-07-02,610.5,0
2002-07-03,621.5,0
2002-07-04,637.099975586,0
2002-07-05,649.799987793,0
2002-07-08,652.900024414,0
2002-07-09,669.099975586,0
2002-07-10,674.5,0
2002-07-11,656.200012207,0
2002-07-12,668.200012207,0
2002-07-15,657.400024414,0
2002-07-16,642.200012207,0
2002-07-18,644.700012207,0
2002-07-19,631.400024414,0
2002-07-22,592.799987793,0
2002-07-23,616.099975586,0
2002-07-24,595.400024414,0
2002-07-25,602.299987793,0
2002-07-26,583.299987793,0
2002-07-29,575.400024414,0
2002-07-30,591.599975586,0
2002-07-31,586.200012207,0
2002-08-01,584.200012207,0
2002-08-02,576,0
2002-08-05,552.400024414,0
2002-08-06,544.299987793,0
2002-08-07,553.400024414,0
2002-08-08,564.700012207,0
2002-08-09,562.299987793,0
2002-08-12,566.900024414,0
2002-08-13,579.099975586,0
2002-08-14,579.400024414,0
2002-08-16,582,0
2002-08-19,583.400024414,0
2002-08-20,591.5,0
2002-08-21,595.400024414,0
2002-08-22,600.099975586,0
2002-08-23,598.5,0
2002-08-26,594,0
2002-08-27,591.799987793,0
2002-08-28,586.5,0
2002-08-29,584.400024414,0
2002-08-30,591.099975586,0
2002-09-02,595.400024414,0
2002-09-03,590.099975586,0
2002-09-04,581,0
2002-09-05,580.599975586,0
2002-09-06,562.200012207,0
2002-09-09,536.599975586,0
2002-09-10,542.400024414,0
2002-09-11,549,0
2002-09-12,552.700012207,0
2002-09-13,542.799987793,0
2002-09-16,534.5,0
2002-09-17,552.200012207,0
2002-09-18,537.799987793,0
2002-09-19,536.799987793,0
2002-09-23,518.299987793,0
2002-09-24,504.100006104,0
2002-09-25,487.899993896,0
2002-09-26,486.299987793,0
2002-09-27,485.200012207,0
2002-09-30,467.100006104,0
2002-10-01,475.299987793,0
2002-10-02,475.100006104,0
2002-10-04,480.200012207,0
2002-10-07,468,0
2002-10-08,470.799987793,0
2002-10-09,458.299987793,0
2002-10-10,437.399993896,0
2002-10-11,436.700012207,0
2002-10-14,458.5,0
2002-10-15,473.700012207,0
2002-10-16,474.799987793,0
2002-10-17,484.299987793,0
2002-10-18,502.100006104,0
2002-10-21,486.600006104,0
2002-10-22,476.399993896,0
2002-10-23,487.5,0
2002-10-24,479.200012207,0
2002-10-25,478.600006104,0
2002-10-28,493.700012207,0
2002-10-29,492,0
2002-10-30,482.799987793,0
2002-10-31,480.5,0
2002-11-01,476.399993896,0
2002-11-04,481.799987793,0
2002-11-05,480.100006104,0
2002-11-06,489.5,0
2002-11-07,486.600006104,0
2002-11-08,483.899993896,0
2002-11-11,474.600006104,0
2002-11-12,471.600006104,0
2002-11-13,470.299987793,0
2002-11-14,470.5,0
2002-11-15,480.100006104,0
2002-11-18,477.799987793,0
2002-11-19,478.899993896,0
2002-11-20,480.100006104,0
2002-11-21,480.700012207,0
2002-11-22,484.600006104,0
2002-11-25,491.5,0
2002-11-26,493.200012207,0
2002-11-27,503.799987793,0
2002-11-28,510.600006104,0
2002-11-29,519,0
2002-12-02,529.5,0
2002-12-03,537.799987793,0
2002-12-04,517.299987793,0
2002-12-05,528.700012207,0
2002-12-06,532.5,0
2002-12-09,529.799987793,0
2002-12-10,525.700012207,0
2002-12-11,526,0
2002-12-12,533.799987793,0
2002-12-13,535.400024414,0
2002-12-16,522.5,0
2002-12-17,527.200012207,0
2002-12-18,524.299987793,0
2002-12-20,517.599975586,0
2002-12-23,491.399993896,0
2002-12-24,480.299987793,0
2002-12-26,473.200012207,0
2002-12-27,462.799987793,0
2002-12-30,443.600006104,0
2003-01-02,466,0
2003-01-03,483.399993896,0
2003-01-06,487.299987793,0
2003-01-07,476.799987793,0
2003-01-08,481.600006104,0
2003-01-09,480.600006104,0
2003-01-10,470,0
2003-01-13,485.5,0
2003-01-14,488.5,0
2003-01-15,488.100006104,0
2003-01-16,485.5,0
2003-01-17,478.5,0
2003-01-20,473.299987793,0
2003-01-21,467.5,0
2003-01-22,455.5,0
2003-01-23,457.799987793,0
2003-01-24,442.600006104,0
2003-01-27,434,0
2003-01-28,437.5,0
2003-01-29,425.200012207,0
2003-01-30,433.899993896,0
2003-02-03,441,0
2003-02-04,443.200012207,0
2003-02-05,441,0
2003-02-06,435.399993896,0
2003-02-07,427.700012207,0
2003-02-10,422.600006104,0
2003-02-11,421.5,0
2003-02-12,424.299987793,0
2003-02-13,422.200012207,0
2003-02-14,423.799987793,0
2003-02-17,441.200012207,0
2003-02-18,439.200012207,0
2003-02-19,436.600006104,0
2003-02-20,437.899993896,0
2003-02-21,435,0
2003-02-24,438.799987793,0
2003-02-25,424.299987793,0
2003-02-26,425.799987793,0
2003-02-27,428.200012207,0
2003-02-28,417.799987793,0
2003-03-03,420.600006104,0
2003-03-04,409.799987793,0
2003-03-05,393.600006104,0
2003-03-06,381.899993896,0
2003-03-07,366.899993896,0
2003-03-10,362,0
2003-03-11,354.299987793,0
2003-03-12,368.299987793,0
2003-03-13,360.700012207,0
2003-03-14,370.100006104,0
2003-03-17,346.399993896,0
2003-03-18,365,0
2003-03-19,367.700012207,0
2003-03-20,391.399993896,0
2003-03-21,401,0
2003-03-24,395.399993896,0
2003-03-25,379.700012207,0
2003-03-26,386.299987793,0
2003-03-27,384.899993896,0
2003-03-28,392.799987793,0
2003-03-31,377.700012207,0
2003-04-01,382.5,0
2003-04-02,387.700012207,0
2003-04-03,387.700012207,0
2003-04-04,394.100006104,0
2003-04-07,411.200012207,0
2003-04-08,411.899993896,0
2003-04-09,404.899993896,0
2003-04-10,408.100006104,0
2003-04-11,410.799987793,0
2003-04-14,419.700012207,0
2003-04-15,429.600006104,0
2003-04-16,442.200012207,0
2003-04-17,439.399993896,0
2003-04-18,448.299987793,0
2003-04-21,454.600006104,0
2003-04-22,444.399993896,0
2003-04-23,439.5,0
2003-04-24,430.5,0
2003-04-25,408.899993896,0
2003-04-28,408.5,0
2003-04-29,430.5,0
2003-04-30,428,0
2003-05-02,432.899993896,0
2003-05-06,432.600006104,0
2003-05-07,436.299987793,0
2003-05-09,437.700012207,0
2003-05-12,449.600006104,0
2003-05-13,440.5,0
2003-05-14,440.100006104,0
2003-05-15,441.399993896,0
2003-05-16,439.799987793,0
2003-05-19,431.100006104,0
2003-05-20,439.600006104,0
2003-05-21,441.700012207,0
2003-05-22,443.899993896,0
2003-05-23,456.299987793,0
2003-05-26,472.399993896,0
2003-05-27,472.5,0
2003-05-28,470.299987793,0
2003-05-29,470.899993896,0
2003-05-30,471.799987793,0
2003-06-02,476.700012207,0
2003-06-03,465.899993896,0
2003-06-04,473.700012207,0
2003-06-05,472.600006104,0
2003-06-09,481.899993896,0
2003-06-10,481.799987793,0
2003-06-11,482.899993896,0
2003-06-12,492.600006104,0
2003-06-13,497.5,0
2003-06-16,500.200012207,0
2003-06-17,506.299987793,0
2003-06-18,505.5,0
2003-06-19,508.600006104,0
2003-06-20,508,0
2003-06-23,493.600006104,0
2003-06-24,489.399993896,0
2003-06-25,493.100006104,0
2003-06-26,490.100006104,0
2003-06-27,496.799987793,0
2003-06-30,497.5,0
2003-07-01,501.700012207,0
2003-07-02,507.399993896,0
2003-07-03,508.200012207,0
2003-07-04,515.900024414,0
2003-07-07,532.099975586,0
2003-07-08,531,0
2003-07-09,535,0
2003-07-10,527.900024414,0
2003-07-11,525.5,0
2003-07-14,531.200012207,0
2003-07-15,520.700012207,0
2003-07-16,522.200012207,0
2003-07-18,506,0
2003-07-21,494.899993896,0
2003-07-22,490.200012207,0
2003-07-23,487.600006104,0
2003-07-24,487.700012207,0
2003-07-25,490.100006104,0
2003-07-28,503.799987793,0
2003-07-29,501.200012207,0
2003-07-30,494.700012207,0
2003-07-31,493.299987793,0
2003-08-01,496.600006104,0
2003-08-04,485.299987793,0
2003-08-05,487.200012207,0
2003-08-06,482.399993896,0
2003-08-07,484.700012207,0
2003-08-08,481.600006104,0
2003-08-11,482.799987793,0
2003-08-12,483.100006104,0
2003-08-13,488.5,0
2003-08-14,487.600006104,0
2003-08-18,490.899993896,0
2003-08-19,491,0
2003-08-20,487.799987793,0
2003-08-21,492.200012207,0
2003-08-22,489.399993896,0
2003-08-25,494,0
2003-08-26,487.899993896,0
2003-08-27,488.299987793,0
2003-08-28,485.5,0
2003-08-29,495.399993896,0
2003-09-01,505.299987793,0
2003-09-02,508.700012207,0
2003-09-03,505.600006104,0
2003-09-04,501,0
2003-09-05,496.5,0
2003-09-08,488.299987793,0
2003-09-09,491.899993896,0
2003-09-15,492.299987793,0
2003-09-16,496.5,0
2003-09-17,496.5,0
2003-09-18,487.5,0
2003-09-19,483.700012207,0
2003-09-22,460.299987793,0
2003-09-23,463.5,0
2003-09-24,467.100006104,0
2003-09-25,456.899993896,0
2003-09-26,451,0
2003-09-29,448.5,0
2003-09-30,448.600006104,0
2003-10-01,451.899993896,0
2003-10-02,459.200012207,0
2003-10-06,465.299987793,0
2003-10-07,464.100006104,0
2003-10-08,459.600006104,0
2003-10-09,464.399993896,0
2003-10-10,470,0
2003-10-13,476.100006104,0
2003-10-14,479.5,0
2003-10-15,481.399993896,0
2003-10-16,481.700012207,0
2003-10-17,475.5,0
2003-10-20,477,0
2003-10-21,478,0
2003-10-22,474.200012207,0
2003-10-23,459,0
2003-10-24,459.899993896,0
2003-10-27,463.700012207,0
2003-10-28,468.5,0
2003-10-29,465.399993896,0
2003-10-30,468.399993896,0
2003-10-31,463.799987793,0
2003-11-03,466.399993896,0
2003-11-04,462.299987793,0
2003-11-05,460,0
2003-11-06,449.600006104,0
2003-11-07,457,0
2003-11-10,457.100006104,0
2003-11-11,454.5,0
2003-11-12,463.100006104,0
2003-11-13,469.700012207,0
2003-11-14,469,0
2003-11-17,467.899993896,0
2003-11-18,475.100006104,0
2003-11-19,460.899993896,0
2003-11-20,459.700012207,0
2003-11-21,456.700012207,0
2003-11-24,438.100006104,0
2003-11-25,448.200012207,0
2003-11-26,454.899993896,0
2003-11-27,453.5,0
2003-11-28,458.399993896,0
2003-12-01,468.5,0
2003-12-02,470.799987793,0
2003-12-03,471.700012207,0
2003-12-04,473.700012207,0
2003-12-05,470.799987793,0
2003-12-08,469,0
2003-12-09,468.799987793,0
2003-12-10,466.200012207,0
2003-12-11,468.200012207,0
2003-12-12,471.100006104,0
2003-12-15,476,0
2003-12-16,467,0
2003-12-17,463.399993896,0
2003-12-18,460.399993896,0
2003-12-19,454.5,0
2003-12-22,441.5,0
2003-12-23,435.5,0
2003-12-24,430.899993896,0
2003-12-26,432.5,0
2003-12-29,440.5,0
2003-12-30,448.700012207,0
2004-01-02,451.399993896,0
2004-01-05,452.700012207,0
2004-01-06,447.299987793,0
2004-01-07,446.100006104,0
2004-01-08,444.100006104,0
2004-01-09,453,0
2004-01-12,458,0
2004-01-13,457,0
2004-01-14,458.399993896,0
2004-01-15,450,0
2004-01-16,445.399993896,0
2004-01-19,441.5,0
2004-01-20,445.700012207,0
2004-01-26,448.25,0
2004-01-27,445.040008545,0
2004-01-28,441.459991455,0
2004-01-29,442.149993896,0
2004-01-30,441.450012207,0
2004-02-02,444.510009766,0
2004-02-03,437.809997559,0
2004-02-04,437.450012207,0
2004-02-05,436.869995117,0
2004-02-06,437.320007324,0
2004-02-09,439.779998779,0
2004-02-10,438.959991455,0
2004-02-11,440.100006104,0
2004-02-12,437.470001221,0
2004-02-13,442.910003662,0
2004-02-16,446.130004883,0
2004-02-17,444.880004883,0
2004-02-18,448.019989014,0
2004-02-19,445.670013428,0
2004-02-20,443.309997559,0
2004-02-23,443.890014648,0
2004-02-24,433.679992676,0
2004-02-25,428.929992676,0
2004-02-26,424.570007324,0
2004-02-27,428.679992676,0
2004-03-02,430.640014648,0
2004-03-03,434.769989014,0
2004-03-04,437.640014648,0
2004-03-05,440.209991455,0
2004-03-08,439.380004883,0
2004-03-09,438.079986572,0
2004-03-10,433.399993896,0
2004-03-11,435.25,0
2004-03-12,420.279998779,0
2004-03-15,425.260009766,0
2004-03-16,423.010009766,0
2004-03-17,431.390014648,0
2004-03-18,435.410003662,0
2004-03-19,435.959991455,0
2004-03-22,429.709991455,0
2004-03-23,428.559997559,0
2004-03-24,428.019989014,0
2004-03-25,421.950012207,0
2004-03-26,426.019989014,0
2004-03-29,432.299987793,0
2004-03-30,431.390014648,0
2004-03-31,434.160003662,0
2004-04-01,439,0
2004-04-02,446.850006104,0
2004-04-06,455.369995117,0
2004-04-07,457.679992676,0
2004-04-08,460.529998779,0
2004-04-09,457.920013428,0
2004-04-12,460.369995117,0
2004-04-13,454.429992676,0
2004-04-14,454.200012207,0
2004-04-16,454.130004883,0
2004-04-19,457.859985352,0
2004-04-20,465.019989014,0
2004-04-21,468.809997559,0
2004-04-22,475.880004883,0
2004-04-23,488.130004883,0
2004-04-26,491.529998779,0
2004-04-27,488.149993896,0
2004-04-28,478.700012207,0
2004-04-29,456.040008545,0
2004-04-30,453.470001221,0
2004-05-03,452.869995117,0
2004-05-04,458.799987793,0
2004-05-06,437.329986572,0
2004-05-07,436.25,0
2004-05-10,407.410003662,0
2004-05-11,401.470001221,0
2004-05-12,417.940002441,0
2004-05-13,415.089996338,0
2004-05-14,404.929992676,0
2004-05-17,375.75,0
2004-05-18,382.109985352,0
2004-05-19,397.109985352,0
2004-05-20,385.320007324,0
2004-05-21,393.010009766,0
2004-05-24,400.559997559,0
2004-05-25,393.420013428,0
2004-05-27,397.839996338,0
2004-05-28,401.589996338,0
2004-05-31,400.920013428,0
2004-06-01,405.899993896,0
2004-06-02,407.829986572,0
2004-06-03,394.929992676,0
2004-06-04,397.850006104,0
2004-06-07,404.570007324,0
2004-06-08,402.010009766,0
2004-06-09,400.630004883,0
2004-06-10,400.089996338,0
2004-06-11,387.760009766,0
2004-06-14,375.679992676,0
2004-06-15,379.269989014,0
2004-06-16,376.709991455,0
2004-06-17,375.019989014,0
2004-06-18,370.200012207,0
2004-06-21,369.119995117,0
2004-06-22,366.279998779,0
2004-06-23,361.170013428,0
2004-06-24,366.410003662,0
2004-06-25,371.940002441,0
2004-06-28,372.029998779,0
2004-06-29,376.670013428,0
2004-06-30,385.179992676,0
2004-07-01,383.839996338,0
2004-07-02,376.130004883,0
2004-07-05,376.510009766,0
2004-07-06,375.350006104,0
2004-07-07,372.649993896,0
2004-07-08,366.899993896,0
2004-07-09,370.140014648,0
2004-07-12,368.570007324,0
2004-07-13,368.269989014,0
2004-07-14,361.619995117,0
2004-07-15,357.690002441,0
2004-07-16,358.730010986,0
2004-07-19,360.480010986,0
2004-07-20,354.260009766,0
2004-07-21,358.940002441,0
2004-07-22,351.690002441,0
2004-07-23,350.200012207,0
2004-07-26,344.350006104,0
2004-07-27,341.5,0
2004-07-28,340.100006104,0
2004-07-29,328.440002441,0
2004-07-30,331.209991455,0
2004-08-02,325.179992676,0
2004-08-03,325.660003662,0
2004-08-04,324.709991455,0
2004-08-05,333.809997559,0
2004-08-06,331.670013428,0
2004-08-09,333.899993896,0
2004-08-10,338.859985352,0
2004-08-11,337.739990234,0
2004-08-12,343.450012207,0
2004-08-13,346.089996338,0
2004-08-16,346.269989014,0
2004-08-17,345.660003662,0
2004-08-18,346.540008545,0
2004-08-19,351.420013428,0
2004-08-20,350.630004883,0
2004-08-23,352.049987793,0
2004-08-24,354.119995117,0
2004-08-25,356.320007324,0
2004-08-26,358.790008545,0
2004-08-27,357.779998779,0
2004-08-30,353.470001221,0
2004-08-31,355.660003662,0
2004-09-01,365.739990234,0
2004-09-02,369.529998779,0
2004-09-03,367.529998779,0
2004-09-06,368.160003662,0
2004-09-07,366.690002441,0
2004-09-08,365.190002441,0
2004-09-09,366.809997559,0
2004-09-10,370.309997559,0
2004-09-13,374.589996338,0
2004-09-14,371.989990234,0
2004-09-15,372.260009766,0
2004-09-16,371.380004883,0
2004-09-17,371.049987793,0
2004-09-20,372.929992676,0
2004-09-21,372.190002441,0
2004-09-22,364.010009766,0
2004-09-23,359.529998779,0
2004-09-24,362.25,0
2004-09-30,362.079986572,0
2004-10-01,365.649993896,0
2004-10-04,371.660003662,0
2004-10-05,373.630004883,0
2004-10-06,372.329986572,0
2004-10-07,370.519989014,0
2004-10-08,369.739990234,0
2004-10-11,373.940002441,0
2004-10-12,369.109985352,0
2004-10-13,372.540008545,0
2004-10-14,369.950012207,0
2004-10-15,369.279998779,0
2004-10-18,368.359985352,0
2004-10-19,370.040008545,0
2004-10-20,362.649993896,0
2004-10-21,358.25,0
2004-10-22,359.269989014,0
2004-10-25,353.489990234,0
2004-10-26,353.450012207,0
2004-10-27,350.700012207,0
2004-10-28,355.570007324,0
2004-10-29,357.040008545,0
2004-11-01,359.510009766,0
2004-11-02,360.75,0
2004-11-03,362.589996338,0
2004-11-04,361.269989014,0
2004-11-05,362.700012207,0
2004-11-08,360.179992676,0
2004-11-09,360.269989014,0
2004-11-10,361.980010986,0
2004-11-11,362.940002441,0
2004-11-12,368.799987793,0
2004-11-15,372.910003662,0
2004-11-16,370.899993896,0
2004-11-17,375.890014648,0
2004-11-18,372.559997559,0
2004-11-19,372.529998779,0
2004-11-22,369.559997559,0
2004-11-23,373.220001221,0
2004-11-24,374.170013428,0
2004-11-25,373.839996338,0
2004-11-26,369.540008545,0
2004-11-29,370.260009766,0
2004-11-30,373.429992676,0
2004-12-01,376.160003662,0
2004-12-02,379.339996338,0
2004-12-03,378.720001221,0
2004-12-06,378.279998779,0
2004-12-07,376.890014648,0
2004-12-08,375.279998779,0
2004-12-09,375.5,0
2004-12-10,372.079986572,0
2004-12-13,372.130004883,0
2004-12-14,372.739990234,0
2004-12-15,379.320007324,0
2004-12-16,380.220001221,0
2004-12-17,381.440002441,0
2004-12-20,382.709991455,0
2004-12-21,380.470001221,0
2004-12-22,380.540008545,0
2004-12-23,376.649993896,0
2004-12-24,375.119995117,0
2004-12-27,374.459991455,0
2004-12-28,370.769989014,0
2004-12-29,372.799987793,0
2004-12-30,380.329986572,0
2005-01-03,390.399993896,0
2005-01-04,393,0
2005-01-05,399.679992676,0
2005-01-06,404.149993896,0
2005-01-07,408.170013428,0
2005-01-10,418.709991455,0
2005-01-11,416.559997559,0
2005-01-12,414.630004883,0
2005-01-13,423.059997559,0
2005-01-14,428.399993896,0
2005-01-17,446.040008545,0
2005-01-18,449.019989014,0
2005-01-19,455.589996338,0
2005-01-20,450.630004883,0
2005-01-21,460.619995117,0
2005-01-24,472.75,0
2005-01-25,467.290008545,0
2005-01-26,468.489990234,0
2005-01-27,466.450012207,0
2005-01-28,468.529998779,0
2005-01-31,472.950012207,0
2005-02-01,472.739990234,0
2005-02-02,466.040008545,0
2005-02-03,461.779998779,0
2005-02-04,465.510009766,0
2005-02-07,481.399993896,0
2005-02-11,486.880004883,0
2005-02-14,503.239990234,0
2005-02-15,508.089996338,0
2005-02-16,513.25,0
2005-02-17,515.039978027,0
2005-02-18,510.660003662,0
2005-02-21,508.609985352,0
2005-02-22,494.829986572,0
2005-02-23,490.279998779,0
2005-02-24,497.609985352,0
2005-02-25,494.869995117,0
2005-02-28,498.380004883,0
2005-03-02,498.549987793,0
2005-03-03,498.570007324,0
2005-03-04,501.899993896,0
2005-03-07,495.320007324,0
2005-03-08,481.980010986,0
2005-03-09,481.980010986,0
2005-03-10,482.670013428,0
2005-03-11,490.739990234,0
2005-03-14,493.989990234,0
2005-03-15,482.019989014,0
2005-03-16,483.660003662,0
2005-03-17,471.739990234,0
2005-03-18,465.480010986,0
2005-03-21,463.420013428,0
2005-03-22,460.679992676,0
2005-03-23,452.910003662,0
2005-03-24,449.350006104,0
2005-03-25,456.149993896,0
2005-03-28,459.809997559,0
2005-03-29,453.239990234,0
2005-03-30,455.049987793,0
2005-03-31,455.029998779,0
2005-04-01,462.230010986,0
2005-04-04,461.880004883,0
2005-04-06,463.600006104,0
2005-04-07,463.079986572,0
2005-04-08,463.899993896,0
2005-04-11,462.869995117,0
2005-04-12,460.869995117,0
2005-04-13,460.899993896,0
2005-04-14,455.549987793,0
2005-04-15,449.079986572,0
2005-04-18,429.730010986,0
2005-04-19,437.730010986,0
2005-04-20,442.200012207,0
2005-04-21,439.829986572,0
2005-04-22,442.630004883,0
2005-04-25,443.899993896,0
2005-04-26,441.989990234,0
2005-04-27,436.649993896,0
2005-04-28,431.170013428,0
2005-04-29,424.399993896,0
2005-05-02,426.609985352,0
2005-05-03,423.299987793,0
2005-05-04,429.410003662,0
2005-05-06,433.290008545,0
2005-05-09,429.609985352,0
2005-05-10,430.760009766,0
2005-05-11,425.589996338,0
2005-05-12,428.269989014,0
2005-05-13,431.769989014,0
2005-05-16,435.019989014,0
2005-05-17,434.519989014,0
2005-05-18,436.549987793,0
2005-05-19,445.609985352,0
2005-05-20,445.859985352,0
2005-05-23,450.220001221,0
2005-05-24,451.940002441,0
2005-05-25,453.170013428,0
2005-05-26,456.190002441,0
2005-05-27,463.220001221,0
2005-05-30,468.25,0
2005-05-31,471.480010986,0
2005-06-01,468.809997559,0
2005-06-02,475.070007324,0
2005-06-03,480.649993896,0
2005-06-07,482.660003662,0
2005-06-08,484.890014648,0
2005-06-09,488.100006104,0
2005-06-10,486.579986572,0
2005-06-13,486.619995117,0
2005-06-14,479.470001221,0
2005-06-15,486.459991455,0
2005-06-16,490.220001221,0
2005-06-17,491.029998779,0
2005-06-20,489.200012207,0
2005-06-21,485.119995117,0
2005-06-22,489.730010986,0
2005-06-23,494.920013428,0
2005-06-24,493.980010986,0
2005-06-27,491.329986572,0
2005-06-28,492.839996338,0
2005-06-29,497.630004883,0
2005-06-30,503.209991455,0
2005-07-01,507.510009766,0
2005-07-04,512.5,0
2005-07-05,513.530029297,0
2005-07-06,516.409973145,0
2005-07-07,519.849975586,0
2005-07-08,518.659973145,0
2005-07-11,526.099975586,0
2005-07-12,523.700012207,0
2005-07-13,521.869995117,0
2005-07-14,524.369995117,0
2005-07-15,524.630004883,0
2005-07-18,527.179992676,0
2005-07-19,530.630004883,0
2005-07-20,521.679992676,0
2005-07-21,520.609985352,0
2005-07-22,521.510009766,0
2005-07-25,528.950012207,0
2005-07-26,532.539978027,0
2005-07-27,538.599975586,0
2005-07-28,547.66998291,0
2005-07-29,546.679992676,0
2005-08-01,544.83001709,0
2005-08-02,541.780029297,0
2005-08-03,532.549987793,0
2005-08-04,524.630004883,0
2005-08-05,511.989990234,0
2005-08-08,507.380004883,0
2005-08-09,515.539978027,0
2005-08-10,520.760009766,0
2005-08-11,524.739990234,0
2005-08-12,525.640014648,0
2005-08-16,517.619995117,0
2005-08-17,513.270019531,0
2005-08-18,505.059997559,0
2005-08-19,509.209991455,0
2005-08-22,518.340026855,0
2005-08-23,521.380004883,0
2005-08-24,518.299987793,0
2005-08-25,517.630004883,0
2005-08-26,512.16998291,0
2005-08-29,492.660003662,0
2005-08-30,497.959991455,0
2005-08-31,503.950012207,0
2005-09-01,512.450012207,0
2005-09-02,517.08001709,0
2005-09-05,522.789978027,0
2005-09-06,524.400024414,0
2005-09-07,530.530029297,0
2005-09-08,529.299987793,0
2005-09-09,532.059997559,0
2005-09-12,532.109985352,0
2005-09-13,528.020019531,0
2005-09-14,529.640014648,0
2005-09-15,526.450012207,0
2005-09-16,536.599975586,0
2005-09-20,543.590026855,0
2005-09-21,542.679992676,0
2005-09-22,547.010009766,0
2005-09-23,543.659973145,0
2005-09-26,550.400024414,0
2005-09-27,554.630004883,0
2005-09-28,562.25,0
2005-09-29,568.08001709,0
2005-09-30,571.950012207,0
2005-10-04,588.210021973,0
2005-10-05,592.140014648,0
2005-10-06,588.520019531,0
2005-10-07,590.479980469,0
2005-10-10,603.849975586,0
2005-10-11,609.58001709,0
2005-10-12,606.320007324,0
2005-10-13,606.119995117,0
2005-10-14,600.039978027,0
2005-10-17,587.58001709,0
2005-10-18,591.770019531,0
2005-10-19,573.190002441,0
2005-10-20,574.609985352,0
2005-10-21,584.41998291,0
2005-10-24,592.179992676,0
2005-10-25,593.789978027,0
2005-10-26,594.58001709,0
2005-10-27,588.289978027,0
2005-10-28,580.91998291,0
2005-10-31,587.460021973,0
2005-11-01,594.820007324,0
2005-11-02,606.799987793,0
2005-11-03,610.369995117,0
2005-11-04,617.429992676,0
2005-11-07,622.590026855,0
2005-11-08,623.75,0
2005-11-09,628.719970703,0
2005-11-10,636.729980469,0
2005-11-11,640.400024414,0
2005-11-14,642.609985352,0
2005-11-15,643.849975586,0
2005-11-16,648.130004883,0
2005-11-17,653.5,0
2005-11-18,661.41998291,0
2005-11-21,666.039978027,0
2005-11-22,667.710021973,0
2005-11-23,682.270019531,0
2005-11-24,690.869995117,0
2005-11-25,700.219970703,0
2005-11-28,704.469970703,0
2005-11-29,697.049987793,0
2005-11-30,712.390014648,0
2005-12-01,727.429992676,0
2005-12-02,733.869995117,0
2005-12-05,747.460021973,0
2005-12-06,747.960021973,0
2005-12-07,729.440002441,0
2005-12-08,725.849975586,0
2005-12-09,726.140014648,0
2005-12-12,733.41998291,0
2005-12-13,738.989990234,0
2005-12-14,743.409973145,0
2005-12-15,741.599975586,0
2005-12-16,716.380004883,0
2005-12-19,723.369995117,0
2005-12-20,718.739990234,0
2005-12-21,722.58001709,0
2005-12-22,694.25,0
2005-12-23,691.229980469,0
2005-12-26,698.599975586,0
2005-12-27,688.229980469,0
2005-12-28,691.260009766,0
2005-12-29,701.789978027,0
2006-01-02,727.070007324,0
2006-01-03,735.150024414,0
2006-01-04,740.479980469,0
2006-01-05,736.659973145,0
2006-01-06,747.099975586,0
2006-01-09,753.880004883,0
2006-01-10,744.710021973,0
2006-01-11,744.16998291,0
2006-01-12,742.070007324,0
2006-01-13,746.340026855,0
2006-01-16,754.969970703,0
2006-01-17,739.099975586,0
2006-01-18,708.08001709,0
2006-01-19,705.570007324,0
2006-01-20,665.309997559,0
2006-01-23,601.33001709,0
2006-01-24,618.179992676,0
2006-01-25,641.969970703,0
2006-01-26,653.520019531,0
2006-01-27,677.690002441,0
2006-01-31,690.239990234,0
2006-02-01,661.190002441,0
2006-02-02,664.440002441,0
2006-02-03,641.200012207,0
2006-02-06,644.929992676,0
2006-02-07,650.070007324,0
2006-02-08,643.489990234,0
2006-02-09,649.75,0
2006-02-10,655.609985352,0
2006-02-13,653.210021973,0
2006-02-14,653.349975586,0
2006-02-15,639.91998291,0
2006-02-16,645.049987793,0
2006-02-17,649.75,0
2006-02-20,656.659973145,0
2006-02-21,661.25,0
2006-02-22,660.849975586,0
2006-02-23,668.460021973,0
2006-02-24,672.940002441,0
2006-02-27,682.33001709,0
2006-02-28,682.359985352,0
2006-03-02,679.190002441,0
2006-03-03,665.049987793,0
2006-03-06,669.559997559,0
2006-03-07,658.479980469,0
2006-03-08,657.08001709,0
2006-03-09,665.570007324,0
2006-03-10,668.659973145,0
2006-03-13,672.320007324,0
2006-03-14,667.059997559,0
2006-03-15,663.630004883,0
2006-03-16,655.729980469,0
2006-03-17,652.890014648,0
2006-03-20,655.909973145,0
2006-03-21,657.989990234,0
2006-03-22,645.469970703,0
2006-03-23,645.25,0
2006-03-24,644.570007324,0
2006-03-27,644.869995117,0
2006-03-28,637.409973145,0
2006-03-29,640.049987793,0
2006-03-30,653.049987793,0
2006-03-31,665.210021973,0
2006-04-03,677.280029297,0
2006-04-04,680.349975586,0
2006-04-05,688.380004883,0
2006-04-06,693.770019531,0
2006-04-07,694.349975586,0
2006-04-10,695.400024414,0
2006-04-11,691.960021973,0
2006-04-12,690.599975586,0
2006-04-13,697.390014648,0
2006-04-14,704.570007324,0
2006-04-17,702.960021973,0
2006-04-18,702.840026855,0
2006-04-19,701.849975586,0
2006-04-20,694.119995117,0
2006-04-21,701.489990234,0
2006-04-24,695.700012207,0
2006-04-25,689.210021973,0
2006-04-26,693.219970703,0
2006-04-27,693.369995117,0
2006-04-28,685.440002441,0
2006-05-02,687.840026855,0
2006-05-03,689.890014648,0
2006-05-04,689.890014648,0
2006-05-08,691.890014648,0
2006-05-09,686.119995117,0
2006-05-10,683.369995117,0
2006-05-11,689.969970703,0
2006-05-12,686.010009766,0
2006-05-15,675.299987793,0
2006-05-16,662.140014648,0
2006-05-17,671.239990234,0
2006-05-18,650.900024414,0
2006-05-19,658.559997559,0
2006-05-22,643.700012207,0
2006-05-23,640.340026855,0
2006-05-24,636.979980469,0
2006-05-25,620.200012207,0
2006-05-26,633.909973145,0
2006-05-29,638.270019531,0
2006-05-30,630.5,0
2006-06-01,612.799987793,0
2006-06-02,612.840026855,0
2006-06-05,598.710021973,0
2006-06-07,562.909973145,0
2006-06-08,559.409973145,0
2006-06-09,578.710021973,0
2006-06-12,585.659973145,0
2006-06-13,568.640014648,0
2006-06-14,577.349975586,0
2006-06-15,575.679992676,0
2006-06-16,587.08001709,0
2006-06-19,578.109985352,0
2006-06-20,564.780029297,0
2006-06-21,566.309997559,0
2006-06-22,564.229980469,0
2006-06-23,559.369995117,0
2006-06-26,560.91998291,0
2006-06-27,566.219970703,0
2006-06-28,563.609985352,0
2006-06-29,576.91998291,0
2006-06-30,590.679992676,0
2006-07-03,589.219970703,0
2006-07-04,585.83001709,0
2006-07-05,575.979980469,0
2006-07-06,570.070007324,0
2006-07-07,573.039978027,0
2006-07-10,576.380004883,0
2006-07-11,574.979980469,0
2006-07-12,578.239990234,0
2006-07-13,571.109985352,0
2006-07-14,559.659973145,0
2006-07-18,543.969970703,0
2006-07-19,539.809997559,0
2006-07-20,553.909973145,0
2006-07-21,551.630004883,0
2006-07-24,548.679992676,0
2006-07-25,552.340026855,0
2006-07-26,554.08001709,0
2006-07-27,555.650024414,0
2006-07-28,556.690002441,0
2006-07-31,557.659973145,0
2006-08-01,550.210021973,0
2006-08-02,551.440002441,0
2006-08-03,546.150024414,0
2006-08-04,549.75,0
2006-08-07,544.840026855,0
2006-08-08,546.479980469,0
2006-08-09,552.320007324,0
2006-08-10,555.530029297,0
2006-08-11,553.16998291,0
2006-08-14,549.859985352,0
2006-08-16,548.070007324,0
2006-08-17,551.809997559,0
2006-08-18,551.909973145,0
2006-08-21,550.869995117,0
2006-08-22,554.090026855,0
2006-08-23,554.229980469,0
2006-08-24,551.760009766,0
2006-08-25,556.409973145,0
2006-08-28,556.280029297,0
2006-08-29,560.799987793,0
2006-08-30,565.099975586,0
2006-08-31,572.83001709,0
2006-09-01,577.729980469,0
2006-09-04,586.770019531,0
2006-09-05,592.83001709,0
2006-09-06,592.5,0
2006-09-07,591.640014648,0
2006-09-08,597.679992676,0
2006-09-11,591.960021973,0
2006-09-12,588.640014648,0
2006-09-13,592.450012207,0
2006-09-14,600.950012207,0
2006-09-15,606.219970703,0
2006-09-18,613.390014648,0
2006-09-19,614.799987793,0
2006-09-20,613.130004883,0
2006-09-21,611.969970703,0
2006-09-22,599.41998291,0
2006-09-25,597.289978027,0
2006-09-26,591.630004883,0
2006-09-27,595.460021973,0
2006-09-28,599.909973145,0
2006-09-29,600.41998291,0
2006-10-02,596.989990234,0
2006-10-04,587.320007324,0
2006-10-09,539.099975586,0
2006-10-10,554.700012207,0
2006-10-11,555.479980469,0
2006-10-12,568.25,0
2006-10-13,574.219970703,0
2006-10-16,582.039978027,0
2006-10-17,577.030029297,0
2006-10-18,578.25,0
2006-10-19,577.429992676,0
2006-10-20,582.650024414,0
2006-10-23,586.789978027,0
2006-10-24,585.280029297,0
2006-10-25,587.429992676,0
2006-10-26,587.270019531,0
2006-10-27,586.099975586,0
2006-10-30,580.099975586,0
2006-10-31,586.099975586,0
2006-11-01,594.700012207,0
2006-11-02,595.400024414,0
2006-11-03,598.789978027,0
2006-11-06,600.059997559,0
2006-11-07,600.690002441,0
2006-11-08,596.609985352,0
2006-11-09,602.799987793,0
2006-11-10,603.960021973,0
2006-11-13,604.900024414,0
2006-11-14,608.090026855,0
2006-11-15,606.539978027,0
2006-11-16,609.640014648,0
2006-11-17,610.929992676,0
2006-11-20,608.239990234,0
2006-11-21,607.429992676,0
2006-11-22,614.869995117,0
2006-11-23,618.08001709,0
2006-11-24,616.679992676,0
2006-11-27,615.780029297,0
2006-11-28,612.929992676,0
2006-11-29,617.190002441,0
2006-11-30,622.16998291,0
2006-12-01,619.760009766,0
2006-12-04,618.130004883,0
2006-12-05,619.869995117,0
2006-12-06,614.989990234,0
2006-12-07,614.429992676,0
2006-12-08,608.390014648,0
2006-12-11,610.030029297,0
2006-12-12,597.460021973,0
2006-12-13,598.349975586,0
2006-12-14,605.890014648,0
2006-12-15,612.289978027,0
2006-12-18,616.590026855,0
2006-12-19,613.429992676,0
2006-12-20,614.270019531,0
2006-12-21,608.690002441,0
2006-12-22,601.599975586,0
2006-12-26,590.119995117,0
2006-12-27,592.179992676,0
2006-12-28,606.150024414,0
2007-01-02,608.719970703,0
2007-01-03,602.690002441,0
2007-01-04,603.940002441,0
2007-01-05,602.349975586,0
2007-01-08,597.83001709,0
2007-01-09,601.950012207,0
2007-01-10,596.780029297,0
2007-01-11,600.940002441,0
2007-01-12,608.010009766,0
2007-01-15,608.469970703,0
2007-01-16,605.5,0
2007-01-17,598.16998291,0
2007-01-18,597.049987793,0
2007-01-19,583.619995117,0
2007-01-22,577.119995117,0
2007-01-23,571.039978027,0
2007-01-24,580.270019531,0
2007-01-25,583.58001709,0
2007-01-26,583.150024414,0
2007-01-29,582.479980469,0
2007-01-30,581.039978027,0
2007-01-31,576.369995117,0
2007-02-01,582.460021973,0
2007-02-02,591.719970703,0
2007-02-05,594.609985352,0
2007-02-06,596.219970703,0
2007-02-07,600.559997559,0
2007-02-08,601.820007324,0
2007-02-09,601.890014648,0
2007-02-12,599.190002441,0
2007-02-13,596.710021973,0
2007-02-14,602.780029297,0
2007-02-15,604.16998291,0
2007-02-16,605.070007324,0
2007-02-20,607.479980469,0
2007-02-21,608.159973145,0
2007-02-22,610.409973145,0
2007-02-23,610.83001709,0
2007-02-26,613.010009766,0
2007-02-27,611.520019531,0
2007-02-28,600.929992676,0
2007-03-05,594.030029297,0
2007-03-06,601.960021973,0
2007-03-07,606.190002441,0
2007-03-08,611.690002441,0
2007-03-09,613.409973145,0
2007-03-12,619.619995117,0
2007-03-13,620.409973145,0
2007-03-14,613.309997559,0
2007-03-15,624.700012207,0
2007-03-16,631.390014648,0
2007-03-19,643.890014648,0
2007-03-20,645.369995117,0
2007-03-21,643.820007324,0
2007-03-22,645.770019531,0
2007-03-23,640.890014648,0
2007-03-26,640.880004883,0
2007-03-27,641.200012207,0
2007-03-28,636.820007324,0
2007-03-29,645.369995117,0
2007-03-30,648.989990234,0
2007-04-02,651.780029297,0
2007-04-03,655.219970703,0
2007-04-04,660.809997559,0
2007-04-05,663.979980469,0
2007-04-06,666,0
2007-04-09,670.539978027,0
2007-04-10,674.409973145,0
2007-04-11,676.700012207,0
2007-04-12,681.190002441,0
2007-04-13,685.219970703,0
2007-04-16,697.090026855,0
2007-04-17,690.159973145,0
2007-04-18,689.950012207,0
2007-04-19,682.849975586,0
2007-04-20,691.559997559,0
2007-04-23,692.010009766,0
2007-04-24,691.599975586,0
2007-04-25,683.659973145,0
2007-04-26,681.929992676,0
2007-04-27,675.520019531,0
2007-04-30,675.880004883,0
2007-05-02,682.070007324,0
2007-05-03,686.530029297,0
2007-05-04,693.440002441,0
2007-05-07,702.760009766,0
2007-05-08,698.25,0
2007-05-09,701.5,0
2007-05-10,704.440002441,0
2007-05-11,707.969970703,0
2007-05-14,703.83001709,0
2007-05-15,697.530029297,0
2007-05-16,701.400024414,0
2007-05-17,710.66998291,0
2007-05-18,711.08001709,0
2007-05-21,709.229980469,0
2007-05-22,710.859985352,0
2007-05-23,716.83001709,0
2007-05-25,719.539978027,0
2007-05-28,729.159973145,0
2007-05-29,734.820007324,0
2007-05-30,735.599975586,0
2007-05-31,747.869995117,0
2007-06-01,742.609985352,0
2007-06-04,745.489990234,0
2007-06-05,750.08001709,0
2007-06-07,761.840026855,0
2007-06-08,760.630004883,0
2007-06-11,758.690002441,0
2007-06-12,763.049987793,0
2007-06-13,765.530029297,0
2007-06-14,783.020019531,0
2007-06-15,800.609985352,0
2007-06-18,818.109985352,0
2007-06-19,819.969970703,0
2007-06-20,797.270019531,0
2007-06-21,810.359985352,0
2007-06-22,809.58001709,0
2007-06-25,796.799987793,0
2007-06-26,780.309997559,0
2007-06-27,761.030029297,0
2007-06-28,778.5,0
2007-06-29,778.690002441,0
2007-07-02,784.609985352,0
2007-07-03,796.710021973,0
2007-07-04,804.020019531,0
2007-07-05,802.869995117,0
2007-07-06,811.059997559,0
2007-07-09,813.590026855,0
2007-07-10,814.849975586,0
2007-07-11,820.020019531,0
2007-07-12,828.219970703,0
2007-07-13,825.400024414,0
2007-07-16,819.909973145,0
2007-07-18,818.91998291,0
2007-07-19,819.320007324,0
2007-07-20,825.33001709,0
2007-07-23,818.789978027,0
2007-07-24,813.469970703,0
2007-07-25,819.599975586,0
2007-07-26,817.280029297,0
2007-07-27,792.059997559,0
2007-07-30,794.190002441,0
2007-07-31,811.520019531,0
2007-08-01,789.460021973,0
2007-08-02,786.520019531,0
2007-08-03,798.859985352,0
2007-08-06,795.849975586,0
2007-08-07,800.83001709,0
2007-08-08,807.960021973,0
2007-08-09,812.690002441,0
2007-08-10,788.409973145,0
2007-08-13,786.200012207,0
2007-08-14,766.91998291,0
2007-08-16,689.070007324,0
2007-08-17,673.479980469,0
2007-08-20,721.590026855,0
2007-08-21,727.880004883,0
2007-08-22,741.429992676,0
2007-08-23,756.270019531,0
2007-08-24,754.159973145,0
2007-08-27,760.630004883,0
2007-08-28,760.429992676,0
2007-08-29,758.640014648,0
2007-08-30,765.599975586,0
2007-08-31,775.130004883,0
2007-09-03,778.890014648,0
2007-09-04,775.760009766,0
2007-09-05,773.539978027,0
2007-09-06,776.900024414,0
2007-09-07,775.849975586,0
2007-09-10,760.719970703,0
2007-09-11,767.320007324,0
2007-09-12,757.83001709,0
2007-09-13,767.390014648,0
2007-09-14,783.270019531,0
2007-09-17,784.75,0
2007-09-18,775.450012207,0
2007-09-19,784.66998291,0
2007-09-20,781.960021973,0
2007-09-21,788.409973145,0
2007-09-27,792.130004883,0
2007-09-28,794.559997559,0
2007-10-01,803.119995117,0
2007-10-02,810.320007324,0
2007-10-04,814.719970703,0
2007-10-05,813.510009766,0
2007-10-08,816.469970703,0
2007-10-09,812.799987793,0
2007-10-10,818.260009766,0
2007-10-11,817.280029297,0
2007-10-12,806.690002441,0
2007-10-15,813.929992676,0
2007-10-16,792.729980469,0
2007-10-17,780.219970703,0
2007-10-18,792.200012207,0
2007-10-19,786.929992676,0
2007-10-22,768.900024414,0
2007-10-23,789,0
2007-10-24,781.789978027,0
2007-10-25,793.700012207,0
2007-10-26,799.059997559,0
2007-10-29,807.309997559,0
2007-10-30,804.989990234,0
2007-10-31,810.070007324,0
2007-11-01,809.5,0
2007-11-02,797.659973145,0
2007-11-05,794.650024414,0
2007-11-06,800.91998291,0
2007-11-07,794.08001709,0
2007-11-08,779.650024414,0
2007-11-09,779.039978027,0
2007-11-12,754.729980469,0
2007-11-13,756.590026855,0
2007-11-14,764.150024414,0
2007-11-15,751.270019531,0
2007-11-16,755.289978027,0
2007-11-19,750.789978027,0
2007-11-20,739.469970703,0
2007-11-21,727.33001709,0
2007-11-22,722.039978027,0
2007-11-23,700.679992676,0
2007-11-26,721.409973145,0
2007-11-27,725.549987793,0
2007-11-28,723.539978027,0
2007-11-29,734.91998291,0
2007-11-30,741.840026855,0
2007-12-03,736.929992676,0
2007-12-04,747.530029297,0
2007-12-05,749.950012207,0
2007-12-06,751.570007324,0
2007-12-07,747.650024414,0
2007-12-10,739.190002441,0
2007-12-11,734.33001709,0
2007-12-12,729.520019531,0
2007-12-13,733.679992676,0
2007-12-14,725.530029297,0
2007-12-17,702.489990234,0
2007-12-18,709.469970703,0
2007-12-20,700.690002441,0
2007-12-21,697.460021973,0
2007-12-24,698.729980469,0
2007-12-26,692.020019531,0
2007-12-27,699.650024414,0
2007-12-28,704.229980469,0
2008-01-02,707.119995117,0
2008-01-03,714,0
2008-01-04,719.25,0
2008-01-07,711.770019531,0
2008-01-08,709.309997559,0
2008-01-09,712.710021973,0
2008-01-10,713.359985352,0
2008-01-11,699.239990234,0
2008-01-14,688.590026855,0
2008-01-15,673.25,0
2008-01-16,651.359985352,0
2008-01-17,651.909973145,0
2008-01-18,666.320007324,0
2008-01-21,651.869995117,0
2008-01-22,614.799987793,0
2008-01-23,619.979980469,0
2008-01-24,638.979980469,0
2008-01-25,653.780029297,0
2008-01-28,634.520019531,0
2008-01-29,632.66998291,0
2008-01-30,603.109985352,0
2008-01-31,608.840026855,0
2008-02-01,612.570007324,0
2008-02-04,638.380004883,0
2008-02-05,642.349975586,0
2008-02-11,629.940002441,0
2008-02-12,636.289978027,0
2008-02-13,635.890014648,0
2008-02-14,649.530029297,0
2008-02-15,651.570007324,0
2008-02-18,654.710021973,0
2008-02-19,660.75,0
2008-02-20,652.760009766,0
2008-02-21,654.409973145,0
2008-02-22,653.119995117,0
2008-02-25,653.83001709,0
2008-02-26,656.429992676,0
2008-02-27,655.049987793,0
2008-02-28,659.280029297,0
2008-02-29,655.940002441,0
2008-03-03,644.510009766,0
2008-03-04,645.390014648,0
2008-03-05,645.429992676,0
2008-03-06,652.549987793,0
2008-03-07,643.75,0
2008-03-10,622.599975586,0
2008-03-11,627.140014648,0
2008-03-12,631.289978027,0
2008-03-13,621.809997559,0
2008-03-14,617.710021973,0
2008-03-17,600.679992676,0
2008-03-18,600.099975586,0
2008-03-19,612.130004883,0
2008-03-20,609.320007324,0
2008-03-21,615.929992676,0
2008-03-24,619.599975586,0
2008-03-25,628.219970703,0
2008-03-26,628.380004883,0
2008-03-27,629.609985352,0
2008-03-28,636.66998291,0
2008-03-31,644.450012207,0
2008-04-01,643.460021973,0
2008-04-02,647.91998291,0
2008-04-03,649.260009766,0
2008-04-04,648.489990234,0
2008-04-07,654.099975586,0
2008-04-08,651.83001709,0
2008-04-10,652.679992676,0
2008-04-11,651.869995117,0
2008-04-14,641.030029297,0
2008-04-15,641.869995117,0
2008-04-16,641.710021973,0
2008-04-17,641.599975586,0
2008-04-18,643.75,0
2008-04-21,650.059997559,0
2008-04-22,650.58001709,0
2008-04-23,650.679992676,0
2008-04-24,648.789978027,0
2008-04-25,654.700012207,0
2008-04-28,647.599975586,0
2008-04-29,644.400024414,0
2008-04-30,647.020019531,0
2008-05-02,655.799987793,0
2008-05-06,652.909973145,0
2008-05-07,645.619995117,0
2008-05-08,649.289978027,0
2008-05-09,653.289978027,0
2008-05-13,655.440002441,0
2008-05-14,652.140014648,0
2008-05-15,653.539978027,0
2008-05-16,652.559997559,0
2008-05-19,652.650024414,0
2008-05-20,650.099975586,0
2008-05-21,645.479980469,0
2008-05-22,647.150024414,0
2008-05-23,649,0
2008-05-26,641.099975586,0
2008-05-27,644.380004883,0
2008-05-28,640.960021973,0
2008-05-29,646.799987793,0
2008-05-30,652.150024414,0
2008-06-02,651.109985352,0
2008-06-03,643.66998291,0
2008-06-04,645.849975586,0
2008-06-05,644.090026855,0
2008-06-09,637,0
2008-06-10,626.010009766,0
2008-06-11,628.66998291,0
2008-06-12,624.200012207,0
2008-06-13,622.150024414,0
2008-06-16,621.020019531,0
2008-06-17,612.409973145,0
2008-06-18,614.83001709,0
2008-06-19,610.989990234,0
2008-06-20,609.159973145,0
2008-06-23,605.710021973,0
2008-06-24,600.359985352,0
2008-06-25,601.719970703,0
2008-06-26,602.739990234,0
2008-06-27,594.630004883,0
2008-06-30,590.190002441,0
2008-07-01,580.770019531,0
2008-07-02,556.789978027,0
2008-07-03,546.489990234,0
2008-07-04,538.299987793,0
2008-07-07,534.16998291,0
2008-07-08,515.91998291,0
2008-07-09,522.289978027,0
2008-07-10,531.609985352,0
2008-07-11,542.960021973,0
2008-07-14,541.119995117,0
2008-07-15,523.020019531,0
2008-07-16,520.840026855,0
2008-07-17,527.809997559,0
2008-07-18,522.530029297,0
2008-07-21,531.25,0
2008-07-22,529.729980469,0
2008-07-23,536.229980469,0
2008-07-24,546.650024414,0
2008-07-25,543.260009766,0
2008-07-28,544.049987793,0
2008-07-29,535.359985352,0
2008-07-30,538.530029297,0
2008-07-31,539.440002441,0
2008-08-01,535.760009766,0
2008-08-04,526.489990234,0
2008-08-05,519.099975586,0
2008-08-06,525.75,0
2008-08-07,527.150024414,0
2008-08-08,525.539978027,0
2008-08-11,527.119995117,0
2008-08-12,526.460021973,0
2008-08-13,521.719970703,0
2008-08-14,522.809997559,0
2008-08-18,517.039978027,0
2008-08-19,507.809997559,0
2008-08-20,504.880004883,0
2008-08-21,495.149993896,0
2008-08-22,483.470001221,0
2008-08-25,484.369995117,0
2008-08-26,477.059997559,0
2008-08-27,474.660003662,0
2008-08-28,470.079986572,0
2008-08-29,470.279998779,0
2008-09-01,439.209991455,0
2008-09-02,418.140014648,0
2008-09-03,426.369995117,0
2008-09-04,438.440002441,0
2008-09-05,441.950012207,0
2008-09-08,459.420013428,0
2008-09-09,454.820007324,0
2008-09-10,451,0
2008-09-11,454.779998779,0
2008-09-12,466.910003662,0
2008-09-16,429.290008545,0
2008-09-17,444.929992676,0
2008-09-18,433.760009766,0
2008-09-19,446.459991455,0
2008-09-22,441.130004883,0
2008-09-23,445.720001221,0
2008-09-24,448.799987793,0
2008-09-25,451.029998779,0
2008-09-26,448.339996338,0
2008-09-29,446.049987793,0
2008-09-30,440.769989014,0
2008-10-01,440.950012207,0
2008-10-02,432.100006104,0
2008-10-06,406.390014648,0
2008-10-07,401.950012207,0
2008-10-08,371.470001221,0
2008-10-09,369.839996338,0
2008-10-10,350.279998779,0
2008-10-13,368.170013428,0
2008-10-14,396.320007324,0
2008-10-15,390.279998779,0
2008-10-16,354.429992676,0
2008-10-17,352.179992676,0
2008-10-20,353.089996338,0
2008-10-21,350.970001221,0
2008-10-22,335.529998779,0
2008-10-23,308.950012207,0
2008-10-24,276.679992676,0
2008-10-27,261.190002441,0
2008-10-28,272.429992676,0
2008-10-29,265.589996338,0
2008-10-30,296.049987793,0
2008-10-31,308.029998779,0
2008-11-03,325.559997559,0
2008-11-04,335.489990234,0
2008-11-05,340.850006104,0
2008-11-06,311.959991455,0
2008-11-07,325.540008545,0
2008-11-10,332.170013428,0
2008-11-11,325.739990234,0
2008-11-12,323.239990234,0
2008-11-13,311.549987793,0
2008-11-14,317.450012207,0
2008-11-17,314.980010986,0
2008-11-18,305.260009766,0
2008-11-19,297.410003662,0
2008-11-20,273.059997559,0
2008-11-21,290.119995117,0
2008-11-24,284.5,0
2008-11-25,287.390014648,0
2008-11-26,295.510009766,0
2008-11-27,304.359985352,0
2008-11-28,307.480010986,0
2008-12-01,308.200012207,0
2008-12-02,299.579986572,0
2008-12-03,301.440002441,0
2008-12-04,298.920013428,0
2008-12-05,302.160003662,0
2008-12-08,316.709991455,0
2008-12-09,318.25,0
2008-12-10,324.149993896,0
2008-12-11,328.489990234,0
2008-12-12,320.070007324,0
2008-12-15,335.149993896,0
2008-12-16,337.850006104,0
2008-12-17,338.829986572,0
2008-12-18,340.299987793,0
2008-12-19,342.450012207,0
2008-12-22,346.040008545,0
2008-12-23,338.760009766,0
2008-12-24,333.730010986,0
2008-12-26,332.260009766,0
2008-12-29,329.179992676,0
2008-12-30,332.049987793,0
2009-01-02,339.760009766,0
2009-01-05,342.769989014,0
2009-01-06,348.410003662,0
2009-01-07,356.130004883,0
2009-01-08,356.519989014,0
2009-01-09,358.480010986,0
2009-01-12,351.350006104,0
2009-01-13,355.130004883,0
2009-01-14,364.630004883,0
2009-01-15,343.350006104,0
2009-01-16,354.600006104,0
2009-01-19,363.130004883,0
2009-01-20,358.190002441,0
2009-01-21,352.429992676,0
2009-01-22,358.579986572,0
2009-01-23,352.829986572,0
2009-01-28,361.679992676,0
2009-01-29,363.980010986,0
2009-01-30,364.899993896,0
2009-02-02,365.769989014,0
2009-02-03,372.279998779,0
2009-02-04,378.880004883,0
2009-02-05,373.489990234,0
2009-02-06,378.790008545,0
2009-02-09,376.829986572,0
2009-02-10,380.260009766,0
2009-02-11,383.410003662,0
2009-02-12,385.920013428,0
2009-02-13,395.690002441,0
2009-02-16,402.869995117,0
2009-02-17,383.170013428,0
2009-02-18,390.070007324,0
2009-02-19,384.670013428,0
2009-02-20,367.140014648,0
2009-02-23,375.570007324,0
2009-02-24,370.109985352,0
2009-02-25,362.079986572,0
2009-02-26,358.649993896,0
2009-02-27,363.209991455,0
2009-03-02,349.709991455,0
2009-03-03,347.760009766,0
2009-03-04,359.899993896,0
2009-03-05,362.160003662,0
2009-03-06,365.179992676,0
2009-03-09,378.730010986,0
2009-03-10,377.920013428,0
2009-03-11,385.690002441,0
2009-03-12,386.589996338,0
2009-03-13,389.269989014,0
2009-03-16,387.769989014,0
2009-03-17,394.660003662,0
2009-03-18,398.600006104,0
2009-03-19,393.940002441,0
2009-03-20,400.709991455,0
2009-03-23,409.230010986,0
2009-03-24,412.390014648,0
2009-03-25,419.290008545,0
2009-03-26,427.269989014,0
2009-03-27,421.239990234,0
2009-03-30,412.010009766,0
2009-03-31,421.440002441,0
2009-04-01,430.970001221,0
2009-04-02,439.839996338,0
2009-04-03,439.160003662,0
2009-04-06,447.940002441,0
2009-04-07,458.570007324,0
2009-04-08,460.829986572,0
2009-04-09,481.450012207,0
2009-04-10,493.260009766,0
2009-04-13,507.230010986,0
2009-04-14,508.679992676,0
2009-04-15,502.200012207,0
2009-04-16,497.519989014,0
2009-04-17,483.799987793,0
2009-04-20,491.940002441,0
2009-04-21,497.190002441,0
2009-04-22,509.899993896,0
2009-04-23,514.090026855,0
2009-04-24,507.5,0
2009-04-27,505.970001221,0
2009-04-28,479.369995117,0
2009-04-29,494.470001221,0
2009-04-30,500.980010986,0
2009-05-04,507.010009766,0
2009-05-06,510.019989014,0
2009-05-07,513.950012207,0
2009-05-08,517.83001709,0
2009-05-11,523.909973145,0
2009-05-12,526.179992676,0
2009-05-13,535.950012207,0
2009-05-14,536.780029297,0
2009-05-15,543.539978027,0
2009-05-18,545.010009766,0
2009-05-19,553.770019531,0
2009-05-20,562.570007324,0
2009-05-21,559.150024414,0
2009-05-22,554.090026855,0
2009-05-25,542.08001709,0
2009-05-26,536.539978027,0
2009-05-27,524.33001709,0
2009-05-28,521.109985352,0
2009-05-29,528.799987793,0
2009-06-01,539.559997559,0
2009-06-02,538.690002441,0
2009-06-03,541.25,0
2009-06-04,528,0
2009-06-05,529.109985352,0
2009-06-08,529.109985352,0
2009-06-09,517.960021973,0
2009-06-10,520.359985352,0
2009-06-11,520.599975586,0
2009-06-12,524.260009766,0
2009-06-15,519.630004883,0
2009-06-16,520.929992676,0
2009-06-17,517.369995117,0
2009-06-18,513.219970703,0
2009-06-19,510.269989014,0
2009-06-22,513.130004883,0
2009-06-23,498.029998779,0
2009-06-24,495,0
2009-06-25,504.029998779,0
2009-06-26,503.339996338,0
2009-06-29,491.640014648,0
2009-06-30,485.149993896,0
2009-07-01,491.170013428,0
2009-07-02,496,0
2009-07-03,501.820007324,0
2009-07-06,505.420013428,0
2009-07-07,508.760009766,0
2009-07-08,505.690002441,0
2009-07-09,502.799987793,0
2009-07-10,495.269989014,0
2009-07-13,476.049987793,0
2009-07-14,476.25,0
2009-07-15,486.670013428,0
2009-07-16,482.279998779,0
2009-07-17,485.869995117,0
2009-07-20,493.619995117,0
2009-07-21,495.910003662,0
2009-07-22,497.769989014,0
2009-07-23,497.890014648,0
2009-07-24,500.019989014,0
2009-07-27,504.649993896,0
2009-07-28,504.160003662,0
2009-07-29,501.570007324,0
2009-07-30,502.899993896,0
2009-07-31,504.350006104,0
2009-08-03,510.559997559,0
2009-08-04,508.720001221,0
2009-08-05,508.989990234,0
2009-08-06,509.260009766,0
2009-08-07,512.700012207,0
2009-08-10,516.700012207,0
2009-08-11,519.520019531,0
2009-08-12,522.619995117,0
2009-08-13,531.710021973,0
2009-08-14,531.119995117,0
2009-08-17,517.83001709,0
2009-08-18,511.529998779,0
2009-08-19,510.200012207,0
2009-08-20,516.770019531,0
2009-08-21,512.140014648,0
2009-08-24,511.359985352,0
2009-08-25,510.690002441,0
2009-08-26,516.960021973,0
2009-08-27,513.599975586,0
2009-08-28,520.190002441,0
2009-08-31,514.700012207,0
2009-09-01,516.270019531,0
2009-09-02,517.729980469,0
2009-09-03,516.950012207,0
2009-09-04,518.820007324,0
2009-09-07,525.609985352,0
2009-09-08,526.849975586,0
2009-09-09,520.200012207,0
2009-09-10,525.010009766,0
2009-09-11,528.260009766,0
2009-09-14,526.880004883,0
2009-09-15,531.58001709,0
2009-09-16,531.559997559,0
2009-09-17,528.130004883,0
2009-09-18,531.530029297,0
2009-09-21,533.099975586,0
2009-09-22,536.969970703,0
2009-09-23,528.979980469,0
2009-09-24,518.770019531,0
2009-09-25,516.520019531,0
2009-09-28,511.609985352,0
2009-09-29,512.200012207,0
2009-09-30,505.940002441,0
2009-10-01,502.549987793,0
2009-10-05,497.829986572,0
2009-10-06,494.420013428,0
2009-10-07,491.369995117,0
2009-10-08,496.959991455,0
2009-10-09,506.290008545,0
2009-10-12,510.209991455,0
2009-10-13,508.369995117,0
2009-10-14,512.039978027,0
2009-10-15,510.459991455,0
2009-10-16,508.260009766,0
2009-10-19,508.950012207,0
2009-10-20,509.760009766,0
2009-10-21,508.619995117,0
2009-10-22,503.779998779,0
2009-10-23,503.910003662,0
2009-10-26,504.769989014,0
2009-10-27,502.299987793,0
2009-10-28,488.820007324,0
2009-10-29,482.339996338,0
2009-10-30,486.459991455,0
2009-11-02,479.25,0
2009-11-03,478.760009766,0
2009-11-04,483.869995117,0
2009-11-05,479.459991455,0
2009-11-06,482.700012207,0
2009-11-09,484.450012207,0
2009-11-10,482.940002441,0
2009-11-11,485.619995117,0
2009-11-12,484.630004883,0
2009-11-13,481.570007324,0
2009-11-16,475.739990234,0
2009-11-17,471.950012207,0
2009-11-18,472.540008545,0
2009-11-19,475.769989014,0
2009-11-20,479.429992676,0
2009-11-23,479.799987793,0
2009-11-24,475.390014648,0
2009-11-25,476.559997559,0
2009-11-26,473.820007324,0
2009-11-27,451.670013428,0
2009-11-30,464.320007324,0
2009-12-01,469.040008545,0
2009-12-02,475.970001221,0
2009-12-03,480.519989014,0
2009-12-04,483.630004883,0
2009-12-07,487.040008545,0
2009-12-08,485.940002441,0
2009-12-09,486.779998779,0
2009-12-10,489.450012207,0
2009-12-11,495.209991455,0
2009-12-14,501.850006104,0
2009-12-15,503.309997559,0
2009-12-16,507.010009766,0
2009-12-17,510.100006104,0
2009-12-18,513.780029297,0
2009-12-21,518.090026855,0
2009-12-22,512.780029297,0
2009-12-23,508.440002441,0
2009-12-24,511.190002441,0
2009-12-28,506.070007324,0
2009-12-29,505.609985352,0
2009-12-30,513.570007324,0
2010-01-04,528.090026855,0
2010-01-05,533.090026855,0
2010-01-06,539.119995117,0
2010-01-07,535.520019531,0
2010-01-08,538.960021973,0
2010-01-11,540.400024414,0
2010-01-12,538.109985352,0
2010-01-13,534.460021973,0
2010-01-14,542.33001709,0
2010-01-15,549.969970703,0
2010-01-18,553.099975586,0
2010-01-19,549.140014648,0
2010-01-20,544.119995117,0
2010-01-21,549.030029297,0
2010-01-22,546.659973145,0
2010-01-25,534.219970703,0
2010-01-26,522.070007324,0
2010-01-27,516.429992676,0
2010-01-28,517.400024414,0
2010-01-29,496.570007324,0
2010-02-01,502,0
2010-02-02,504.690002441,0
2010-02-03,515.320007324,0
2010-02-04,516.229980469,0
2010-02-05,497.369995117,0
2010-02-08,487.410003662,0
2010-02-09,491.200012207,0
2010-02-10,491.279998779,0
2010-02-11,498.010009766,0
2010-02-12,503.880004883,0
2010-02-16,508.950012207,0
2010-02-17,515.159973145,0
2010-02-18,513.33001709,0
2010-02-19,504.390014648,0
2010-02-22,512.25,0
2010-02-23,513.900024414,0
2010-02-24,514.039978027,0
2010-02-25,504.630004883,0
2010-02-26,507.029998779,0
2010-03-02,507.959991455,0
2010-03-03,509.630004883,0
2010-03-04,507.589996338,0
2010-03-05,511.279998779,0
2010-03-08,517.630004883,0
2010-03-09,518.119995117,0
2010-03-10,518.66998291,0
2010-03-11,517.570007324,0
2010-03-12,519.440002441,0
2010-03-15,517.75,0
2010-03-16,520.880004883,0
2010-03-17,522.979980469,0
2010-03-18,524.309997559,0
2010-03-19,527.58001709,0
2010-03-22,527.070007324,0
2010-03-23,526.41998291,0
2010-03-24,519.799987793,0
2010-03-25,520.239990234,0
2010-03-26,524.659973145,0
2010-03-29,518.059997559,0
2010-03-30,518.049987793,0
2010-03-31,515.739990234,0
2010-04-01,519.190002441,0
2010-04-02,514.950012207,0
2010-04-05,505.130004883,0
2010-04-06,506.390014648,0
2010-04-07,510.899993896,0
2010-04-08,513.289978027,0
2010-04-09,512.150024414,0
2010-04-12,507.670013428,0
2010-04-13,506.529998779,0
2010-04-14,509.690002441,0
2010-04-15,508.609985352,0
2010-04-16,508.420013428,0
2010-04-19,502.700012207,0
2010-04-20,510.5,0
2010-04-21,515.989990234,0
2010-04-22,516.469970703,0
2010-04-23,516.510009766,0
2010-04-26,517.679992676,0
2010-04-27,519.239990234,0
2010-04-28,517.849975586,0
2010-04-29,519.210021973,0
2010-04-30,523.75,0
2010-05-03,519.780029297,0
2010-05-04,518.989990234,0
2010-05-06,509.230010986,0
2010-05-07,499.709991455,0
2010-05-10,512.159973145,0
2010-05-11,512.219970703,0
2010-05-12,512.130004883,0
2010-05-13,522.539978027,0
2010-05-14,524.979980469,0
2010-05-17,510.25,0
2010-05-18,504.519989014,0
2010-05-19,500.450012207,0
2010-05-20,481.059997559,0
2010-05-24,476.329986572,0
2010-05-25,449.959991455,0
2010-05-26,463,0
2010-05-27,473.320007324,0
2010-05-28,479.029998779,0
2010-05-31,489.420013428,0
2010-06-01,488.790008545,0
2010-06-03,495.739990234,0
2010-06-04,493.709991455,0
2010-06-07,483.119995117,0
2010-06-08,490.339996338,0
2010-06-09,487,0
2010-06-10,491.630004883,0
2010-06-11,491.25,0
2010-06-14,492.700012207,0
2010-06-15,495.079986572,0
2010-06-16,495.959991455,0
2010-06-17,495.179992676,0
2010-06-18,495.230010986,0
2010-06-21,498.359985352,0
2010-06-22,496.649993896,0
2010-06-23,494.950012207,0
2010-06-24,499.140014648,0
2010-06-25,498.119995117,0
2010-06-28,498.75,0
2010-06-29,487.540008545,0
2010-06-30,489.980010986,0
2010-07-01,489.589996338,0
2010-07-02,485.690002441,0
2010-07-05,486.149993896,0
2010-07-06,487.410003662,0
2010-07-07,486.410003662,0
2010-07-08,488.959991455,0
2010-07-09,492.149993896,0
2010-07-12,496.700012207,0
2010-07-13,497.790008545,0
2010-07-14,499.970001221,0
2010-07-15,501.730010986,0
2010-07-16,498.880004883,0
2010-07-19,498.489990234,0
2010-07-20,499.720001221,0
2010-07-21,496.730010986,0
2010-07-22,484.720001221,0
2010-07-23,483.690002441,0
2010-07-26,488.140014648,0
2010-07-27,487.739990234,0
2010-07-28,486.75,0
2010-07-29,482.559997559,0
2010-07-30,481.450012207,0
2010-08-02,481.980010986,0
2010-08-03,481.940002441,0
2010-08-04,479.589996338,0
2010-08-05,476.470001221,0
2010-08-06,478.470001221,0
2010-08-09,483.869995117,0
2010-08-10,482.160003662,0
2010-08-11,475.140014648,0
2010-08-12,470.980010986,0
2010-08-13,477.170013428,0
2010-08-16,476.079986572,0
2010-08-17,477.649993896,0
2010-08-18,478.329986572,0
2010-08-19,480.769989014,0
2010-08-20,480.380004883,0
2010-08-23,477.140014648,0
2010-08-24,474.970001221,0
2010-08-25,467.809997559,0
2010-08-26,464.529998779,0
2010-08-27,461.519989014,0
2010-08-30,466.089996338,0
2010-08-31,464.709991455,0
2010-09-01,469.75,0
2010-09-02,473,0
2010-09-03,478.299987793,0
2010-09-06,482.820007324,0
2010-09-07,480.200012207,0
2010-09-08,478.600006104,0
2010-09-09,481.859985352,0
2010-09-10,484.480010986,0
2010-09-13,483.489990234,0
2010-09-14,481.790008545,0
2010-09-15,481.279998779,0
2010-09-16,480.619995117,0
2010-09-17,483.25,0
2010-09-20,483.829986572,0
2010-09-24,485.149993896,0
2010-09-27,486.290008545,0
2010-09-28,487.739990234,0
2010-09-29,489.609985352,0
2010-09-30,492.75,0
2010-10-01,495.059997559,0
2010-10-04,493.779998779,0
2010-10-05,493.549987793,0
2010-10-06,497.329986572,0
2010-10-07,496.140014648,0
2010-10-08,497.079986572,0
2010-10-11,496.799987793,0
2010-10-12,494.079986572,0
2010-10-13,499.119995117,0
2010-10-14,504.589996338,0
2010-10-15,509.589996338,0
2010-10-18,516.190002441,0
2010-10-19,514.590026855,0
2010-10-20,520.210021973,0
2010-10-21,522.659973145,0
2010-10-22,523.119995117,0
2010-10-25,525.859985352,0
2010-10-26,526.640014648,0
2010-10-27,528.590026855,0
2010-10-28,527.359985352,0
2010-10-29,526.450012207,0
2010-11-01,527.979980469,0
2010-11-02,523.929992676,0
2010-11-03,525.890014648,0
2010-11-04,531.530029297,0
2010-11-05,528.659973145,0
2010-11-08,528.469970703,0
2010-11-09,526.929992676,0
2010-11-10,528.270019531,0
2010-11-11,524.049987793,0
2010-11-12,509.350006104,0
2010-11-15,504.829986572,0
2010-11-16,503.040008545,0
2010-11-17,505.739990234,0
2010-11-18,514.130004883,0
2010-11-19,517.039978027,0
2010-11-22,515.979980469,0
2010-11-23,511.579986572,0
2010-11-24,505.320007324,0
2010-11-25,508.279998779,0
2010-11-26,493.559997559,0
2010-11-29,494.329986572,0
2010-11-30,498.390014648,0
2010-12-01,502.480010986,0
2010-12-02,505.940002441,0
2010-12-03,502.130004883,0
2010-12-06,502.540008545,0
2010-12-07,504.489990234,0
2010-12-08,502.799987793,0
2010-12-09,506.450012207,0
2010-12-10,509.200012207,0
2010-12-13,513.409973145,0
2010-12-14,515,0
2010-12-15,514.690002441,0
2010-12-16,511.709991455,0
2010-12-17,510.739990234,0
2010-12-20,497.950012207,0
2010-12-21,506.670013428,0
2010-12-22,505.010009766,0
2010-12-23,502.390014648,0
2010-12-24,499.630004883,0
2010-12-27,496.679992676,0
2010-12-28,494.950012207,0
2010-12-29,502.309997559,0
2010-12-30,510.690002441,0
2011-01-03,518.049987793,0
2011-01-04,521.349975586,0
2011-01-05,523.809997559,0
2011-01-06,527.640014648,0
2011-01-07,530.840026855,0
2011-01-10,533.979980469,0
2011-01-11,533.66998291,0
2011-01-12,535.429992676,0
2011-01-13,534.270019531,0
2011-01-14,535.200012207,0
2011-01-17,533.010009766,0
2011-01-18,529.020019531,0
2011-01-19,532.969970703,0
2011-01-20,533.359985352,0
2011-01-21,525.75,0
2011-01-24,527.090026855,0
2011-01-25,522.960021973,0
2011-01-26,524.710021973,0
2011-01-27,528.630004883,0
2011-01-28,527.460021973,0
2011-01-31,521.380004883,0
2011-02-01,524.5,0
2011-02-07,531.090026855,0
2011-02-08,531.469970703,0
2011-02-09,525.739990234,0
2011-02-10,522.700012207,0
2011-02-11,517.729980469,0
2011-02-14,520.349975586,0
2011-02-15,520.880004883,0
2011-02-16,520.08001709,0
2011-02-17,511.079986572,0
2011-02-18,518.549987793,0
2011-02-21,520.590026855,0
2011-02-22,512.059997559,0
2011-02-23,507.160003662,0
2011-02-24,501.109985352,0
2011-02-25,509.329986572,0
2011-02-28,504.459991455,0
2011-03-02,503.459991455,0
2011-03-03,510.940002441,0
2011-03-04,518.789978027,0
2011-03-07,518.770019531,0
2011-03-08,524.989990234,0
2011-03-09,522.700012207,0
2011-03-10,522.16998291,0
2011-03-11,518.549987793,0
2011-03-14,502.980010986,0
2011-03-15,489.440002441,0
2011-03-16,492.359985352,0
2011-03-17,487.809997559,0
2011-03-18,494.790008545,0
2011-03-21,506.529998779,0
2011-03-22,507.799987793,0
2011-03-23,510.170013428,0
2011-03-24,513.700012207,0
2011-03-25,514.570007324,0
2011-03-28,512.739990234,0
2011-03-29,514.190002441,0
2011-03-30,520.210021973,0
2011-03-31,525.41998291,0
2011-04-01,532.059997559,0
2011-04-04,534.900024414,0
2011-04-05,537.659973145,0
2011-04-06,533.979980469,0
2011-04-07,534.969970703,0
2011-04-08,534.200012207,0
2011-04-11,533.109985352,0
2011-04-12,525.109985352,0
2011-04-13,528.700012207,0
2011-04-14,531.469970703,0
2011-04-15,534.58001709,0
2011-04-18,528.520019531,0
2011-04-19,526.619995117,0
2011-04-20,532.25,0
2011-04-21,529.58001709,0
2011-04-22,525.260009766,0
2011-04-25,528.599975586,0
2011-04-26,521.679992676,0
2011-04-27,518.390014648,0
2011-04-28,514.66998291,0
2011-04-29,511,0
2011-05-02,516.760009766,0
2011-05-03,512.510009766,0
2011-05-04,510.529998779,0
2011-05-06,506.420013428,0
2011-05-09,504.369995117,0
2011-05-11,505.179992676,0
2011-05-12,504.459991455,0
2011-05-13,507.279998779,0
2011-05-16,506.070007324,0
2011-05-17,501.720001221,0
2011-05-18,498.940002441,0
2011-05-19,487.029998779,0
2011-05-20,486.239990234,0
2011-05-23,472.940002441,0
2011-05-24,474.320007324,0
2011-05-25,471.230010986,0
2011-05-26,479.959991455,0
2011-05-27,483.220001221,0
2011-05-30,480.519989014,0
2011-05-31,484.540008545,0
2011-06-01,483.230010986,0
2011-06-02,477.829986572,0
2011-06-03,476.100006104,0
2011-06-07,472.799987793,0
2011-06-08,469.149993896,0
2011-06-09,473.470001221,0
2011-06-10,466.910003662,0
2011-06-13,458.149993896,0
2011-06-14,462.290008545,0
2011-06-15,464.829986572,0
2011-06-16,460.540008545,0
2011-06-17,459.329986572,0
2011-06-20,457.230010986,0
2011-06-21,459.570007324,0
2011-06-22,463.769989014,0
2011-06-23,464.619995117,0
2011-06-24,473.660003662,0
2011-06-27,475.429992676,0
2011-06-28,474.649993896,0
2011-06-29,476.570007324,0
2011-06-30,479.549987793,0
2011-07-01,484.109985352,0
2011-07-04,489.299987793,0
2011-07-05,492.369995117,0
2011-07-06,492.940002441,0
2011-07-07,495.519989014,0
2011-07-08,496.820007324,0
2011-07-11,498.369995117,0
2011-07-12,490.630004883,0
2011-07-13,494.970001221,0
2011-07-14,497.179992676,0
2011-07-15,507,0
2011-07-18,517.929992676,0
2011-07-19,524.479980469,0
2011-07-20,526.609985352,0
2011-07-21,524.539978027,0
2011-07-22,531.239990234,0
2011-07-25,529.900024414,0
2011-07-26,535.849975586,0
2011-07-27,538.119995117,0
2011-07-28,538.539978027,0
2011-07-29,536.049987793,0
2011-08-01,544.390014648,0
2011-08-02,538.059997559,0
2011-08-03,531.909973145,0
2011-08-04,522.070007324,0
2011-08-05,495.549987793,0
2011-08-08,462.690002441,0
2011-08-09,432.880004883,0
2011-08-10,453.549987793,0
2011-08-11,469.239990234,0
2011-08-12,474.149993896,0
2011-08-16,496.230010986,0
2011-08-17,506.440002441,0
2011-08-18,507.799987793,0
2011-08-19,474.649993896,0
2011-08-22,465.899993896,0
2011-08-23,479.75,0
2011-08-24,474.290008545,0
2011-08-25,471.5,0
2011-08-26,473.309997559,0
2011-08-29,483.269989014,0
2011-08-30,488.489990234,0
2011-08-31,493.440002441,0
2011-09-01,490.220001221,0
2011-09-02,494.470001221,0
2011-09-05,480.429992676,0
2011-09-06,465.350006104,0
2011-09-07,479.170013428,0
2011-09-08,475.299987793,0
2011-09-09,470.940002441,0
2011-09-14,452.299987793,0
2011-09-15,454.950012207,0
2011-09-16,467.839996338,0
2011-09-19,462.839996338,0
2011-09-20,470.109985352,0
2011-09-21,477.510009766,0
2011-09-22,471.410003662,0
2011-09-23,446.510009766,0
2011-09-26,409.549987793,0
2011-09-27,433.410003662,0
2011-09-28,434.200012207,0
2011-09-29,443.260009766,0
2011-09-30,449.660003662,0
2011-10-04,436.130004883,0
2011-10-05,421.179992676,0
2011-10-06,431.179992676,0
2011-10-07,442.640014648,0
2011-10-10,453.910003662,0
2011-10-11,459.059997559,0
2011-10-12,467.649993896,0
2011-10-13,473.559997559,0
2011-10-14,473.890014648,0
2011-10-17,485.380004883,0
2011-10-18,483.429992676,0
2011-10-19,488.170013428,0
2011-10-20,469.980010986,0
2011-10-21,481.220001221,0
2011-10-24,493.029998779,0
2011-10-25,492.690002441,0
2011-10-26,497.510009766,0
2011-10-27,497.040008545,0
2011-10-28,490.589996338,0
2011-10-31,490.690002441,0
2011-11-01,492.359985352,0
2011-11-02,493.489990234,0
2011-11-03,487.910003662,0
2011-11-04,502.799987793,0
2011-11-07,509.769989014,0
2011-11-08,507.109985352,0
2011-11-09,509.410003662,0
2011-11-10,488.769989014,0
2011-11-11,500.079986572,0
2011-11-14,510.089996338,0
2011-11-15,508.329986572,0
2011-11-16,497.579986572,0
2011-11-17,506.540008545,0
2011-11-18,503.089996338,0
2011-11-21,498.359985352,0
2011-11-22,505.690002441,0
2011-11-23,490.489990234,0
2011-11-24,489.480010986,0
2011-11-25,479.549987793,0
2011-11-28,486.359985352,0
2011-11-29,492.730010986,0
2011-11-30,492.809997559,0
2011-12-01,496.329986572,0
2011-12-02,498.329986572,0
2011-12-05,505.820007324,0
2011-12-06,502.589996338,0
2011-12-07,505.679992676,0
2011-12-08,508.649993896,0
2011-12-09,507.600006104,0
2011-12-12,515.219970703,0
2011-12-13,511.299987793,0
2011-12-14,508.380004883,0
2011-12-15,497.760009766,0
2011-12-16,504.579986572,0
2011-12-19,477.609985352,0
2011-12-20,489.609985352,0
2011-12-21,500.640014648,0
2011-12-22,501.540008545,0
2011-12-23,502.359985352,0
2011-12-26,501.369995117,0
2011-12-27,491.640014648,0
2011-12-28,495.220001221,0
2011-12-29,500.179992676,0
2012-01-02,506.790008545,0
2012-01-03,513.83001709,0
2012-01-04,516.299987793,0
2012-01-05,521.960021973,0
2012-01-06,518.940002441,0
2012-01-09,520.280029297,0
2012-01-10,525.739990234,0
2012-01-11,518.58001709,0
2012-01-12,520.340026855,0
2012-01-13,523.130004883,0
2012-01-16,519.849975586,0
2012-01-17,519.58001709,0
2012-01-18,513.200012207,0
2012-01-19,515.700012207,0
2012-01-20,512.16998291,0
2012-01-25,511.470001221,0
2012-01-26,516.450012207,0
2012-01-27,515.809997559,0
2012-01-30,510.329986572,0
2012-01-31,513.989990234,0
2012-02-01,519.25,0
2012-02-02,522.08001709,0
2012-02-03,522.590026855,0
2012-02-06,517.099975586,0
2012-02-07,519.070007324,0
2012-02-08,520.950012207,0
2012-02-09,524.270019531,0
2012-02-10,528.66998291,0
2012-02-13,533.190002441,0
2012-02-14,535.359985352,0
2012-02-15,537.859985352,0
2012-02-16,535.299987793,0
2012-02-17,540.140014648,0
2012-02-20,540.33001709,0
2012-02-21,543.059997559,0
2012-02-22,544.200012207,0
2012-02-23,541.130004883,0
2012-02-24,544.140014648,0
2012-02-27,538.340026855,0
2012-02-28,540.349975586,0
2012-02-29,542.299987793,0
2012-03-02,543.969970703,0
2012-03-05,539.739990234,0
2012-03-06,533.619995117,0
2012-03-07,532.479980469,0
2012-03-08,535.760009766,0
2012-03-09,539.549987793,0
2012-03-12,536.109985352,0
2012-03-13,538.460021973,0
2012-03-14,538.859985352,0
2012-03-15,538.309997559,0
2012-03-16,539.780029297,0
2012-03-19,539.83001709,0
2012-03-20,535.549987793,0
2012-03-21,533.929992676,0
2012-03-22,527.900024414,0
2012-03-23,527.469970703,0
2012-03-26,523.390014648,0
2012-03-27,521.739990234,0
2012-03-28,519.559997559,0
2012-03-29,514.210021973,0
2012-03-30,519.559997559,0
2012-04-02,521.799987793,0
2012-04-03,515.83001709,0
2012-04-04,502.970001221,0
2012-04-05,503.339996338,0
2012-04-06,503.410003662,0
2012-04-09,486.799987793,0
2012-04-10,484.769989014,0
2012-04-12,485.709991455,0
2012-04-13,499.459991455,0
2012-04-16,501.089996338,0
2012-04-17,500.380004883,0
2012-04-18,503.630004883,0
2012-04-19,501.920013428,0
2012-04-20,497.559997559,0
2012-04-23,495.019989014,0
2012-04-24,487.619995117,0
2012-04-25,483.480010986,0
2012-04-26,476.619995117,0
2012-04-27,479.079986572,0
2012-04-30,478.890014648,0
2012-05-02,485.540008545,0
2012-05-03,487.440002441,0
2012-05-04,490.529998779,0
2012-05-07,487.010009766,0
2012-05-08,494.600006104,0
2012-05-09,491.559997559,0
2012-05-10,494.269989014,0
2012-05-11,493.660003662,0
2012-05-14,488.529998779,0
2012-05-15,480.5,0
2012-05-16,465.010009766,0
2012-05-17,468.130004883,0
2012-05-18,448.679992676,0
2012-05-21,448.890014648,0
2012-05-22,461.450012207,0
2012-05-23,455.899993896,0
2012-05-24,455.720001221,0
2012-05-25,462.399993896,0
2012-05-29,470.019989014,0
2012-05-30,469.619995117,0
2012-05-31,471.940002441,0
2012-06-01,472.130004883,0
2012-06-04,450.839996338,0
2012-06-05,456.679992676,0
2012-06-07,466.179992676,0
2012-06-08,461.989990234,0
2012-06-11,469.589996338,0
2012-06-12,471.970001221,0
2012-06-13,470.959991455,0
2012-06-14,472.029998779,0
2012-06-15,467.75,0
2012-06-18,475.260009766,0
2012-06-19,478.359985352,0
2012-06-20,484.549987793,0
2012-06-21,485.179992676,0
2012-06-22,485.190002441,0
2012-06-25,484.440002441,0
2012-06-26,484.339996338,0
2012-06-27,483.029998779,0
2012-06-28,485.910003662,0
2012-06-29,489.160003662,0
2012-07-02,490.429992676,0
2012-07-03,493.910003662,0
2012-07-04,495.809997559,0
2012-07-05,497.339996338,0
2012-07-06,497.209991455,0
2012-07-09,495.230010986,0
2012-07-10,492.339996338,0
2012-07-11,491.929992676,0
2012-07-12,486.380004883,0
2012-07-13,484.320007324,0
2012-07-16,483.5,0
2012-07-17,480.609985352,0
2012-07-18,472.880004883,0
2012-07-19,478.679992676,0
2012-07-20,481.829986572,0
2012-07-23,472.239990234,0
2012-07-24,468.279998779,0
2012-07-25,454.720001221,0
2012-07-26,457.859985352,0
2012-07-27,464.720001221,0
2012-07-30,465.459991455,0
2012-07-31,467.609985352,0
2012-08-01,468.529998779,0
2012-08-02,466.630004883,0
2012-08-03,465.279998779,0
2012-08-06,469.609985352,0
2012-08-07,471.600006104,0
2012-08-08,471.420013428,0
2012-08-09,474.049987793,0
2012-08-10,475.510009766,0
2012-08-13,478.399993896,0
2012-08-14,480.739990234,0
2012-08-16,485.320007324,0
2012-08-17,487.260009766,0
2012-08-20,490.130004883,0
2012-08-21,491.720001221,0
2012-08-22,492.890014648,0
2012-08-23,499.339996338,0
2012-08-24,497.510009766,0
2012-08-27,493.829986572,0
2012-08-28,499.529998779,0
2012-08-29,505.320007324,0
2012-08-30,505.640014648,0
2012-08-31,508.350006104,0
2012-09-03,512.450012207,0
2012-09-04,507.410003662,0
2012-09-05,505.390014648,0
2012-09-06,506.720001221,0
2012-09-07,510.869995117,0
2012-09-10,512.109985352,0
2012-09-11,514.41998291,0
2012-09-12,517.520019531,0
2012-09-13,520.479980469,0
2012-09-14,519.140014648,0
2012-09-17,519,0
2012-09-18,523.520019531,0
2012-09-19,528.059997559,0
2012-09-20,528.059997559,0
2012-09-21,531.489990234,0
2012-09-24,532.280029297,0
2012-09-25,522.960021973,0
2012-09-26,520.710021973,0
2012-09-27,518.289978027,0
2012-09-28,523.780029297,0
2012-10-02,527.559997559,0
2012-10-04,531.440002441,0
2012-10-05,535.820007324,0
2012-10-08,537.789978027,0
2012-10-09,540.429992676,0
2012-10-10,533.859985352,0
2012-10-11,534.950012207,0
2012-10-12,539.859985352,0
2012-10-15,529.33001709,0
2012-10-16,530.229980469,0
2012-10-17,528.219970703,0
2012-10-18,514.159973145,0
2012-10-19,518.809997559,0
2012-10-22,523,0
2012-10-23,524.150024414,0
2012-10-24,524.349975586,0
2012-10-25,518.25,0
2012-10-26,505.5,0
2012-10-29,494.880004883,0
2012-10-30,502.309997559,0
2012-10-31,508.309997559,0
2012-11-01,508.829986572,0
2012-11-02,513.369995117,0
2012-11-05,515.140014648,0
2012-11-06,517.530029297,0
2012-11-07,518.450012207,0
2012-11-08,519.039978027,0
2012-11-09,519.900024414,0
2012-11-12,521.429992676,0
2012-11-13,513.799987793,0
2012-11-14,503.239990234,0
2012-11-15,493.839996338,0
2012-11-16,482.989990234,0
2012-11-19,493.140014648,0
2012-11-20,496.660003662,0
2012-11-21,492.190002441,0
2012-11-22,497.029998779,0
2012-11-23,498.820007324,0
2012-11-26,496.239990234,0
2012-11-27,493.630004883,0
2012-11-28,494.480010986,0
2012-11-29,496.730010986,0
2012-11-30,499.369995117,0
2012-12-03,498.970001221,0
2012-12-04,502.709991455,0
2012-12-05,496.5,0
2012-12-06,488.029998779,0
2012-12-07,489.220001221,0
2012-12-10,489.589996338,0
2012-12-11,481.589996338,0
2012-12-12,485.329986572,0
2012-12-13,490.149993896,0
2012-12-14,491.649993896,0
2012-12-17,485.480010986,0
2012-12-18,483.190002441,0
2012-12-20,479.209991455,0
2012-12-21,478.059997559,0
2012-12-24,483.760009766,0
2012-12-26,482.760009766,0
2012-12-27,492.079986572,0
2012-12-28,496.320007324,0
2013-01-02,501.609985352,0
2013-01-03,499.070007324,0
2013-01-04,504.839996338,0
2013-01-07,508.720001221,0
2013-01-08,509.010009766,0
2013-01-09,511.940002441,0
2013-01-10,514.479980469,0
2013-01-11,515.41998291,0
2013-01-14,513.440002441,0
2013-01-15,508.019989014,0
2013-01-16,507.679992676,0
2013-01-17,506.350006104,0
2013-01-18,512.239990234,0
2013-01-21,514.659973145,0
2013-01-22,516.590026855,0
2013-01-23,513.260009766,0
2013-01-24,508.630004883,0
2013-01-25,506.829986572,0
2013-01-28,504.200012207,0
2013-01-29,505.350006104,0
2013-01-30,502.799987793,0
2013-01-31,503.670013428,0
2013-02-01,503.309997559,0
2013-02-04,501.320007324,0
2013-02-05,498.160003662,0
2013-02-06,502.559997559,0
2013-02-07,501.779998779,0
2013-02-08,504.940002441,0
2013-02-12,503.720001221,0
2013-02-13,507.989990234,0
2013-02-14,512.530029297,0
2013-02-15,514.58001709,0
2013-02-18,518.520019531,0
2013-02-19,522.489990234,0
2013-02-20,525.690002441,0
2013-02-21,524.440002441,0
2013-02-22,528.359985352,0
2013-02-25,527.270019531,0
2013-02-26,528.559997559,0
2013-02-27,533.359985352,0
2013-02-28,535.869995117,0
2013-03-04,537.380004883,0
2013-03-05,543.960021973,0
2013-03-06,544.359985352,0
2013-03-07,541.299987793,0
2013-03-08,543.099975586,0
2013-03-11,540.440002441,0
2013-03-12,543.880004883,0
2013-03-13,549.729980469,0
2013-03-14,553.58001709,0
2013-03-15,554.809997559,0
2013-03-18,541.090026855,0
2013-03-19,550.010009766,0
2013-03-20,546.260009766,0
2013-03-21,544.559997559,0
2013-03-22,551.25,0
2013-03-25,549.559997559,0
2013-03-26,549.900024414,0
2013-03-27,548.719970703,0
2013-03-28,552.640014648,0
2013-03-29,555.020019531,0
2013-04-01,553.969970703,0
2013-04-02,552.83001709,0
2013-04-03,557.960021973,0
2013-04-04,555.229980469,0
2013-04-05,547.510009766,0
2013-04-08,528.780029297,0
2013-04-09,528.150024414,0
2013-04-10,534.840026855,0
2013-04-11,544.299987793,0
2013-04-12,547.190002441,0
2013-04-15,553.989990234,0
2013-04-16,558.950012207,0
2013-04-17,558.539978027,0
2013-04-18,551.099975586,0
2013-04-19,541.460021973,0
2013-04-22,547.099975586,0
2013-04-23,554.369995117,0
2013-04-24,563.809997559,0
2013-04-25,559.400024414,0
2013-04-26,565.349975586,0
2013-04-29,568.359985352,0
2013-04-30,563.869995117,0
2013-05-02,560.479980469,0
2013-05-03,565.33001709,0
2013-05-06,567.130004883,0
2013-05-07,573.679992676,0
2013-05-08,576.700012207,0
2013-05-09,573.349975586,0
2013-05-10,569.700012207,0
2013-05-13,565.719970703,0
2013-05-14,560.469970703,0
2013-05-15,565.650024414,0
2013-05-16,566.059997559,0
2013-05-20,567.320007324,0
2013-05-21,572.690002441,0
2013-05-22,574.25,0
2013-05-23,569.340026855,0
2013-05-24,574.059997559,0
2013-05-27,577.559997559,0
2013-05-28,585.760009766,0
2013-05-29,585.690002441,0
2013-05-30,581.130004883,0
2013-05-31,577.869995117,0
2013-06-03,569.409973145,0
2013-06-04,561.549987793,0
2013-06-05,549.090026855,0
2013-06-07,535.75,0
2013-06-10,547,0
2013-06-11,547.869995117,0
2013-06-12,546.200012207,0
2013-06-13,540.820007324,0
2013-06-14,536.039978027,0
2013-06-17,524.5,0
2013-06-18,534.260009766,0
2013-06-19,531.409973145,0
2013-06-20,525.590026855,0
2013-06-21,520.890014648,0
2013-06-24,508.649993896,0
2013-06-25,480.959991455,0
2013-06-26,493.070007324,0
2013-06-27,512.25,0
2013-06-28,519.059997559,0
2013-07-01,527.809997559,0
2013-07-02,526.91998291,0
2013-07-03,521.309997559,0
2013-07-04,525.219970703,0
2013-07-05,525.400024414,0
2013-07-08,515.849975586,0
2013-07-09,519.340026855,0
2013-07-10,515.640014648,0
2013-07-11,527.25,0
2013-07-12,532.469970703,0
2013-07-15,531.66998291,0
2013-07-16,537.719970703,0
2013-07-17,541.820007324,0
2013-07-18,541.559997559,0
2013-07-19,541.869995117,0
2013-07-22,541.140014648,0
2013-07-23,541.640014648,0
2013-07-24,543.599975586,0
2013-07-25,541.940002441,0
2013-07-26,545.309997559,0
2013-07-29,540.979980469,0
2013-07-30,546.429992676,0
2013-07-31,554.309997559,0
2013-08-01,549.520019531,0
2013-08-02,551.760009766,0
2013-08-05,556.599975586,0
2013-08-06,557.359985352,0
2013-08-07,554.729980469,0
2013-08-08,555.299987793,0
2013-08-09,554.929992676,0
2013-08-12,550.25,0
2013-08-13,550.849975586,0
2013-08-14,550.869995117,0
2013-08-16,548.789978027,0
2013-08-19,550.489990234,0
2013-08-20,537.570007324,0
2013-08-21,530.539978027,0
2013-08-22,517.640014648,0
2013-08-23,529.190002441,0
2013-08-26,533.729980469,0
2013-08-27,524.390014648,0
2013-08-28,517.440002441,0
2013-08-29,520.369995117,0
2013-08-30,516.739990234,0
2013-09-02,525.179992676,0
2013-09-03,525.890014648,0
2013-09-04,526.159973145,0
2013-09-05,528.059997559,0
2013-09-06,523.770019531,0
2013-09-09,521.109985352,0
2013-09-10,523.150024414,0
2013-09-11,529.340026855,0
2013-09-12,529.58001709,0
2013-09-13,530.890014648,0
2013-09-16,526.200012207,0
2013-09-17,527.109985352,0
2013-09-23,527.070007324,0
2013-09-24,527.289978027,0
2013-09-25,527.270019531,0
2013-09-26,532.83001709,0
2013-09-27,537.5,0
2013-09-30,534.890014648,0
2013-10-01,530.349975586,0
2013-10-02,532.020019531,0
2013-10-04,532.010009766,0
2013-10-07,528.440002441,0
2013-10-08,528.83001709,0
2013-10-10,529.039978027,0
2013-10-11,532.599975586,0
2013-10-14,531.659973145,0
2013-10-15,533.119995117,0
2013-10-16,525.679992676,0
2013-10-17,521.520019531,0
2013-10-18,525.690002441,0
2013-10-21,529.340026855,0
2013-10-22,531.890014648,0
2013-10-23,525.380004883,0
2013-10-24,531.030029297,0
2013-10-25,534.020019531,0
2013-10-28,534.979980469,0
2013-10-29,533.909973145,0
2013-10-30,537.679992676,0
2013-10-31,532.440002441,0
2013-11-01,534.739990234,0
2013-11-04,533.640014648,0
2013-11-05,528.729980469,0
2013-11-06,525.989990234,0
2013-11-07,520.650024414,0
2013-11-08,515.739990234,0
2013-11-11,502.940002441,0
2013-11-12,510.730010986,0
2013-11-13,505.600006104,0
2013-11-14,511.75,0
2013-11-15,512.739990234,0
2013-11-18,509.540008545,0
2013-11-19,505.5,0
2013-11-20,504.160003662,0
2013-11-21,501.049987793,0
2013-11-22,504.059997559,0
2013-11-25,507.760009766,0
2013-11-26,510.540008545,0
2013-11-27,511.649993896,0
2013-11-28,515.520019531,0
2013-11-29,517.059997559,0
2013-12-02,512.690002441,0
2013-12-03,508.160003662,0
2013-12-04,506.279998779,0
2013-12-05,506.320007324,0
2013-12-06,506.320007324,0
2013-12-09,502.230010986,0
2013-12-10,497.720001221,0
2013-12-11,494.779998779,0
2013-12-12,495.640014648,0
2013-12-13,494.359985352,0
2013-12-16,488.190002441,0
2013-12-17,486.149993896,0
2013-12-18,485.649993896,0
2013-12-19,484.170013428,0
2013-12-20,488.410003662,0
2013-12-23,489.630004883,0
2013-12-24,491.079986572,0
2013-12-26,488.869995117,0
2013-12-27,496.769989014,0
2013-12-30,499.989990234,0
2014-01-02,496.279998779,0
2014-01-03,499.329986572,0
2014-01-06,500.619995117,0
2014-01-07,504.859985352,0
2014-01-08,509.779998779,0
2014-01-09,511.600006104,0
2014-01-10,510.190002441,0
2014-01-13,512.91998291,0
2014-01-14,512.270019531,0
2014-01-15,515.969970703,0
2014-01-16,517.83001709,0
2014-01-17,518.099975586,0
2014-01-20,519.989990234,0
2014-01-21,520.989990234,0
2014-01-22,523.070007324,0
2014-01-23,522.719970703,0
2014-01-24,520.309997559,0
2014-01-27,507.510009766,0
2014-01-28,509.290008545,0
2014-01-29,515.200012207,0
2014-02-03,513.619995117,0
2014-02-04,507.559997559,0
2014-02-05,505.619995117,0
2014-02-06,509.869995117,0
2014-02-07,514.450012207,0
2014-02-10,518.469970703,0
2014-02-11,518.900024414,0
2014-02-12,520.640014648,0
2014-02-13,521.820007324,0
2014-02-14,522.58001709,0
2014-02-17,522,0
2014-02-18,525.41998291,0
2014-02-19,529.869995117,0
2014-02-20,525.690002441,0
2014-02-21,528.510009766,0
2014-02-24,526.340026855,0
2014-02-25,528.609985352,0
2014-02-26,529.229980469,0
2014-02-27,528.369995117,0
2014-02-28,528.960021973,0
2014-03-03,529.859985352,0
2014-03-04,531.539978027,0
2014-03-05,536.770019531,0
2014-03-06,540.33001709,0
2014-03-07,543.760009766,0
2014-03-10,542.190002441,0
2014-03-11,547.679992676,0
2014-03-12,539.299987793,0
2014-03-13,547.510009766,0
2014-03-14,544.270019531,0
2014-03-17,535.820007324,0
2014-03-18,541.150024414,0
2014-03-19,542.25,0
2014-03-20,541.789978027,0
2014-03-21,546.809997559,0
2014-03-24,545.599975586,0
2014-03-25,539.049987793,0
2014-03-26,544.130004883,0
2014-03-27,541.460021973,0
2014-03-28,544.099975586,0
2014-03-31,541.58001709,0
2014-04-01,549.08001709,0
2014-04-02,557.650024414,0
2014-04-03,557.010009766,0
2014-04-04,560.440002441,0
2014-04-07,554.229980469,0
2014-04-08,554.070007324,0
2014-04-09,552.219970703,0
2014-04-10,555.099975586,0
2014-04-11,555.869995117,0
2014-04-14,562.039978027,0
2014-04-15,562.109985352,0
2014-04-16,565.960021973,0
2014-04-17,565.75,0
2014-04-18,571.229980469,0
2014-04-21,569.280029297,0
2014-04-22,570.979980469,0
2014-04-23,565.469970703,0
2014-04-24,561.119995117,0
2014-04-25,556.479980469,0
2014-04-28,556.960021973,0
2014-04-29,556.969970703,0
2014-04-30,559.340026855,0
2014-05-02,558.659973145,0
2014-05-07,550.349975586,0
2014-05-08,546.890014648,0
2014-05-09,550.190002441,0
2014-05-12,551.400024414,0
2014-05-13,557.159973145,0
2014-05-14,560.299987793,0
2014-05-15,561.75,0
2014-05-16,557.590026855,0
2014-05-19,546.809997559,0
2014-05-20,542.960021973,0
2014-05-21,545.590026855,0
2014-05-22,546.75,0
2014-05-23,549.700012207,0
2014-05-26,548.83001709,0
2014-05-27,547.969970703,0
2014-05-28,549.960021973,0
2014-05-29,549.609985352,0
2014-05-30,546.530029297,0
2014-06-02,535.150024414,0
2014-06-03,531.280029297,0
2014-06-05,523.119995117,0
2014-06-09,524.030029297,0
2014-06-10,532.640014648,0
2014-06-11,533.299987793,0
2014-06-12,536.140014648,0
2014-06-13,536.340026855,0
2014-06-16,536.020019531,0
2014-06-17,537.900024414,0
2014-06-18,537.049987793,0
2014-06-19,536.789978027,0
2014-06-20,536.690002441,0
2014-06-23,529.960021973,0
2014-06-24,529.489990234,0
2014-06-25,527.260009766,0
2014-06-26,530.039978027,0
2014-06-27,531.429992676,0
2014-06-30,537.059997559,0
2014-07-01,544.900024414,0
2014-07-02,549.030029297,0
2014-07-03,550.679992676,0
2014-07-04,552.900024414,0
2014-07-07,553.150024414,0
2014-07-08,554.900024414,0
2014-07-09,555.840026855,0
2014-07-10,559.320007324,0
2014-07-11,556.58001709,0
2014-07-14,561.5,0
2014-07-15,559.150024414,0
2014-07-16,555.270019531,0
2014-07-17,558.940002441,0
2014-07-18,560.260009766,0
2014-07-21,561.75,0
2014-07-22,564.929992676,0
2014-07-23,563.140014648,0
2014-07-24,559.66998291,0
2014-07-25,562.780029297,0
2014-07-28,552.979980469,0
2014-07-29,541.820007324,0
2014-07-30,541.809997559,0
2014-07-31,536.320007324,0
2014-08-01,541.090026855,0
2014-08-04,549.609985352,0
2014-08-05,547.75,0
2014-08-06,548.429992676,0
2014-08-07,547.109985352,0
2014-08-08,544.239990234,0
2014-08-11,546.299987793,0
2014-08-12,545.760009766,0
2014-08-13,551.729980469,0
2014-08-14,558.179992676,0
2014-08-18,561.099975586,0
2014-08-19,562.659973145,0
2014-08-20,561.960021973,0
2014-08-21,562.520019531,0
2014-08-22,566.349975586,0
2014-08-25,564.400024414,0
2014-08-26,568.239990234,0
2014-08-27,567.229980469,0
2014-08-28,570.239990234,0
2014-08-29,570.200012207,0
2014-09-01,566.950012207,0
2014-09-02,568.739990234,0
2014-09-03,571.400024414,0
2014-09-04,568.900024414,0
2014-09-05,572.369995117,0
2014-09-11,573.700012207,0
2014-09-12,570.650024414,0
2014-09-15,565.770019531,0
2014-09-16,572.359985352,0
2014-09-17,574.979980469,0
2014-09-18,576.969970703,0
2014-09-19,581.380004883,0
2014-09-22,577.349975586,0
2014-09-23,575.559997559,0
2014-09-24,580.41998291,0
2014-09-25,577.479980469,0
2014-09-26,577.659973145,0
2014-09-29,569.270019531,0
2014-09-30,573.219970703,0
2014-10-01,566.989990234,0
2014-10-02,569.840026855,0
2014-10-06,566.270019531,0
2014-10-07,562.820007324,0
2014-10-08,566.739990234,0
2014-10-10,555.950012207,0
2014-10-13,534.309997559,0
2014-10-14,544.049987793,0
2014-10-15,545.510009766,0
2014-10-16,545.489990234,0
2014-10-17,547.700012207,0
2014-10-20,556.010009766,0
2014-10-21,557.539978027,0
2014-10-22,564.520019531,0
2014-10-23,564.309997559,0
2014-10-24,560.659973145,0
2014-10-27,559.91998291,0
2014-10-28,562.289978027,0
2014-10-29,561.030029297,0
2014-10-30,557.859985352,0
2014-10-31,558.700012207,0
2014-11-03,552.469970703,0
2014-11-04,542.159973145,0
2014-11-05,540.270019531,0
2014-11-06,531.809997559,0
2014-11-07,539.900024414,0
2014-11-10,539.219970703,0
2014-11-11,545.130004883,0
2014-11-12,546.460021973,0
2014-11-13,547.700012207,0
2014-11-14,541.929992676,0
2014-11-17,531.179992676,0
2014-11-18,536.200012207,0
2014-11-19,540.840026855,0
2014-11-20,539.929992676,0
2014-11-21,543.979980469,0
2014-11-24,541.929992676,0
2014-11-25,546.340026855,0
2014-11-26,547.340026855,0
2014-11-27,545.969970703,0
2014-11-28,545.08001709,0
2014-12-01,539.450012207,0
2014-12-02,541.530029297,0
2014-12-03,545.020019531,0
2014-12-04,548.159973145,0
2014-12-05,550.849975586,0
2014-12-08,551.400024414,0
2014-12-09,546.570007324,0
2014-12-10,541.960021973,0
2014-12-11,537.210021973,0
2014-12-12,533.66998291,0
2014-12-15,538.090026855,0
2014-12-16,534.150024414,0
2014-12-17,533.059997559,0
2014-12-18,527.520019531,0
2014-12-19,535.510009766,0
2014-12-22,536.780029297,0
2014-12-23,534.650024414,0
2014-12-24,536.890014648,0
2014-12-26,535.16998291,0
2014-12-29,539.219970703,0
2014-12-30,542.969970703,0
2015-01-02,553.729980469,0
2015-01-05,561.25,0
2015-01-06,558.900024414,0
2015-01-07,561.320007324,0
2015-01-08,566.429992676,0
2015-01-09,572.989990234,0
2015-01-12,574.760009766,0
2015-01-13,571,0
2015-01-14,574.16998291,0
2015-01-15,581.390014648,0
2015-01-16,577.409973145,0
2015-01-19,577.940002441,0
2015-01-20,582.270019531,0
2015-01-21,584.340026855,0
2015-01-22,578.41998291,0
2015-01-23,589.309997559,0
2015-01-26,590.340026855,0
2015-01-27,587.840026855,0
2015-01-28,594.390014648,0
2015-01-29,593.119995117,0
2015-01-30,591.58001709,0
2015-02-02,590.270019531,0
2015-02-03,593.309997559,0
2015-02-04,598.229980469,0
2015-02-05,600.809997559,0
2015-02-06,604.130004883,0
2015-02-09,593.75,0
2015-02-10,592.950012207,0
2015-02-11,601.409973145,0
2015-02-12,602.239990234,0
2015-02-13,608.070007324,0
2015-02-16,610.159973145,0
2015-02-17,609.099975586,0
2015-02-23,615.520019531,0
2015-02-24,621.309997559,0
2015-02-25,616.570007324,0
2015-02-26,617.08001709,0
2015-02-27,624.559997559,0
2015-03-02,621.809997559,0
2015-03-03,625.640014648,0
2015-03-04,630.349975586,0
2015-03-05,631.429992676,0
2015-03-06,635.840026855,0
2015-03-09,629.260009766,0
2015-03-10,621.989990234,0
2015-03-11,619.609985352,0
2015-03-12,628.150024414,0
2015-03-13,634.25,0
2015-03-16,635.400024414,0
2015-03-17,636.049987793,0
2015-03-18,628.989990234,0
2015-03-19,631.809997559,0
2015-03-20,640.08001709,0
2015-03-23,640.289978027,0
2015-03-24,641.869995117,0
2015-03-25,651.049987793,0
2015-03-26,642.530029297,0
2015-03-27,640.119995117,0
2015-03-30,646.739990234,0
2015-03-31,650.489990234,0
2015-04-01,650.229980469,0
2015-04-02,650.570007324,0
2015-04-03,658.039978027,0
2015-04-06,662.150024414,0
2015-04-07,666.83001709,0
2015-04-08,668.030029297,0
2015-04-09,676.960021973,0
2015-04-10,682.020019531,0
2015-04-13,689.390014648,0
2015-04-14,684.969970703,0
2015-04-15,694.440002441,0
2015-04-16,698.309997559,0
2015-04-17,706.900024414,0
2015-04-20,706.960021973,0
2015-04-21,714.520019531,0
2015-04-22,703.340026855,0
2015-04-23,692.479980469,0
2015-04-24,690.739990234,0
2015-04-27,699.390014648,0
2015-04-28,696.789978027,0
2015-04-29,695.690002441,0
2015-04-30,689.010009766,0
2015-05-04,677.900024414,0
2015-05-06,665.940002441,0
2015-05-07,673.08001709,0
2015-05-08,681.690002441,0
2015-05-11,692.289978027,0
2015-05-12,686.739990234,0
2015-05-13,692.229980469,0
2015-05-14,699.270019531,0
2015-05-15,705.400024414,0
2015-05-18,703.25,0
2015-05-19,706.789978027,0
2015-05-20,713.950012207,0
2015-05-21,715.640014648,0
2015-05-22,713.539978027,0
2015-05-26,708.659973145,0
2015-05-27,699.190002441,0
2015-05-28,709.010009766,0
2015-05-29,711.390014648,0
2015-06-01,715.729980469,0
2015-06-02,704.770019531,0
2015-06-03,696.969970703,0
2015-06-04,704.559997559,0
2015-06-05,707.270019531,0
2015-06-08,716.429992676,0
2015-06-09,722.510009766,0
2015-06-10,718.229980469,0
2015-06-11,717,0
2015-06-12,712.400024414,0
2015-06-15,705.849975586,0
2015-06-16,706.280029297,0
2015-06-17,718.609985352,0
2015-06-18,725.200012207,0
2015-06-19,729.91998291,0
2015-06-22,734.609985352,0
2015-06-23,739.820007324,0
2015-06-24,746.619995117,0
2015-06-25,753.659973145,0
2015-06-26,750.5,0
2015-06-29,733.039978027,0
2015-06-30,742.270019531,0
2015-07-01,760.66998291,0
2015-07-02,768.66998291,0
2015-07-03,769.260009766,0
2015-07-06,752.010009766,0
2015-07-07,729.640014648,0
2015-07-08,726.219970703,0
2015-07-09,726.010009766,0
2015-07-10,730.719970703,0
2015-07-13,749.460021973,0
2015-07-14,757.119995117,0
2015-07-15,761.590026855,0
2015-07-16,774.400024414,0
2015-07-17,773.229980469,0
2015-07-20,782.640014648,0
2015-07-21,781.989990234,0
2015-07-22,776.570007324,0
2015-07-23,776.989990234,0
2015-07-24,776.260009766,0
2015-07-27,751.039978027,0
2015-07-28,745.239990234,0
2015-07-29,730.469970703,0
2015-07-30,712.859985352,0
2015-07-31,725.059997559,0
2015-08-03,714.340026855,0
2015-08-04,730.030029297,0
2015-08-05,741.260009766,0
2015-08-06,747.739990234,0
2015-08-07,751.489990234,0
2015-08-10,746.340026855,0
2015-08-11,732.260009766,0
2015-08-12,717.200012207,0
2015-08-13,731.359985352,0
2015-08-17,722.010009766,0
2015-08-18,699.799987793,0
2015-08-19,670.549987793,0
2015-08-20,656.710021973,0
2015-08-21,627.049987793,0
2015-08-24,613.33001709,0
2015-08-25,645.429992676,0
2015-08-26,667.440002441,0
2015-08-27,673.710021973,0
2015-08-28,687.960021973,0
2015-08-31,687.109985352,0
2015-09-01,672.940002441,0
2015-09-02,678.020019531,0
2015-09-03,678.25,0
2015-09-04,650.450012207,0
2015-09-07,648.799987793,0
2015-09-08,638.219970703,0
2015-09-09,660.66998291,0
2015-09-10,668.289978027,0
2015-09-11,669.869995117,0
2015-09-14,662.880004883,0
2015-09-15,666.75,0
2015-09-16,676.479980469,0
2015-09-17,671.049987793,0
2015-09-18,690.179992676,0
2015-09-21,688.900024414,0
2015-09-22,693.66998291,0
2015-09-23,680.280029297,0
2015-09-24,683.880004883,0
2015-09-25,682.700012207,0
2015-09-30,678.479980469,0
2015-10-01,684.789978027,0
2015-10-02,686.41998291,0
2015-10-05,691.190002441,0
2015-10-06,689.059997559,0
2015-10-07,679.83001709,0
2015-10-08,674.969970703,0
2015-10-12,672.960021973,0
2015-10-13,672.820007324,0
2015-10-14,668.91998291,0
2015-10-15,676.049987793,0
2015-10-16,681.729980469,0
2015-10-19,684.289978027,0
2015-10-20,691.210021973,0
2015-10-21,686.5,0
2015-10-22,676.299987793,0
2015-10-23,681.969970703,0
2015-10-26,690.729980469,0
2015-10-27,688.320007324,0
2015-10-28,693.530029297,0
2015-10-29,690.630004883,0
2015-10-30,683.630004883,0
2015-11-02,680.010009766,0
2015-11-03,682.130004883,0
2015-11-04,686.179992676,0
2015-11-05,694.429992676,0
2015-11-06,694.210021973,0
2015-11-09,671.840026855,0
2015-11-10,656.700012207,0
2015-11-11,667.210021973,0
2015-11-12,672.989990234,0
2015-11-13,670.520019531,0
2015-11-16,659.200012207,0
2015-11-17,672.16998291,0
2015-11-18,670.66998291,0
2015-11-19,680.570007324,0
2015-11-20,685.159973145,0
2015-11-23,688.289978027,0
2015-11-24,687.859985352,0
2015-11-25,688.780029297,0
2015-11-26,693.41998291,0
2015-11-27,694.210021973,0
2015-11-30,688.380004883,0
2015-12-01,691.950012207,0
2015-12-02,690.320007324,0
2015-12-03,690.770019531,0
2015-12-04,685.770019531,0
2015-12-07,683.340026855,0
2015-12-08,668.41998291,0
2015-12-09,664.08001709,0
2015-12-10,658.08001709,0
2015-12-11,653.479980469,0
2015-12-14,630.369995117,0
2015-12-15,639.780029297,0
2015-12-16,647.270019531,0
2015-12-17,658.109985352,0
2015-12-18,667.450012207,0
2015-12-21,668.650024414,0
2015-12-22,663.41998291,0
2015-12-23,659.599975586,0
2015-12-24,656.530029297,0
2015-12-28,652.049987793,0
2015-12-29,673.219970703,0
2015-12-30,682.349975586,0
2016-01-04,677.789978027,0
2016-01-05,684.070007324,0
2016-01-06,687.270019531,0
2016-01-07,679.659973145,0
2016-01-08,682.559997559,0
2016-01-11,674.960021973,0
2016-01-12,671.299987793,0
2016-01-13,686.030029297,0
2016-01-14,683.190002441,0
2016-01-15,678.429992676,0
2016-01-18,683.630004883,0
2016-01-19,681.25,0
2016-01-20,669.679992676,0
2016-01-21,665.840026855,0
2016-01-22,670.950012207,0
2016-01-25,681.429992676,0
2016-01-26,678.849975586,0
2016-01-27,675.25,0
2016-01-28,681.289978027,0
2016-01-29,682.799987793,0
2016-02-01,685.549987793,0
2016-02-02,684.859985352,0
2016-02-03,680.940002441,0
2016-02-04,683.619995117,0
2016-02-05,681.309997559,0
2016-02-11,647.690002441,0
2016-02-12,608.450012207,0
2016-02-15,621.369995117,0
2016-02-16,634.950012207,0
2016-02-17,623.489990234,0
2016-02-18,638.429992676,0
2016-02-19,644.559997559,0
2016-02-22,650.140014648,0
2016-02-23,642.309997559,0
2016-02-24,643.979980469,0
2016-02-25,646.270019531,0
2016-02-26,649.299987793,0
2016-02-29,651.619995117,0
2016-03-02,662.25,0
2016-03-03,669.010009766,0
2016-03-04,673.840026855,0
2016-03-07,672.210021973,0
2016-03-08,674.320007324,0
2016-03-09,679.640014648,0
2016-03-10,687.599975586,0
2016-03-11,689.16998291,0
2016-03-14,691.049987793,0
2016-03-15,693.340026855,0
2016-03-16,693.440002441,0
2016-03-17,691.489990234,0
2016-03-18,695.020019531,0
2016-03-21,692.41998291,0
2016-03-22,691.510009766,0
2016-03-23,689.390014648,0
2016-03-24,686.260009766,0
2016-03-25,683.200012207,0
2016-03-28,676.510009766,0
2016-03-29,686.5,0
2016-03-30,691.130004883,0
2016-03-31,688.380004883,0
2016-04-01,690.690002441,0
2016-04-04,696.979980469,0
2016-04-05,695.700012207,0
2016-04-06,694.030029297,0
2016-04-07,697.130004883,0
2016-04-08,697.099975586,0
2016-04-11,693.010009766,0
2016-04-12,693.450012207,0
2016-04-14,693.41998291,0
2016-04-15,695.619995117,0
2016-04-18,695.340026855,0
2016-04-19,701.679992676,0
2016-04-20,699.859985352,0
2016-04-21,701.619995117,0
2016-04-22,703.049987793,0
2016-04-25,703.700012207,0
2016-04-26,702.059997559,0
2016-04-27,699.520019531,0
2016-04-28,699.700012207,0
2016-04-29,699.770019531,0
2016-05-02,690.270019531,0
2016-05-03,698.659973145,0
2016-05-04,694.16998291,0
2016-05-09,691.820007324,0
2016-05-10,700.229980469,0
2016-05-11,703.940002441,0
2016-05-12,705.039978027,0
2016-05-13,704.369995117,0
2016-05-16,701.460021973,0
2016-05-17,695.950012207,0
2016-05-18,683.869995117,0
2016-05-19,679.390014648,0
2016-05-20,684.91998291,0
2016-05-23,691,0
2016-05-24,687.710021973,0
2016-05-25,689.33001709,0
2016-05-26,687.940002441,0
2016-05-27,691.539978027,0
2016-05-30,692.059997559,0
2016-05-31,698.450012207,0
2016-06-01,700.030029297,0
2016-06-02,701.150024414,0
2016-06-03,701.429992676,0
2016-06-07,704.770019531,0
2016-06-08,703.989990234,0
2016-06-09,705.08001709,0
2016-06-10,706.809997559,0
2016-06-13,695.609985352,0
2016-06-14,692.940002441,0
2016-06-15,694.659973145,0
2016-06-16,680.25,0
2016-06-17,678.859985352,0
2016-06-20,688.950012207,0
2016-06-21,688.549987793,0
2016-06-22,688.179992676,0
2016-06-23,679.520019531,0
2016-06-24,647.159973145,0
2016-06-27,648.119995117,0
2016-06-28,659.299987793,0
2016-06-29,669.880004883,0
2016-06-30,675.090026855,0
2016-07-01,684.260009766,0
2016-07-04,688.150024414,0
2016-07-05,692.729980469,0
2016-07-06,685.510009766,0
2016-07-07,695.950012207,0
2016-07-08,692.599975586,0
2016-07-11,697.25,0
2016-07-12,699.400024414,0
2016-07-13,702.650024414,0
2016-07-14,703.340026855,0
2016-07-15,700.280029297,0
2016-07-18,700.900024414,0
2016-07-19,702.440002441,0
2016-07-20,705.030029297,0
2016-07-21,708.119995117,0
2016-07-22,707.539978027,0
2016-07-25,704.960021973,0
2016-07-26,705.400024414,0
2016-07-27,701.090026855,0
2016-07-28,703.780029297,0
2016-07-29,706.239990234,0
2016-08-01,703.719970703,0
2016-08-02,700.900024414,0
2016-08-03,698.320007324,0
2016-08-04,701.66998291,0
2016-08-05,696.090026855,0
2016-08-08,696.429992676,0
2016-08-09,700.729980469,0
2016-08-10,707.460021973,0
2016-08-11,703.33001709,0
2016-08-12,705.179992676,0
2016-08-16,698.869995117,0
2016-08-17,693.66998291,0
2016-08-18,696.929992676,0
2016-08-19,696.200012207,0
2016-08-22,688.150024414,0
2016-08-23,687.380004883,0
2016-08-24,687.780029297,0
2016-08-25,683.960021973,0
2016-08-26,680.429992676,0
2016-08-29,663.58001709,0
2016-08-30,667.609985352,0
2016-08-31,663.690002441,0
2016-09-01,671.289978027,0
2016-09-02,676.909973145,0
2016-09-05,679.489990234,0
2016-09-06,679.260009766,0
2016-09-07,672.489990234,0
2016-09-08,667.400024414,0
2016-09-09,664.989990234,0
2016-09-12,652.909973145,0
2016-09-13,660.150024414,0
2016-09-19,666.640014648,0
2016-09-20,674.510009766,0
2016-09-21,678.280029297,0
2016-09-22,685.239990234,0
2016-09-23,688.590026855,0
2016-09-26,686.760009766,0
2016-09-27,687.989990234,0
2016-09-28,686.760009766,0
2016-09-29,689.83001709,0
2016-09-30,681.210021973,0
2016-10-04,685.880004883,0
2016-10-05,685.440002441,0
2016-10-06,684.33001709,0
2016-10-07,675.900024414,0
2016-10-10,674.739990234,0
2016-10-11,670.640014648,0
2016-10-12,669.950012207,0
2016-10-13,663.090026855,0
2016-10-14,664.91998291,0
2016-10-17,659.83001709,0
2016-10-18,660.289978027,0
2016-10-19,661.260009766,0
2016-10-20,655.679992676,0
2016-10-21,651.770019531,0
2016-10-24,647.880004883,0
2016-10-25,640.16998291,0
2016-10-26,635.510009766,0
2016-10-27,648.570007324,0
2016-10-28,640.16998291,0
2016-10-31,624.679992676,0
2016-11-01,626.380004883,0
2016-11-02,606.059997559,0
2016-11-03,609.989990234,0
2016-11-04,610.820007324,0
2016-11-07,622.16998291,0
2016-11-08,624.190002441,0
2016-11-09,599.739990234,0
2016-11-10,623.229980469,0
2016-11-11,621.890014648,0
2016-11-14,621.229980469,0
2016-11-15,617.429992676,0
2016-11-16,627.83001709,0
2016-11-17,627.760009766,0
2016-11-18,620.260009766,0
2016-11-21,609.33001709,0
2016-11-22,610.739990234,0
2016-11-23,600.289978027,0
2016-11-24,592.650024414,0
2016-11-25,597.820007324,0
2016-11-28,593.049987793,0
2016-11-29,596.070007324,0
2016-11-30,596.109985352,0
2016-12-01,593.849975586,0
2016-12-02,586.729980469,0
2016-12-05,575.119995117,0
2016-12-06,581.349975586,0
2016-12-07,578.520019531,0
2016-12-08,584.619995117,0
2016-12-09,594.349975586,0
2016-12-12,603.08001709,0
2016-12-13,611.090026855,0
2016-12-14,612.469970703,0
2016-12-15,620.609985352,0
2016-12-16,622.08001709,0
2016-12-19,622.770019531,0
2016-12-20,617.989990234,0
2016-12-21,618.630004883,0
2016-12-22,615.929992676,0
2016-12-23,619.75,0
2016-12-26,615.159973145,0
2016-12-27,618.380004883,0
2016-12-28,627.270019531,0
2016-12-29,631.440002441,0
2017-01-02,632.039978027,0
2017-01-03,636.570007324,0
2017-01-04,639.789978027,0
2017-01-05,642.479980469,0
2017-01-06,643.679992676,0
2017-01-09,642.150024414,0
2017-01-10,636.729980469,0
2017-01-11,637.900024414,0
2017-01-12,632.869995117,0
2017-01-13,634.679992676,0
2017-01-16,627.880004883,0
2017-01-17,624,0
2017-01-18,626.890014648,0
2017-01-19,626.190002441,0
2017-01-20,622.119995117,0
2017-01-23,615.989990234,0
2017-01-24,612.929992676,0
2017-01-25,609.640014648,0
2017-01-26,616.809997559,0
2017-01-31,616.130004883,0
2017-02-01,623.679992676,0
2017-02-02,613.039978027,0
2017-02-03,609.210021973,0
2017-02-06,610.960021973,0
2017-02-07,608.719970703,0
2017-02-08,608.789978027,0
2017-02-09,611.039978027,0
2017-02-10,610.58001709,0
2017-02-13,611.940002441,0
2017-02-14,611.539978027,0
2017-02-15,615.950012207,0
2017-02-16,616.58001709,0
2017-02-17,618.700012207,0
2017-02-20,619.969970703,0
2017-02-21,622.469970703,0
2017-02-22,621.390014648,0
2017-02-23,617.66998291,0
2017-02-24,614.75,0
2017-02-27,612.119995117,0
2017-02-28,612.200012207,0
2017-03-02,608.929992676,0
2017-03-03,600.729980469,0
2017-03-06,604.049987793,0
2017-03-07,606.049987793,0
2017-03-08,605.75,0
2017-03-09,606.130004883,0
2017-03-10,612.260009766,0
2017-03-13,615.590026855,0
2017-03-14,614.119995117,0
2017-03-15,608.679992676,0
2017-03-16,613.880004883,0
2017-03-17,613.260009766,0
2017-03-20,609.109985352,0
2017-03-21,609.729980469,0
2017-03-22,607.570007324,0
2017-03-23,605.530029297,0
2017-03-24,608.179992676,0
2017-03-27,607.070007324,0
2017-03-28,612.280029297,0
2017-03-29,613.630004883,0
2017-03-30,614.679992676,0
2017-03-31,619.280029297,0
2017-04-03,628.520019531,0
2017-04-04,625.489990234,0
2017-04-05,630.16998291,0
2017-04-06,630.460021973,0
2017-04-07,633.320007324,0
2017-04-10,619.409973145,0
2017-04-11,621.640014648,0
2017-04-12,621.450012207,0
2017-04-13,623.869995117,0
2017-04-14,618.239990234,0
2017-04-17,629.469970703,0
2017-04-18,634.729980469,0
2017-04-19,635.989990234,0
2017-04-20,635.799987793,0
2017-04-21,634.960021973,0
2017-04-24,626.619995117,0
2017-04-25,632.570007324,0
2017-04-26,635.109985352,0
2017-04-27,631.109985352,0
2017-04-28,628.239990234,0
2017-05-02,626.429992676,0
2017-05-04,635.109985352,0
2017-05-08,643.390014648,0
2017-05-10,642.679992676,0
2017-05-11,647.58001709,0
2017-05-12,643.729980469,0
2017-05-15,645.380004883,0
2017-05-16,639.109985352,0
2017-05-17,640.010009766,0
2017-05-18,638.119995117,0
2017-05-19,642.450012207,0
2017-05-22,642.619995117,0
2017-05-23,644.729980469,0
2017-05-24,646.039978027,0
2017-05-25,643.020019531,0
2017-05-26,646.010009766,0
2017-05-29,642.979980469,0
2017-05-30,649.059997559,0
2017-05-31,652.039978027,0
2017-06-01,653.83001709,0
2017-06-02,658.780029297,0
2017-06-05,662.320007324,0
2017-06-07,666.460021973,0
2017-06-08,669.969970703,0
2017-06-09,674.150024414,0
2017-06-12,664.859985352,0
2017-06-13,669.229980469,0
2017-06-14,671.590026855,0
2017-06-15,669.820007324,0
2017-06-16,670.700012207,0
2017-06-19,675.440002441,0
2017-06-20,669.409973145,0
2017-06-21,665.770019531,0
2017-06-22,663.280029297,0
2017-06-23,668.929992676,0
2017-06-26,668.359985352,0
2017-06-27,672.630004883,0
2017-06-28,665.890014648,0
2017-06-29,668,0
2017-06-30,669.039978027,0
2017-07-03,660.969970703,0
2017-07-04,656.190002441,0
2017-07-05,661.539978027,0
2017-07-06,663.789978027,0
2017-07-07,663.770019531,0
2017-07-10,657.859985352,0
2017-07-11,656.010009766,0
2017-07-12,651.099975586,0
2017-07-13,652.690002441,0
2017-07-14,654.109985352,0
2017-07-17,659.890014648,0
2017-07-18,664.020019531,0
2017-07-19,671.530029297,0
2017-07-20,676.510009766,0
2017-07-21,676.599975586,0
2017-07-24,677.320007324,0
2017-07-25,670.469970703,0
2017-07-26,667.219970703,0
2017-07-27,666.479980469,0
2017-07-28,652.950012207,0
2017-07-31,650.469970703,0
2017-08-01,653.119995117,0
2017-08-02,657.520019531,0
2017-08-03,643.090026855,0
2017-08-04,641.58001709,0
2017-08-07,648.390014648,0
2017-08-08,651.66998291,0
2017-08-09,642.869995117,0
2017-08-10,640.039978027,0
2017-08-11,628.340026855,0
2017-08-14,629.369995117,0
2017-08-16,634.909973145,0
2017-08-17,642.109985352,0
2017-08-18,643.58001709,0
2017-08-21,640.849975586,0
2017-08-22,644.260009766,0
2017-08-23,643.710021973,0
2017-08-24,647.710021973,0
2017-08-25,650.270019531,0
2017-08-28,652.91998291,0
2017-08-29,653.960021973,0
2017-08-30,655,0
2017-08-31,657.83001709,0
2017-09-01,661.989990234,0
2017-09-04,650.890014648,0
2017-09-05,648.75,0
2017-09-06,652.590026855,0
2017-09-07,658.479980469,0
2017-09-08,654.289978027,0
2017-09-11,656.530029297,0
2017-09-12,660.049987793,0
2017-09-13,659.090026855,0
2017-09-14,665.409973145,0
2017-09-15,671.299987793,0
2017-09-18,675.869995117,0
2017-09-19,674.479980469,0
2017-09-20,668.049987793,0
2017-09-21,661.109985352,0
2017-09-25,642.039978027,0
2017-09-26,642.400024414,0
2017-09-27,649.239990234,0
2017-09-28,648.090026855,0
2017-09-29,652.820007324,0
2017-10-10,654.590026855,0
2017-10-11,662.309997559,0
2017-10-12,666.539978027,0
2017-10-13,663.08001709,0
2017-10-16,659.409973145,0
2017-10-17,670.510009766,0
2017-10-18,668.41998291,0
2017-10-19,667.099975586,0
2017-10-20,672.950012207,0
2017-10-23,675.859985352,0
2017-10-24,687.210021973,0
2017-10-25,689.140014648,0
2017-10-26,680.609985352,0
2017-10-27,689.969970703,0
2017-10-30,689.679992676,0
2017-10-31,694.200012207,0
2017-11-01,695.770019531,0
2017-11-02,694.960021973,0
2017-11-03,701.130004883,0
2017-11-06,703.789978027,0
2017-11-07,701.140014648,0
2017-11-08,709.109985352,0
2017-11-09,709.940002441,0
2017-11-10,720.789978027,0
2017-11-13,741.380004883,0
2017-11-14,756.460021973,0
2017-11-15,768.030029297,0
2017-11-16,780.219970703,0
2017-11-17,775.849975586,0
2017-11-20,785.320007324,0
2017-11-21,789.380004883,0
2017-11-22,780.900024414,0
2017-11-23,796.799987793,0
2017-11-24,792.739990234,0
2017-11-27,792.799987793,0
2017-11-28,773.119995117,0
2017-11-29,781.719970703,0
2017-11-30,771.41998291,0
2017-12-01,787.700012207,0
2017-12-04,782.450012207,0
2017-12-05,774.119995117,0
2017-12-06,768.390014648,0
2017-12-07,753.460021973,0
2017-12-08,744.059997559,0
2017-12-11,764.090026855,0
2017-12-12,760.400024414,0
2017-12-13,772.219970703,0
2017-12-14,770.349975586,0
2017-12-15,771.820007324,0
2017-12-18,770.5,0
2017-12-19,766.179992676,0
2017-12-21,740.320007324,0
2017-12-22,761.200012207,0
2017-12-26,762.210021973,0
2017-12-27,791.950012207,0
2017-12-28,798.41998291,0
2018-01-02,812.450012207,0
2018-01-03,822.309997559,0
2018-01-04,808.010009766,0
2018-01-05,828.030029297,0
2018-01-08,839.510009766,0
2018-01-09,829.989990234,0
2018-01-10,834.909973145,0
2018-01-11,852.510009766,0
2018-01-12,873.049987793,0
2018-01-15,891.609985352,0
2018-01-16,901.229980469,0
2018-01-17,886.58001709,0
2018-01-18,898.190002441,0
2018-01-19,879.989990234,0
2018-01-22,873.090026855,0
2018-01-23,894.429992676,0
2018-01-24,894.770019531,0
2018-01-25,898.599975586,0
2018-01-26,913.119995117,0
2018-01-29,927.049987793,0
2018-01-30,920.960021973,0
2018-01-31,913.570007324,0
2018-02-01,908.200012207,0
2018-02-02,899.469970703,0
2018-02-05,858.219970703,0
2018-02-06,858.16998291,0
2018-02-07,829.960021973,0
2018-02-08,861.940002441,0
2018-02-09,842.599975586,0
2018-02-12,843.239990234,0
2018-02-13,829.390014648,0
2018-02-14,848.030029297,0
2018-02-19,875.809997559,0
2018-02-20,864.409973145,0
2018-02-21,875.58001709,0
2018-02-22,870.219970703,0
2018-02-23,874.780029297,0
2018-02-26,874.429992676,0
2018-02-27,874.010009766,0
2018-02-28,857.059997559,0
2018-03-02,860.229980469,0
2018-03-05,845,0
2018-03-06,859.210021973,0
2018-03-07,841.030029297,0
2018-03-08,853.940002441,0
2018-03-09,865.799987793,0
2018-03-12,884.270019531,0
2018-03-13,886.25,0
2018-03-14,886.91998291,0
2018-03-15,890.429992676,0
2018-03-16,894.429992676,0
2018-03-19,880.969970703,0
2018-03-20,890.400024414,0
2018-03-21,885.549987793,0
2018-03-22,871.619995117,0
2018-03-23,829.679992676,0
2018-03-26,853.690002441,0
2018-03-27,858.840026855,0
2018-03-28,850.969970703,0
2018-03-29,865.989990234,0
2018-03-30,871.090026855,0
2018-04-02,867.799987793,0
2018-04-03,872.320007324,0
2018-04-04,862.510009766,0
2018-04-05,868.929992676,0
2018-04-06,867.960021973,0
2018-04-09,874.440002441,0
2018-04-10,877.299987793,0
2018-04-11,885.380004883,0
2018-04-12,881.450012207,0
2018-04-13,891.869995117,0
2018-04-16,896.890014648,0
2018-04-17,901.219970703,0
2018-04-18,893.320007324,0
2018-04-19,882.729980469,0
2018-04-20,889.16998291,0
2018-04-23,879.020019531,0
2018-04-24,873.609985352,0
2018-04-25,869.929992676,0
2018-04-26,879.390014648,0
2018-04-27,886.489990234,0
2018-04-30,875.950012207,0
2018-05-02,871.030029297,0
2018-05-03,866.070007324,0
2018-05-04,856.340026855,0
2018-05-08,827.219970703,0
2018-05-09,850.849975586,0
2018-05-10,854.929992676,0
2018-05-11,865.929992676,0
2018-05-14,858.700012207,0
2018-05-15,862.940002441,0
2018-05-16,850.289978027,0
2018-05-17,855.619995117,0
2018-05-18,869.450012207,0
2018-05-21,872.960021973,0
2018-05-23,869.159973145,0
2018-05-24,873.320007324,0
2018-05-25,868.349975586,0
2018-05-28,879.690002441,0
2018-05-29,870.08001709,0
2018-05-30,874.219970703,0
2018-05-31,879.659973145,0
2018-06-01,883.219970703,0
2018-06-04,877.440002441,0
2018-06-05,877.159973145,0
2018-06-07,887.909973145,0
2018-06-08,878.479980469,0
2018-06-11,876.549987793,0
2018-06-12,875.039978027,0
2018-06-14,864.559997559,0
2018-06-15,866.219970703,0
2018-06-18,840.229980469,0
2018-06-19,815.390014648,0
2018-06-20,840.16998291,0
2018-06-21,826.219970703,0
2018-06-22,830.270019531,0
2018-06-25,836,0
2018-06-26,831.400024414,0
2018-06-27,826.690002441,0
2018-06-28,810.200012207,0
2018-06-29,818.219970703,0
2018-07-02,789.820007324,0
2018-07-03,795.710021973,0
2018-07-04,799.099975586,0
2018-07-05,794.049987793,0
2018-07-06,808.890014648,0
2018-07-09,808.280029297,0
2018-07-10,813.190002441,0
2018-07-11,804.780029297,0
2018-07-12,819.289978027,0
2018-07-13,827.890014648,0
2018-07-16,825.710021973,0
2018-07-17,819.719970703,0
2018-07-18,810.440002441,0
2018-07-19,796.489990234,0
2018-07-20,791.609985352,0
2018-07-23,756.960021973,0
2018-07-24,761.570007324,0
2018-07-25,748.890014648,0
2018-07-26,765.150024414,0
2018-07-27,773.979980469,0
2018-07-30,769.799987793,0
2018-07-31,775.520019531,0
2018-08-01,790.25,0
2018-08-02,781.380004883,0
2018-08-03,788.809997559,0
2018-08-06,781.409973145,0
2018-08-07,784.700012207,0
2018-08-08,783.809997559,0
2018-08-09,789.479980469,0
2018-08-10,784.809997559,0
2018-08-13,755.650024414,0
2018-08-14,761.940002441,0
2018-08-16,761.179992676,0
2018-08-17,772.299987793,0
2018-08-20,769.780029297,0
2018-08-21,787.150024414,0
2018-08-22,785.950012207,0
2018-08-23,791.280029297,0
2018-08-24,798.229980469,0
2018-08-27,801.039978027,0
2018-08-28,798.16998291,0
2018-08-29,803.179992676,0
2018-08-30,804.469970703,0
2018-08-31,816.969970703,0
2018-09-03,816.840026855,0
2018-09-04,827.270019531,0
2018-09-05,820,0
2018-09-06,815.179992676,0
2018-09-07,818.859985352,0
2018-09-10,816.159973145,0
2018-09-11,820.229980469,0
2018-09-12,826.33001709,0
2018-09-13,830.950012207,0
2018-09-14,834.909973145,0
2018-09-17,828.880004883,0
2018-09-18,831.849975586,0
2018-09-19,826.909973145,0
2018-09-20,821.130004883,0
2018-09-21,827.840026855,0
2018-09-27,833.010009766,0
2018-09-28,822.270019531,0
2018-10-01,816.530029297,0
2018-10-02,794.989990234,0
2018-10-04,789,0
2018-10-05,773.700012207,0
2018-10-08,767.150024414,0
2018-10-10,747.5,0
2018-10-11,707.380004883,0
2018-10-12,731.5,0
2018-10-15,718.869995117,0
2018-10-16,731.5,0
2018-10-17,739.150024414,0
2018-10-18,731.340026855,0
2018-10-19,740.479980469,0
2018-10-22,744.150024414,0
2018-10-23,719,0
2018-10-24,699.299987793,0
2018-10-25,686.840026855,0
2018-10-26,663.070007324,0
2018-10-29,629.700012207,0
2018-10-30,644.140014648,0
2018-10-31,648.66998291,0
2018-11-01,657.460021973,0
2018-11-02,690.650024414,0
2018-11-05,691.940002441,0
2018-11-06,691.549987793,0
2018-11-07,682.369995117,0
2018-11-08,693.66998291,0
2018-11-09,687.289978027,0
2018-11-12,670.820007324,0
2018-11-13,670.849975586,0
2018-11-14,671.559997559,0
2018-11-15,681.380004883,0
2018-11-16,690.179992676,0
2018-11-19,702.130004883,0
2018-11-20,690.809997559,0
2018-11-21,695.719970703,0
2018-11-22,692.390014648,0
2018-11-23,683.059997559,0
2018-11-26,695.359985352,0
2018-11-27,700.66998291,0
2018-11-28,700.119995117,0
2018-11-29,695.479980469,0
2018-11-30,695.760009766,0
2018-12-03,709.460021973,0
2018-12-04,708.630004883,0
2018-12-05,701.119995117,0
2018-12-06,678.380004883,0
2018-12-07,685.33001709,0
2018-12-10,670.390014648,0
2018-12-11,661.010009766,0
2018-12-12,676.479980469,0
2018-12-13,681.780029297,0
2018-12-14,666.340026855,0
2018-12-17,661.900024414,0
2018-12-18,659.66998291,0
2018-12-19,672.08001709,0
2018-12-20,668.130004883,0
2018-12-21,673.640014648,0
2018-12-24,669.789978027,0
2018-12-26,665.739990234,0
2018-12-27,667.880004883,0
2018-12-28,675.650024414,0
2019-01-02,669.369995117,0
2019-01-03,657.020019531,0
2019-01-04,664.489990234,0
2019-01-07,672.840026855,0
2019-01-08,668.489990234,0
2019-01-09,679.739990234,0
2019-01-10,683.340026855,0
2019-01-11,686.33001709,0
2019-01-14,683.090026855,0
2019-01-15,690.390014648,0
2019-01-16,693.380004883,0
2019-01-17,686.349975586,0
2019-01-18,696.340026855,0
2019-01-21,695.619995117,0
2019-01-22,694.549987793,0
2019-01-23,695.630004883,0
2019-01-24,704.409973145,0
2019-01-25,711.380004883,0
2019-01-28,714.260009766,0
2019-01-29,710.989990234,0
2019-01-30,715.299987793,0
2019-01-31,716.859985352,0
2019-02-01,716.91998291,0
2019-02-07,728.789978027,0
2019-02-08,728.739990234,0
2019-02-11,733.469970703,0
2019-02-12,730.58001709,0
2019-02-13,739.909973145,0
2019-02-14,742.270019531,0
2019-02-15,738.659973145,0
2019-02-18,745.33001709,0
2019-02-19,748.049987793,0
2019-02-20,750.690002441,0
2019-02-21,747.33001709,0
2019-02-22,743.380004883,0
2019-02-25,750.400024414,0
2019-02-26,747.090026855,0
2019-02-27,752.159973145,0
2019-02-28,731.25,0
2019-03-04,748.070007324,0
2019-03-05,747.950012207,0
2019-03-06,746.700012207,0
2019-03-07,736.83001709,0
2019-03-08,735.969970703,0
2019-03-11,739.090026855,0
2019-03-12,754.760009766,0
2019-03-13,754.890014648,0
2019-03-14,755.41998291,0
2019-03-15,748.359985352,0
2019-03-18,753.130004883,0
2019-03-19,748.909973145,0
2019-03-20,749.760009766,0
2019-03-21,743.520019531,0
2019-03-22,743.969970703,0
2019-03-25,727.210021973,0
2019-03-26,736.809997559,0
2019-03-27,728.450012207,0
2019-03-28,719.719970703,0
2019-03-29,729.309997559,0
2019-04-01,736.809997559,0
2019-04-02,739.570007324,0
2019-04-03,749.299987793,0
2019-04-04,751.58001709,0
2019-04-05,751.710021973,0
2019-04-08,751.91998291,0
2019-04-09,756.809997559,0
2019-04-10,760.150024414,0
2019-04-11,766.489990234,0
2019-04-12,767.849975586,0
2019-04-15,766.75,0
2019-04-16,765.020019531,0
2019-04-17,766.890014648,0
2019-04-18,753.520019531,0
2019-04-19,762.570007324,0
2019-04-22,762.010009766,0
2019-04-23,761.41998291,0
2019-04-24,757.820007324,0
2019-04-25,750.429992676,0
2019-04-26,741,0
2019-04-29,750.599975586,0
2019-04-30,754.739990234,0
2019-05-02,760.380004883,0
2019-05-03,761.820007324,0
2019-05-07,753.450012207,0
2019-05-08,745.369995117,0
2019-05-09,724.219970703,0
2019-05-10,722.619995117,0
2019-05-13,708.799987793,0
2019-05-14,710.159973145,0
2019-05-15,729.599975586,0
2019-05-16,717.590026855,0
2019-05-17,714.130004883,0
2019-05-20,702.08001709,0
2019-05-21,703.979980469,0
2019-05-22,706.929992676,0
2019-05-23,696.890014648,0
2019-05-24,690.030029297,0
2019-05-27,689.66998291,0
2019-05-28,702.760009766,0
2019-05-29,691.469970703,0
2019-05-30,689.33001709,0
2019-05-31,696.469970703,0
2019-06-03,697.5,0
2019-06-04,702.530029297,0
2019-06-05,707.75,0
2019-06-07,716.530029297,0
2019-06-10,721.140014648,0
2019-06-11,728.789978027,0
2019-06-12,724.320007324,0
2019-06-13,726.679992676,0
2019-06-14,722.25,0
2019-06-17,719.130004883,0
2019-06-18,714.859985352,0
2019-06-19,717.710021973,0
2019-06-20,727.320007324,0
2019-06-21,722.640014648,0
2019-06-24,717.690002441,0
2019-06-25,710.020019531,0
2019-06-26,709.369995117,0
2019-06-27,698.210021973,0
2019-06-28,690.530029297,0
2019-07-01,696,0
2019-07-02,696.25,0
2019-07-03,693.039978027,0
2019-07-04,691.270019531,0
2019-07-05,694.16998291,0
2019-07-08,668.719970703,0
2019-07-09,657.799987793,0
2019-07-10,666.900024414,0
2019-07-11,677.090026855,0
2019-07-12,681.16998291,0
2019-07-15,674.789978027,0
2019-07-16,674.41998291,0
2019-07-17,666.280029297,0
2019-07-18,665.150024414,0
2019-07-19,674.059997559,0
2019-07-22,674.780029297,0
2019-07-23,668.650024414,0
2019-07-24,659.83001709,0
2019-07-25,652.400024414,0
2019-07-26,644.590026855,0
2019-07-29,618.780029297,0
2019-07-30,625.640014648,0
2019-07-31,630.179992676,0
2019-08-01,622.260009766,0
2019-08-02,615.700012207,0
2019-08-05,569.789978027,0
2019-08-06,551.5,0
2019-08-07,564.640014648,0
2019-08-08,585.440002441,0
2019-08-09,590.039978027,0
2019-08-12,594.16998291,0
2019-08-13,590.75,0
2019-08-14,597.150024414,0
2019-08-16,591.570007324,0
2019-08-19,594.650024414,0
2019-08-20,607.010009766,0
2019-08-21,615.960021973,0
2019-08-22,612.25,0
2019-08-23,608.979980469,0
2019-08-26,582.909973145,0
2019-08-27,588.320007324,0
2019-08-28,602.900024414,0
2019-08-29,599.570007324,0
2019-08-30,610.549987793,0
2019-09-02,619.809997559,0
2019-09-03,620.020019531,0
2019-09-04,629.309997559,0
2019-09-05,632.989990234,0
2019-09-06,631.150024414,0
2019-09-09,625.770019531,0
2019-09-10,623.25,0
2019-09-11,630.369995117,0
2019-09-16,638.590026855,0
2019-09-17,644.280029297,0
2019-09-18,645.119995117,0
2019-09-19,645.710021973,0
2019-09-20,649.070007324,0
2019-09-23,645.010009766,0
2019-09-24,641.849975586,0
2019-09-25,626.760009766,0
2019-09-26,628.41998291,0
2019-09-27,626.929992676,0
2019-09-30,621.760009766,0
2019-10-01,632.099975586,0
2019-10-02,624.510009766,0
2019-10-04,621.840026855,0
2019-10-07,627.210021973,0
2019-10-08,635.409973145,0
2019-10-10,634.729980469,0
2019-10-11,632.950012207,0
2019-10-14,641.460021973,0
2019-10-15,646.799987793,0
2019-10-16,651.960021973,0
2019-10-17,649.289978027,0
2019-10-18,646.690002441,0
2019-10-21,649.179992676,0
2019-10-22,655.909973145,0
2019-10-23,658.979980469,0
2019-10-24,658.75,0
2019-10-25,652.369995117,0
2019-10-28,652.41998291,0
2019-10-29,658.299987793,0
2019-10-30,655.039978027,0
2019-10-31,658.520019531,0
2019-11-01,662.340026855,0
2019-11-04,668.450012207,0
2019-11-05,672.179992676,0
2019-11-06,669.679992676,0
2019-11-07,666.150024414,0
2019-11-08,664.599975586,0
2019-11-11,661.369995117,0
2019-11-12,665.140014648,0
2019-11-13,661.849975586,0
2019-11-14,663.309997559,0
2019-11-15,668.510009766,0
2019-11-18,669.340026855,0
2019-11-19,662.530029297,0
2019-11-20,649.869995117,0
2019-11-21,635.989990234,0
2019-11-22,633.91998291,0
2019-11-25,647.400024414,0
2019-11-26,651.590026855,0
2019-11-27,647.390014648,0
2019-11-28,640.179992676,0
2019-11-29,632.989990234,0
2019-12-02,634.5,0
2019-12-03,629.58001709,0
2019-12-04,625.270019531,0
2019-12-05,617.599975586,0
2019-12-06,628.099975586,0
2019-12-09,627.859985352,0
2019-12-10,627.109985352,0
2019-12-11,629.130004883,0
2019-12-12,636.940002441,0
2019-12-13,643.450012207,0
2019-12-16,644.440002441,0
2019-12-17,650.58001709,0
2019-12-18,648.950012207,0
2019-12-19,647.849975586,0
2019-12-20,649.729980469,0
2019-12-23,647.619995117,0
2019-12-24,638.909973145,0
2019-12-26,652.070007324,0
2019-12-27,661.239990234,0
2019-12-30,669.83001709,0
2020-01-02,674.020019531,0
2020-01-03,669.929992676,0
2020-01-06,655.309997559,0
2020-01-07,663.440002441,0
2020-01-08,640.940002441,0
2020-01-09,666.090026855,0
2020-01-10,673.030029297,0
2020-01-13,679.219970703,0
2020-01-14,678.710021973,0
2020-01-15,679.159973145,0
2020-01-16,686.520019531,0
2020-01-17,688.409973145,0
2020-01-20,683.469970703,0
2020-01-21,676.520019531,0
2020-01-22,688.25,0
2020-01-23,685.570007324,0
2020-01-28,664.700012207,0
2020-01-29,670.179992676,0
2020-01-30,656.390014648,0
2020-01-31,642.479980469,0
2020-02-03,646.849975586,0
2020-02-04,661.239990234,0
2020-02-05,661.320007324,0
2020-02-06,672.690002441,0
2020-02-07,672.630004883,0
2020-02-10,676.070007324,0
2020-02-11,682.340026855,0
2020-02-12,686.590026855,0
2020-02-13,687.609985352,0
2020-02-14,688.909973145,0
2020-02-17,692.590026855,0
2020-02-18,682.91998291,0
2020-02-19,684.780029297,0
2020-02-20,681.659973145,0
2020-02-21,667.989990234,0
2020-02-24,639.289978027,0
2020-02-25,656.950012207,0
2020-02-26,654.630004883,0
2020-02-27,638.16998291,0
2020-02-28,610.729980469,0
2020-03-02,627.659973145,0
2020-03-03,626.820007324,0
2020-03-04,641.729980469,0
2020-03-05,650.190002441,0
2020-03-06,642.719970703,0
2020-03-09,614.599975586,0
2020-03-10,619.969970703,0
2020-03-11,595.609985352,0
2020-03-12,563.489990234,0
2020-03-13,524,0
2020-03-16,504.510009766,0
2020-03-17,514.729980469,0
2020-03-18,485.140014648,0
2020-03-19,428.350006104,0
2020-03-20,467.75,0
2020-03-23,443.760009766,0
2020-03-24,480.399993896,0
2020-03-25,505.679992676,0
2020-03-26,516.609985352,0
2020-03-27,522.83001709,0
2020-03-30,542.109985352,0
2020-03-31,569.070007324,0
2020-04-01,551.840026855,0
2020-04-02,567.700012207,0
2020-04-03,573.010009766,0
2020-04-06,597.210021973,0
2020-04-07,606.900024414,0
2020-04-08,607.369995117,0
2020-04-09,615.950012207,0
2020-04-10,611.260009766,0
2020-04-13,596.710021973,0
2020-04-14,610.289978027,0
2020-04-16,623.429992676,0
2020-04-17,634.789978027,0
2020-04-20,637.820007324,0
2020-04-21,628.770019531,0
2020-04-22,635.159973145,0
2020-04-23,643.789978027,0
2020-04-24,632.960021973,0
2020-04-27,646.859985352,0
2020-04-28,644.929992676,0
2020-04-29,645.179992676,0
2020-05-04,641.909973145,0
2020-05-06,658.400024414,0
2020-05-07,668.16998291,0
2020-05-08,682.299987793,0
2020-05-11,685.039978027,0
2020-05-12,684.210021973,0
2020-05-13,691.530029297,0
2020-05-14,690.570007324,0
2020-05-15,691.929992676,0
2020-05-18,690.849975586,0
2020-05-19,696.359985352,0
2020-05-20,708.760009766,0
2020-05-21,716.020019531,0
2020-05-22,708.58001709,0
2020-05-25,719.890014648,0
2020-05-26,729.109985352,0
2020-05-27,724.590026855,0
2020-05-28,708.75,0
2020-05-29,713.679992676,0
2020-06-01,735.719970703,0
2020-06-02,743.58001709,0
2020-06-03,737.659973145,0
2020-06-04,742.369995117,0
2020-06-05,749.309997559,0
2020-06-08,753.039978027,0
2020-06-09,753.820007324,0
2020-06-10,758.619995117,0
2020-06-11,757.059997559,0
2020-06-12,746.059997559,0
2020-06-15,693.150024414,0
2020-06-16,735.380004883,0
2020-06-17,735.400024414,0
2020-06-18,737.33001709,0
2020-06-19,742.030029297,0
2020-06-22,751.640014648,0
2020-06-23,753.229980469,0
2020-06-24,759.5,0
2020-06-25,750.359985352,0
2020-06-26,750.58001709,0
2020-06-29,734.690002441,0
2020-06-30,737.969970703,0
2020-07-01,727.58001709,0
2020-07-02,742.549987793,0
2020-07-03,752.179992676,0
2020-07-06,759.900024414,0
2020-07-07,759.159973145,0
2020-07-08,765.960021973,0
2020-07-09,772.900024414,0
2020-07-10,772.809997559,0
2020-07-13,781.190002441,0
2020-07-14,778.390014648,0
2020-07-15,781.289978027,0
2020-07-16,775.070007324,0
2020-07-17,783.219970703,0
2020-07-20,781.960021973,0
2020-07-21,790.58001709,0
2020-07-22,794.989990234,0
2020-07-23,801.690002441,0
2020-07-24,794.799987793,0
2020-07-27,801.229980469,0
2020-07-28,807.849975586,0
2020-07-29,808.590026855,0
2020-07-30,814.190002441,0
2020-07-31,815.299987793,0
2020-08-03,827.570007324,0
2020-08-04,835.349975586,0
2020-08-05,847.280029297,0
2020-08-06,854.119995117,0
2020-08-07,857.630004883,0
2020-08-10,862.760009766,0
2020-08-11,860.229980469,0
2020-08-12,845.599975586,0
2020-08-13,854.770019531,0
2020-08-14,835.030029297,0
2020-08-18,800.219970703,0
2020-08-19,818.739990234,0
2020-08-20,791.140014648,0
2020-08-21,796.010009766,0
2020-08-24,815.739990234,0
2020-08-25,836.309997559,0
2020-08-26,841.349975586,0
2020-08-27,836.400024414,0
2020-08-28,841.299987793,0
2020-08-31,848.239990234,0
2020-09-01,853.369995117,0
2020-09-02,866.739990234,0
2020-09-03,874.130004883,0
2020-09-04,866.039978027,0
2020-09-07,878.880004883,0
2020-09-08,878.289978027,0
2020-09-09,869.469970703,0
2020-09-10,884.299987793,0
2020-09-11,888.440002441,0
2020-09-14,894.16998291,0
2020-09-15,899.460021973,0
2020-09-16,896.280029297,0
2020-09-17,885.179992676,0
2020-09-18,888.880004883,0
2020-09-21,866.989990234,0
2020-09-22,842.719970703,0
2020-09-23,843.450012207,0
2020-09-24,806.950012207,0
2020-09-25,808.280029297,0
2020-09-28,835.909973145,0
2020-09-29,848.150024414,0
2020-10-05,858.390014648,0
2020-10-06,862.58001709,0
2020-10-07,869.659973145,0
2020-10-08,871.619995117,0
2020-10-12,873.5,0
2020-10-13,871.91998291,0
2020-10-14,861.479980469,0
2020-10-15,844.440002441,0
2020-10-16,833.840026855,0
2020-10-19,822.25,0
2020-10-20,824.650024414,0
2020-10-21,830.66998291,0
2020-10-22,812.700012207,0
2020-10-23,807.979980469,0
2020-10-26,778.020019531,0
2020-10-27,783.729980469,0
2020-10-28,806.200012207,0
2020-10-29,813.929992676,0
2020-10-30,792.650024414,0
2020-11-02,802.950012207,0
2020-11-03,818.460021973,0
2020-11-04,826.969970703,0
2020-11-05,844.799987793,0
2020-11-06,836.780029297,0
2020-11-09,851.210021973,0
2020-11-10,840.789978027,0
2020-11-11,839.900024414,0
2020-11-12,840.08001709,0
2020-11-13,839.140014648,0
2020-11-16,847.33001709,0
2020-11-17,839.469970703,0
2020-11-18,851.739990234,0
2020-11-19,859.940002441,0
2020-11-20,870.179992676,0
2020-11-23,873.289978027,0
2020-11-24,872.099975586,0
2020-11-25,865.119995117,0
2020-11-26,874.530029297,0
2020-11-27,885.559997559,0
2020-11-30,886.109985352,0
2020-12-01,891.289978027,0
2020-12-02,899.340026855,0
2020-12-03,907.609985352,0
2020-12-04,913.760009766,0
2020-12-07,926.880004883,0
2020-12-08,906.840026855,0
2020-12-09,913.809997559,0
2020-12-10,921.700012207,0
2020-12-11,928.440002441,0
2020-12-14,929.539978027,0
2020-12-15,931.270019531,0
2020-12-16,939.650024414,0
2020-12-17,944.039978027,0
2020-12-18,947.239990234,0
2020-12-21,953.58001709,0
2020-12-22,928.729980469,0
2020-12-23,923.16998291,0
2020-12-24,928.679992676,0
2020-12-28,927,0
2020-12-29,957.409973145,0
2020-12-30,968.41998291,0
2021-01-04,977.619995117,0
2021-01-05,985.760009766,0
2021-01-06,981.390014648,0
2021-01-07,988.859985352,0
2021-01-08,987.789978027,0
2021-01-11,976.630004883,0
2021-01-12,973.719970703,0
2021-01-13,979.130004883,0
2021-01-14,980.289978027,0
2021-01-15,964.440002441,0
2021-01-18,944.66998291,0
2021-01-19,957.75,0
2021-01-20,977.659973145,0
2021-01-21,981.400024414,0
2021-01-22,979.979980469,0
2021-01-25,999.299987793,0
2021-01-26,994,0
2021-01-27,985.91998291,0
2021-01-28,961.229980469,0
2021-01-29,928.729980469,0
2021-02-01,956.91998291,0
2021-02-02,963.809997559,0
2021-02-03,970.690002441,0
2021-02-04,964.58001709,0
2021-02-05,967.41998291,0
2021-02-08,960.780029297,0
2021-02-09,957.849975586,0
2021-02-10,964.309997559,0
2021-02-15,981.969970703,0
2021-02-16,977.739990234,0
2021-02-17,979.770019531,0
2021-02-18,967.41998291,0
2021-02-19,965.109985352,0
2021-02-22,954.289978027,0
2021-02-23,936.599975586,0
2021-02-24,906.309997559,0
2021-02-25,936.210021973,0
2021-02-26,913.940002441,0
2021-03-02,923.16998291,0
2021-03-03,930.799987793,0
2021-03-04,926.200012207,0
2021-03-05,923.479980469,0
2021-03-08,904.770019531,0
2021-03-09,896.359985352,0
2021-03-10,890.070007324,0
2021-03-11,908.010009766,0
2021-03-12,925.489990234,0
2021-03-15,926.900024414,0
2021-03-16,940.650024414,0
2021-03-17,943.780029297,0
2021-03-18,949.83001709,0
2021-03-19,952.109985352,0
2021-03-22,955.380004883,0
2021-03-23,946.309997559,0
2021-03-24,953.820007324,0
2021-03-25,954.989990234,0
2021-03-26,956.700012207,0
2021-03-29,954.099975586,0
2021-03-30,958.059997559,0
2021-03-31,956.16998291,0
2021-04-01,965.780029297,0
2021-04-02,970.090026855,0
2021-04-05,969.770019531,0
2021-04-06,968.630004883,0
2021-04-07,973.219970703,0
2021-04-08,982.020019531,0
2021-04-09,989.390014648,0
2021-04-12,1000.65002441,0
2021-04-13,1010.36999512,0
2021-04-14,1014.41998291,0
2021-04-15,1013.90002441,0
2021-04-16,1021.61999512,0
2021-04-19,1029.45996094,0
2021-04-20,1031.88000488,0
2021-04-21,1022.2199707,0
2021-04-22,1025.70996094,0
2021-04-23,1026.81994629,0
2021-04-26,1030.06005859,0
2021-04-27,1021.01000977,0
2021-04-28,998.270019531,0
2021-04-29,990.690002441,0
2021-04-30,983.450012207,0
2021-05-03,961.809997559,0
2021-05-04,967.200012207,0
2021-05-06,969.989990234,0
2021-05-07,978.299987793,0
2021-05-10,992.799987793,0
2021-05-11,978.609985352,0
2021-05-12,967.099975586,0
2021-05-13,951.770019531,0
2021-05-14,966.719970703,0
2021-05-17,962.5,0
2021-05-18,969.099975586,0
2021-05-20,971.130004883,0
2021-05-21,965.630004883,0
2021-05-24,948.369995117,0
2021-05-25,962.070007324,0
2021-05-26,966.059997559,0
2021-05-27,974.08001709,0
2021-05-28,977.460021973,0
2021-05-31,981.780029297,0
2021-06-01,984.590026855,0
2021-06-02,981.099975586,0
2021-06-03,990.190002441,0
2021-06-04,987.58001709,0
2021-06-07,985.859985352,0
2021-06-08,986.119995117,0
2021-06-09,978.789978027,0
2021-06-10,987.770019531,0
2021-06-11,991.130004883,0
2021-06-14,997.409973145,0
2021-06-15,997.369995117,0
2021-06-16,998.489990234,0
2021-06-17,1003.7199707,0
2021-06-18,1015.88000488,0
2021-06-21,1010.98999023,0
2021-06-22,1011.55999756,0
2021-06-23,1016.46002197,0
2021-06-24,1012.61999512,0
2021-06-25,1012.13000488,0
2021-06-28,1017.90997314,0
2021-06-29,1022.52001953,0
2021-06-30,1029.95996094,0
2021-07-01,1035.64001465,0
2021-07-02,1038.18005371,0
2021-07-05,1047.32995605,0
2021-07-06,1044.95996094,0
2021-07-07,1047.35998535,0
2021-07-08,1034.47998047,0
2021-07-09,1028.93005371,0
2021-07-12,1034.64001465,0
2021-07-13,1043.31005859,0
2021-07-14,1044.97998047,0
2021-07-15,1054.31005859,0
2021-07-16,1051.97998047,0
2021-07-19,1049.82995605,0
2021-07-20,1043.64001465,0
2021-07-21,1042.0300293,0
2021-07-22,1050.25,0
2021-07-23,1055.5,0
2021-07-26,1047.63000488,0
2021-07-27,1046.55004883,0
2021-07-28,1035.68005371,0
2021-07-29,1044.13000488,0
2021-07-30,1031.14001465,0
2021-08-02,1037.80004883,0
2021-08-03,1036.10998535,0
2021-08-04,1047.93005371,0
2021-08-05,1059.54003906,0
2021-08-06,1059.80004883,0
2021-08-09,1060,0
2021-08-10,1052.06994629,0
2021-08-11,1051.92004395,0
2021-08-12,1054.08996582,0
2021-08-13,1040.7800293,0
2021-08-17,1011.04998779,0
2021-08-18,1021.08001709,0
2021-08-19,991.150024414,0
2021-08-20,967.900024414,0
2021-08-23,993.179992676,0
2021-08-24,1013.17999268,0
2021-08-25,1017.7800293,0
2021-08-26,1020.44000244,0
2021-08-27,1023.51000977,0
2021-08-30,1031.83996582,0
2021-08-31,1038.32995605,0
2021-09-01,1045.97998047,0
2021-09-02,1047.18994141,0
2021-09-03,1053.84997559,0
2021-09-06,1052.95996094,0
2021-09-07,1054.43005371,0
2021-09-08,1037.2199707,0
2021-09-09,1034.61999512,0
2021-09-10,1037.91003418,0
2021-09-13,1026.33996582,0
2021-09-14,1037.73999023,0
2021-09-15,1042.79003906,0
2021-09-16,1039.43005371,0
2021-09-17,1046.11999512,0
2021-09-23,1036.26000977,0
2021-09-24,1037.0300293,0
2021-09-27,1034.81994629,0
2021-09-28,1012.51000977,0
2021-09-29,1001.46002197,0
2021-09-30,1003.27001953,0
2021-10-01,983.200012207,0
2021-10-05,955.369995117,0
2021-10-06,922.359985352,0
2021-10-07,953.429992676,0
2021-10-08,953.109985352,0
2021-10-12,940.150024414,0
2021-10-13,953.469970703,0
2021-10-14,983.429992676,0
2021-10-15,990.539978027,0
2021-10-18,993.859985352,0
2021-10-19,1005.34997559,0
2021-10-20,1001.61999512,0
2021-10-21,993.700012207,0
2021-10-22,995.070007324,0
2021-10-25,994.309997559,0
2021-10-26,1011.76000977,0
2021-10-27,1008.95001221,0
2021-10-28,1000.13000488,0
2021-10-29,992.33001709,0
2021-11-01,998.570007324,0
2021-11-02,1009.44000244,0
2021-11-03,1005,0
2021-11-04,1001.42999268,0
2021-11-05,1001.34997559,0
2021-11-08,1002.5,0
2021-11-09,1008.67999268,0
2021-11-10,987.75,0
2021-11-11,992.650024414,0
2021-11-12,1009.07000732,0
2021-11-15,1029.0300293,0
2021-11-16,1035.45996094,0
2021-11-17,1031.26000977,0
2021-11-18,1032.77001953,0
2021-11-19,1041.92004395,0
2021-11-22,1032.31005859,0
2021-11-23,1013.7199707,0
2021-11-24,1020.13000488,0
2021-11-25,1015.65997314,0
2021-11-26,1005.89001465,0
2021-11-29,992.340026855,0
2021-11-30,965.630004883,0
2021-12-01,977.150024414,0
2021-12-02,977.429992676,0
2021-12-03,998.469970703,0
2021-12-06,991.869995117,0
2021-12-07,996.640014648,0
2021-12-08,1006.03997803,0
2021-12-09,1022.86999512,0
2021-12-10,1011.57000732,0
2021-12-13,1005.96002197,0
2021-12-14,1002.80999756,0
2021-12-15,1003.52001953,0
2021-12-16,1007.85998535,0
2021-12-17,1001.26000977,0
2021-12-20,990.510009766,0
2021-12-21,996.599975586,0
2021-12-22,1000.13000488,0
2021-12-23,1003.30999756,0
2021-12-24,1007.41998291,0
2021-12-27,1011.35998535,0
2021-12-28,1027.43994141,0
2021-12-29,1028.05004883,0
2021-12-30,1033.97998047,0
2022-01-04,1031.66003418,0
2022-01-05,1009.61999512,0
2022-01-06,980.299987793,0
2022-01-07,995.159973145,0
2022-01-10,980.380004883,0
2022-01-11,969.91998291,0
2022-01-12,991.33001709,0
2022-01-13,983.25,0
2022-01-14,971.390014648,0
2022-01-17,957.900024414,0
2022-01-18,943.940002441,0
2022-01-19,933.900024414,0
2022-01-20,958.700012207,0
2022-01-21,942.849975586,0
2022-01-24,915.400024414,0
2022-01-25,889.440002441,0
2022-01-26,882.090026855,0
2022-01-27,849.229980469,0
2022-01-28,872.869995117,0
2022-02-03,891.599975586,0
2022-02-04,902.869995117,0
2022-02-07,899.400024414,0
2022-02-08,895.270019531,0
2022-02-09,910.530029297,0
2022-02-10,895.679992676,0
2022-02-11,877.41998291,0
2022-02-14,852.789978027,0
2022-02-15,839.91998291,0
2022-02-16,878.150024414,0
2022-02-17,874.219970703,0
2022-02-18,881.710021973,0
2022-02-21,884.25,0
2022-02-22,868.109985352,0
2022-02-23,877.33001709,0
2022-02-24,848.210021973,0
2022-02-25,872.979980469,0
2022-02-28,881.070007324,0
2022-03-02,895.450012207,0
2022-03-03,912.320007324,0
2022-03-04,900.960021973,0
2022-03-07,881.539978027,0
2022-03-08,870.140014648,0
2022-03-10,889.08001709,0
2022-03-11,891.710021973,0
2022-03-14,872.440002441,0
2022-03-15,871.219970703,0
2022-03-16,891.799987793,0
2022-03-17,914.130004883,0
2022-03-18,922.960021973,0
2022-03-21,918.400024414,0
2022-03-22,924.66998291,0
2022-03-23,930.570007324,0
2022-03-24,931.75,0
2022-03-25,934.690002441,0
2022-03-28,927.109985352,0
2022-03-29,937.83001709,0
2022-03-30,939.070007324,0
2022-03-31,944.530029297,0
2022-04-01,940.570007324,0
2022-04-04,947.320007324,0
2022-04-05,952.469970703,0
2022-04-06,943.130004883,0
2022-04-07,927.950012207,0
2022-04-08,934.729980469,0
2022-04-11,921.83001709,0
2022-04-12,913.820007324,0
2022-04-13,927.309997559,0
2022-04-14,928.010009766,0
2022-04-15,924.440002441,0
2022-04-18,918.229980469,0
2022-04-19,931.559997559,0
2022-04-20,928.929992676,0
2022-04-21,929.679992676,0
2022-04-22,922.780029297,0
2022-04-25,899.840026855,0
2022-04-26,911.159973145,0
2022-04-27,896.179992676,0
2022-04-28,892.219970703,0
2022-04-29,904.75,0
2022-05-02,901.820007324,0
2022-05-03,907.570007324,0
2022-05-04,900.059997559,0
2022-05-06,884.219970703,0
2022-05-10,856.140014648,0
2022-05-11,866.340026855,0
2022-05-12,833.659973145,0
2022-05-13,853.08001709,0
2022-05-16,856.25,0
2022-05-17,865.979980469,0
2022-05-18,871.570007324,0
2022-05-19,863.799987793,0
2022-05-20,879.880004883,0
2022-05-23,883.590026855,0
2022-05-24,865.070007324,0
2022-05-25,872.690002441,0
2022-05-26,871.429992676,0
2022-05-27,873.969970703,0
2022-05-30,886.440002441,0
2022-05-31,893.359985352,0
2022-06-02,891.140014648,0
2022-06-03,891.510009766,0
2022-06-07,873.780029297,0
2022-06-08,874.950012207,0
2022-06-09,877.179992676,0
2022-06-10,869.859985352,0
2022-06-13,828.770019531,0
2022-06-14,823.58001709,0
2022-06-15,799.409973145,0
2022-06-16,802.150024414,0
2022-06-17,798.690002441,0
2022-06-20,769.91998291,0
2022-06-21,778.299987793,0
2022-06-22,746.960021973,0
2022-06-23,714.380004883,0
2022-06-24,750.299987793,0
2022-06-27,770.599975586,0
2022-06-28,769.510009766,0
2022-06-29,762.349975586,0
2022-06-30,745.440002441,0
2022-07-01,729.479980469,0
2022-07-04,722.729980469,0
2022-07-05,750.950012207,0
2022-07-06,744.630004883,0
2022-07-07,757.969970703,0
2022-07-08,766.479980469,0
2022-07-11,767.039978027,0
2022-07-12,750.780029297,0
2022-07-13,763.179992676,0
2022-07-14,766.08001709,0
2022-07-15,762.390014648,0
2022-07-18,776.719970703,0
2022-07-19,782.33001709,0
2022-07-20,790.719970703,0
2022-07-21,795.150024414,0
2022-07-22,789.75,0
2022-07-25,789.690002441,0
2022-07-26,789.929992676,0
2022-07-27,795.700012207,0
2022-07-28,798.320007324,0
2022-07-29,803.619995117,0
2022-08-01,807.609985352,0
2022-08-02,804.340026855,0
2022-08-03,815.359985352,0
2022-08-04,825.159973145,0
2022-08-05,831.640014648,0
2022-08-08,830.859985352,0
2022-08-09,833.650024414,0
2022-08-10,820.270019531,0
2022-08-11,832.150024414,0
2022-08-12,831.630004883,0
2022-08-16,834.739990234,0
2022-08-17,827.41998291,0
2022-08-18,826.059997559,0
2022-08-19,814.16998291,0
2022-08-22,795.869995117,0
2022-08-23,783.41998291,0
2022-08-24,793.140014648,0
2022-08-25,807.369995117,0
2022-08-26,802.450012207,0
2022-08-29,779.890014648,0
2022-08-30,797.020019531,0
2022-08-31,807.039978027,0
2022-09-01,788.320007324,0
2022-09-02,785.880004883,0
2022-09-05,771.429992676,0
2022-09-06,779.460021973,0
2022-09-07,768.190002441,0
2022-09-08,777.809997559,0
2022-09-13,796.789978027,0
2022-09-14,782.929992676,0
2022-09-15,781.380004883,0
2022-09-16,770.039978027,0
2022-09-19,751.909973145,0
2022-09-20,760.349975586,0
2022-09-21,754.890014648,0
2022-09-22,751.409973145,0
2022-09-23,729.359985352,0
2022-09-26,692.369995117,0
2022-09-27,698.109985352,0
2022-09-28,673.869995117,0
2022-09-29,675.070007324,0
2022-09-30,672.650024414,0
2022-10-04,696.789978027,0
2022-10-05,685.340026855,0
2022-10-06,706.010009766,0
2022-10-07,698.489990234,0
2022-10-11,669.5,0
2022-10-12,671.66998291,0
2022-10-13,651.590026855,0
2022-10-14,678.239990234,0
2022-10-17,682,0
2022-10-18,697.090026855,0
2022-10-19,690.559997559,0
2022-10-20,680.440002441,0
2022-10-21,674.479980469,0
2022-10-24,688.5,0
2022-10-25,688.849975586,0
2022-10-26,683.16998291,0
2022-10-27,695.090026855,0
2022-10-28,687.630004883,0
2022-10-31,695.33001709,0
2022-11-01,700.049987793,0
2022-11-02,697.369995117,0
2022-11-03,694.130004883,0
2022-11-04,693.890014648,0
2022-11-07,700.479980469,0
2022-11-08,713.33001709,0
2022-11-09,714.599975586,0
2022-11-10,707.780029297,0
2022-11-11,731.219970703,0
2022-11-14,729.539978027,0
2022-11-15,744.960021973,0
2022-11-16,743.099975586,0
2022-11-17,737.539978027,0
2022-11-18,731.91998291,0
2022-11-21,718.570007324,0
2022-11-22,712.260009766,0
2022-11-23,725.590026855,0
2022-11-24,738.219970703,0
2022-11-25,733.559997559,0
2022-11-28,717.900024414,0
2022-11-29,727.539978027,0
2022-11-30,729.539978027,0
2022-12-01,740.599975586,0
2022-12-02,732.950012207,0
2022-12-05,733.320007324,0
2022-12-06,719.440002441,0
2022-12-07,718.140014648,0
2022-12-08,712.520019531,0
2022-12-09,719.489990234,0
2022-12-12,715.219970703,0
2022-12-13,715.159973145,0
2022-12-14,729,0
2022-12-15,722.679992676,0
2022-12-16,717.409973145,0
2022-12-19,717.219970703,0
2022-12-20,703.130004883,0
2022-12-21,705.700012207,0
2022-12-22,715.020019531,0
2022-12-23,691.25,0
2022-12-26,694.679992676,0
2022-12-27,704.190002441,0
2022-12-28,692.369995117,0
2022-12-29,679.289978027,0
2023-01-02,671.510009766,0
2023-01-03,674.950012207,0
2023-01-04,683.66998291,0
2023-01-05,679.91998291,0
2023-01-06,688.940002441,0
2023-01-09,701.210021973,0
2023-01-10,696.049987793,0
2023-01-11,709.770019531,0
2023-01-12,710.820007324,0
2023-01-13,711.820007324,0
2023-01-16,716.890014648,0
2023-01-17,709.710021973,0
2023-01-18,711.75,0
2023-01-19,712.890014648,0
2023-01-20,717.969970703,0
2023-01-25,732.349975586,0
2023-01-26,738.940002441,0
2023-01-27,741.25,0
2023-01-30,738.619995117,0
2023-01-31,740.489990234,0
2023-02-01,750.960021973,0
2023-02-02,764.619995117,0
2023-02-03,766.789978027,0
2023-02-06,761.33001709,0
2023-02-07,772.789978027,0
2023-02-08,779.979980469,0
2023-02-09,784.58001709,0
2023-02-10,772.440002441,0
2023-02-13,772.549987793,0
2023-02-14,779.58001709,0
2023-02-15,765.460021973,0
2023-02-16,784.710021973,0
2023-02-17,775.619995117,0
2023-02-20,788.890014648,0
2023-02-21,793.41998291,0
2023-02-22,778.510009766,0
2023-02-23,783.280029297,0
2023-02-24,778.880004883,0
2023-02-27,780.299987793,0
2023-02-28,791.599975586,0
2023-03-02,787.190002441,0
2023-03-03,802.41998291,0
2023-03-06,816.510009766,0
2023-03-07,815.760009766,0
2023-03-08,813.950012207,0
2023-03-09,809.219970703,0
2023-03-10,788.599975586,0
2023-03-13,788.890014648,0
2023-03-14,758.049987793,0
2023-03-15,781.16998291,0
2023-03-16,781.979980469,0
2023-03-17,797.390014648,0
2023-03-20,802.200012207,0
2023-03-21,802.530029297,0
2023-03-22,813.429992676,0
2023-03-23,812.190002441,0
2023-03-24,824.109985352,0
2023-03-27,827.690002441,0
2023-03-28,833.510009766,0
2023-03-29,843.940002441,0
2023-03-30,850.479980469,0
2023-03-31,847.520019531,0
2023-04-03,854.960021973,0
2023-04-04,857.179992676,0
2023-04-05,872.359985352,0
2023-04-06,865.58001709,0
2023-04-07,880.070007324,0
2023-04-10,887.780029297,0
2023-04-11,898.940002441,0
2023-04-12,890.619995117,0
2023-04-13,894.25,0
2023-04-14,903.840026855,0
2023-04-17,909.5,0
2023-04-18,909.020019531,0
2023-04-19,909.200012207,0
2023-04-20,885.710021973,0
2023-04-21,868.820007324,0
2023-04-24,855.229980469,0
2023-04-25,838.710021973,0
2023-04-26,830.440002441,0
2023-04-27,850.210021973,0
2023-04-28,842.83001709,0
2023-05-02,855.609985352,0
2023-05-03,843.179992676,0
2023-05-04,845.059997559,0
2023-05-08,842.280029297,0
2023-05-09,835.849975586,0
2023-05-10,829.739990234,0
2023-05-11,824.539978027,0
2023-05-12,822.429992676,0
2023-05-15,814.530029297,0
2023-05-16,816.75,0
2023-05-17,834.190002441,0
2023-05-18,835.890014648,0
2023-05-19,841.719970703,0
2023-05-22,852.039978027,0
2023-05-23,859.159973145,0
2023-05-24,855.460021973,0
2023-05-25,847.719970703,0
2023-05-26,843.229980469,0
2023-05-30,851.5,0
2023-05-31,856.940002441,0
2023-06-01,863.780029297,0
2023-06-02,868.059997559,0
2023-06-05,870.280029297,0
2023-06-07,880.719970703,0
2023-06-08,876.130004883,0
2023-06-09,883.710021973,0
2023-06-12,885.760009766,0
2023-06-13,896.809997559,0
2023-06-14,871.83001709,0
2023-06-15,878.039978027,0
2023-06-16,887.950012207,0
2023-06-19,888.609985352,0
2023-06-20,886.409973145,0
2023-06-21,875.700012207,0
2023-06-22,876.380004883,0
2023-06-23,874.840026855,0
2023-06-26,879.5,0
2023-06-27,874.140014648,0
2023-06-28,866.969970703,0
2023-06-29,861.789978027,0
2023-06-30,868.239990234,0
2023-07-03,889.289978027,0
2023-07-04,890,0
2023-07-05,891.179992676,0
2023-07-06,870.530029297,0
2023-07-07,867.270019531,0
2023-07-10,860.349975586,0
2023-07-11,878.729980469,0
2023-07-12,879.880004883,0
2023-07-13,893.070007324,0
2023-07-14,896.280029297,0
2023-07-17,898.289978027,0
2023-07-18,914.140014648,0
2023-07-19,923.719970703,0
2023-07-20,931.599975586,0
2023-07-21,934.58001709,0
2023-07-24,929.900024414,0
2023-07-25,939.960021973,0
2023-07-26,900.630004883,0
2023-07-27,883.789978027,0
2023-07-28,913.739990234,0
2023-07-31,935.969970703,0
2023-08-01,939.66998291,0
2023-08-02,909.760009766,0
2023-08-03,920.320007324,0
2023-08-04,918.429992676,0
2023-08-07,898.219970703,0
2023-08-08,892.340026855,0
2023-08-09,908.979980469,0
2023-08-10,911.289978027,0
2023-08-11,912.200012207,0
2023-08-14,901.679992676,0
2023-08-16,878.289978027,0
2023-08-17,886.039978027,0
2023-08-18,877.320007324,0
2023-08-21,888.710021973,0
2023-08-22,893.33001709,0
2023-08-23,882.869995117,0
2023-08-24,901.739990234,0
2023-08-25,899.380004883,0
2023-08-28,909.380004883,0
2023-08-29,916.239990234,0
2023-08-30,923.809997559,0
2023-08-31,928.400024414,0
2023-09-01,919.739990234,0
2023-09-04,919.159973145,0
2023-09-05,921.479980469,0
2023-09-06,917.950012207,0
2023-09-07,906.359985352,0
2023-09-08,914.179992676,0
2023-09-11,912.549987793,0
2023-09-12,898.039978027,0
2023-09-13,882.719970703,0
2023-09-14,899.469970703,0
2023-09-15,899.030029297,0
2023-09-18,891.289978027,0
2023-09-19,883.890014648,0
2023-09-20,882.719970703,0
2023-09-21,860.679992676,0
2023-09-22,857.349975586,0
2023-09-25,839.16998291,0
2023-09-26,827.820007324,0
2023-09-27,841.020019531,0
2023-10-04,807.400024414,0
2023-10-05,801.020019531,0
2023-10-06,816.390014648,0
2023-10-10,795,0
2023-10-11,817.119995117,0
2023-10-12,835.489990234,0
2023-10-13,822.780029297,0
2023-10-16,810.539978027,0
2023-10-17,820.380004883,0
2023-10-18,808.890014648,0
2023-10-19,784.039978027,0
2023-10-20,769.25,0
2023-10-23,763.690002441,0
2023-10-24,784.859985352,0
2023-10-25,770.840026855,0
2023-10-26,743.849975586,0
2023-10-27,748.489990234,0
2023-10-30,757.119995117,0
2023-10-31,736.099975586,0
2023-11-01,739.229980469,0
2023-11-02,772.840026855,0
2023-11-03,782.049987793,0
2023-11-06,839.450012207,0
2023-11-07,824.369995117,0
2023-11-08,811.020019531,0
2023-11-09,802.869995117,0
2023-11-10,789.309997559,0
2023-11-13,774.41998291,0
2023-11-14,794.190002441,0
2023-11-15,809.359985352,0
2023-11-16,811.109985352,0
2023-11-17,799.059997559,0
2023-11-20,813.08001709,0
2023-11-21,817.010009766,0
2023-11-22,814.609985352,0
2023-11-23,815.979980469,0
2023-11-24,815,0
2023-11-27,810.25,0
2023-11-28,816.440002441,0
2023-11-29,822.440002441,0
2023-11-30,831.679992676,0
2023-12-01,827.239990234,0
2023-12-04,828.520019531,0
2023-12-05,813.380004883,0
2023-12-06,819.539978027,0
2023-12-07,813.200012207,0
2023-12-08,830.369995117,0
2023-12-11,835.25,0
2023-12-12,839.530029297,0
2023-12-13,829.309997559,0
2023-12-14,840.590026855,0
2023-12-15,838.309997559,0
2023-12-18,850.960021973,0
2023-12-19,858.299987793,0
2023-12-20,862.979980469,0
2023-12-21,859.440002441,0
2023-12-22,854.619995117,0
2023-12-26,848.340026855,0
2023-12-27,859.789978027,0
2023-12-28,866.570007324,0
2024-01-02,878.929992676,0
2024-01-03,871.570007324,0
2024-01-04,866.25,0
2024-01-05,878.33001709,0
2024-01-08,879.340026855,0
2024-01-09,884.640014648,0
2024-01-10,875.460021973,0
2024-01-11,882.530029297,0
2024-01-12,868.08001709,0
2024-01-15,859.710021973,0
2024-01-16,854.83001709,0
2024-01-17,833.049987793,0
2024-01-18,840.33001709,0
2024-01-19,842.66998291,0
2024-01-22,839.690002441,0
2024-01-23,840.109985352,0
2024-01-24,836.210021973,0
2024-01-25,823.739990234,0
2024-01-26,837.239990234,0
2024-01-29,819.140014648,0
2024-01-30,818.859985352,0
2024-01-31,799.239990234,0
2024-02-01,798.729980469,0
2024-02-02,814.770019531,0
2024-02-05,807.989990234,0
2024-02-06,807.030029297,0
2024-02-07,811.91998291,0
2024-02-08,826.58001709,0
2024-02-13,845.150024414,0
2024-02-14,853.299987793,0
2024-02-15,859.210021973,0
2024-02-16,857.599975586,0
2024-02-19,858.469970703,0
2024-02-20,866.16998291,0
2024-02-21,864.070007324,0
2024-02-22,870.109985352,0
2024-02-23,868.570007324,0
2024-02-26,867.400024414,0
2024-02-27,853.75,0
2024-02-28,863.390014648,0
2024-02-29,862.960021973,0
2024-03-04,872.969970703,0
2024-03-05,866.369995117,0
2024-03-06,870.66998291,0
2024-03-07,863.369995117,0
2024-03-08,873.179992676,0
2024-03-11,875.929992676,0
2024-03-12,889.710021973,0
2024-03-13,889.929992676,0
2024-03-14,887.520019531,0
2024-03-15,880.460021973,0
2024-03-18,894.479980469,0
2024-03-19,891.909973145,0
2024-03-20,891.450012207,0
2024-03-21,904.289978027,0
2024-03-22,903.979980469,0
2024-03-25,913.690002441,0
2024-03-26,916.090026855,0
2024-03-27,911.25,0
2024-03-28,910.049987793,0
2024-03-29,905.5,0
2024-04-01,912.450012207,0
2024-04-02,891.590026855,0
2024-04-03,879.960021973,0
2024-04-04,882.900024414,0
2024-04-05,872.289978027,0
2024-04-08,860.570007324,0
2024-04-09,859.33001709,0
2024-04-11,858.099975586,0
2024-04-12,860.469970703,0
2024-04-15,852.41998291,0
2024-04-16,832.809997559,0
2024-04-17,833.030029297,0
2024-04-18,855.650024414,0
2024-04-19,841.909973145,0
2024-04-22,845.820007324,0
2024-04-23,845.440002441,0
2024-04-24,862.229980469,0
2024-04-25,853.260009766,0
2024-04-26,856.820007324,0
2024-04-29,869.719970703,0
2024-04-30,868.929992676,0
2024-05-02,867.479980469,0
2024-05-03,865.590026855,0
2024-05-07,871.260009766,0
2024-05-08,872.41998291,0
2024-05-09,870.150024414,0
2024-05-10,864.159973145,0
2024-05-13,854.429992676,0
2024-05-14,862.150024414,0
2024-05-16,870.369995117,0
2024-05-17,855.059997559,0
2024-05-20,847.08001709,0
2024-05-21,846.510009766,0
2024-05-22,845.719970703,0
2024-05-23,846.58001709,0
2024-05-24,839.409973145,0
2024-05-27,847.989990234,0
2024-05-28,851.010009766,0
2024-05-29,838.450012207,0
2024-05-30,831.989990234,0
2024-05-31,839.979980469,0
2024-06-03,844.719970703,0
2024-06-04,845.840026855,0
2024-06-05,850.75,0
2024-06-07,866.179992676,0
2024-06-10,864.710021973,0
2024-06-11,868.359985352,0
2024-06-12,870.66998291,0
2024-06-13,871.33001709,0
2024-06-14,862.190002441,0
2024-06-17,858.960021973,0
2024-06-18,858.950012207,0
2024-06-19,861.16998291,0
2024-06-20,857.510009766,0
2024-06-21,852.66998291,0
2024-06-24,841.520019531,0
2024-06-25,841.989990234,0
2024-06-26,842.119995117,0
2024-06-27,838.650024414,0
2024-06-28,840.440002441,0
2024-07-01,847.150024414,0
2024-07-02,829.909973145,0
2024-07-03,836.099975586,0
2024-07-04,840.809997559,0
2024-07-05,847.489990234,0
2024-07-08,859.270019531,0
2024-07-09,860.41998291,0
2024-07-10,858.549987793,0
2024-07-11,852.41998291,0
2024-07-12,850.369995117,0
2024-07-15,852.880004883,0
2024-07-16,839.609985352,0
2024-07-17,829.409973145,0
2024-07-18,822.479980469,0
2024-07-19,828.719970703,0
2024-07-22,809.960021973,0
2024-07-23,812.119995117,0
2024-07-24,814.25,0
2024-07-25,797.289978027,0
2024-07-26,797.559997559,0
2024-07-29,807.989990234,0
2024-07-30,803.780029297,0
2024-07-31,803.150024414,0
2024-08-01,813.530029297,0
2024-08-02,779.33001709,0
2024-08-05,691.280029297,0
2024-08-06,732.869995117,0
2024-08-07,748.539978027,0
2024-08-08,745.280029297,0
2024-08-09,764.429992676,0
2024-08-12,772.719970703,0
2024-08-13,764.859985352,0
2024-08-14,776.83001709,0
2024-08-16,786.33001709,0
2024-08-19,777.469970703,0
2024-08-20,787.440002441,0
2024-08-21,779.869995117,0
2024-08-22,773.469970703,0
2024-08-23,773.260009766,0
2024-08-26,766.789978027,0
2024-08-27,764.950012207,0
2024-08-28,762.5,0
2024-08-29,756.039978027,0
2024-08-30,767.659973145,0
2024-09-02,769.210021973,0
2024-09-03,760.369995117,0
2024-09-04,731.75,0
2024-09-05,725.280029297,0
2024-09-06,706.590026855,0
2024-09-09,714.460021973,0
2024-09-10,706.200012207,0
2024-09-11,709.41998291,0
2024-09-12,731.030029297,0
2024-09-13,733.200012207,0
2024-09-19,739.510009766,0
2024-09-20,748.33001709,0
2024-09-23,755.119995117,0
2024-09-24,767.349975586,0
2024-09-25,759.299987793,0
2024-09-26,779.179992676,0
2024-09-27,774.489990234,0
2024-09-30,763.880004883,0
2024-10-02,762.130004883,0
2024-10-04,768.979980469,0
2024-10-07,781.010009766,0
2024-10-08,778.239990234,0
2024-10-10,775.479980469,0
2024-10-11,770.979980469,0
2024-10-14,770.260009766,0
2024-10-15,773.809997559,0
2024-10-16,765.789978027,0
2024-10-17,765.059997559,0
2024-10-18,753.219970703,0
2024-10-21,759.950012207,0
2024-10-22,738.340026855,0
2024-10-23,745.190002441,0
2024-10-24,734.590026855,0
2024-10-25,727.409973145,0
2024-10-28,740.479980469,0
2024-10-29,744.179992676,0
2024-10-30,738.190002441,0
2024-10-31,743.059997559,0
2024-11-01,729.049987793,0
2024-11-04,754.08001709,0
2024-11-05,751.809997559,0
2024-11-06,743.309997559,0
2024-11-07,733.520019531,0
2024-11-08,743.380004883,0
2024-11-11,728.840026855,0
2024-11-12,710.520019531,0
2024-11-13,689.650024414,0
2024-11-14,681.559997559,0
2024-11-15,685.41998291,0
2024-11-18,689.549987793,0
2024-11-19,686.119995117,0
2024-11-20,682.909973145,0
2024-11-21,680.66998291,0
2024-11-22,677.010009766,0
2024-11-25,696.83001709,0
2024-11-26,693.150024414,0
2024-11-27,692,0
2024-11-28,694.390014648,0
2024-11-29,678.190002441,0
2024-12-02,675.840026855,0
2024-12-03,690.799987793,0
2024-12-04,677.150024414,0
2024-12-05,670.940002441,0
2024-12-06,661.33001709,0
2024-12-09,627.010009766,0
2024-12-10,661.590026855,0
2024-12-11,675.91998291,0
2024-12-12,683.349975586,0
2024-12-13,693.729980469,0
2024-12-16,698.530029297,0
2024-12-17,694.469970703,0
2024-12-18,697.570007324,0
2024-12-19,684.359985352,0
2024-12-20,668.309997559,0
2024-12-23,679.239990234,0
2024-12-24,680.109985352,0
2024-12-26,675.640014648,0
2024-12-27,665.969970703,0
2024-12-30,678.190002441,0
2025-01-02,686.630004883,0
2025-01-03,705.760009766,0
2025-01-06,717.960021973,0
2025-01-07,718.289978027,0
2025-01-08,719.630004883,0
2025-01-09,723.520019531,0
2025-01-10,717.890014648,0
2025-01-13,708.210021973,0
2025-01-14,718.039978027,0
2025-01-15,711.609985352,0
2025-01-16,724.239990234,0
2025-01-17,724.690002441,0
2025-01-20,727.659973145,0
2025-01-21,726.070007324,0
2025-01-22,732.309997559,0
2025-01-23,724.010009766,0
2025-01-24,728.739990234,0
2025-01-31,728.289978027,0
2025-02-03,703.799987793,0
2025-02-04,719.91998291,0
2025-02-05,730.979980469,0
2025-02-06,740.320007324,0
2025-02-07,742.900024414,0
2025-02-10,749.66998291,0
2025-02-11,749.590026855,0
2025-02-12,745.179992676,0
2025-02-13,749.280029297,0
2025-02-14,756.320007324,0
2025-02-17,768.479980469,0
2025-02-18,773.650024414,0
2025-02-19,778.270019531,0
2025-02-20,768.270019531,0
2025-02-21,774.650024414,0
2025-02-24,773.33001709,0
2025-02-25,769.429992676,0
2025-02-26,771.409973145,0
2025-02-27,770.849975586,0
2025-02-28,743.960021973,0
2025-03-04,737.900024414,0
2025-03-05,746.950012207,0
2025-03-06,734.91998291,0
2025-03-07,727.700012207,0
2025-03-10,725.820007324,0
2025-03-11,721.5,0
2025-03-12,729.489990234,0
2025-03-13,722.799987793,0
2025-03-14,734.260009766,0
2025-03-17,743.510009766,0
2025-03-18,745.539978027,0
2025-03-19,738.349975586,0
2025-03-20,725.150024414,0
2025-03-21,719.409973145,0
2025-03-24,720.219970703,0
2025-03-25,711.260009766,0
2025-03-26,716.479980469,0
2025-03-27,707.489990234,0
2025-03-28,693.760009766,0
2025-03-31,672.849975586,0
2025-04-01,691.450012207,0
2025-04-02,684.849975586,0
2025-04-03,683.489990234,0
2025-04-04,687.390014648,0
2025-04-07,651.299987793,0
2025-04-08,658.450012207,0
2025-04-09,643.390014648,0
2025-04-10,681.789978027,0
2025-04-11,695.590026855,0
2025-04-14,708.979980469,0
2025-04-15,711.91998291,0
2025-04-16,699.109985352,0
2025-04-17,711.75,0
2025-04-18,717.770019531,0
2025-04-21,715.450012207,0
2025-04-22,716.119995117,0
2025-04-23,726.08001709,0
2025-04-24,726.08001709,0
2025-04-25,729.690002441,0
2025-04-28,719.409973145,0
2025-04-29,726.460021973,0
2025-04-30,717.239990234,0
2025-05-02,721.859985352,0
2025-05-07,722.809997559,0
2025-05-08,729.590026855,0
2025-05-09,722.520019531,0
2025-05-12,725.400024414,0
2025-05-13,731.880004883,0
2025-05-14,739.049987793,0
2025-05-15,733.229980469,0
2025-05-16,725.070007324,0
2025-05-19,713.75,0
2025-05-20,715.549987793,0
2025-05-21,723.619995117,0
2025-05-22,717.66998291,0
2025-05-23,715.979980469,0
2025-05-26,725.270019531,0
2025-05-27,727.109985352,0
2025-05-28,728.789978027,0
2025-05-29,736.289978027,0
2025-05-30,734.349975586,0
2025-06-02,740.289978027,0
2025-06-04,750.210021973,0
2025-06-05,756.229980469,0
2025-06-09,764.210021973,0
2025-06-10,771.200012207,0
2025-06-11,786.289978027,0
2025-06-12,789.450012207,0
2025-06-13,768.859985352,0
2025-06-16,777.260009766,0
2025-06-17,775.650024414,0
2025-06-18,779.729980469,0
2025-06-19,782.510009766,0
2025-06-20,791.530029297,0
2025-06-23,784.789978027,0
2025-06-24,800.929992676,0
2025-06-25,798.210021973,0
2025-06-26,787.950012207,0
2025-06-27,781.559997559,0
2025-06-30,781.5,0
2025-07-01,783.66998291,0
2025-07-02,782.16998291,0
2025-07-03,793.33001709,0
2025-07-04,775.799987793,0
2025-07-07,778.460021973,0
2025-07-08,784.239990234,0
2025-07-09,790.359985352,0
2025-07-10,797.700012207,0
2025-07-11,800.469970703,0
2025-07-14,799.369995117,0
2025-07-15,812.880004883,0
2025-07-16,812.229980469,0
2025-07-17,818.270019531,0
2025-07-18,820.66998291,0
2025-07-21,821.690002441,0
2025-07-22,812.969970703,0
2025-07-23,813.559997559,0
2025-07-24,809.890014648,0
2025-07-25,806.950012207,0
2025-07-28,804.400024414,0
2025-07-29,804.450012207,0
2025-07-30,803.66998291,0
2025-07-31,805.239990234,0
2025-08-01,772.789978027,0
2025-08-04,784.059997559,0
2025-08-05,798.599975586,0
2025-08-06,803.489990234,0
2025-08-07,805.809997559,0
2025-08-08,809.270019531,0
2025-08-11,811.849975586,0
2025-08-12,807.190002441,0
2025-08-13,814.099975586,0
2025-08-14,815.260009766,0
2025-08-18,798.049987793,0
2025-08-19,787.960021973,0
2025-08-20,777.609985352,0
2025-08-21,777.239990234,0
2025-08-22,782.510009766,0
2025-08-25,798.020019531,0
2025-08-26,801.659973145,0
2025-08-27,801.719970703,0
2025-08-28,798.429992676,0
2025-08-29,796.909973145,0
2025-09-01,785,0
2025-09-02,794,0
2025-09-03,796.809997559,0
2025-09-04,805.41998291,0
2025-09-05,811.400024414,0
2025-09-08,818.599975586,0
2025-09-09,824.820007324,0
2025-09-10,833,0
2025-09-11,834.760009766,0
2025-09-12,847.08001709,0
2025-09-15,852.690002441,0
2025-09-16,851.840026855,0
2025-09-17,845.530029297,0
2025-09-18,857.109985352,0
2025-09-19,863.109985352,0
2025-09-22,874.359985352,0
2025-09-23,872.210021973,0
2025-09-24,860.940002441,0
2025-09-25,852.479980469,0
2025-09-26,835.190002441,0
2025-09-29,846.710021973,0
2025-09-30,841.989990234,0
2025-10-01,845.340026855,0
2025-10-02,854.25,0
2025-10-10,859.489990234,0
2025-10-13,860.489990234,0
2025-10-14,847.960021973,0
2025-10-15,864.719970703,0
2025-10-16,865.409973145,0
2025-10-17,859.539978027,0
2025-10-20,875.770019531,0
2025-10-21,872.5,0
2025-10-22,879.150024414,0
2025-10-23,872.030029297,0
2025-10-24,883.08001709,0
2025-10-27,902.700012207,0
2025-10-28,903.299987793,0
2025-10-29,901.590026855,0
2025-10-30,890.859985352,0
2025-10-31,900.41998291,0
2025-11-03,914.549987793,0
2025-11-04,926.570007324,0
2025-11-05,901.890014648,0
2025-11-06,898.16998291,0
2025-11-07,876.809997559,0
2025-11-10,888.349975586,0
2025-11-11,884.270019531,0
2025-11-12,906.510009766,0
2025-11-13,918.369995117,0
2025-11-14,897.900024414,0
2025-11-17,902.66998291,0
2025-11-18,878.700012207,0
2025-11-19,871.320007324,0
2025-11-20,891.940002441,0
2025-11-21,863.950012207,0
2025-11-24,856.440002441,0
2025-11-25,856.030029297,0
2025-11-26,877.320007324,0
2025-11-27,880.059997559,0
2025-11-28,912.66998291,0
2025-12-01,922.380004883,0
2025-12-02,928.41998291,0
2025-12-03,932.010009766,0
2025-12-04,929.83001709,0
2025-12-05,924.739990234,0
2025-12-08,927.789978027,0
2025-12-09,931.349975586,0
2025-12-10,935,0
2025-12-11,934.640014648,0
2025-12-12,937.340026855,0
2025-12-15,938.83001709,0
2025-12-16,916.109985352,0
2025-12-17,911.070007324,0
2025-12-18,901.33001709,0
2025-12-19,915.270019531,0
2025-12-22,929.140014648,0
2025-12-23,919.559997559,0
2025-12-24,915.200012207,0
2025-12-26,919.66998291,0
2025-12-29,932.590026855,0
2025-12-30,925.469970703,0
2026-01-02,945.570007324,0
2026-01-05,957.5,0
2026-01-06,955.969970703,0
2026-01-07,947.390014648,0
2026-01-08,944.059997559,0
2026-01-09,947.91998291,0
2026-01-12,949.809997559,0
2026-01-13,948.979980469,0
2026-01-14,942.179992676,0
2026-01-15,951.159973145,0
2026-01-16,954.590026855,0
2026-01-19,968.359985352,0
2026-01-20,976.369995117,0
2026-01-21,951.289978027,0
2026-01-22,970.349975586,0
2026-01-23,993.929992676,0
2026-01-26,1064.41003418,0
2026-01-27,1082.58996582,0
2026-01-28,1133.52001953,0
2026-01-29,1164.41003418,0
2026-01-30,1149.43994141,0
2026-02-02,1098.35998535,0
2026-02-03,1144.32995605,0
2026-02-04,1149.43005371,0
2026-02-05,1108.41003418,0
2026-02-06,1080.77001953,0
2026-02-09,1127.55004883,0
2026-02-10,1115.19995117,0
2026-02-11,1114.86999512,0
2026-02-12,1125.98999023,0
2026-02-13,1106.07995605,0
2026-02-19,1160.70996094,0
2026-02-20,1154,0
2026-02-23,1151.98999023,0
2026-02-24,1165,0
2026-02-25,1165.25,0
2026-02-26,1188.15002441,0
2026-02-27,1192.7800293,0
2026-03-03,1137.69995117,0
2026-03-04,978.440002441,0
2026-03-05,1116.41003418,0
2026-03-06,1154.67004395,0
2026-03-09,1102.2800293,0
2026-03-10,1137.68005371,0
2026-03-11,1136.82995605,0
2026-03-12,1148.40002441,0
2026-03-13,1152.95996094,0
2026-03-16,1138.29003906,0
2026-03-17,1136.93994141,0
2026-03-18,1164.38000488,0
2026-03-19,1143.47998047,0
2026-03-20,1161.52001953,0
2026-03-23,1096.89001465,0
2026-03-24,1121.43994141,0
2026-03-25,1159.55004883,0
2026-03-26,1136.64001465,0
2026-03-27,1141.51000977,0
2026-03-30,1107.05004883,0
2026-03-31,1052.39001465,0
2026-04-01,1116.18005371,0
2026-04-02,1056.33996582,0
2026-04-03,1063.75,0
2026-04-06,1047.36999512,0
2026-04-07,1036.72998047,0
2026-04-08,1089.84997559,0
2026-04-09,1076,0
2026-04-10,1093.63000488,0
2026-04-13,1099.83996582,0
2026-04-14,1121.88000488,0
2026-04-15,1152.43005371,0
2026-04-16,1162.9699707,0
2026-04-17,1170.04003906,0
2026-04-20,1174.84997559,0
2026-04-21,1179.0300293,0
2026-04-22,1181.11999512,0
2026-04-23,1174.31005859,0
2026-04-24,1203.83996582,0
2026-04-27,1226.18005371,0
2026-04-28,1215.57995605,0
2026-04-29,1220.26000977,0
2026-04-30,1192.34997559,0
2026-05-04,1213.73999023,0
2026-05-06,1210.17004395,0
2026-05-07,1199.18005371,0
2026-05-08,1207.7199707,0
2026-05-11,1207.33996582,0
2026-05-12,1179.29003906,0
2026-05-13,1176.93005371,0
2026-05-14,1191.08996582,0
2026-05-15,1129.81994629,0
2026-05-18,1111.08996582,0
2026-05-19,1084.35998535,0
2026-05-20,1056.06994629,0
2026-05-21,1105.9699707,0
2026-05-22,1161.13000488,0
2026-05-26,1172.52001953,0
2026-05-27,1133.13000488,0
2026-05-28,1104.35998535,0
2026-05-29,1074.80004883,0
2026-06-01,1050.0300293,0
2026-06-02,1026.0300293,0
2026-06-04,1049.72998047,0
2026-06-05,1002.44000244,0
2026-06-08,911.390014648,0
2026-06-09,967.809997559,0
2026-06-10,951.630004883,0
2026-06-11,996.929992676,0
2026-06-12,1029.05004883,0
2026-06-15,1034.0300293,0
2026-06-16,1018.67999268,0
2026-06-17,1031.95996094,0
2026-06-18,1000.92999268,0
2026-06-19,966.590026855,0
2026-06-22,968.400024414,0
2026-06-23,891.520019531,0
2026-06-24,909.309997559,0
2026-06-25,887.809997559,0
2026-06-26,851.369995117,0
2026-06-29,920.570007324,0
2026-06-30,916.179992676,0
2026-07-01,929.349975586,0
2026-07-02,866.719970703,0
2026-07-03,868.409973145,0
2026-07-06,847.070007324,0
2026-07-07,831.229980469,0
2026-07-08,785,0
2026-07-09,794,0
2026-07-10,837.429992676,0
2026-07-13,799.359985352,0
2026-07-14,783.979980469,0
2026-07-15,829.429992676,0
2026-07-16,791.840026855,0
2026-07-20,749.640014648,0
2026-07-21,753.340026855,0
2026-07-22,751.090026855,0
2026-07-23,790.280029297,0
2026-07-24,748.219970703,0
2026-07-27,764.859985352,0
2026-07-28,705.849975586,0
2026-07-29,662.679992676,0
2026-07-30,644.780029297,0
2026-07-31,719.760009766,0
2026-08-03,737.349975586,0
2026-08-04,780.719970703,0
2026-08-05,799.590026855,0
2026-08-06,801.66998291,0
2026-08-07,798.809997559,0
2026-08-10,854.469970703,0
2026-08-11,857.840026855,0
2026-08-12,858.909973145,0
2026-08-13,861.369995117,0
2026-08-14,860.650024414,0
