date,close,dividend
1996-03-20,98.2099990845,0
1996-03-21,97.9199981689,0
1996-03-22,98.2799987793,0
1996-03-25,97.0899963379,0
1996-03-26,96.6699981689,0
1996-03-27,96.4300003052,0
1996-03-28,96.3000030518,0
1996-03-29,97.6200027466,0
1996-04-01,98.8700027466,0
1996-04-02,99.5699996948,0
1996-04-03,99.3499984741,0
1996-04-04,98.8700027466,0
1996-04-08,98.3600006104,0
1996-04-09,97.6399993896,0
1996-04-10,97.5800018311,0
1996-04-12,100.099998474,0
1996-04-15,102.400001526,0
1996-04-16,102,0
1996-04-17,103.819999695,0
1996-04-18,105.800003052,0
1996-04-19,107.059997559,0
1996-04-22,106.940002441,0
1996-04-23,105.809997559,0
1996-04-24,107.809997559,0
1996-04-25,109.010002136,0
1996-04-26,108.919998169,0
1996-04-29,110.919998169,0
1996-04-30,110.11000061,0
1996-05-02,107.519996643,0
1996-05-03,107.980003357,0
1996-05-06,108.38999939,0
1996-05-07,109.800003052,0
1996-05-08,108.620002747,0
1996-05-09,106.379997253,0
1996-05-10,106.769996643,0
1996-05-13,107.919998169,0
1996-05-14,106.589996338,0
1996-05-15,105.879997253,0
1996-05-16,103.980003357,0
1996-05-17,103.540000916,0
1996-05-20,102.989997864,0
1996-05-21,101.040000916,0
1996-05-22,101.290000916,0
1996-05-23,100.349998474,0
1996-05-27,101,0
1996-05-28,99.0100021362,0
1996-05-29,97.8899993896,0
1996-05-30,98.4899978638,0
1996-05-31,98.9499969482,0
1996-06-03,98.2900009155,0
1996-06-04,99.5800018311,0
1996-06-05,99.5,0
1996-06-07,98.4700012207,0
1996-06-10,96.6600036621,0
1996-06-11,96.4700012207,0
1996-06-12,94.9499969482,0
1996-06-13,95.2399978638,0
1996-06-14,93.8300018311,0
1996-06-17,92.9499969482,0
1996-06-18,93.5199966431,0
1996-06-19,94.0999984741,0
1996-06-20,93.2900009155,0
1996-06-21,93.3799972534,0
1996-06-24,90.9700012207,0
1996-06-25,90.3300018311,0
1996-06-26,89.0800018311,0
1996-06-27,89.0699996948,0
1996-06-28,89.6800003052,0
1996-07-01,91.2900009155,0
1996-07-02,91.5199966431,0
1996-07-03,91.3399963379,0
1996-07-04,91.4700012207,0
1996-07-05,91.8099975586,0
1996-07-08,91.8399963379,0
1996-07-09,92.6100006104,0
1996-07-10,92.3899993896,0
1996-07-11,91,0
1996-07-12,90.1999969482,0
1996-07-15,87.1999969482,0
1996-07-16,87.5999984741,0
1996-07-18,88.1100006104,0
1996-07-19,90.3000030518,0
1996-07-22,90.25,0
1996-07-23,90.1299972534,0
1996-07-24,89.2399978638,0
1996-07-25,87.8300018311,0
1996-07-26,87.3300018311,0
1996-07-29,86.6999969482,0
1996-07-30,87.1399993896,0
1996-07-31,88.6500015259,0
1996-08-01,90.0800018311,0
1996-08-02,88.9400024414,0
1996-08-05,88.6200027466,0
1996-08-06,89.2200012207,0
1996-08-07,89.8399963379,0
1996-08-08,90.1600036621,0
1996-08-09,89.6800003052,0
1996-08-12,90.0299987793,0
1996-08-13,89.5599975586,0
1996-08-14,88.7799987793,0
1996-08-16,87.9400024414,0
1996-08-19,86.3600006104,0
1996-08-20,85.6800003052,0
1996-08-21,85.2200012207,0
1996-08-22,83.8799972534,0
1996-08-23,83.7699966431,0
1996-08-26,81.8899993896,0
1996-08-27,81.4300003052,0
1996-08-28,80.9100036621,0
1996-08-29,82.5,0
1996-08-30,84.1800003052,0
1996-09-02,82.8700027466,0
1996-09-03,82.4400024414,0
1996-09-04,84.7699966431,0
1996-09-05,83.8899993896,0
1996-09-06,83.3600006104,0
1996-09-09,84.3799972534,0
1996-09-10,85.2300033569,0
1996-09-11,84.8399963379,0
1996-09-12,84.1999969482,0
1996-09-13,82.6399993896,0
1996-09-16,82.2300033569,0
1996-09-17,82.1299972534,0
1996-09-18,81.9499969482,0
1996-09-19,80.6900024414,0
1996-09-20,79.0100021362,0
1996-09-23,80.3300018311,0
1996-09-24,81.0999984741,0
1996-09-25,83.1200027466,0
1996-09-30,82.6600036621,0
1996-10-01,82.3000030518,0
1996-10-02,82.7200012207,0
1996-10-04,80.9499969482,0
1996-10-07,83.5400009155,0
1996-10-08,83.5899963379,0
1996-10-09,86.0899963379,0
1996-10-10,87.4499969482,0
1996-10-11,87.5899963379,0
1996-10-14,88.0899963379,0
1996-10-15,86.4599990845,0
1996-10-16,87.1200027466,0
1996-10-17,87.9499969482,0
1996-10-18,87.3600006104,0
1996-10-21,87.3000030518,0
1996-10-22,85.9599990845,0
1996-10-23,84.9800033569,0
1996-10-24,84.1100006104,0
1996-10-25,82.9300003052,0
1996-10-28,81.25,0
1996-10-29,79.9300003052,0
1996-10-30,79.1699981689,0
1996-10-31,79.0699996948,0
1996-11-01,80.2200012207,0
1996-11-04,77.9499969482,0
1996-11-05,76.9300003052,0
1996-11-06,78.4700012207,0
1996-11-07,77.8399963379,0
1996-11-08,77.9400024414,0
1996-11-11,77.4800033569,0
1996-11-12,79.8300018311,0
1996-11-13,79,0
1996-11-14,78.5800018311,0
1996-11-15,79.1100006104,0
1996-11-18,79.0199966431,0
1996-11-19,78.6600036621,0
1996-11-20,78.3000030518,0
1996-11-21,78.1999969482,0
1996-11-22,76.7600021362,0
1996-11-25,75.1999969482,0
1996-11-26,75.3300018311,0
1996-11-27,75.8700027466,0
1996-11-28,77.1699981689,0
1996-11-29,76.5899963379,0
1996-12-02,75.75,0
1996-12-03,75.3099975586,0
1996-12-04,74.0999984741,0
1996-12-05,72.9300003052,0
1996-12-06,72.1299972534,0
1996-12-09,71.2099990845,0
1996-12-10,72.1399993896,0
1996-12-11,72.0299987793,0
1996-12-12,69.9100036621,0
1996-12-13,70.2699966431,0
1996-12-16,68.0899963379,0
1996-12-17,67.1699981689,0
1996-12-18,67.5100021362,0
1996-12-19,71.3899993896,0
1996-12-20,72.4499969482,0
1996-12-23,70.7399978638,0
1996-12-24,70.2399978638,0
1996-12-26,68.6100006104,0
1996-12-27,67.9300003052,0
1997-01-02,68.7200012207,0
1997-01-06,65.9199981689,0
1997-01-07,64.5299987793,0
1997-01-08,66.3600006104,0
1997-01-09,68.4199981689,0
1997-01-10,69.2300033569,0
1997-01-13,70.1500015259,0
1997-01-14,73.2699966431,0
1997-01-15,74.4700012207,0
1997-01-16,75.3499984741,0
1997-01-17,74.0199966431,0
1997-01-20,75.4400024414,0
1997-01-21,72.4499969482,0
1997-01-22,71.4000015259,0
1997-01-23,71,0
1997-01-24,71.1200027466,0
1997-01-27,69.3799972534,0
1997-01-28,69.4100036621,0
1997-01-29,69.5500030518,0
1997-01-30,70.8099975586,0
1997-01-31,71.6200027466,0
1997-02-03,72.0100021362,0
1997-02-04,72.9800033569,0
1997-02-05,73.4599990845,0
1997-02-06,73.5899963379,0
1997-02-10,74.3700027466,0
1997-02-11,74.6399993896,0
1997-02-12,74.6200027466,0
1997-02-13,75.1999969482,0
1997-02-14,75.5800018311,0
1997-02-17,74.1399993896,0
1997-02-18,73.4400024414,0
1997-02-19,73.8199996948,0
1997-02-20,73.3300018311,0
1997-02-21,70.8000030518,0
1997-02-24,69.7099990845,0
1997-02-25,70.4700012207,0
1997-02-26,70.0199966431,0
1997-02-27,68.5800018311,0
1997-02-28,69.2900009155,0
1997-03-03,69.4000015259,0
1997-03-04,69.1299972534,0
1997-03-05,68.4800033569,0
1997-03-06,68.8799972534,0
1997-03-07,68.9199981689,0
1997-03-10,67.2900009155,0
1997-03-11,66.1399993896,0
1997-03-12,66.8300018311,0
1997-03-13,66.3099975586,0
1997-03-14,64.7399978638,0
1997-03-17,66.4599990845,0
1997-03-18,66.4199981689,0
1997-03-19,65.0400009155,0
1997-03-20,64.6500015259,0
1997-03-21,62.8899993896,0
1997-03-24,62.7200012207,0
1997-03-25,64.9899978638,0
1997-03-26,66.9000015259,0
1997-03-27,65.9800033569,0
1997-03-28,66.0100021362,0
1997-03-31,68.7200012207,0
1997-04-01,68.2900009155,0
1997-04-02,68.8899993896,0
1997-04-03,69.1200027466,0
1997-04-04,70.1800003052,0
1997-04-07,71.1500015259,0
1997-04-08,71.0599975586,0
1997-04-09,71.0400009155,0
1997-04-10,69.8600006104,0
1997-04-11,70.2799987793,0
1997-04-14,71.4100036621,0
1997-04-15,71.0899963379,0
1997-04-16,71.0800018311,0
1997-04-17,70.1200027466,0
1997-04-18,70.1200027466,0
1997-04-21,70.5999984741,0
1997-04-22,69.6600036621,0
1997-04-23,69.9800033569,0
1997-04-24,69.6200027466,0
1997-04-25,69.7099990845,0
1997-04-28,71.4400024414,0
1997-04-29,71.3000030518,0
1997-04-30,71.2099990845,0
1997-05-02,71.4700012207,0
1997-05-06,70.5299987793,0
1997-05-07,69.2099990845,0
1997-05-08,68.4300003052,0
1997-05-09,68.5699996948,0
1997-05-12,67.5400009155,0
1997-05-13,68.9300003052,0
1997-05-15,70.8199996948,0
1997-05-16,70.6699981689,0
1997-05-19,72.9599990845,0
1997-05-20,74.5999984741,0
1997-05-21,75.1699981689,0
1997-05-22,73.8499984741,0
1997-05-23,74.4100036621,0
1997-05-26,72.8899993896,0
1997-05-27,73.3199996948,0
1997-05-28,75.2900009155,0
1997-05-29,76.0999984741,0
1997-05-30,76.5,0
1997-06-02,77.9199981689,0
1997-06-03,78.9899978638,0
1997-06-04,78.6399993896,0
1997-06-05,78.7600021362,0
1997-06-09,80.0699996948,0
1997-06-10,79.25,0
1997-06-11,78.8099975586,0
1997-06-12,79.7099990845,0
1997-06-13,81.6999969482,0
1997-06-16,82.3000030518,0
1997-06-17,83,0
1997-06-18,80.6600036621,0
1997-06-19,80.1800003052,0
1997-06-20,79.8000030518,0
1997-06-23,78.0899963379,0
1997-06-24,78.1800003052,0
1997-06-25,76.9899978638,0
1997-06-26,77.2699966431,0
1997-06-27,76.3300018311,0
1997-06-30,77.5,0
1997-07-01,79.2799987793,0
1997-07-02,81.6299972534,0
1997-07-03,81.3899993896,0
1997-07-04,82.3799972534,0
1997-07-07,81.0999984741,0
1997-07-08,80.0899963379,0
1997-07-09,80.3300018311,0
1997-07-10,79.6399993896,0
1997-07-11,79.5500030518,0
1997-07-14,79.0599975586,0
1997-07-15,78.2799987793,0
1997-07-16,76.5800018311,0
1997-07-18,77.3899993896,0
1997-07-21,77.1100006104,0
1997-07-22,75.6800003052,0
1997-07-23,76.1500015259,0
1997-07-24,76.7699966431,0
1997-07-25,75.9899978638,0
1997-07-28,75.6800003052,0
1997-07-29,75.5400009155,0
1997-07-30,74.8600006104,0
1997-07-31,74.9199981689,0
1997-08-01,75.4899978638,0
1997-08-04,75.6999969482,0
1997-08-05,76.4400024414,0
1997-08-06,76.8399963379,0
1997-08-07,76.8399963379,0
1997-08-08,77.5999984741,0
1997-08-11,79.3799972534,0
1997-08-12,79.2900009155,0
1997-08-13,79.3199996948,0
1997-08-14,78.6200027466,0
1997-08-18,77.6500015259,0
1997-08-19,76.6699981689,0
1997-08-20,77.3399963379,0
1997-08-21,76.5500030518,0
1997-08-22,76.5299987793,0
1997-08-25,77.2099990845,0
1997-08-26,76.3099975586,0
1997-08-27,75.8000030518,0
1997-08-28,74.5999984741,0
1997-08-29,73.5599975586,0
1997-09-01,71.4400024414,0
1997-09-02,72.3899993896,0
1997-09-03,71.7900009155,0
1997-09-04,71.4700012207,0
1997-09-05,73.0800018311,0
1997-09-08,72.6500015259,0
1997-09-09,71.7399978638,0
1997-09-10,71.9899978638,0
1997-09-11,72.4499969482,0
1997-09-12,73.0100021362,0
1997-09-18,73.1299972534,0
1997-09-19,71.7200012207,0
1997-09-22,69.3000030518,0
1997-09-23,67.6200027466,0
1997-09-24,67.75,0
1997-09-25,66.8199996948,0
1997-09-26,66.0199966431,0
1997-09-29,65.6399993896,0
1997-09-30,68.0699996948,0
1997-10-01,67.5400009155,0
1997-10-02,66.7200012207,0
1997-10-06,67.5400009155,0
1997-10-07,65.7300033569,0
1997-10-08,63.4799995422,0
1997-10-09,63.2799987793,0
1997-10-10,63.2599983215,0
1997-10-13,63.5499992371,0
1997-10-14,64.4199981689,0
1997-10-15,62.6599998474,0
1997-10-16,59.7700004578,0
1997-10-17,60.4900016785,0
1997-10-20,58.7200012207,0
1997-10-21,59.1399993896,0
1997-10-22,63.1199989319,0
1997-10-23,63.4399986267,0
1997-10-24,59.5999984741,0
1997-10-27,55.2799987793,0
1997-10-28,51.5699996948,0
1997-10-29,53.1199989319,0
1997-10-30,51.0600013733,0
1997-10-31,49.7299995422,0
1997-11-03,54.1800003052,0
1997-11-04,57.5499992371,0
1997-11-05,58.7000007629,0
1997-11-06,58.0400009155,0
1997-11-07,53.75,0
1997-11-10,54.5999984741,0
1997-11-11,54.1199989319,0
1997-11-12,53.5699996948,0
1997-11-13,53.6399993896,0
1997-11-14,53.5,0
1997-11-17,51.2099990845,0
1997-11-18,51.0200004578,0
1997-11-19,52.0900001526,0
1997-11-20,50.8800010681,0
1997-11-21,53.4900016785,0
1997-11-24,47.8199996948,0
1997-11-25,46.9700012207,0
1997-11-26,47.1599998474,0
1997-11-27,46.2999992371,0
1997-11-28,43.4399986267,0
1997-12-01,42.0800018311,0
1997-12-02,40.4500007629,0
1997-12-03,41.3800010681,0
1997-12-04,44.4500007629,0
1997-12-05,47.7999992371,0
1997-12-08,45.9799995422,0
1997-12-09,42.9900016785,0
1997-12-10,44.8899993896,0
1997-12-11,42.3300018311,0
1997-12-12,39.3199996948,0
1997-12-15,43.8199996948,0
1997-12-16,45.9599990845,0
1997-12-17,47.5400009155,0
1997-12-19,44.6500015259,0
1997-12-22,44.3199996948,0
1997-12-23,40.9099998474,0
1997-12-24,39.0800018311,0
1997-12-26,41.9399986267,0
1998-01-05,44.7700004578,0
1998-01-06,45.7700004578,0
1998-01-07,45.75,0
1998-01-08,47.4900016785,0
1998-01-09,46.3400001526,0
1998-01-12,51.2099990845,0
1998-01-13,51.6899986267,0
1998-01-14,53,0
1998-01-15,56.6300010681,0
1998-01-16,54.9300003052,0
1998-01-19,60.2000007629,0
1998-01-20,61.0999984741,0
1998-01-21,57.6800003052,0
1998-01-22,54.9300003052,0
1998-01-23,55.6100006104,0
1998-01-26,59.8199996948,0
1998-01-30,64.4800033569,0
1998-02-02,62.3499984741,0
1998-02-03,62.6899986267,0
1998-02-04,62.0099983215,0
1998-02-05,59.7200012207,0
1998-02-06,61.1899986267,0
1998-02-09,62.8400001526,0
1998-02-10,61.2299995422,0
1998-02-11,59.0900001526,0
1998-02-12,58.3800010681,0
1998-02-13,57.6599998474,0
1998-02-16,54.6800003052,0
1998-02-17,54.3100013733,0
1998-02-18,56.2000007629,0
1998-02-19,59.0900001526,0
1998-02-20,60.4900016785,0
1998-02-23,63.1199989319,0
1998-02-24,62.7900009155,0
1998-02-25,59.8499984741,0
1998-02-26,60.9599990845,0
1998-02-27,64.1600036621,0
1998-03-02,67.9599990845,0
1998-03-03,67.4800033569,0
1998-03-04,67.5,0
1998-03-05,62.5800018311,0
1998-03-06,61.0600013733,0
1998-03-09,59.1100006104,0
1998-03-10,61.5299987793,0
1998-03-11,62.25,0
1998-03-12,62.5699996948,0
1998-03-13,62.6199989319,0
1998-03-16,61.4000015259,0
1998-03-17,59.6699981689,0
1998-03-18,59.8699989319,0
1998-03-19,60.1699981689,0
1998-03-20,60.6199989319,0
1998-03-23,58.7299995422,0
1998-03-24,58.3199996948,0
1998-03-25,58.6100006104,0
1998-03-26,57.3600006104,0
1998-03-27,57.7299995422,0
1998-03-30,55.4399986267,0
1998-03-31,55.2799987793,0
1998-04-01,53.5099983215,0
1998-04-02,51.6500015259,0
1998-04-03,49.7000007629,0
1998-04-06,49.8300018311,0
1998-04-07,52.7000007629,0
1998-04-08,52.3300018311,0
1998-04-09,53.8800010681,0
1998-04-10,53.7299995422,0
1998-04-13,57.4900016785,0
1998-04-14,53.9500007629,0
1998-04-15,53.9399986267,0
1998-04-16,52.2700004578,0
1998-04-17,51.9000015259,0
1998-04-20,50.4099998474,0
1998-04-21,50.9000015259,0
1998-04-22,50.1199989319,0
1998-04-23,48.4199981689,0
1998-04-24,48.2099990845,0
1998-04-27,47.5299987793,0
1998-04-28,47.0499992371,0
1998-04-29,48.7799987793,0
1998-04-30,49.3899993896,0
1998-05-04,45.7799987793,0
1998-05-06,44.0099983215,0
1998-05-07,44.4300003052,0
1998-05-08,43.6300010681,0
1998-05-11,42.2700004578,0
1998-05-12,41.1800003052,0
1998-05-13,41.9000015259,0
1998-05-14,42.8400001526,0
1998-05-15,41.7000007629,0
1998-05-18,42.3199996948,0
1998-05-19,42.6599998474,0
1998-05-20,43.2700004578,0
1998-05-21,42.5200004578,0
1998-05-22,41.3699989319,0
1998-05-25,38.5200004578,0
1998-05-26,36.0299987793,0
1998-05-27,36.2200012207,0
1998-05-28,37.6199989319,0
1998-05-29,39.2799987793,0
1998-06-01,38.9799995422,0
1998-06-02,37.3600006104,0
1998-06-03,38.4900016785,0
1998-06-05,39.75,0
1998-06-08,40.0900001526,0
1998-06-09,39.0999984741,0
1998-06-10,37.2599983215,0
1998-06-11,37.8400001526,0
1998-06-12,34.5699996948,0
1998-06-15,33.1899986267,0
1998-06-16,32.2599983215,0
1998-06-17,35.0400009155,0
1998-06-18,37.5299987793,0
1998-06-19,35.9599990845,0
1998-06-22,35.7599983215,0
1998-06-23,34.7999992371,0
1998-06-24,34.6300010681,0
1998-06-25,34.5499992371,0
1998-06-26,34.3600006104,0
1998-06-29,34.4799995422,0
1998-06-30,34.3699989319,0
1998-07-01,36.6100006104,0
1998-07-02,36.2400016785,0
1998-07-03,35.8300018311,0
1998-07-06,35.9900016785,0
1998-07-07,36.8899993896,0
1998-07-08,37.0099983215,0
1998-07-09,36.8899993896,0
1998-07-10,35.6899986267,0
1998-07-13,34.7000007629,0
1998-07-14,35.3400001526,0
1998-07-15,36.1699981689,0
1998-07-16,38.3899993896,0
1998-07-20,42.7400016785,0
1998-07-21,42.3300018311,0
1998-07-22,41.9900016785,0
1998-07-23,39.4199981689,0
1998-07-24,39.7700004578,0
1998-07-27,37.9300003052,0
1998-07-28,38.7000007629,0
1998-07-29,39.8199996948,0
1998-07-30,39.8899993896,0
1998-07-31,39.5099983215,0
1998-08-03,37.8300018311,0
1998-08-04,38.3600006104,0
1998-08-05,37.0999984741,0
1998-08-06,36.8400001526,0
1998-08-07,36.9500007629,0
1998-08-10,35.8699989319,0
1998-08-11,35.7599983215,0
1998-08-12,35.0800018311,0
1998-08-13,34.7000007629,0
1998-08-14,34.8499984741,0
1998-08-17,34.4300003052,0
1998-08-18,33.2000007629,0
1998-08-19,34.6399993896,0
1998-08-20,36.5200004578,0
1998-08-21,36.5,0
1998-08-24,34.9399986267,0
1998-08-25,35.5400009155,0
1998-08-26,36.5699996948,0
1998-08-27,36.0400009155,0
1998-08-28,35.4799995422,0
1998-08-31,35.5499992371,0
1998-09-01,35.4300003052,0
1998-09-02,36.0400009155,0
1998-09-03,36.0999984741,0
1998-09-04,36.0900001526,0
1998-09-07,37.8800010681,0
1998-09-08,37.5,0
1998-09-09,37.8699989319,0
1998-09-10,39.2799987793,0
1998-09-11,36.7099990845,0
1998-09-14,35.7299995422,0
1998-09-15,35.2799987793,0
1998-09-16,35.6500015259,0
1998-09-17,35.3499984741,0
1998-09-18,34.2400016785,0
1998-09-21,33.7299995422,0
1998-09-22,33.1699981689,0
1998-09-23,33.2599983215,0
1998-09-24,35.6100006104,0
1998-09-25,34.7099990845,0
1998-09-28,34.9799995422,0
1998-09-29,35.7999992371,0
1998-09-30,35.4500007629,0
1998-10-01,34.8199996948,0
1998-10-02,35.0800018311,0
1998-10-07,35.7599983215,0
1998-10-08,34.5400009155,0
1998-10-09,37.5200004578,0
1998-10-12,40.5600013733,0
1998-10-13,39.8100013733,0
1998-10-14,39.7900009155,0
1998-10-15,42.6800003052,0
1998-10-16,43.4700012207,0
1998-10-19,43.5400009155,0
1998-10-20,45.5,0
1998-10-21,44.2700004578,0
1998-10-22,44.4500007629,0
1998-10-23,44.0299987793,0
1998-10-26,43.3899993896,0
1998-10-27,41.7599983215,0
1998-10-28,42.2999992371,0
1998-10-29,43.1800003052,0
1998-10-30,45.0699996948,0
1998-11-02,47.7000007629,0
1998-11-03,48.0900001526,0
1998-11-04,48.8199996948,0
1998-11-05,49.25,0
1998-11-06,48.8600006104,0
1998-11-09,49.7400016785,0
1998-11-10,47.0200004578,0
1998-11-11,46.6899986267,0
1998-11-12,47.0299987793,0
1998-11-13,47.1699981689,0
1998-11-16,49.3699989319,0
1998-11-17,49.6300010681,0
1998-11-18,49.2700004578,0
1998-11-19,51.4700012207,0
1998-11-20,53.1899986267,0
1998-11-23,52.9799995422,0
1998-11-24,53.7299995422,0
1998-11-25,53.9199981689,0
1998-11-26,51.6599998474,0
1998-11-27,51.6899986267,0
1998-11-30,51.9300003052,0
1998-12-01,51.1599998474,0
1998-12-02,51.2200012207,0
1998-12-03,51.4799995422,0
1998-12-04,53.7999992371,0
1998-12-07,59.4300003052,0
1998-12-08,58.6899986267,0
1998-12-09,60.7200012207,0
1998-12-10,65.6699981689,0
1998-12-11,63.4900016785,0
1998-12-14,63.1300010681,0
1998-12-15,64.6399993896,0
1998-12-16,61.3699989319,0
1998-12-17,59.9799995422,0
1998-12-18,59.6899986267,0
1998-12-21,64.2900009155,0
1998-12-22,62.7999992371,0
1998-12-23,63.7099990845,0
1998-12-24,63.7999992371,0
1998-12-28,64.9400024414,0
1999-01-05,69.0999984741,0
1999-01-06,70.4700012207,0
1999-01-07,73.8300018311,0
1999-01-08,72.2200012207,0
1999-01-11,73.5199966431,0
1999-01-12,72.1900024414,0
1999-01-13,72.1699981689,0
1999-01-14,69.25,0
1999-01-15,70.0899963379,0
1999-01-18,70.6399993896,0
1999-01-19,70.5299987793,0
1999-01-20,70.3499984741,0
1999-01-21,66.7799987793,0
1999-01-22,62.7900009155,0
1999-01-25,61.7099990845,0
1999-01-26,60.9799995422,0
1999-01-27,65.2600021362,0
1999-01-28,65.8600006104,0
1999-01-29,65.7200012207,0
1999-02-01,66.6399993896,0
1999-02-02,64.7300033569,0
1999-02-03,63.2099990845,0
1999-02-04,62.7799987793,0
1999-02-05,62.8199996948,0
1999-02-08,62.1100006104,0
1999-02-09,59.6100006104,0
1999-02-10,59.8199996948,0
1999-02-11,59.5099983215,0
1999-02-12,63.3199996948,0
1999-02-18,61.1599998474,0
1999-02-19,59.5600013733,0
1999-02-22,58.2000007629,0
1999-02-23,57.7799987793,0
1999-02-24,57.5200004578,0
1999-02-25,57.75,0
1999-02-26,60.2799987793,0
1999-03-02,61.9300003052,0
1999-03-03,62.2099990845,0
1999-03-04,61.5099983215,0
1999-03-05,62.1399993896,0
1999-03-08,66.1699981689,0
1999-03-09,66.4599990845,0
1999-03-10,66.0699996948,0
1999-03-11,67.2300033569,0
1999-03-12,68.1299972534,0
1999-03-15,68.1600036621,0
1999-03-16,69.5,0
1999-03-17,69.5,0
1999-03-18,67.0500030518,0
1999-03-19,70.25,0
1999-03-22,70.7399978638,0
1999-03-23,71.4800033569,0
1999-03-24,71.0100021362,0
1999-03-25,70.9199981689,0
1999-03-26,70.7799987793,0
1999-03-29,69.7399978638,0
1999-03-30,71.8000030518,0
1999-03-31,71.8399963379,0
1999-04-01,74.0999984741,0
1999-04-02,75.3799972534,0
1999-04-06,77.8199996948,0
1999-04-07,78.5100021362,0
1999-04-08,79.4400024414,0
1999-04-09,80.1600036621,0
1999-04-12,80.2099990845,0
1999-04-13,80.2200012207,0
1999-04-14,79.8799972534,0
1999-04-15,84.0199966431,0
1999-04-16,84.5500030518,0
1999-04-19,90.1900024414,0
1999-04-20,90.4499969482,0
1999-04-21,87.0400009155,0
1999-04-22,86.8700027466,0
1999-04-23,88.0699996948,0
1999-04-26,91.1500015259,0
1999-04-27,93.5100021362,0
1999-04-28,92.5899963379,0
1999-04-29,87.3600006104,0
1999-04-30,87.1500015259,0
1999-05-03,87.1699981689,0
1999-05-04,88.6900024414,0
1999-05-06,93.4899978638,0
1999-05-07,93.5400009155,0
1999-05-10,93.3099975586,0
1999-05-11,89.3199996948,0
1999-05-12,88.7099990845,0
1999-05-13,85.1100006104,0
1999-05-14,85.2300033569,0
1999-05-17,83.3300018311,0
1999-05-18,84.8600006104,0
1999-05-19,85.2699966431,0
1999-05-20,82.4800033569,0
1999-05-21,82.6699981689,0
1999-05-24,81.0299987793,0
1999-05-25,81.1699981689,0
1999-05-26,83.5400009155,0
1999-05-27,84.5,0
1999-05-28,85.1299972534,0
1999-05-31,85.6800003052,0
1999-06-01,88.2699966431,0
1999-06-02,90.8600006104,0
1999-06-03,91.4800033569,0
1999-06-04,94.0899963379,0
1999-06-07,99.9599990845,0
1999-06-08,101.180000305,0
1999-06-09,94.5400009155,0
1999-06-10,101.61000061,0
1999-06-11,100.38999939,0
1999-06-14,96.8899993896,0
1999-06-15,95.0599975586,0
1999-06-16,98.3700027466,0
1999-06-17,98.7300033569,0
1999-06-18,99.5899963379,0
1999-06-21,104.019996643,0
1999-06-22,104.849998474,0
1999-06-23,106.269996643,0
1999-06-24,104.660003662,0
1999-06-25,105.150001526,0
1999-06-28,108.150001526,0
1999-06-29,107.169998169,0
1999-06-30,105.470001221,0
1999-07-01,110.239997864,0
1999-07-02,111.540000916,0
1999-07-05,114.779998779,0
1999-07-06,118.480003357,0
1999-07-07,120.470001221,0
1999-07-08,118.879997253,0
1999-07-09,122.480003357,0
1999-07-12,119.290000916,0
1999-07-13,117.36000061,0
1999-07-14,113.279998779,0
1999-07-15,117.209999084,0
1999-07-16,121.830001831,0
1999-07-19,121.980003357,0
1999-07-20,118.38999939,0
1999-07-21,114.430000305,0
1999-07-22,115.75,0
1999-07-23,107.069999695,0
1999-07-26,103.900001526,0
1999-07-27,110.629997253,0
1999-07-28,112.569999695,0
1999-07-29,119.599998474,0
1999-07-30,116.13999939,0
1999-08-02,114.540000916,0
1999-08-03,115.769996643,0
1999-08-04,116.019996643,0
1999-08-05,112,0
1999-08-06,111.769996643,0
1999-08-09,113.029998779,0
1999-08-10,115.86000061,0
1999-08-11,112.75,0
1999-08-12,113.160003662,0
1999-08-13,109.190002441,0
1999-08-16,107.989997864,0
1999-08-17,104.230003357,0
1999-08-18,103.959999084,0
1999-08-19,103.739997864,0
1999-08-20,104.650001526,0
1999-08-23,109.529998779,0
1999-08-24,111.330001831,0
1999-08-25,115.370002747,0
1999-08-26,115.190002441,0
1999-08-27,115.690002441,0
1999-08-30,113.36000061,0
1999-08-31,112.790000916,0
1999-09-01,108.769996643,0
1999-09-02,108.349998474,0
1999-09-03,110.059997559,0
1999-09-06,114.150001526,0
1999-09-07,114.269996643,0
1999-09-08,113.589996338,0
1999-09-09,115.38999939,0
1999-09-10,116.669998169,0
1999-09-13,119.379997253,0
1999-09-14,117.599998474,0
1999-09-15,115.480003357,0
1999-09-16,110.709999084,0
1999-09-17,112,0
1999-09-20,113.160003662,0
1999-09-21,116.330001831,0
1999-09-22,114.309997559,0
1999-09-27,109.489997864,0
1999-09-28,109.050003052,0
1999-09-29,104.900001526,0
1999-09-30,100.709999084,0
1999-10-01,101.809997559,0
1999-10-04,98.9599990845,0
1999-10-05,95.9700012207,0
1999-10-06,101.459999084,0
1999-10-07,102.940002441,0
1999-10-08,101.150001526,0
1999-10-11,100.269996643,0
1999-10-12,102.779998779,0
1999-10-13,102.819999695,0
1999-10-14,104.11000061,0
1999-10-15,103.699996948,0
1999-10-18,99.3199996948,0
1999-10-19,97.3899993896,0
1999-10-20,99.4700012207,0
1999-10-21,97.8799972534,0
1999-10-22,98.0500030518,0
1999-10-25,95.6900024414,0
1999-10-26,95.5,0
1999-10-27,95.0500030518,0
1999-10-28,98.7300033569,0
1999-10-29,100.190002441,0
1999-11-01,105.550003052,0
1999-11-02,107.430000305,0
1999-11-03,106.949996948,0
1999-11-04,109.970001221,0
1999-11-05,110.010002136,0
1999-11-08,109.330001831,0
1999-11-09,114.129997253,0
1999-11-10,113.540000916,0
1999-11-11,114.290000916,0
1999-11-12,117.400001526,0
1999-11-15,118.11000061,0
1999-11-16,122.569999695,0
1999-11-17,117.680000305,0
1999-11-18,118.449996948,0
1999-11-19,121.440002441,0
1999-11-22,119.36000061,0
1999-11-23,118.790000916,0
1999-11-24,118.519996643,0
1999-11-25,119.319999695,0
1999-11-26,116.949996948,0
1999-11-29,119.379997253,0
1999-11-30,123.589996338,0
1999-12-01,124.459999084,0
1999-12-02,120.080001831,0
1999-12-03,119.739997864,0
1999-12-06,124.349998474,0
1999-12-07,125.480003357,0
1999-12-08,123.849998474,0
1999-12-09,122.220001221,0
1999-12-10,126.61000061,0
1999-12-13,125.660003662,0
1999-12-14,123.650001526,0
1999-12-15,118.690002441,0
1999-12-16,116.930000305,0
1999-12-17,117.38999939,0
1999-12-20,120.13999939,0
1999-12-21,119.669998169,0
1999-12-22,121.089996338,0
1999-12-23,122.309997559,0
1999-12-24,124.680000305,0
1999-12-27,126.739997864,0
1999-12-28,130.020004272,0
2000-01-03,133.660003662,0
2000-01-05,123.86000061,0
2000-01-06,120.800003052,0
2000-01-07,119.099998474,0
2000-01-10,124.11000061,0
2000-01-11,123.11000061,0
2000-01-12,119.809997559,0
2000-01-13,119.220001221,0
2000-01-14,118.949996948,0
2000-01-17,123.849998474,0
2000-01-18,123.819999695,0
2000-01-19,118.680000305,0
2000-01-20,120.040000916,0
2000-01-21,116.930000305,0
2000-01-24,117.169998169,0
2000-01-25,112.480003357,0
2000-01-26,111.680000305,0
2000-01-27,114.470001221,0
2000-01-28,118.919998169,0
2000-01-31,119.080001831,0
2000-02-01,116.75,0
2000-02-02,118.319999695,0
2000-02-03,119,0
2000-02-07,122.089996338,0
2000-02-08,120.790000916,0
2000-02-09,122.930000305,0
2000-02-10,121.88999939,0
2000-02-11,120.400001526,0
2000-02-14,114.940002441,0
2000-02-15,110.620002747,0
2000-02-16,110.519996643,0
2000-02-17,112.790000916,0
2000-02-18,110.449996948,0
2000-02-21,106.449996948,0
2000-02-22,107.150001526,0
2000-02-23,110.63999939,0
2000-02-24,109.029998779,0
2000-02-25,108.430000305,0
2000-02-28,101.930000305,0
2000-02-29,103.169998169,0
2000-03-02,112.230003357,0
2000-03-03,112.480003357,0
2000-03-06,113.690002441,0
2000-03-07,113.410003662,0
2000-03-08,114.61000061,0
2000-03-09,109.809997559,0
2000-03-10,110.680000305,0
2000-03-13,105.13999939,0
2000-03-14,104.300003052,0
2000-03-15,103.279998779,0
2000-03-16,104.190002441,0
2000-03-17,106.309997559,0
2000-03-20,105.75,0
2000-03-21,107.919998169,0
2000-03-22,110.209999084,0
2000-03-23,108.279998779,0
2000-03-24,111.150001526,0
2000-03-27,110.580001831,0
2000-03-28,111.180000305,0
2000-03-29,114.25,0
2000-03-30,112.059997559,0
2000-03-31,108.029998779,0
2000-04-03,106.669998169,0
2000-04-04,104.809997559,0
2000-04-06,101.410003662,0
2000-04-07,105.830001831,0
2000-04-10,110.059997559,0
2000-04-11,108.36000061,0
2000-04-12,105.709999084,0
2000-04-14,100.75,0
2000-04-17,88.9499969482,0
2000-04-18,94.1200027466,0
2000-04-19,95.0199966431,0
2000-04-20,95.8600006104,0
2000-04-21,96.4300003052,0
2000-04-24,93.8799972534,0
2000-04-25,92.5,0
2000-04-26,89.4599990845,0
2000-04-27,86.75,0
2000-04-28,91.2099990845,0
2000-05-02,94.8799972534,0
2000-05-03,94.7900009155,0
2000-05-04,94.5100021362,0
2000-05-08,97.0899963379,0
2000-05-09,95.8799972534,0
2000-05-10,95.7200012207,0
2000-05-12,93.1699981689,0
2000-05-15,92.0899963379,0
2000-05-16,94.7600021362,0
2000-05-17,92.5500030518,0
2000-05-18,90.9300003052,0
2000-05-19,93.3600006104,0
2000-05-22,88.3399963379,0
2000-05-23,86.7900009155,0
2000-05-24,85.7799987793,0
2000-05-25,88.5699996948,0
2000-05-26,83.1200027466,0
2000-05-29,82.7900009155,0
2000-05-30,87.3300018311,0
2000-05-31,92.7399978638,0
2000-06-01,93.9000015259,0
2000-06-02,96.8099975586,0
2000-06-05,100.779998779,0
2000-06-07,104.330001831,0
2000-06-08,101.449996948,0
2000-06-09,106.540000916,0
2000-06-12,107.819999695,0
2000-06-13,102.529998779,0
2000-06-14,104.660003662,0
2000-06-15,98.4599990845,0
2000-06-16,96.8899993896,0
2000-06-19,96.4199981689,0
2000-06-20,100.190002441,0
2000-06-21,99.6699981689,0
2000-06-22,99.6600036621,0
2000-06-23,99.1800003052,0
2000-06-26,100.75,0
2000-06-27,103.040000916,0
2000-06-28,104.239997864,0
2000-06-29,104.319999695,0
2000-06-30,104.430000305,0
2000-07-03,106.010002136,0
2000-07-04,103.720001221,0
2000-07-05,105.319999695,0
2000-07-06,106.129997253,0
2000-07-07,106.599998474,0
2000-07-10,107.800003052,0
2000-07-11,106.019996643,0
2000-07-12,106.489997864,0
2000-07-13,107.410003662,0
2000-07-14,105.180000305,0
2000-07-18,103.449996948,0
2000-07-19,101.410003662,0
2000-07-20,99.0500030518,0
2000-07-21,99.5100021362,0
2000-07-24,93.7699966431,0
2000-07-25,93.6299972534,0
2000-07-26,94.4499969482,0
2000-07-27,92.2600021362,0
2000-07-28,87.5500030518,0
2000-07-31,89.3499984741,0
2000-08-01,92.1100006104,0
2000-08-02,92.25,0
2000-08-03,91.3600006104,0
2000-08-04,89.7399978638,0
2000-08-07,85.2600021362,0
2000-08-08,83.9800033569,0
2000-08-09,89.8799972534,0
2000-08-10,92.4199981689,0
2000-08-11,91.3199996948,0
2000-08-14,92.5400009155,0
2000-08-16,94.9899978638,0
2000-08-17,93.9700012207,0
2000-08-18,91.9499969482,0
2000-08-21,91.2600021362,0
2000-08-22,93.4100036621,0
2000-08-23,90.8700027466,0
2000-08-24,90.75,0
2000-08-25,92.2600021362,0
2000-08-28,92.4800033569,0
2000-08-29,92.4100036621,0
2000-08-30,90.6200027466,0
2000-08-31,86.5400009155,0
2000-09-01,86.9300003052,0
2000-09-04,85.3700027466,0
2000-09-05,85.0999984741,0
2000-09-06,84.6999969482,0
2000-09-07,81.9899978638,0
2000-09-08,81.6200027466,0
2000-09-14,81.0199966431,0
2000-09-15,78.0199966431,0
2000-09-18,71.6399993896,0
2000-09-19,70.7600021362,0
2000-09-20,75.3000030518,0
2000-09-21,74.0800018311,0
2000-09-22,68.5599975586,0
2000-09-25,72.5899963379,0
2000-09-26,72.9899978638,0
2000-09-27,74.5199966431,0
2000-09-28,75.4499969482,0
2000-09-29,76.3700027466,0
2000-10-02,73.1699981689,0
2000-10-04,74.3799972534,0
2000-10-05,75.4499969482,0
2000-10-06,75.8099975586,0
2000-10-09,73.1399993896,0
2000-10-10,73.0400009155,0
2000-10-11,68.9199981689,0
2000-10-12,65.8499984741,0
2000-10-13,64.6399993896,0
2000-10-16,67.9100036621,0
2000-10-17,63.0699996948,0
2000-10-18,63.2900009155,0
2000-10-19,63.4300003052,0
2000-10-20,67.5400009155,0
2000-10-23,65.2600021362,0
2000-10-24,67.5299987793,0
2000-10-25,67.2300033569,0
2000-10-26,64.8399963379,0
2000-10-27,63.7700004578,0
2000-10-30,62.5200004578,0
2000-10-31,64,0
2000-11-01,68.5400009155,0
2000-11-02,69.6800003052,0
2000-11-03,69.9400024414,0
2000-11-06,69.3700027466,0
2000-11-07,69.0199966431,0
2000-11-08,69.7699966431,0
2000-11-09,70.0899963379,0
2000-11-10,70.6399993896,0
2000-11-13,67.1999969482,0
2000-11-14,68.9899978638,0
2000-11-15,69.5500030518,0
2000-11-16,69.25,0
2000-11-17,68.7300033569,0
2000-11-20,66.9000015259,0
2000-11-21,66.1399993896,0
2000-11-22,64.9300003052,0
2000-11-23,64.0199966431,0
2000-11-24,66.2399978638,0
2000-11-27,69.3600006104,0
2000-11-28,67.1200027466,0
2000-11-29,64.4499969482,0
2000-11-30,63.4799995422,0
2000-12-01,64.2300033569,0
2000-12-04,62.5,0
2000-12-05,64.5699996948,0
2000-12-06,64.7200012207,0
2000-12-07,65.5800018311,0
2000-12-08,67.0599975586,0
2000-12-11,69.7600021362,0
2000-12-12,68.1600036621,0
2000-12-13,70.1500015259,0
2000-12-14,68.6100006104,0
2000-12-15,66.8399963379,0
2000-12-18,67.5599975586,0
2000-12-19,66.4700012207,0
2000-12-20,64.4300003052,0
2000-12-21,64.2399978638,0
2000-12-22,62.8300018311,0
2000-12-26,63.3499984741,0
2001-01-02,65.4100036621,0
2001-01-03,65.3799972534,0
2001-01-04,70.1399993896,0
2001-01-05,73.1500015259,0
2001-01-08,73.8300018311,0
2001-01-09,74.1999969482,0
2001-01-10,70.4899978638,0
2001-01-11,70.3799972534,0
2001-01-12,74.0400009155,0
2001-01-15,75.5800018311,0
2001-01-16,76.1600036621,0
2001-01-17,75.25,0
2001-01-18,76.3899993896,0
2001-01-19,78.5999984741,0
2001-01-22,79.4700012207,0
2001-01-26,74.6399993896,0
2001-01-29,75.1600036621,0
2001-01-30,74.4400024414,0
2001-01-31,77.9800033569,0
2001-02-01,77.2699966431,0
2001-02-02,76.6999969482,0
2001-02-05,72.8700027466,0
2001-02-06,73.8099975586,0
2001-02-07,72.4400024414,0
2001-02-08,74.5,0
2001-02-09,74.9100036621,0
2001-02-12,75.4000015259,0
2001-02-13,75.2799987793,0
2001-02-14,75.9000015259,0
2001-02-15,75.8799972534,0
2001-02-16,76.0800018311,0
2001-02-19,74.9100036621,0
2001-02-20,76.3600006104,0
2001-02-21,74.3799972534,0
2001-02-22,72.9300003052,0
2001-02-23,72.9000015259,0
2001-02-26,73.0899963379,0
2001-02-27,72.0599975586,0
2001-02-28,72.1399993896,0
2001-03-02,69.8399963379,0
2001-03-05,70.7600021362,0
2001-03-06,71.1299972534,0
2001-03-07,71.1200027466,0
2001-03-08,72.4700012207,0
2001-03-09,70.5500030518,0
2001-03-12,67.8899993896,0
2001-03-13,65.8199996948,0
2001-03-14,67.6900024414,0
2001-03-15,67.5699996948,0
2001-03-16,67.0999984741,0
2001-03-19,66.5100021362,0
2001-03-20,66.1200027466,0
2001-03-21,66.2600021362,0
2001-03-22,65.4700012207,0
2001-03-23,67.0100021362,0
2001-03-26,68.0400009155,0
2001-03-27,66.25,0
2001-03-28,65.7699966431,0
2001-03-29,65.1800003052,0
2001-03-30,65.1600036621,0
2001-04-02,64.1200027466,0
2001-04-03,62.6199989319,0
2001-04-04,61.4199981689,0
2001-04-06,63.0200004578,0
2001-04-09,61.8100013733,0
2001-04-10,60.9599990845,0
2001-04-11,63.1899986267,0
2001-04-12,64.0500030518,0
2001-04-13,64.25,0
2001-04-16,63.1500015259,0
2001-04-17,63.9199981689,0
2001-04-18,67.3899993896,0
2001-04-19,70.5500030518,0
2001-04-20,69.6200027466,0
2001-04-23,70.2600021362,0
2001-04-24,69.5699996948,0
2001-04-25,71.0100021362,0
2001-04-26,70.3700027466,0
2001-04-27,69.6699981689,0
2001-04-30,72.4499969482,0
2001-05-02,73.2900009155,0
2001-05-03,73.3700027466,0
2001-05-04,73.5100021362,0
2001-05-07,74.8600006104,0
2001-05-08,74.0899963379,0
2001-05-09,72.5299987793,0
2001-05-10,72.7699966431,0
2001-05-11,72.9499969482,0
2001-05-14,72.9899978638,0
2001-05-15,72.6100006104,0
2001-05-16,71.4599990845,0
2001-05-17,74.7200012207,0
2001-05-18,75.25,0
2001-05-21,77.5100021362,0
2001-05-22,77.3700027466,0
2001-05-23,77.8300018311,0
2001-05-24,77.6600036621,0
2001-05-25,77.8099975586,0
2001-05-28,77.0500030518,0
2001-05-29,78.8499984741,0
2001-05-30,78.3300018311,0
2001-05-31,76.0899963379,0
2001-06-01,75.3399963379,0
2001-06-04,75.7399978638,0
2001-06-05,74.1299972534,0
2001-06-07,74.5699996948,0
2001-06-08,77.1900024414,0
2001-06-11,75.2699966431,0
2001-06-12,75.0800018311,0
2001-06-13,75.9000015259,0
2001-06-14,75.6900024414,0
2001-06-15,76.3499984741,0
2001-06-18,74.8499984741,0
2001-06-19,74.9100036621,0
2001-06-20,73.1900024414,0
2001-06-21,73.1999969482,0
2001-06-22,73.5899963379,0
2001-06-25,73.2900009155,0
2001-06-26,72.2900009155,0
2001-06-27,71.8499984741,0
2001-06-28,71.6299972534,0
2001-06-29,73.1999969482,0
2001-07-02,73.4000015259,0
2001-07-03,73.0999984741,0
2001-07-04,73.5500030518,0
2001-07-05,73.0800018311,0
2001-07-06,71.1800003052,0
2001-07-09,69.0599975586,0
2001-07-10,68.8199996948,0
2001-07-11,68.2399978638,0
2001-07-12,68.8799972534,0
2001-07-13,67.4899978638,0
2001-07-16,67.5299987793,0
2001-07-18,66.4899978638,0
2001-07-19,67.3399963379,0
2001-07-20,66.3099975586,0
2001-07-23,64.8499984741,0
2001-07-24,65.2300033569,0
2001-07-25,65.1800003052,0
2001-07-26,65.4599990845,0
2001-07-27,66.9599990845,0
2001-07-30,65.9800033569,0
2001-07-31,66.9800033569,0
2001-08-01,69.7200012207,0
2001-08-02,70.3399963379,0
2001-08-03,70.4599990845,0
2001-08-06,70.4599990845,0
2001-08-07,70.0899963379,0
2001-08-08,69.8899993896,0
2001-08-09,67.7300033569,0
2001-08-10,68.5199966431,0
2001-08-13,69.2600021362,0
2001-08-14,71.2300033569,0
2001-08-16,71.5999984741,0
2001-08-17,71.5599975586,0
2001-08-20,69.8300018311,0
2001-08-21,69.9300003052,0
2001-08-22,70.7600021362,0
2001-08-23,70.25,0
2001-08-24,70.2600021362,0
2001-08-27,71.5299987793,0
2001-08-28,71.2200012207,0
2001-08-29,70.0699996948,0
2001-08-30,69.8099975586,0
2001-08-31,67.4199981689,0
2001-09-03,67.0500030518,0
2001-09-04,69.2200012207,0
2001-09-05,68.2399978638,0
2001-09-06,68.2300033569,0
2001-09-07,68.5,0
2001-09-10,67.8399963379,0
2001-09-11,66.5500030518,0
2001-09-12,58.5900001526,0
2001-09-13,61.5800018311,0
2001-09-14,59.7299995422,0
2001-09-17,58.3600006104,0
2001-09-18,60.0699996948,0
2001-09-19,60.1500015259,0
2001-09-20,59.3400001526,0
2001-09-21,58.2299995422,0
2001-09-24,59.4300003052,0
2001-09-25,58.1699981689,0
2001-09-26,58.1899986267,0
2001-09-27,58.0299987793,0
2001-09-28,58.9099998474,0
2001-10-04,61.6100006104,0
2001-10-05,61.8199996948,0
2001-10-08,61.0400009155,0
2001-10-09,62.4799995422,0
2001-10-10,61.9399986267,0
2001-10-11,63.7099990845,0
2001-10-12,63.5900001526,0
2001-10-15,63.2000007629,0
2001-10-16,64.1999969482,0
2001-10-17,64.9899978638,0
2001-10-18,64.5400009155,0
2001-10-19,64.9800033569,0
2001-10-22,64.9599990845,0
2001-10-23,65.2699966431,0
2001-10-24,66.8099975586,0
2001-10-25,66.8899993896,0
2001-10-26,67.0899963379,0
2001-10-29,67.7300033569,0
2001-10-30,65.9800033569,0
2001-10-31,66.4400024414,0
2001-11-01,67.2399978638,0
2001-11-02,68.0899963379,0
2001-11-05,69.5299987793,0
2001-11-06,70.0299987793,0
2001-11-07,69.5699996948,0
2001-11-08,71.0500030518,0
2001-11-09,71.5999984741,0
2001-11-12,72.5199966431,0
2001-11-13,73.1800003052,0
2001-11-14,75.5199966431,0
2001-11-15,75.5400009155,0
2001-11-16,76.1100006104,0
2001-11-19,78.1299972534,0
2001-11-20,76.6399993896,0
2001-11-21,76.5500030518,0
2001-11-22,77.7799987793,0
2001-11-23,80.5500030518,0
2001-11-26,84.1999969482,0
2001-11-27,83.6500015259,0
2001-11-28,78.7699966431,0
2001-11-29,78.0699996948,0
2001-11-30,80.0299987793,0
2001-12-03,80.8300018311,0
2001-12-04,80.7799987793,0
2001-12-05,86.1399993896,0
2001-12-06,85.8399963379,0
2001-12-07,88.25,0
2001-12-10,83.4100036621,0
2001-12-11,83.6399993896,0
2001-12-12,85.1999969482,0
2001-12-13,84.3600006104,0
2001-12-14,82.6999969482,0
2001-12-17,80.5599975586,0
2001-12-18,80.1800003052,0
2001-12-19,80.7900009155,0
2001-12-20,83.0400009155,0
2001-12-21,80.4300003052,0
2001-12-24,80.6999969482,0
2001-12-26,81.7600021362,0
2001-12-27,83.7099990845,0
2001-12-28,86.9700012207,0
2002-01-02,91.1800003052,0
2002-01-03,91.5199966431,0
2002-01-04,94.2399978638,0
2002-01-07,94.5699996948,0
2002-01-08,92.2099990845,0
2002-01-09,94.4400024414,0
2002-01-10,90.9700012207,0
2002-01-11,90.9599990845,0
2002-01-14,93.3499984741,0
2002-01-15,89.9800033569,0
2002-01-16,88.9899978638,0
2002-01-17,89.2699966431,0
2002-01-18,88.6299972534,0
2002-01-21,89.7200012207,0
2002-01-22,90.6399993896,0
2002-01-23,92.9000015259,0
2002-01-24,94.8799972534,0
2002-01-25,97.0599975586,0
2002-01-28,97.4199981689,0
2002-01-29,96.4800033569,0
2002-01-30,93.3399963379,0
2002-01-31,92.9899978638,0
2002-02-01,92.4599990845,0
2002-02-04,91.0100021362,0
2002-02-05,92.3399963379,0
2002-02-06,92.4700012207,0
2002-02-07,90.7399978638,0
2002-02-08,92.2600021362,0
2002-02-14,99.9899978638,0
2002-02-15,98,0
2002-02-18,98.8199996948,0
2002-02-19,97.8099975586,0
2002-02-20,97.1100006104,0
2002-02-21,98.5199966431,0
2002-02-22,99.1100006104,0
2002-02-25,99,0
2002-02-26,100.230003357,0
2002-02-27,102.970001221,0
2002-02-28,102.620002747,0
2002-03-04,104.410003662,0
2002-03-05,105.510002136,0
2002-03-06,105.569999695,0
2002-03-07,103.650001526,0
2002-03-08,103.040000916,0
2002-03-11,103.089996338,0
2002-03-12,105.569999695,0
2002-03-13,105.940002441,0
2002-03-14,106.919998169,0
2002-03-15,107.059997559,0
2002-03-18,107.989997864,0
2002-03-19,110.599998474,0
2002-03-20,110.309997559,0
2002-03-21,110.089996338,0
2002-03-22,111.790000916,0
2002-03-25,109.430000305,0
2002-03-26,109.849998474,0
2002-03-27,112.680000305,0
2002-03-28,111.38999939,0
2002-03-29,111.839996338,0
2002-04-01,109.279998779,0
2002-04-02,113.239997864,0
2002-04-03,114.790000916,0
2002-04-04,114.529998779,0
2002-04-08,112.080001831,0
2002-04-09,110.699996948,0
2002-04-10,106.669998169,0
2002-04-11,107.5,0
2002-04-12,109.510002136,0
2002-04-15,112.040000916,0
2002-04-16,112.970001221,0
2002-04-17,116.900001526,0
2002-04-18,117.660003662,0
2002-04-19,115.75,0
2002-04-22,115.629997253,0
2002-04-23,116.660003662,0
2002-04-24,115.699996948,0
2002-04-25,110.370002747,0
2002-04-26,109.550003052,0
2002-04-29,105.61000061,0
2002-04-30,106.38999939,0
2002-05-02,108.150001526,0
2002-05-03,107.550003052,0
2002-05-06,103.5,0
2002-05-07,103.680000305,0
2002-05-08,106.019996643,0
2002-05-09,104.919998169,0
2002-05-10,102.230003357,0
2002-05-13,102.830001831,0
2002-05-14,105.309997559,0
2002-05-15,108.650001526,0
2002-05-16,108.050003052,0
2002-05-17,110.36000061,0
2002-05-20,108.910003662,0
2002-05-21,105.190002441,0
2002-05-22,108.760002136,0
2002-05-23,106.38999939,0
2002-05-24,107.839996338,0
2002-05-27,106.059997559,0
2002-05-28,107.36000061,0
2002-05-29,105.650001526,0
2002-05-30,103.279998779,0
2002-05-31,100.800003052,0
2002-06-03,101.930000305,0
2002-06-04,102.069999695,0
2002-06-05,102.290000916,0
2002-06-07,100.370002747,0
2002-06-10,102.400001526,0
2002-06-11,102.660003662,0
2002-06-12,103.13999939,0
2002-06-14,103.050003052,0
2002-06-17,101.38999939,0
2002-06-18,101.480003357,0
2002-06-19,97.4300003052,0
2002-06-20,97.4700012207,0
2002-06-21,97.7200012207,0
2002-06-24,96.5800018311,0
2002-06-25,95.2900009155,0
2002-06-26,88.6100006104,0
2002-06-27,89.7200012207,0
2002-06-28,93.6900024414,0
2002-07-02,94.0800018311,0
2002-07-03,94.8700027466,0
2002-07-04,96.8199996948,0
2002-07-05,99.3399963379,0
2002-07-08,98.6600036621,0
2002-07-09,101.050003052,0
2002-07-10,99.8600006104,0
2002-07-11,95.9100036621,0
2002-07-12,99.6999969482,0
2002-07-15,98.5100021362,0
2002-07-16,97.0299987793,0
2002-07-18,97.3600006104,0
2002-07-19,94.9000015259,0
2002-07-22,90.7099990845,0
2002-07-23,93.5599975586,0
2002-07-24,90.7799987793,0
2002-07-25,90.8399963379,0
2002-07-26,87.3799972534,0
2002-07-29,87.8000030518,0
2002-07-30,90.9499969482,0
2002-07-31,90.1600036621,0
2002-08-01,88.7699966431,0
2002-08-02,87.8099975586,0
2002-08-05,84.5800018311,0
2002-08-06,84.4199981689,0
2002-08-07,85,0
2002-08-08,85.5800018311,0
2002-08-09,86.5999984741,0
2002-08-12,86.9199981689,0
2002-08-13,88.8000030518,0
2002-08-14,89.1900024414,0
2002-08-16,90.2099990845,0
2002-08-19,90.1699981689,0
2002-08-20,92.7200012207,0
2002-08-21,93.8399963379,0
2002-08-22,93.8600006104,0
2002-08-23,93.2200012207,0
2002-08-26,92.4000015259,0
2002-08-27,90.9199981689,0
2002-08-28,90.8899993896,0
2002-08-29,91.0599975586,0
2002-08-30,92.5500030518,0
2002-09-02,94.5400009155,0
2002-09-03,93.0100021362,0
2002-09-04,90.6699981689,0
2002-09-05,90.25,0
2002-09-06,88.7600021362,0
2002-09-09,87.5800018311,0
2002-09-10,89.6699981689,0
2002-09-11,91.1399993896,0
2002-09-12,93.1299972534,0
2002-09-13,90.3000030518,0
2002-09-16,88.4300003052,0
2002-09-17,91.3700027466,0
2002-09-18,88.4000015259,0
2002-09-19,88.4100036621,0
2002-09-23,85.1800003052,0
2002-09-24,84.3899993896,0
2002-09-25,82.5999984741,0
2002-09-26,83.2399978638,0
2002-09-27,83.4300003052,0
2002-09-30,81.3700027466,0
2002-10-01,82.0299987793,0
2002-10-02,81.5,0
2002-10-04,81.9100036621,0
2002-10-07,78.8300018311,0
2002-10-08,79.8899993896,0
2002-10-09,78.0199966431,0
2002-10-10,73.3499984741,0
2002-10-11,73.8600006104,0
2002-10-14,77.2699966431,0
2002-10-15,79.2099990845,0
2002-10-16,80.0999984741,0
2002-10-17,81.1600036621,0
2002-10-18,84.5,0
2002-10-21,82.1100006104,0
2002-10-22,80.3399963379,0
2002-10-23,82.7699966431,0
2002-10-24,82.4800033569,0
2002-10-25,82.6500015259,0
2002-10-28,85.6100006104,0
2002-10-29,84.9300003052,0
2002-10-30,82.9700012207,0
2002-10-31,83.0999984741,0
2002-11-01,81.6500015259,0
2002-11-04,85.0400009155,0
2002-11-05,84.0100021362,0
2002-11-06,86.4000015259,0
2002-11-07,86.25,0
2002-11-08,85.4499969482,0
2002-11-11,83.1500015259,0
2002-11-12,82.7399978638,0
2002-11-13,82.6500015259,0
2002-11-14,82.4199981689,0
2002-11-15,85.2600021362,0
2002-11-18,84.4800033569,0
2002-11-19,85.0599975586,0
2002-11-20,86.5,0
2002-11-21,87.6500015259,0
2002-11-22,87.9700012207,0
2002-11-25,89.6800003052,0
2002-11-26,89.1100006104,0
2002-11-27,89.8700027466,0
2002-11-28,90.7200012207,0
2002-11-29,92.0500030518,0
2002-12-02,92.6699981689,0
2002-12-03,93.5199966431,0
2002-12-04,90.6200027466,0
2002-12-05,91.6800003052,0
2002-12-06,91.0299987793,0
2002-12-09,89.8399963379,0
2002-12-10,89.0199966431,0
2002-12-11,88.5100021362,0
2002-12-12,90.8099975586,0
2002-12-13,89.8099975586,0
2002-12-16,87.7200012207,0
2002-12-17,89.3700027466,0
2002-12-18,90.0500030518,0
2002-12-20,90.1900024414,0
2002-12-23,87.9700012207,0
2002-12-24,86.3099975586,0
2002-12-26,85.5899963379,0
2002-12-27,83.7200012207,0
2002-12-30,79.8700027466,0
2003-01-02,80.7200012207,0
2003-01-03,84.1500015259,0
2003-01-06,84.9199981689,0
2003-01-07,83.0299987793,0
2003-01-08,82.9700012207,0
2003-01-09,80.0400009155,0
2003-01-10,79.9300003052,0
2003-01-13,82.5800018311,0
2003-01-14,82.7900009155,0
2003-01-15,82.5199966431,0
2003-01-16,82.5800018311,0
2003-01-17,80.9599990845,0
2003-01-20,80.7200012207,0
2003-01-21,80.5,0
2003-01-22,79.2300033569,0
2003-01-23,79.5699996948,0
2003-01-24,77.5400009155,0
2003-01-27,75.4499969482,0
2003-01-28,76.4599990845,0
2003-01-29,74.1500015259,0
2003-01-30,75.2200012207,0
2003-02-03,76.3000030518,0
2003-02-04,76.6999969482,0
2003-02-05,76.2300033569,0
2003-02-06,74.7399978638,0
2003-02-07,73.1699981689,0
2003-02-10,73.1600036621,0
2003-02-11,73.0100021362,0
2003-02-12,74.0199966431,0
2003-02-13,72.9199981689,0
2003-02-14,72.8600006104,0
2003-02-17,76.3199996948,0
2003-02-18,76.5500030518,0
2003-02-19,76.2200012207,0
2003-02-20,76.8899993896,0
2003-02-21,76.6100006104,0
2003-02-24,78.3199996948,0
2003-02-25,75.1299972534,0
2003-02-26,74.8300018311,0
2003-02-27,73.8000030518,0
2003-02-28,72.8499984741,0
2003-03-03,74.8700027466,0
2003-03-04,73.0699996948,0
2003-03-05,70.9499969482,0
2003-03-06,70.3700027466,0
2003-03-07,69.3300018311,0
2003-03-10,69.2600021362,0
2003-03-11,67.7900009155,0
2003-03-12,67.6500015259,0
2003-03-13,67.8399963379,0
2003-03-14,68.5100021362,0
2003-03-17,65.6399993896,0
2003-03-18,68.4899978638,0
2003-03-19,69.0500030518,0
2003-03-20,72.4000015259,0
2003-03-21,73.3700027466,0
2003-03-24,72.5800018311,0
2003-03-25,70.6999969482,0
2003-03-26,70.5800018311,0
2003-03-27,69.8199996948,0
2003-03-28,70.7699966431,0
2003-03-31,68.0500030518,0
2003-04-01,68.4000015259,0
2003-04-02,69,0
2003-04-03,69.2799987793,0
2003-04-04,70.9899978638,0
2003-04-07,74.6299972534,0
2003-04-08,74.8300018311,0
2003-04-09,72.4499969482,0
2003-04-10,73.5599975586,0
2003-04-11,74.2200012207,0
2003-04-14,75.75,0
2003-04-15,77.1299972534,0
2003-04-16,79.2600021362,0
2003-04-17,78.1100006104,0
2003-04-18,79.6699981689,0
2003-04-21,79.0599975586,0
2003-04-22,76.7099990845,0
2003-04-23,76.0599975586,0
2003-04-24,74.7900009155,0
2003-04-25,72.0699996948,0
2003-04-28,72.4100036621,0
2003-04-29,76.1500015259,0
2003-04-30,76.4499969482,0
2003-05-02,76.1200027466,0
2003-05-06,77.0100021362,0
2003-05-07,78.8499984741,0
2003-05-09,78.9000015259,0
2003-05-12,80.4499969482,0
2003-05-13,78.1900024414,0
2003-05-14,77.5699996948,0
2003-05-15,78.8000030518,0
2003-05-16,77.5599975586,0
2003-05-19,75.6299972534,0
2003-05-20,76.4000015259,0
2003-05-21,76.1600036621,0
2003-05-22,75.4300003052,0
2003-05-23,77.5599975586,0
2003-05-26,78.3899993896,0
2003-05-27,77.9400024414,0
2003-05-28,79.8199996948,0
2003-05-29,80.4000015259,0
2003-05-30,80.5299987793,0
2003-06-02,82.5500030518,0
2003-06-03,80.9499969482,0
2003-06-04,81.4000015259,0
2003-06-05,81.7399978638,0
2003-06-09,82.8600006104,0
2003-06-10,82.7699966431,0
2003-06-11,82.9300003052,0
2003-06-12,83.8199996948,0
2003-06-13,84.7900009155,0
2003-06-16,83.7200012207,0
2003-06-17,85.9199981689,0
2003-06-18,86.0400009155,0
2003-06-19,88.1100006104,0
2003-06-20,87.5500030518,0
2003-06-23,86.0599975586,0
2003-06-24,84.6699981689,0
2003-06-25,86.0400009155,0
2003-06-26,86.3700027466,0
2003-06-27,86.5299987793,0
2003-06-30,85.4700012207,0
2003-07-01,86.1500015259,0
2003-07-02,87.6100006104,0
2003-07-03,87.7300033569,0
2003-07-04,88.5899963379,0
2003-07-07,90.0699996948,0
2003-07-08,90.6900024414,0
2003-07-09,90.2799987793,0
2003-07-10,89.6100006104,0
2003-07-11,90.1500015259,0
2003-07-14,92.3199996948,0
2003-07-15,91.4100036621,0
2003-07-16,91.9000015259,0
2003-07-18,89.6299972534,0
2003-07-21,88.8799972534,0
2003-07-22,89.8000030518,0
2003-07-23,89.2099990845,0
2003-07-24,90.1100006104,0
2003-07-25,90.3399963379,0
2003-07-28,92.0599975586,0
2003-07-29,92.7300033569,0
2003-07-30,91.5599975586,0
2003-07-31,91.5199966431,0
2003-08-01,93.4599990845,0
2003-08-04,92.3099975586,0
2003-08-05,92.7600021362,0
2003-08-06,90.8399963379,0
2003-08-07,91.0599975586,0
2003-08-08,90.2399978638,0
2003-08-11,90.3899993896,0
2003-08-12,89.9199981689,0
2003-08-13,91.4599990845,0
2003-08-14,93.3799972534,0
2003-08-18,93.7300033569,0
2003-08-19,95.1999969482,0
2003-08-20,94.8700027466,0
2003-08-21,97.1800003052,0
2003-08-22,97.2300033569,0
2003-08-25,97.4499969482,0
2003-08-26,96.9100036621,0
2003-08-27,97.6399993896,0
2003-08-28,96.7099990845,0
2003-08-29,97.5899963379,0
2003-09-01,98.2300033569,0
2003-09-02,98.5400009155,0
2003-09-03,98.5299987793,0
2003-09-04,98.2600021362,0
2003-09-05,97.9300003052,0
2003-09-08,97.8899993896,0
2003-09-09,98.8700027466,0
2003-09-15,96.9400024414,0
2003-09-16,98.25,0
2003-09-17,98.6999969482,0
2003-09-18,97.5299987793,0
2003-09-19,96.1299972534,0
2003-09-22,91.7799987793,0
2003-09-23,92.3000030518,0
2003-09-24,93.0899963379,0
2003-09-25,91.6600036621,0
2003-09-26,89.5100021362,0
2003-09-29,89.3700027466,0
2003-09-30,89.5500030518,0
2003-10-01,90.6299972534,0
2003-10-02,92.0500030518,0
2003-10-06,93.0599975586,0
2003-10-07,93.6500015259,0
2003-10-08,93.0999984741,0
2003-10-09,94.9899978638,0
2003-10-10,97.9800033569,0
2003-10-13,97.7900009155,0
2003-10-14,99.1100006104,0
2003-10-15,98.7900009155,0
2003-10-16,100.559997559,0
2003-10-17,99.3300018311,0
2003-10-20,100.580001831,0
2003-10-21,101.040000916,0
2003-10-22,100.989997864,0
2003-10-23,97.5899963379,0
2003-10-24,96.7399978638,0
2003-10-27,98.6200027466,0
2003-10-28,100.529998779,0
2003-10-29,101.099998474,0
2003-10-30,101.980003357,0
2003-10-31,101.440002441,0
2003-11-03,102.739997864,0
2003-11-04,103.290000916,0
2003-11-05,104.559997559,0
2003-11-06,102.36000061,0
2003-11-07,104.230003357,0
2003-11-10,103.160003662,0
2003-11-11,102.019996643,0
2003-11-12,103.410003662,0
2003-11-13,105.88999939,0
2003-11-14,105.349998474,0
2003-11-17,103.209999084,0
2003-11-18,104.11000061,0
2003-11-19,100.169998169,0
2003-11-20,99.8000030518,0
2003-11-21,99.9400024414,0
2003-11-24,97.6100006104,0
2003-11-25,99.7099990845,0
2003-11-26,101.599998474,0
2003-11-27,101.599998474,0
2003-11-28,103.61000061,0
2003-12-01,104.900001526,0
2003-12-02,104.86000061,0
2003-12-03,104.790000916,0
2003-12-04,103.989997864,0
2003-12-05,101.870002747,0
2003-12-08,101.300003052,0
2003-12-09,101.63999939,0
2003-12-10,102.690002441,0
2003-12-11,102.120002747,0
2003-12-12,104.319999695,0
2003-12-15,106.480003357,0
2003-12-16,104.760002136,0
2003-12-17,103.050003052,0
2003-12-18,104.449996948,0
2003-12-19,105.040000916,0
2003-12-22,104.160003662,0
2003-12-23,103.88999939,0
2003-12-24,102.769996643,0
2003-12-26,102.430000305,0
2003-12-29,102.790000916,0
2003-12-30,105.209999084,0
2004-01-02,106.650001526,0
2004-01-05,107.069999695,0
2004-01-06,106.900001526,0
2004-01-07,107.540000916,0
2004-01-08,107.199996948,0
2004-01-09,110.260002136,0
2004-01-12,111.099998474,0
2004-01-13,110.709999084,0
2004-01-14,110.980003357,0
2004-01-15,110.339996338,0
2004-01-16,110.629997253,0
2004-01-19,111.959999084,0
2004-01-20,112.629997253,0
2004-01-26,113.680000305,0
2004-01-27,113.019996643,0
2004-01-28,112.589996338,0
2004-01-29,111.660003662,0
2004-01-30,110.88999939,0
2004-02-02,111.680000305,0
2004-02-03,109.61000061,0
2004-02-04,108.959999084,0
2004-02-05,109.769996643,0
2004-02-06,111.160003662,0
2004-02-09,113.180000305,0
2004-02-10,113.459999084,0
2004-02-11,114.919998169,0
2004-02-12,115.199996948,0
2004-02-13,115.75,0
2004-02-16,115.629997253,0
2004-02-17,116.029998779,0
2004-02-18,114.870002747,0
2004-02-19,115.650001526,0
2004-02-20,115.029998779,0
2004-02-23,115.050003052,0
2004-02-24,113.319999695,0
2004-02-25,113.629997253,0
2004-02-26,113.440002441,0
2004-02-27,115.919998169,0
2004-03-02,118.069999695,0
2004-03-03,117.569999695,0
2004-03-04,119.279998779,0
2004-03-05,118.879997253,0
2004-03-08,118.099998474,0
2004-03-09,116.819999695,0
2004-03-10,114.739997864,0
2004-03-11,113.870002747,0
2004-03-12,111.230003357,0
2004-03-15,111.629997253,0
2004-03-16,111.489997864,0
2004-03-17,114.550003052,0
2004-03-18,114.550003052,0
2004-03-19,116.019996643,0
2004-03-22,113.309997559,0
2004-03-23,113.720001221,0
2004-03-24,113.180000305,0
2004-03-25,112.160003662,0
2004-03-26,113.63999939,0
2004-03-29,115.099998474,0
2004-03-30,114.980003357,0
2004-03-31,115.980003357,0
2004-04-01,116.339996338,0
2004-04-02,116.349998474,0
2004-04-06,119.569999695,0
2004-04-07,120.050003052,0
2004-04-08,121.040000916,0
2004-04-09,119.269996643,0
2004-04-12,120.989997864,0
2004-04-13,120.650001526,0
2004-04-14,120.589996338,0
2004-04-16,117.970001221,0
2004-04-19,118.489997864,0
2004-04-20,120.599998474,0
2004-04-21,121.930000305,0
2004-04-22,120.760002136,0
2004-04-23,122.440002441,0
2004-04-26,120.300003052,0
2004-04-27,119.699996948,0
2004-04-28,117.480003357,0
2004-04-29,114.010002136,0
2004-04-30,112.400001526,0
2004-05-03,112.839996338,0
2004-05-04,112.919998169,0
2004-05-06,108.970001221,0
2004-05-07,109.379997253,0
2004-05-10,102.940002441,0
2004-05-11,102.730003357,0
2004-05-12,106.050003052,0
2004-05-13,102.13999939,0
2004-05-14,99.1100006104,0
2004-05-17,94.0500030518,0
2004-05-18,96.0899963379,0
2004-05-19,100.919998169,0
2004-05-20,99.6600036621,0
2004-05-21,102.129997253,0
2004-05-24,103.680000305,0
2004-05-25,101.63999939,0
2004-05-27,104.089996338,0
2004-05-28,105.819999695,0
2004-05-31,104.13999939,0
2004-06-01,105.739997864,0
2004-06-02,104.059997559,0
2004-06-03,99.5100021362,0
2004-06-04,100.949996948,0
2004-06-07,105.019996643,0
2004-06-08,104.730003357,0
2004-06-09,102.589996338,0
2004-06-10,100.580001831,0
2004-06-11,96.3899993896,0
2004-06-14,94.9000015259,0
2004-06-15,96.7799987793,0
2004-06-16,96.8399963379,0
2004-06-17,98.0199966431,0
2004-06-18,95.7399978638,0
2004-06-21,96.8000030518,0
2004-06-22,96.4800033569,0
2004-06-23,95.5599975586,0
2004-06-24,98.8499984741,0
2004-06-25,101.080001831,0
2004-06-28,99.8499984741,0
2004-06-29,100.809997559,0
2004-06-30,101.849998474,0
2004-07-01,100.800003052,0
2004-07-02,97.75,0
2004-07-05,97.9100036621,0
2004-07-06,98.1900024414,0
2004-07-07,98.4599990845,0
2004-07-08,95.7799987793,0
2004-07-09,96.5100021362,0
2004-07-12,96.4499969482,0
2004-07-13,97.1100006104,0
2004-07-14,95.0899963379,0
2004-07-15,94.6399993896,0
2004-07-16,95.5999984741,0
2004-07-19,97.1100006104,0
2004-07-20,95.2900009155,0
2004-07-21,97.5100021362,0
2004-07-22,96.0800018311,0
2004-07-23,95.3799972534,0
2004-07-26,95.2200012207,0
2004-07-27,95.6600036621,0
2004-07-28,96.5500030518,0
2004-07-29,94.5899963379,0
2004-07-30,95.2699966431,0
2004-08-02,93.1900024414,0
2004-08-03,94.2099990845,0
2004-08-04,94.5899963379,0
2004-08-05,96.3099975586,0
2004-08-06,94.8399963379,0
2004-08-09,96.0800018311,0
2004-08-10,96.7200012207,0
2004-08-11,97.2300033569,0
2004-08-12,99.0500030518,0
2004-08-13,100.150001526,0
2004-08-16,99.7200012207,0
2004-08-17,98.9700012207,0
2004-08-18,99.4800033569,0
2004-08-19,101.180000305,0
2004-08-20,100.86000061,0
2004-08-23,100.919998169,0
2004-08-24,101.5,0
2004-08-25,102.870002747,0
2004-08-26,103.25,0
2004-08-27,103.379997253,0
2004-08-30,103.069999695,0
2004-08-31,102.88999939,0
2004-09-01,104.690002441,0
2004-09-02,105.660003662,0
2004-09-03,104.839996338,0
2004-09-06,105.519996643,0
2004-09-07,104.970001221,0
2004-09-08,104.440002441,0
2004-09-09,105.38999939,0
2004-09-10,107.319999695,0
2004-09-13,109.559997559,0
2004-09-14,109.269996643,0
2004-09-15,109.269996643,0
2004-09-16,110.199996948,0
2004-09-17,109.319999695,0
2004-09-20,110.379997253,0
2004-09-21,110.419998169,0
2004-09-22,107.529998779,0
2004-09-23,106.940002441,0
2004-09-24,107.330001831,0
2004-09-30,107.690002441,0
2004-10-01,109.419998169,0
2004-10-04,114.019996643,0
2004-10-05,114.040000916,0
2004-10-06,114.440002441,0
2004-10-07,114.169998169,0
2004-10-08,113.819999695,0
2004-10-11,113.819999695,0
2004-10-12,110.470001221,0
2004-10-13,110.419998169,0
2004-10-14,109.169998169,0
2004-10-15,108.419998169,0
2004-10-18,109.239997864,0
2004-10-19,110.239997864,0
2004-10-20,106.930000305,0
2004-10-21,105.779998779,0
2004-10-22,106.800003052,0
2004-10-25,104.129997253,0
2004-10-26,104.980003357,0
2004-10-27,104.629997253,0
2004-10-28,107.769996643,0
2004-10-29,107.989997864,0
2004-11-01,108.169998169,0
2004-11-02,109.669998169,0
2004-11-03,111.580001831,0
2004-11-04,110.300003052,0
2004-11-05,111.519996643,0
2004-11-08,109.339996338,0
2004-11-09,109.040000916,0
2004-11-10,111.190002441,0
2004-11-11,111.239997864,0
2004-11-12,113.410003662,0
2004-11-15,114.089996338,0
2004-11-16,113.300003052,0
2004-11-17,114.61000061,0
2004-11-18,113.330001831,0
2004-11-19,112.069999695,0
2004-11-22,109.830001831,0
2004-11-23,111.180000305,0
2004-11-24,112.739997864,0
2004-11-25,112.589996338,0
2004-11-26,110.680000305,0
2004-11-29,111.620002747,0
2004-11-30,113.400001526,0
2004-12-01,113.089996338,0
2004-12-02,114.059997559,0
2004-12-03,113.959999084,0
2004-12-06,112.370002747,0
2004-12-07,111.010002136,0
2004-12-08,112.160003662,0
2004-12-09,110.879997253,0
2004-12-10,108.569999695,0
2004-12-13,108.36000061,0
2004-12-14,109.379997253,0
2004-12-15,111.870002747,0
2004-12-16,112.510002136,0
2004-12-17,112.629997253,0
2004-12-20,113.449996948,0
2004-12-21,113.510002136,0
2004-12-22,113.660003662,0
2004-12-23,112.540000916,0
2004-12-24,113.150001526,0
2004-12-27,113,0
2004-12-28,113.25,0
2004-12-29,113.839996338,0
2004-12-30,115.25,0
2005-01-03,115.36000061,0
2005-01-04,114.769996643,0
2005-01-05,114.650001526,0
2005-01-06,112.940002441,0
2005-01-07,112.709999084,0
2005-01-10,113.269996643,0
2005-01-11,114.660003662,0
2005-01-12,114.089996338,0
2005-01-13,115.010002136,0
2005-01-14,117.819999695,0
2005-01-17,119.910003662,0
2005-01-18,119.5,0
2005-01-19,118.900001526,0
2005-01-20,118.019996643,0
2005-01-21,119.400001526,0
2005-01-24,119.830001831,0
2005-01-25,118.910003662,0
2005-01-26,120.510002136,0
2005-01-27,120.160003662,0
2005-01-28,119.650001526,0
2005-01-31,121.059997559,0
2005-02-01,120,0
2005-02-02,119.739997864,0
2005-02-03,120.63999939,0
2005-02-04,121.300003052,0
2005-02-07,123.199996948,0
2005-02-11,122.839996338,0
2005-02-14,124.940002441,0
2005-02-15,125.480003357,0
2005-02-16,125.849998474,0
2005-02-17,125.930000305,0
2005-02-18,127.430000305,0
2005-02-21,128.089996338,0
2005-02-22,126.739997864,0
2005-02-23,125.529998779,0
2005-02-24,127.809997559,0
2005-02-25,129.130004883,0
2005-02-28,130.850006104,0
2005-03-02,130.13999939,0
2005-03-03,130.61000061,0
2005-03-04,130.61000061,0
2005-03-07,130.11000061,0
2005-03-08,129.210006714,0
2005-03-09,130.259994507,0
2005-03-10,128.759994507,0
2005-03-11,131.970001221,0
2005-03-14,131.470001221,0
2005-03-15,127.949996948,0
2005-03-16,128.169998169,0
2005-03-17,126.680000305,0
2005-03-18,126.819999695,0
2005-03-21,126.839996338,0
2005-03-22,126.870002747,0
2005-03-23,125.160003662,0
2005-03-24,123.800003052,0
2005-03-25,125.069999695,0
2005-03-28,126.720001221,0
2005-03-29,124.129997253,0
2005-03-30,123.489997864,0
2005-03-31,124.779998779,0
2005-04-01,126.879997253,0
2005-04-04,127.220001221,0
2005-04-06,127.849998474,0
2005-04-07,127.919998169,0
2005-04-08,128.440002441,0
2005-04-11,127.589996338,0
2005-04-12,127.239997864,0
2005-04-13,127.279998779,0
2005-04-14,123.290000916,0
2005-04-15,122.410003662,0
2005-04-18,119.760002136,0
2005-04-19,120.5,0
2005-04-20,121.050003052,0
2005-04-21,121.309997559,0
2005-04-22,121.36000061,0
2005-04-25,122.080001831,0
2005-04-26,121.919998169,0
2005-04-27,119.959999084,0
2005-04-28,118.36000061,0
2005-04-29,117.580001831,0
2005-05-02,118.459999084,0
2005-05-03,117.88999939,0
2005-05-04,119.949996948,0
2005-05-06,121.260002136,0
2005-05-09,120.480003357,0
2005-05-10,120.400001526,0
2005-05-11,119.019996643,0
2005-05-12,118.690002441,0
2005-05-13,118.870002747,0
2005-05-16,119.650001526,0
2005-05-17,119.510002136,0
2005-05-18,120.080001831,0
2005-05-19,123.040000916,0
2005-05-20,123.019996643,0
2005-05-23,122.870002747,0
2005-05-24,122.910003662,0
2005-05-25,121.370002747,0
2005-05-26,121.699996948,0
2005-05-27,123.88999939,0
2005-05-30,124.63999939,0
2005-05-31,124.839996338,0
2005-06-01,124.900001526,0
2005-06-02,125.040000916,0
2005-06-03,125.699996948,0
2005-06-07,124.790000916,0
2005-06-08,125.620002747,0
2005-06-09,127.220001221,0
2005-06-10,127.680000305,0
2005-06-13,127.650001526,0
2005-06-14,126.900001526,0
2005-06-15,129.270004272,0
2005-06-16,129.270004272,0
2005-06-17,129.330001831,0
2005-06-20,128.169998169,0
2005-06-21,127.660003662,0
2005-06-22,129.240005493,0
2005-06-23,130.38999939,0
2005-06-24,129.080001831,0
2005-06-27,127.449996948,0
2005-06-28,127.919998169,0
2005-06-29,128.410003662,0
2005-06-30,129.429992676,0
2005-07-01,130.589996338,0
2005-07-04,130.949996948,0
2005-07-05,130.539993286,0
2005-07-06,130.649993896,0
2005-07-07,131.720001221,0
2005-07-08,131.279998779,0
2005-07-11,133.880004883,0
2005-07-12,134.259994507,0
2005-07-13,135.25,0
2005-07-14,136.979995728,0
2005-07-15,136.479995728,0
2005-07-18,136.779998779,0
2005-07-19,138.660003662,0
2005-07-20,138.570007324,0
2005-07-21,138.619995117,0
2005-07-22,138.369995117,0
2005-07-25,140.550003052,0
2005-07-26,140.529998779,0
2005-07-27,140.729995728,0
2005-07-28,142.380004883,0
2005-07-29,143.320007324,0
2005-08-01,143.960006714,0
2005-08-02,144.300003052,0
2005-08-03,144.210006714,0
2005-08-04,143.520004272,0
2005-08-05,140.699996948,0
2005-08-08,140.490005493,0
2005-08-09,142.11000061,0
2005-08-10,142.699996948,0
2005-08-11,145.350006104,0
2005-08-12,146.039993286,0
2005-08-16,144.300003052,0
2005-08-17,143.869995117,0
2005-08-18,141.160003662,0
2005-08-19,140.679992676,0
2005-08-22,144.399993896,0
2005-08-23,144.270004272,0
2005-08-24,141.270004272,0
2005-08-25,141.75,0
2005-08-26,140.36000061,0
2005-08-29,137.419998169,0
2005-08-30,138.679992676,0
2005-08-31,140.089996338,0
2005-09-01,143.130004883,0
2005-09-02,144.300003052,0
2005-09-05,144.059997559,0
2005-09-06,145.210006714,0
2005-09-07,147.949996948,0
2005-09-08,148.410003662,0
2005-09-09,149.339996338,0
2005-09-12,150.130004883,0
2005-09-13,150.289993286,0
2005-09-14,152.029998779,0
2005-09-15,151.990005493,0
2005-09-16,152.550003052,0
2005-09-20,154.690002441,0
2005-09-21,155.339996338,0
2005-09-22,155.710006714,0
2005-09-23,152.38999939,0
2005-09-26,156.38999939,0
2005-09-27,156.520004272,0
2005-09-28,158.880004883,0
2005-09-29,159.059997559,0
2005-09-30,157.550003052,0
2005-10-04,160.429992676,0
2005-10-05,158.100006104,0
2005-10-06,154.649993896,0
2005-10-07,154.399993896,0
2005-10-10,157.820007324,0
2005-10-11,160.059997559,0
2005-10-12,156.330001831,0
2005-10-13,152.850006104,0
2005-10-14,152.479995728,0
2005-10-17,150.850006104,0
2005-10-18,152.259994507,0
2005-10-19,148.11000061,0
2005-10-20,149.410003662,0
2005-10-21,152.220001221,0
2005-10-24,152.270004272,0
2005-10-25,151.759994507,0
2005-10-26,151.449996948,0
2005-10-27,149.880004883,0
2005-10-28,146.550003052,0
2005-10-31,148.839996338,0
2005-11-01,152.979995728,0
2005-11-02,155.600006104,0
2005-11-03,156.88999939,0
2005-11-04,157.279998779,0
2005-11-07,156.75,0
2005-11-08,157.720001221,0
2005-11-09,157.869995117,0
2005-11-10,158.690002441,0
2005-11-11,161.809997559,0
2005-11-14,162.020004272,0
2005-11-15,161.490005493,0
2005-11-16,163.240005493,0
2005-11-17,163.380004883,0
2005-11-18,163.740005493,0
2005-11-21,163.100006104,0
2005-11-22,159.679992676,0
2005-11-23,164.470001221,0
2005-11-24,165.559997559,0
2005-11-25,165.509994507,0
2005-11-28,165.520004272,0
2005-11-29,163.699996948,0
2005-11-30,165.949996948,0
2005-12-01,166.970001221,0
2005-12-02,167.559997559,0
2005-12-05,168.229995728,0
2005-12-06,169.240005493,0
2005-12-07,170.210006714,0
2005-12-08,170.130004883,0
2005-12-09,169.160003662,0
2005-12-12,171.350006104,0
2005-12-13,171.649993896,0
2005-12-14,171.149993896,0
2005-12-15,171.559997559,0
2005-12-16,169.449996948,0
2005-12-19,171.910003662,0
2005-12-20,172.050003052,0
2005-12-21,173.949996948,0
2005-12-22,173.88999939,0
2005-12-23,175.11000061,0
2005-12-26,176.270004272,0
2005-12-27,177.199996948,0
2005-12-28,176.160003662,0
2005-12-29,177.429992676,0
2006-01-02,178.289993286,0
2006-01-03,178.809997559,0
2006-01-04,179.910003662,0
2006-01-05,178.820007324,0
2006-01-06,180.869995117,0
2006-01-09,180.300003052,0
2006-01-10,178.979995728,0
2006-01-11,178.669998169,0
2006-01-12,179.649993896,0
2006-01-13,181.710006714,0
2006-01-16,182.38999939,0
2006-01-17,178.270004272,0
2006-01-18,173.809997559,0
2006-01-19,174.929992676,0
2006-01-20,170.600006104,0
2006-01-23,168.039993286,0
2006-01-24,171.789993286,0
2006-01-25,173.520004272,0
2006-01-26,174.710006714,0
2006-01-27,178.63999939,0
2006-01-31,180.649993896,0
2006-02-01,178.070007324,0
2006-02-02,177.919998169,0
2006-02-03,172.669998169,0
2006-02-06,173.660003662,0
2006-02-07,172.38999939,0
2006-02-08,169.440002441,0
2006-02-09,170.929992676,0
2006-02-10,172.679992676,0
2006-02-13,170.61000061,0
2006-02-14,171.649993896,0
2006-02-15,168.309997559,0
2006-02-16,169.800003052,0
2006-02-17,172.399993896,0
2006-02-20,174.279998779,0
2006-02-21,174.039993286,0
2006-02-22,173.259994507,0
2006-02-23,176.179992676,0
2006-02-24,176.960006714,0
2006-02-27,178.100006104,0
2006-02-28,177.449996948,0
2006-03-02,176.850006104,0
2006-03-03,171.669998169,0
2006-03-06,173.86000061,0
2006-03-07,170.130004883,0
2006-03-08,169.759994507,0
2006-03-09,169.169998169,0
2006-03-10,170.369995117,0
2006-03-13,172.820007324,0
2006-03-14,171.100006104,0
2006-03-15,172.279998779,0
2006-03-16,172.660003662,0
2006-03-17,173.479995728,0
2006-03-20,174.259994507,0
2006-03-21,172.869995117,0
2006-03-22,169.279998779,0
2006-03-23,169.679992676,0
2006-03-24,170.86000061,0
2006-03-27,172.440002441,0
2006-03-28,172.770004272,0
2006-03-29,172.960006714,0
2006-03-30,173.61000061,0
2006-03-31,176.210006714,0
2006-04-03,178.88999939,0
2006-04-04,179.770004272,0
2006-04-05,179.970001221,0
2006-04-06,181.100006104,0
2006-04-07,181.970001221,0
2006-04-10,181.309997559,0
2006-04-11,179.61000061,0
2006-04-12,179.130004883,0
2006-04-13,181.910003662,0
2006-04-14,185.669998169,0
2006-04-17,184.300003052,0
2006-04-18,184.899993896,0
2006-04-19,186.339996338,0
2006-04-20,185.86000061,0
2006-04-21,188.199996948,0
2006-04-24,185.410003662,0
2006-04-25,185.539993286,0
2006-04-26,188.339996338,0
2006-04-27,188.399993896,0
2006-04-28,184.100006104,0
2006-05-02,186.169998169,0
2006-05-03,186.029998779,0
2006-05-04,186.979995728,0
2006-05-08,188.789993286,0
2006-05-09,188.509994507,0
2006-05-10,188.619995117,0
2006-05-11,190.199996948,0
2006-05-12,187.270004272,0
2006-05-15,183.080001831,0
2006-05-16,179,0
2006-05-17,181.690002441,0
2006-05-18,177.179992676,0
2006-05-19,177.940002441,0
2006-05-22,173.600006104,0
2006-05-23,172.779998779,0
2006-05-24,173.36000061,0
2006-05-25,168.330001831,0
2006-05-26,171.830001831,0
2006-05-29,172.63999939,0
2006-05-30,171.009994507,0
2006-06-01,168.029998779,0
2006-06-02,169.850006104,0
2006-06-05,168.830001831,0
2006-06-07,164.169998169,0
2006-06-08,158.11000061,0
2006-06-09,159.61000061,0
2006-06-12,160.050003052,0
2006-06-13,155.429992676,0
2006-06-14,157.699996948,0
2006-06-15,157.36000061,0
2006-06-16,163.050003052,0
2006-06-19,161.789993286,0
2006-06-20,158.479995728,0
2006-06-21,158.630004883,0
2006-06-22,160.199996948,0
2006-06-23,158.880004883,0
2006-06-26,160.179992676,0
2006-06-27,161.36000061,0
2006-06-28,160.179992676,0
2006-06-29,163.300003052,0
2006-06-30,167.449996948,0
2006-07-03,167.330001831,0
2006-07-04,166.149993896,0
2006-07-05,165.509994507,0
2006-07-06,163.470001221,0
2006-07-07,164.699996948,0
2006-07-10,168.270004272,0
2006-07-11,168.449996948,0
2006-07-12,167.929992676,0
2006-07-13,166.350006104,0
2006-07-14,162.330001831,0
2006-07-18,159.690002441,0
2006-07-19,159.759994507,0
2006-07-20,165.11000061,0
2006-07-21,165,0
2006-07-24,163.929992676,0
2006-07-25,166.25,0
2006-07-26,166.100006104,0
2006-07-27,168.520004272,0
2006-07-28,168.539993286,0
2006-07-31,168.509994507,0
2006-08-01,167.13999939,0
2006-08-02,168.270004272,0
2006-08-03,167.940002441,0
2006-08-04,169.679992676,0
2006-08-07,167.61000061,0
2006-08-08,170.679992676,0
2006-08-09,171.11000061,0
2006-08-10,169.440002441,0
2006-08-11,167.649993896,0
2006-08-14,168.190002441,0
2006-08-16,171.009994507,0
2006-08-17,172.649993896,0
2006-08-18,173.169998169,0
2006-08-21,171.960006714,0
2006-08-22,173.809997559,0
2006-08-23,172.330001831,0
2006-08-24,171.080001831,0
2006-08-25,172.919998169,0
2006-08-28,172.63999939,0
2006-08-29,174.789993286,0
2006-08-30,174.160003662,0
2006-08-31,175.440002441,0
2006-09-01,175.990005493,0
2006-09-04,176.320007324,0
2006-09-05,176.75,0
2006-09-06,176.190002441,0
2006-09-07,175.429992676,0
2006-09-08,175.779998779,0
2006-09-11,173,0
2006-09-12,172.279998779,0
2006-09-13,172.929992676,0
2006-09-14,176.350006104,0
2006-09-15,176.509994507,0
2006-09-18,178.279998779,0
2006-09-19,178.320007324,0
2006-09-20,177.339996338,0
2006-09-21,177.309997559,0
2006-09-22,175,0
2006-09-25,176.029998779,0
2006-09-26,174.580001831,0
2006-09-27,176.740005493,0
2006-09-28,178.210006714,0
2006-09-29,178.050003052,0
2006-10-02,178.460006714,0
2006-10-04,175.479995728,0
2006-10-09,171.779998779,0
2006-10-10,172.779998779,0
2006-10-11,172.509994507,0
2006-10-12,173.100006104,0
2006-10-13,175.419998169,0
2006-10-16,176.509994507,0
2006-10-17,175.850006104,0
2006-10-18,176.190002441,0
2006-10-19,176.11000061,0
2006-10-20,177.350006104,0
2006-10-23,177.36000061,0
2006-10-24,177.490005493,0
2006-10-25,178.199996948,0
2006-10-26,178.529998779,0
2006-10-27,177.850006104,0
2006-10-30,175.990005493,0
2006-10-31,176.839996338,0
2006-11-01,177.940002441,0
2006-11-02,179.220001221,0
2006-11-03,179.13999939,0
2006-11-06,178.410003662,0
2006-11-07,179.449996948,0
2006-11-08,178.61000061,0
2006-11-09,181.309997559,0
2006-11-10,180.779998779,0
2006-11-13,180.929992676,0
2006-11-14,182.300003052,0
2006-11-15,182.899993896,0
2006-11-16,182.690002441,0
2006-11-17,182.940002441,0
2006-11-20,181.600006104,0
2006-11-21,182.059997559,0
2006-11-22,184.240005493,0
2006-11-23,183.770004272,0
2006-11-24,183.910003662,0
2006-11-27,184.270004272,0
2006-11-28,182.419998169,0
2006-11-29,183.800003052,0
2006-11-30,184.960006714,0
2006-12-01,185.279998779,0
2006-12-04,184.309997559,0
2006-12-05,183.529998779,0
2006-12-06,182.600006104,0
2006-12-07,182.190002441,0
2006-12-08,179.490005493,0
2006-12-11,179.5,0
2006-12-12,177.929992676,0
2006-12-13,178.75,0
2006-12-14,183.570007324,0
2006-12-15,183.820007324,0
2006-12-18,185.380004883,0
2006-12-19,184.630004883,0
2006-12-20,186.539993286,0
2006-12-21,185.809997559,0
2006-12-22,185.979995728,0
2006-12-26,185.619995117,0
2006-12-27,184.300003052,0
2006-12-28,185.38999939,0
2007-01-02,185.699996948,0
2007-01-03,182.130004883,0
2007-01-04,180.520004272,0
2007-01-05,179.100006104,0
2007-01-08,177.080001831,0
2007-01-09,177.520004272,0
2007-01-10,174.990005493,0
2007-01-11,176.259994507,0
2007-01-12,179.36000061,0
2007-01-15,179.820007324,0
2007-01-16,179.729995728,0
2007-01-17,178.5,0
2007-01-18,179.119995117,0
2007-01-19,176.229995728,0
2007-01-22,176.830001831,0
2007-01-23,176.899993896,0
2007-01-24,179.369995117,0
2007-01-25,179.119995117,0
2007-01-26,177.580001831,0
2007-01-29,176.410003662,0
2007-01-30,177.449996948,0
2007-01-31,175.990005493,0
2007-02-01,179.100006104,0
2007-02-02,183.199996948,0
2007-02-05,183.729995728,0
2007-02-06,185.089996338,0
2007-02-07,184.669998169,0
2007-02-08,184.25,0
2007-02-09,184.720001221,0
2007-02-12,182.800003052,0
2007-02-13,183.289993286,0
2007-02-14,185.720001221,0
2007-02-15,186.820007324,0
2007-02-16,187.570007324,0
2007-02-20,188.119995117,0
2007-02-21,187.899993896,0
2007-02-22,189.720001221,0
2007-02-23,190.190002441,0
2007-02-26,190.119995117,0
2007-02-27,188.149993896,0
2007-02-28,183.199996948,0
2007-03-05,177.690002441,0
2007-03-06,181.229995728,0
2007-03-07,182.36000061,0
2007-03-08,183.940002441,0
2007-03-09,183.869995117,0
2007-03-12,186.36000061,0
2007-03-13,185.720001221,0
2007-03-14,181.809997559,0
2007-03-15,184.410003662,0
2007-03-16,184.419998169,0
2007-03-19,186.309997559,0
2007-03-20,186.339996338,0
2007-03-21,186.240005493,0
2007-03-22,187.149993896,0
2007-03-23,186.88999939,0
2007-03-26,187.190002441,0
2007-03-27,187.679992676,0
2007-03-28,185.960006714,0
2007-03-29,187.440002441,0
2007-03-30,187.600006104,0
2007-04-02,188.559997559,0
2007-04-03,189.119995117,0
2007-04-04,191.770004272,0
2007-04-05,191.410003662,0
2007-04-06,191.630004883,0
2007-04-09,193.850006104,0
2007-04-10,193.550003052,0
2007-04-11,195.270004272,0
2007-04-12,196.809997559,0
2007-04-13,195.850006104,0
2007-04-16,197.100006104,0
2007-04-17,196.570007324,0
2007-04-18,197.309997559,0
2007-04-19,194.589996338,0
2007-04-20,197.240005493,0
2007-04-23,198.619995117,0
2007-04-24,200.020004272,0
2007-04-25,198.429992676,0
2007-04-26,199.75,0
2007-04-27,198.279998779,0
2007-04-30,198.550003052,0
2007-05-02,199.86000061,0
2007-05-03,200.669998169,0
2007-05-04,201.559997559,0
2007-05-07,203.570007324,0
2007-05-08,203.509994507,0
2007-05-09,204.770004272,0
2007-05-10,205.509994507,0
2007-05-11,206.059997559,0
2007-05-14,206.279998779,0
2007-05-15,204.220001221,0
2007-05-16,205.619995117,0
2007-05-17,207.350006104,0
2007-05-18,206.690002441,0
2007-05-21,208.740005493,0
2007-05-22,210.690002441,0
2007-05-23,211.149993896,0
2007-05-25,210.539993286,0
2007-05-28,211.880004883,0
2007-05-29,212.059997559,0
2007-05-30,211.759994507,0
2007-05-31,216.449996948,0
2007-06-01,218.740005493,0
2007-06-04,221.899993896,0
2007-06-05,222.369995117,0
2007-06-07,223.169998169,0
2007-06-08,219.800003052,0
2007-06-11,218.38999939,0
2007-06-12,219.940002441,0
2007-06-13,218.589996338,0
2007-06-14,224.460006714,0
2007-06-15,224.61000061,0
2007-06-18,228.800003052,0
2007-06-19,229.039993286,0
2007-06-20,226.580001831,0
2007-06-21,227.809997559,0
2007-06-22,224.949996948,0
2007-06-25,223.399993896,0
2007-06-26,222.429992676,0
2007-06-27,220.350006104,0
2007-06-28,222.600006104,0
2007-06-29,221.309997559,0
2007-07-02,224.75,0
2007-07-03,229.289993286,0
2007-07-04,233.429992676,0
2007-07-05,234.75,0
2007-07-06,236.520004272,0
2007-07-09,239.679992676,0
2007-07-10,241.020004272,0
2007-07-11,240.460006714,0
2007-07-12,242.86000061,0
2007-07-13,250.190002441,0
2007-07-16,247.910003662,0
2007-07-18,244.919998169,0
2007-07-19,245.699996948,0
2007-07-20,251.449996948,0
2007-07-23,252.279998779,0
2007-07-24,252.61000061,0
2007-07-25,253.929992676,0
2007-07-26,248.75,0
2007-07-27,238.339996338,0
2007-07-30,241.38999939,0
2007-07-31,244.320007324,0
2007-08-01,234.36000061,0
2007-08-02,233.839996338,0
2007-08-03,236.910003662,0
2007-08-06,233.919998169,0
2007-08-07,234.5,0
2007-08-08,240.070007324,0
2007-08-09,241,0
2007-08-10,230.679992676,0
2007-08-13,233.880004883,0
2007-08-14,230.449996948,0
2007-08-16,215.669998169,0
2007-08-17,208.570007324,0
2007-08-20,219.720001221,0
2007-08-21,220.179992676,0
2007-08-22,223.240005493,0
2007-08-23,228.600006104,0
2007-08-24,227.179992676,0
2007-08-27,228.649993896,0
2007-08-28,232.380004883,0
2007-08-29,232.320007324,0
2007-08-30,234.220001221,0
2007-08-31,238.279998779,0
2007-09-03,238.720001221,0
2007-09-04,237.910003662,0
2007-09-05,236.61000061,0
2007-09-06,239.61000061,0
2007-09-07,238.919998169,0
2007-09-10,232.440002441,0
2007-09-11,234.119995117,0
2007-09-12,229.440002441,0
2007-09-13,233.86000061,0
2007-09-14,236.539993286,0
2007-09-17,236.720001221,0
2007-09-18,232.419998169,0
2007-09-19,241.080001831,0
2007-09-20,242.419998169,0
2007-09-21,243.449996948,0
2007-09-27,247.100006104,0
2007-09-28,247.199996948,0
2007-10-01,249.300003052,0
2007-10-02,256.799987793,0
2007-10-04,254.919998169,0
2007-10-05,253.630004883,0
2007-10-08,255.869995117,0
2007-10-09,256.190002441,0
2007-10-10,259.790008545,0
2007-10-11,261.820007324,0
2007-10-12,257.309997559,0
2007-10-15,257.679992676,0
2007-10-16,253.429992676,0
2007-10-17,250.479995728,0
2007-10-18,252.600006104,0
2007-10-19,248.350006104,0
2007-10-22,239.940002441,0
2007-10-23,244.899993896,0
2007-10-24,243.309997559,0
2007-10-25,248.800003052,0
2007-10-26,255.649993896,0
2007-10-29,260.399993896,0
2007-10-30,258.869995117,0
2007-10-31,260.420013428,0
2007-11-01,260.760009766,0
2007-11-02,254.740005493,0
2007-11-05,253.910003662,0
2007-11-06,259.239990234,0
2007-11-07,258.739990234,0
2007-11-08,249.970001221,0
2007-11-09,252.210006714,0
2007-11-12,243.88999939,0
2007-11-13,244.729995728,0
2007-11-14,250.210006714,0
2007-11-15,247.38999939,0
2007-11-16,244.130004883,0
2007-11-19,239.779998779,0
2007-11-20,236.910003662,0
2007-11-21,228.839996338,0
2007-11-22,228.100006104,0
2007-11-23,225.539993286,0
2007-11-26,236.009994507,0
2007-11-27,236.380004883,0
2007-11-28,232.869995117,0
2007-11-29,238.679992676,0
2007-11-30,241.910003662,0
2007-12-03,241.61000061,0
2007-12-04,244.039993286,0
2007-12-05,247.029998779,0
2007-12-06,249.630004883,0
2007-12-07,247.380004883,0
2007-12-10,244.25,0
2007-12-11,246.850006104,0
2007-12-12,247.149993896,0
2007-12-13,245.210006714,0
2007-12-14,241.5,0
2007-12-17,234.330001831,0
2007-12-18,236.649993896,0
2007-12-20,234.399993896,0
2007-12-21,239.600006104,0
2007-12-24,245.13999939,0
2007-12-26,243.479995728,0
2007-12-27,243.380004883,0
2007-12-28,241.270004272,0
2008-01-02,235.300003052,0
2008-01-03,234.669998169,0
2008-01-04,235.770004272,0
2008-01-07,231,0
2008-01-08,230.339996338,0
2008-01-09,232.529998779,0
2008-01-10,229.470001221,0
2008-01-11,224.410003662,0
2008-01-14,222.809997559,0
2008-01-15,220.910003662,0
2008-01-16,215.869995117,0
2008-01-17,218.830001831,0
2008-01-18,219.869995117,0
2008-01-21,213.600006104,0
2008-01-22,204.550003052,0
2008-01-23,207.229995728,0
2008-01-24,211.199996948,0
2008-01-25,215.059997559,0
2008-01-28,206.520004272,0
2008-01-29,208.800003052,0
2008-01-30,203.5,0
2008-01-31,207.770004272,0
2008-02-01,209.080001831,0
2008-02-04,216.229995728,0
2008-02-05,216.910003662,0
2008-02-11,208.919998169,0
2008-02-12,209.009994507,0
2008-02-13,207.559997559,0
2008-02-14,216.199996948,0
2008-02-15,215.380004883,0
2008-02-18,215.460006714,0
2008-02-19,218.369995117,0
2008-02-20,213.839996338,0
2008-02-21,216.380004883,0
2008-02-22,213.729995728,0
2008-02-25,217.070007324,0
2008-02-26,217.220001221,0
2008-02-27,218.869995117,0
2008-02-28,220.589996338,0
2008-02-29,216.850006104,0
2008-03-03,211.729995728,0
2008-03-04,212.13999939,0
2008-03-05,212.13999939,0
2008-03-06,214.919998169,0
2008-03-07,210.570007324,0
2008-03-10,206.289993286,0
2008-03-11,208.059997559,0
2008-03-12,210.490005493,0
2008-03-13,204.419998169,0
2008-03-14,202.630004883,0
2008-03-17,199.679992676,0
2008-03-18,201.789993286,0
2008-03-19,206.479995728,0
2008-03-20,206.619995117,0
2008-03-21,209.690002441,0
2008-03-24,211,0
2008-03-25,213.729995728,0
2008-03-26,214.410003662,0
2008-03-27,213.850006104,0
2008-03-28,217.220001221,0
2008-03-31,217.649993896,0
2008-04-01,217.809997559,0
2008-04-02,223.759994507,0
2008-04-03,226.990005493,0
2008-04-04,226.949996948,0
2008-04-07,227.789993286,0
2008-04-08,225.100006104,0
2008-04-10,226.440002441,0
2008-04-11,228.800003052,0
2008-04-14,224.539993286,0
2008-04-15,223.509994507,0
2008-04-16,225.36000061,0
2008-04-17,226.979995728,0
2008-04-18,227.25,0
2008-04-21,231.11000061,0
2008-04-22,229.220001221,0
2008-04-23,230.559997559,0
2008-04-24,230.770004272,0
2008-04-25,234.559997559,0
2008-04-28,234.970001221,0
2008-04-29,233.240005493,0
2008-04-30,235,0
2008-05-02,238.179992676,0
2008-05-06,239.529998779,0
2008-05-07,238.660003662,0
2008-05-08,237.369995117,0
2008-05-09,233.979995728,0
2008-05-13,237.020004272,0
2008-05-14,237.039993286,0
2008-05-15,243.11000061,0
2008-05-16,243.539993286,0
2008-05-19,242.669998169,0
2008-05-20,240.619995117,0
2008-05-21,237.149993896,0
2008-05-22,235.309997559,0
2008-05-23,234.13999939,0
2008-05-26,230.429992676,0
2008-05-27,233.970001221,0
2008-05-28,231.169998169,0
2008-05-29,236.38999939,0
2008-05-30,237.460006714,0
2008-06-02,236.779998779,0
2008-06-03,233.13999939,0
2008-06-04,235.089996338,0
2008-06-05,234.759994507,0
2008-06-09,231.350006104,0
2008-06-10,226.559997559,0
2008-06-11,227.419998169,0
2008-06-12,221.169998169,0
2008-06-13,222.789993286,0
2008-06-16,224.910003662,0
2008-06-17,223.660003662,0
2008-06-18,226.600006104,0
2008-06-19,222.029998779,0
2008-06-20,220.570007324,0
2008-06-23,218.509994507,0
2008-06-24,217.970001221,0
2008-06-25,218.949996948,0
2008-06-26,219.119995117,0
2008-06-27,214.589996338,0
2008-06-30,213.520004272,0
2008-07-01,213.020004272,0
2008-07-02,207.960006714,0
2008-07-03,205.710006714,0
2008-07-04,201.740005493,0
2008-07-07,202.339996338,0
2008-07-08,196.520004272,0
2008-07-09,194.61000061,0
2008-07-10,196.339996338,0
2008-07-11,200.119995117,0
2008-07-14,199.119995117,0
2008-07-15,193.009994507,0
2008-07-16,192.479995728,0
2008-07-17,194.88999939,0
2008-07-18,192.86000061,0
2008-07-21,200,0
2008-07-22,199.770004272,0
2008-07-23,203.63999939,0
2008-07-24,208.339996338,0
2008-07-25,204.270004272,0
2008-07-28,203.970001221,0
2008-07-29,199.899993896,0
2008-07-30,201.820007324,0
2008-07-31,204.119995117,0
2008-08-01,201.429992676,0
2008-08-04,197.559997559,0
2008-08-05,196.440002441,0
2008-08-06,202.279998779,0
2008-08-07,200.309997559,0
2008-08-08,200.759994507,0
2008-08-11,202.419998169,0
2008-08-12,202.119995117,0
2008-08-13,200.259994507,0
2008-08-14,201.5,0
2008-08-18,200.970001221,0
2008-08-19,197.559997559,0
2008-08-20,197.350006104,0
2008-08-21,193.850006104,0
2008-08-22,192.039993286,0
2008-08-25,192.990005493,0
2008-08-26,191.36000061,0
2008-08-27,191.600006104,0
2008-08-28,188.75,0
2008-08-29,188.960006714,0
2008-09-01,182.130004883,0
2008-09-02,182.410003662,0
2008-09-03,184.36000061,0
2008-09-04,183.570007324,0
2008-09-05,180.490005493,0
2008-09-08,189.970001221,0
2008-09-09,186.990005493,0
2008-09-10,188.5,0
2008-09-11,185.270004272,0
2008-09-12,189.899993896,0
2008-09-16,179,0
2008-09-17,183.539993286,0
2008-09-18,179.25,0
2008-09-19,188.309997559,0
2008-09-22,189.160003662,0
2008-09-23,191.580001831,0
2008-09-24,193.179992676,0
2008-09-25,193.869995117,0
2008-09-26,190.600006104,0
2008-09-29,188.100006104,0
2008-09-30,186.619995117,0
2008-10-01,185.520004272,0
2008-10-02,182.699996948,0
2008-10-06,175.029998779,0
2008-10-07,176.460006714,0
2008-10-08,167.160003662,0
2008-10-09,168.86000061,0
2008-10-10,162.050003052,0
2008-10-13,167.910003662,0
2008-10-14,178.149993896,0
2008-10-15,174.279998779,0
2008-10-16,157.630004883,0
2008-10-17,153.059997559,0
2008-10-20,157.509994507,0
2008-10-21,155.800003052,0
2008-10-22,148.130004883,0
2008-10-23,137.470001221,0
2008-10-24,123.269996643,0
2008-10-27,125.930000305,0
2008-10-28,132.419998169,0
2008-10-29,128.679992676,0
2008-10-30,144.419998169,0
2008-10-31,147.5,0
2008-11-03,148.809997559,0
2008-11-04,151.630004883,0
2008-11-05,154.929992676,0
2008-11-06,143.369995117,0
2008-11-07,148.440002441,0
2008-11-10,150.839996338,0
2008-11-11,147.669998169,0
2008-11-12,147.270004272,0
2008-11-13,142.699996948,0
2008-11-14,142.259994507,0
2008-11-17,140.570007324,0
2008-11-18,134.880004883,0
2008-11-19,132.330001831,0
2008-11-20,123.540000916,0
2008-11-21,130.759994507,0
2008-11-24,126.019996643,0
2008-11-25,128.009994507,0
2008-11-26,134.5,0
2008-11-27,139.169998169,0
2008-11-28,140.660003662,0
2008-12-01,138.330001831,0
2008-12-02,133.699996948,0
2008-12-03,133.619995117,0
2008-12-04,131.429992676,0
2008-12-05,134.330001831,0
2008-12-08,144.88999939,0
2008-12-09,145.199996948,0
2008-12-10,150.729995728,0
2008-12-11,151.929992676,0
2008-12-12,144.380004883,0
2008-12-15,151.429992676,0
2008-12-16,151.350006104,0
2008-12-17,152.619995117,0
2008-12-18,153.240005493,0
2008-12-19,154.100006104,0
2008-12-22,153.979995728,0
2008-12-23,148.929992676,0
2008-12-24,147.020004272,0
2008-12-26,145.809997559,0
2008-12-29,145.720001221,0
2008-12-30,146.350006104,0
2009-01-02,151.149993896,0
2009-01-05,153.830001831,0
2009-01-06,156.789993286,0
2009-01-07,161.36000061,0
2009-01-08,157.759994507,0
2009-01-09,154.169998169,0
2009-01-12,151.009994507,0
2009-01-13,152.449996948,0
2009-01-14,154.5,0
2009-01-15,145.050003052,0
2009-01-16,148.029998779,0
2009-01-19,150.020004272,0
2009-01-20,146.550003052,0
2009-01-21,143.289993286,0
2009-01-22,145.11000061,0
2009-01-23,141.75,0
2009-01-28,151.039993286,0
2009-01-29,152.289993286,0
2009-01-30,151.330001831,0
2009-02-02,149,0
2009-02-03,151.419998169,0
2009-02-04,155.990005493,0
2009-02-05,154,0
2009-02-06,158.899993896,0
2009-02-09,157.699996948,0
2009-02-10,156.839996338,0
2009-02-11,155.259994507,0
2009-02-12,153.660003662,0
2009-02-13,155.190002441,0
2009-02-16,152.660003662,0
2009-02-17,146.600006104,0
2009-02-18,144.210006714,0
2009-02-19,143.600006104,0
2009-02-20,138.309997559,0
2009-02-23,142.779998779,0
2009-02-24,137.820007324,0
2009-02-25,138.649993896,0
2009-02-26,136.979995728,0
2009-02-27,138.070007324,0
2009-03-02,132.470001221,0
2009-03-03,133.779998779,0
2009-03-04,138.210006714,0
2009-03-05,138.25,0
2009-03-06,137.830001831,0
2009-03-09,140,0
2009-03-10,142.729995728,0
2009-03-11,147.600006104,0
2009-03-12,148.020004272,0
2009-03-13,147.289993286,0
2009-03-16,147,0
2009-03-17,152.169998169,0
2009-03-18,152.88999939,0
2009-03-19,151.509994507,0
2009-03-20,152.580001831,0
2009-03-23,156.419998169,0
2009-03-24,159.559997559,0
2009-03-25,160.279998779,0
2009-03-26,162.220001221,0
2009-03-27,161.660003662,0
2009-03-30,156.229995728,0
2009-03-31,157.009994507,0
2009-04-01,160.460006714,0
2009-04-02,166.179992676,0
2009-04-03,167.11000061,0
2009-04-06,168.619995117,0
2009-04-07,168.339996338,0
2009-04-08,162.679992676,0
2009-04-09,169.479995728,0
2009-04-13,171.690002441,0
2009-04-14,172.029998779,0
2009-04-15,171.210006714,0
2009-04-16,171.729995728,0
2009-04-17,171.330001831,0
2009-04-20,172.300003052,0
2009-04-21,171.960006714,0
2009-04-22,174.399993896,0
2009-04-23,176.13999939,0
2009-04-24,174.130004883,0
2009-04-27,172.130004883,0
2009-04-28,167.240005493,0
2009-04-29,172.080001831,0
2009-04-30,176,0
2009-05-04,179.690002441,0
2009-05-06,178.820007324,0
2009-05-07,179.740005493,0
2009-05-08,181.039993286,0
2009-05-11,181.350006104,0
2009-05-12,179.729995728,0
2009-05-13,181.13999939,0
2009-05-15,177.800003052,0
2009-05-18,177.259994507,0
2009-05-19,182.759994507,0
2009-05-20,183.800003052,0
2009-05-21,181.820007324,0
2009-05-22,179.009994507,0
2009-05-25,178.570007324,0
2009-05-26,174.770004272,0
2009-05-27,173.75,0
2009-05-28,178.190002441,0
2009-05-29,178.699996948,0
2009-06-01,180.899993896,0
2009-06-02,180.470001221,0
2009-06-03,180.309997559,0
2009-06-04,175.75,0
2009-06-05,177.770004272,0
2009-06-08,177.669998169,0
2009-06-09,174.910003662,0
2009-06-10,180.910003662,0
2009-06-11,181.429992676,0
2009-06-12,182.690002441,0
2009-06-15,180.660003662,0
2009-06-16,178.880004883,0
2009-06-17,177.800003052,0
2009-06-18,175.539993286,0
2009-06-19,176.630004883,0
2009-06-22,179.020004272,0
2009-06-23,174.320007324,0
2009-06-24,175.080001831,0
2009-06-25,178.86000061,0
2009-06-26,179.279998779,0
2009-06-29,178.809997559,0
2009-06-30,178.990005493,0
2009-07-01,181.949996948,0
2009-07-02,181.850006104,0
2009-07-03,182.919998169,0
2009-07-06,184.5,0
2009-07-07,185.11000061,0
2009-07-08,184.729995728,0
2009-07-09,184.720001221,0
2009-07-10,184.559997559,0
2009-07-13,178.149993896,0
2009-07-14,179.429992676,0
2009-07-15,184.259994507,0
2009-07-16,186.220001221,0
2009-07-17,187.160003662,0
2009-07-20,192.25,0
2009-07-21,193.619995117,0
2009-07-22,194.289993286,0
2009-07-23,194.399993896,0
2009-07-24,195.130004883,0
2009-07-27,198.070007324,0
2009-07-28,198.520004272,0
2009-07-29,198.240005493,0
2009-07-30,199.880004883,0
2009-07-31,202.960006714,0
2009-08-03,203.809997559,0
2009-08-04,204.100006104,0
2009-08-05,203.190002441,0
2009-08-06,203.740005493,0
2009-08-07,204.949996948,0
2009-08-10,204.770004272,0
2009-08-11,204.960006714,0
2009-08-12,202.669998169,0
2009-08-13,202.460006714,0
2009-08-14,206.460006714,0
2009-08-17,200.520004272,0
2009-08-18,201.330001831,0
2009-08-19,201.080001831,0
2009-08-20,205.220001221,0
2009-08-21,206.259994507,0
2009-08-24,210.600006104,0
2009-08-25,209.119995117,0
2009-08-26,210.619995117,0
2009-08-27,208.619995117,0
2009-08-28,209.740005493,0
2009-08-31,207.440002441,0
2009-09-01,211.88999939,0
2009-09-02,210.509994507,0
2009-09-03,210.600006104,0
2009-09-04,209.809997559,0
2009-09-08,211.399993896,0
2009-09-09,210.089996338,0
2009-09-10,214.919998169,0
2009-09-11,215.809997559,0
2009-09-14,213.419998169,0
2009-09-15,216.13999939,0
2009-09-16,220.529998779,0
2009-09-17,222.309997559,0
2009-09-18,222.339996338,0
2009-09-21,221.850006104,0
2009-09-22,225.270004272,0
2009-09-23,224.690002441,0
2009-09-24,222.350006104,0
2009-09-25,221.820007324,0
2009-09-28,219.660003662,0
2009-09-29,221.589996338,0
2009-09-30,219.75,0
2009-10-01,215.940002441,0
2009-10-05,210.380004883,0
2009-10-06,209.25,0
2009-10-07,208.940002441,0
2009-10-08,211.009994507,0
2009-10-09,215.570007324,0
2009-10-12,214.229995728,0
2009-10-13,213.100006104,0
2009-10-14,215.899993896,0
2009-10-15,217.470001221,0
2009-10-16,214.910003662,0
2009-10-19,216.190002441,0
2009-10-20,217.529998779,0
2009-10-21,216.63999939,0
2009-10-22,213.25,0
2009-10-23,214.729995728,0
2009-10-26,217.449996948,0
2009-10-27,216.470001221,0
2009-10-28,211.029998779,0
2009-10-29,207.679992676,0
2009-10-30,206.809997559,0
2009-11-02,204.25,0
2009-11-03,203.130004883,0
2009-11-04,207.179992676,0
2009-11-05,203.520004272,0
2009-11-06,206.529998779,0
2009-11-09,207.289993286,0
2009-11-10,208.229995728,0
2009-11-11,210.080001831,0
2009-11-12,206.669998169,0
2009-11-13,206.839996338,0
2009-11-16,209.899993896,0
2009-11-17,209,0
2009-11-18,211.559997559,0
2009-11-19,213.88999939,0
2009-11-20,213.759994507,0
2009-11-23,213.720001221,0
2009-11-24,211.919998169,0
2009-11-25,212.61000061,0
2009-11-27,200.729995728,0
2009-11-30,204.75,0
2009-12-01,207.070007324,0
2009-12-02,210.25,0
2009-12-03,213.309997559,0
2009-12-04,214.5,0
2009-12-07,215.550003052,0
2009-12-08,214.910003662,0
2009-12-09,215.75,0
2009-12-10,218.729995728,0
2009-12-11,218.770004272,0
2009-12-14,219.509994507,0
2009-12-15,219.600006104,0
2009-12-16,219.320007324,0
2009-12-17,216.899993896,0
2009-12-18,216.679992676,0
2009-12-21,216.199996948,0
2009-12-22,217.869995117,0
2009-12-23,218.949996948,0
2009-12-24,221.669998169,0
2009-12-28,222.029998779,0
2009-12-29,220.339996338,0
2009-12-30,221.86000061,0
2010-01-04,223.490005493,0
2010-01-05,222.839996338,0
2010-01-06,224.669998169,0
2010-01-07,221.309997559,0
2010-01-08,222.660003662,0
2010-01-11,222.229995728,0
2010-01-12,223.039993286,0
2010-01-13,219.169998169,0
2010-01-14,221.190002441,0
2010-01-15,223.210006714,0
2010-01-18,224.380004883,0
2010-01-19,224.130004883,0
2010-01-20,224.830001831,0
2010-01-21,226.160003662,0
2010-01-22,220.679992676,0
2010-01-25,219.330001831,0
2010-01-26,214.88999939,0
2010-01-27,213.020004272,0
2010-01-28,215.669998169,0
2010-01-29,210.339996338,0
2010-02-01,210.759994507,0
2010-02-02,209.270004272,0
2010-02-03,211.86000061,0
2010-02-04,211.720001221,0
2010-02-05,205.059997559,0
2010-02-08,203.369995117,0
2010-02-09,206.009994507,0
2010-02-10,205.940002441,0
2010-02-11,209.729995728,0
2010-02-12,208.740005493,0
2010-02-16,209.729995728,0
2010-02-17,213.440002441,0
2010-02-18,212.550003052,0
2010-02-19,208.699996948,0
2010-02-23,213.449996948,0
2010-02-24,210.919998169,0
2010-02-25,207.559997559,0
2010-02-26,208.36000061,0
2010-03-02,211.440002441,0
2010-03-03,212.36000061,0
2010-03-04,211.910003662,0
2010-03-05,214.050003052,0
2010-03-08,217.729995728,0
2010-03-09,217.820007324,0
2010-03-10,217.820007324,0
2010-03-11,216.759994507,0
2010-03-12,217.350006104,0
2010-03-15,215.490005493,0
2010-03-16,215.25,0
2010-03-17,220.279998779,0
2010-03-18,219.020004272,0
2010-03-19,220.479995728,0
2010-03-22,218.520004272,0
2010-03-23,220.089996338,0
2010-03-24,220.089996338,0
2010-03-25,221.070007324,0
2010-03-26,222.25,0
2010-03-29,221.600006104,0
2010-03-30,222.479995728,0
2010-03-31,221.580001831,0
2010-04-01,225.470001221,0
2010-04-02,226.690002441,0
2010-04-05,227.479995728,0
2010-04-06,227.509994507,0
2010-04-07,227.309997559,0
2010-04-08,228.270004272,0
2010-04-09,226.809997559,0
2010-04-12,224.589996338,0
2010-04-13,224.690002441,0
2010-04-14,228.080001831,0
2010-04-15,229.169998169,0
2010-04-16,227.690002441,0
2010-04-19,223.649993896,0
2010-04-20,225.130004883,0
2010-04-21,229.089996338,0
2010-04-22,227.759994507,0
2010-04-23,227.36000061,0
2010-04-26,229.63999939,0
2010-04-27,229.279998779,0
2010-04-28,226.979995728,0
2010-04-29,226.11000061,0
2010-04-30,227.949996948,0
2010-05-03,225.100006104,0
2010-05-04,224.759994507,0
2010-05-06,220.210006714,0
2010-05-07,215.089996338,0
2010-05-10,219.100006104,0
2010-05-11,217.630004883,0
2010-05-12,216.779998779,0
2010-05-13,220.800003052,0
2010-05-14,221.080001831,0
2010-05-17,215.36000061,0
2010-05-18,214.419998169,0
2010-05-19,212.429992676,0
2010-05-20,208.779998779,0
2010-05-24,210.270004272,0
2010-05-25,204.830001831,0
2010-05-26,206.619995117,0
2010-05-27,209.830001831,0
2010-05-28,212.100006104,0
2010-05-31,214.339996338,0
2010-06-01,213.020004272,0
2010-06-03,217.580001831,0
2010-06-04,218.029998779,0
2010-06-07,214.380004883,0
2010-06-08,216.080001831,0
2010-06-09,215.259994507,0
2010-06-10,215.729995728,0
2010-06-11,219.220001221,0
2010-06-14,221.429992676,0
2010-06-15,221.339996338,0
2010-06-16,223.339996338,0
2010-06-17,223.449996948,0
2010-06-18,223.770004272,0
2010-06-21,227.690002441,0
2010-06-22,226.449996948,0
2010-06-23,225.589996338,0
2010-06-24,227.449996948,0
2010-06-25,225.630004883,0
2010-06-28,225.550003052,0
2010-06-30,220.850006104,0
2010-07-01,218.649993896,0
2010-07-02,217.009994507,0
2010-07-06,219.119995117,0
2010-07-07,217.449996948,0
2010-07-08,220.779998779,0
2010-07-09,224.440002441,0
2010-07-12,225.86000061,0
2010-07-13,226.13999939,0
2010-07-14,229.270004272,0
2010-07-15,228.38999939,0
2010-07-16,226.339996338,0
2010-07-19,225.320007324,0
2010-07-20,225.839996338,0
2010-07-21,227.880004883,0
2010-07-22,226.229995728,0
2010-07-23,229.5,0
2010-07-26,230.869995117,0
2010-07-27,230.929992676,0
2010-07-28,231.559997559,0
2010-07-29,231.160003662,0
2010-07-30,229.25,0
2010-08-02,232.220001221,0
2010-08-03,233.380004883,0
2010-08-04,233.13999939,0
2010-08-05,232.38999939,0
2010-08-06,232.350006104,0
2010-08-09,233.13999939,0
2010-08-10,232.039993286,0
2010-08-11,228.979995728,0
2010-08-12,223.960006714,0
2010-08-13,227.009994507,0
2010-08-16,226.509994507,0
2010-08-17,227.960006714,0
2010-08-18,228.899993896,0
2010-08-19,231.880004883,0
2010-08-20,231.169998169,0
2010-08-23,230.199996948,0
2010-08-24,229.419998169,0
2010-08-25,225.990005493,0
2010-08-26,225.38999939,0
2010-08-27,225.520004272,0
2010-08-30,229.630004883,0
2010-08-31,226.809997559,0
2010-09-01,229.410003662,0
2010-09-02,230.660003662,0
2010-09-03,231.039993286,0
2010-09-07,232.449996948,0
2010-09-08,230.940002441,0
2010-09-09,231.529998779,0
2010-09-10,233.929992676,0
2010-09-13,236.339996338,0
2010-09-14,235.979995728,0
2010-09-15,237.13999939,0
2010-09-16,235.369995117,0
2010-09-17,237.63999939,0
2010-09-20,238.289993286,0
2010-09-24,239.800003052,0
2010-09-27,241.380004883,0
2010-09-28,240.589996338,0
2010-09-29,242.270004272,0
2010-09-30,242.949996948,0
2010-10-01,243.490005493,0
2010-10-04,243.990005493,0
2010-10-05,244.220001221,0
2010-10-06,247.699996948,0
2010-10-07,247.220001221,0
2010-10-08,246.509994507,0
2010-10-11,245.440002441,0
2010-10-12,242.350006104,0
2010-10-13,242.990005493,0
2010-10-14,246.25,0
2010-10-15,246.559997559,0
2010-10-18,242.63999939,0
2010-10-19,240.11000061,0
2010-10-20,241.789993286,0
2010-10-21,242.529998779,0
2010-10-22,245.839996338,0
2010-10-25,248.160003662,0
2010-10-26,248.380004883,0
2010-10-27,246.61000061,0
2010-10-28,246.410003662,0
2010-10-29,242.979995728,0
2010-11-01,247.410003662,0
2010-11-02,247.929992676,0
2010-11-03,249.990005493,0
2010-11-04,251.119995117,0
2010-11-05,251.220001221,0
2010-11-08,251.729995728,0
2010-11-09,252.070007324,0
2010-11-10,255.130004883,0
2010-11-11,247.509994507,0
2010-11-12,248.350006104,0
2010-11-15,249.220001221,0
2010-11-16,247.839996338,0
2010-11-18,251.149993896,0
2010-11-19,253.039993286,0
2010-11-22,254,0
2010-11-23,252.119995117,0
2010-11-24,252.380004883,0
2010-11-26,249.309997559,0
2010-11-29,248.919998169,0
2010-11-30,249.63999939,0
2010-12-01,252.800003052,0
2010-12-02,256.019989014,0
2010-12-03,257.649993896,0
2010-12-06,257.320007324,0
2010-12-07,258.630004883,0
2010-12-08,257.510009766,0
2010-12-09,262.320007324,0
2010-12-10,261.739990234,0
2010-12-13,263.309997559,0
2010-12-14,265.130004883,0
2010-12-15,265.950012207,0
2010-12-16,264.920013428,0
2010-12-17,267.670013428,0
2010-12-20,267.420013428,0
2010-12-21,269.309997559,0
2010-12-22,269.600006104,0
2010-12-23,269.619995117,0
2010-12-24,268.5,0
2010-12-27,267.350006104,0
2010-12-28,269.040008545,0
2010-12-29,270.440002441,0
2010-12-30,271.190002441,0
2011-01-03,273.809997559,0
2011-01-04,275.779998779,0
2011-01-05,275.350006104,0
2011-01-06,274.720001221,0
2011-01-07,275.609985352,0
2011-01-10,273.989990234,0
2011-01-11,275.100006104,0
2011-01-12,276.170013428,0
2011-01-13,275.519989014,0
2011-01-14,278.170013428,0
2011-01-17,277.049987793,0
2011-01-18,276.600006104,0
2011-01-19,279.25,0
2011-01-20,277.75,0
2011-01-21,272.670013428,0
2011-01-24,274.5,0
2011-01-25,275.179992676,0
2011-01-26,278.809997559,0
2011-01-27,279.200012207,0
2011-01-28,278.450012207,0
2011-01-31,273.119995117,0
2011-02-01,273.450012207,0
2011-02-07,274.899993896,0
2011-02-08,273.160003662,0
2011-02-09,269.899993896,0
2011-02-10,264.570007324,0
2011-02-11,260.399993896,0
2011-02-15,265.399993896,0
2011-02-16,262.559997559,0
2011-02-17,261.230010986,0
2011-02-18,265.799987793,0
2011-02-22,260.130004883,0
2011-02-23,259.209991455,0
2011-02-24,257.690002441,0
2011-02-25,259.279998779,0
2011-02-28,256.359985352,0
2011-03-02,254.960006714,0
2011-03-03,260.480010986,0
2011-03-04,265.420013428,0
2011-03-07,261.440002441,0
2011-03-09,263.799987793,0
2011-03-10,260.589996338,0
2011-03-11,256.829986572,0
2011-03-14,260.690002441,0
2011-03-15,254.289993286,0
2011-03-16,259.440002441,0
2011-03-17,259.799987793,0
2011-03-18,262.390014648,0
2011-03-21,264.890014648,0
2011-03-22,266.049987793,0
2011-03-23,265.670013428,0
2011-03-24,268.929992676,0
2011-03-25,271.660003662,0
2011-03-28,272.130004883,0
2011-03-29,274.220001221,0
2011-03-30,277.040008545,0
2011-03-31,278.869995117,0
2011-04-01,280.730010986,0
2011-04-04,280.010009766,0
2011-04-05,282.029998779,0
2011-04-06,281.350006104,0
2011-04-07,280.450012207,0
2011-04-08,281.049987793,0
2011-04-11,280.489990234,0
2011-04-12,276.130004883,0
2011-04-13,280.679992676,0
2011-04-14,283.149993896,0
2011-04-15,282.799987793,0
2011-04-18,282.140014648,0
2011-04-19,280.429992676,0
2011-04-20,287.190002441,0
2011-04-21,291.160003662,0
2011-04-22,290.839996338,0
2011-04-25,292.690002441,0
2011-04-26,291.380004883,0
2011-04-27,292.079986572,0
2011-04-28,292.149993896,0
2011-04-29,290.390014648,0
2011-05-02,295.350006104,0
2011-05-03,291.649993896,0
2011-05-04,288.459991455,0
2011-05-06,283.679992676,0
2011-05-09,282.589996338,0
2011-05-11,286.299987793,0
2011-05-12,280.019989014,0
2011-05-13,279.589996338,0
2011-05-16,277.220001221,0
2011-05-17,277.149993896,0
2011-05-18,281.760009766,0
2011-05-19,276.470001221,0
2011-05-20,278.589996338,0
2011-05-23,271.190002441,0
2011-05-24,271.779998779,0
2011-05-25,268.619995117,0
2011-05-26,276.329986572,0
2011-05-27,277.350006104,0
2011-05-31,282.760009766,0
2011-06-01,282.75,0
2011-06-02,278.760009766,0
2011-06-03,278.839996338,0
2011-06-07,276.970001221,0
2011-06-08,274.459991455,0
2011-06-09,272.440002441,0
2011-06-10,269.040008545,0
2011-06-13,269.790008545,0
2011-06-14,273.670013428,0
2011-06-15,274.529998779,0
2011-06-16,268.880004883,0
2011-06-17,266.220001221,0
2011-06-20,264.390014648,0
2011-06-21,268.649993896,0
2011-06-22,270.709991455,0
2011-06-23,269.339996338,0
2011-06-24,274.309997559,0
2011-06-27,271.440002441,0
2011-06-28,270.410003662,0
2011-06-29,274.609985352,0
2011-06-30,275.170013428,0
2011-07-01,278.769989014,0
2011-07-05,283.880004883,0
2011-07-06,285.119995117,0
2011-07-07,286.070007324,0
2011-07-08,286.049987793,0
2011-07-11,282.459991455,0
2011-07-12,275.899993896,0
2011-07-13,278.320007324,0
2011-07-14,278.029998779,0
2011-07-15,279.589996338,0
2011-07-18,276.709991455,0
2011-07-19,276.579986572,0
2011-07-20,280.410003662,0
2011-07-21,279.200012207,0
2011-07-22,282.589996338,0
2011-07-25,279.660003662,0
2011-07-26,282.040008545,0
2011-07-27,282.700012207,0
2011-07-28,280.040008545,0
2011-07-29,277.109985352,0
2011-08-01,282.359985352,0
2011-08-02,275.399993896,0
2011-08-03,267.799987793,0
2011-08-04,261.540008545,0
2011-08-05,251.899993896,0
2011-08-08,242.449996948,0
2011-08-09,233.520004272,0
2011-08-11,234.13999939,0
2011-08-12,230.380004883,0
2011-08-16,242.229995728,0
2011-08-17,243.429992676,0
2011-08-18,238.309997559,0
2011-08-19,222.979995728,0
2011-08-22,219.149993896,0
2011-08-23,228.119995117,0
2011-08-24,225.13999939,0
2011-08-25,227.020004272,0
2011-08-26,229,0
2011-08-29,235.779998779,0
2011-08-30,237.63999939,0
2011-08-31,242.160003662,0
2011-09-01,242.369995117,0
2011-09-02,240.160003662,0
2011-09-05,228.88999939,0
2011-09-06,226.649993896,0
2011-09-07,236.119995117,0
2011-09-08,238.470001221,0
2011-09-09,233.399993896,0
2011-09-14,225.149993896,0
2011-09-15,228.580001831,0
2011-09-16,237.5,0
2011-09-19,235.320007324,0
2011-09-20,237.529998779,0
2011-09-21,239.509994507,0
2011-09-22,232.050003052,0
2011-09-23,218.619995117,0
2011-09-26,214.179992676,0
2011-09-27,225.289993286,0
2011-09-28,223.820007324,0
2011-09-29,230.369995117,0
2011-09-30,230.410003662,0
2011-10-04,221.929992676,0
2011-10-05,217.339996338,0
2011-10-06,223.940002441,0
2011-10-07,230.270004272,0
2011-10-10,230.820007324,0
2011-10-11,234.800003052,0
2011-10-12,236.660003662,0
2011-10-13,238.089996338,0
2011-10-14,239.669998169,0
2011-10-17,243.490005493,0
2011-10-18,239.88999939,0
2011-10-19,242.11000061,0
2011-10-20,235.570007324,0
2011-10-21,240.020004272,0
2011-10-24,248.210006714,0
2011-10-25,247.199996948,0
2011-10-26,247.559997559,0
2011-10-28,252.470001221,0
2011-10-31,249.880004883,0
2011-11-01,249.919998169,0
2011-11-02,248.029998779,0
2011-11-03,244.089996338,0
2011-11-04,252.339996338,0
2011-11-07,250.779998779,0
2011-11-08,248.320007324,0
2011-11-09,249.229995728,0
2011-11-10,236.020004272,0
2011-11-11,242.990005493,0
2011-11-14,248.270004272,0
2011-11-15,246.210006714,0
2011-11-16,241.979995728,0
2011-11-17,244.600006104,0
2011-11-18,239.429992676,0
2011-11-22,237.800003052,0
2011-11-23,231.679992676,0
2011-11-25,231.029998779,0
2011-11-28,236.589996338,0
2011-11-29,242.5,0
2011-11-30,241.190002441,0
2011-12-01,251.520004272,0
2011-12-02,251.190002441,0
2011-12-05,252.220001221,0
2011-12-06,249.479995728,0
2011-12-07,251.570007324,0
2011-12-08,250.309997559,0
2011-12-09,244.929992676,0
2011-12-12,248.550003052,0
2011-12-13,243.479995728,0
2011-12-14,242.350006104,0
2011-12-15,236.720001221,0
2011-12-16,239.820007324,0
2011-12-19,231.740005493,0
2011-12-20,233.830001831,0
2011-12-21,241.509994507,0
2011-12-22,241.399993896,0
2011-12-23,244.220001221,0
2011-12-27,240.789993286,0
2011-12-28,238.149993896,0
2011-12-29,238.080001831,0
2012-01-03,245.820007324,0
2012-01-04,244.240005493,0
2012-01-05,243.559997559,0
2012-01-06,240.570007324,0
2012-01-09,238.020004272,0
2012-01-10,241.690002441,0
2012-01-11,240.830001831,0
2012-01-12,243.460006714,0
2012-01-13,245.279998779,0
2012-01-17,247.809997559,0
2012-01-18,247.820007324,0
2012-01-19,251.270004272,0
2012-01-20,256.609985352,0
2012-01-25,257.140014648,0
2012-01-26,257.519989014,0
2012-01-27,258.649993896,0
2012-01-30,255.210006714,0
2012-01-31,256.899993896,0
2012-02-01,257.059997559,0
2012-02-02,260.350006104,0
2012-02-03,258.529998779,0
2012-02-06,258.929992676,0
2012-02-07,259.799987793,0
2012-02-08,262.940002441,0
2012-02-09,264.5,0
2012-02-10,261.170013428,0
2012-02-13,262.75,0
2012-02-14,262.380004883,0
2012-02-15,265.880004883,0
2012-02-16,261.890014648,0
2012-02-17,265.820007324,0
2012-02-20,265.950012207,0
2012-02-21,265.890014648,0
2012-02-22,266.630004883,0
2012-02-23,263.579986572,0
2012-02-24,265.200012207,0
2012-02-27,261.299987793,0
2012-02-28,263.450012207,0
2012-02-29,267.130004883,0
2012-03-02,267.450012207,0
2012-03-05,264.75,0
2012-03-06,262.850006104,0
2012-03-07,260.350006104,0
2012-03-08,262.850006104,0
2012-03-09,265.619995117,0
2012-03-12,263.739990234,0
2012-03-13,266.899993896,0
2012-03-14,269.850006104,0
2012-03-15,269.760009766,0
2012-03-16,268.269989014,0
2012-03-19,270.269989014,0
2012-03-20,269.679992676,0
2012-03-21,267.790008545,0
2012-03-22,267.980010986,0
2012-03-23,267.950012207,0
2012-03-26,267.410003662,0
2012-03-27,270.709991455,0
2012-03-28,269.640014648,0
2012-03-29,267.130004883,0
2012-03-30,266.579986572,0
2012-04-02,268.989990234,0
2012-04-03,272.459991455,0
2012-04-04,268.329986572,0
2012-04-10,265.380004883,0
2012-04-12,263.950012207,0
2012-04-13,266.859985352,0
2012-04-16,264.489990234,0
2012-04-17,263.320007324,0
2012-04-18,266.220001221,0
2012-04-19,265.579986572,0
2012-04-20,261.839996338,0
2012-04-23,261.660003662,0
2012-04-24,260.760009766,0
2012-04-25,260.820007324,0
2012-04-26,261.510009766,0
2012-04-27,263.429992676,0
2012-04-30,264.350006104,0
2012-05-02,266.609985352,0
2012-05-03,266.049987793,0
2012-05-04,264.399993896,0
2012-05-07,259.730010986,0
2012-05-08,261.119995117,0
2012-05-09,258.790008545,0
2012-05-10,257.890014648,0
2012-05-11,254,0
2012-05-14,254.11000061,0
2012-05-15,252.320007324,0
2012-05-16,243.929992676,0
2012-05-17,244.479995728,0
2012-05-18,235.850006104,0
2012-05-21,238.619995117,0
2012-05-22,242.660003662,0
2012-05-23,239.759994507,0
2012-05-24,240.509994507,0
2012-05-25,241.600006104,0
2012-05-29,245.259994507,0
2012-05-30,244.679992676,0
2012-05-31,244.050003052,0
2012-06-01,242.979995728,0
2012-06-04,236.300003052,0
2012-06-05,238.789993286,0
2012-06-07,245.509994507,0
2012-06-08,243.690002441,0
2012-06-11,248.300003052,0
2012-06-12,246.429992676,0
2012-06-13,247.080001831,0
2012-06-14,248.619995117,0
2012-06-15,246.570007324,0
2012-06-18,251.369995117,0
2012-06-19,251.309997559,0
2012-06-20,252.919998169,0
2012-06-21,250.460006714,0
2012-06-22,244.149993896,0
2012-06-25,240.75,0
2012-06-26,239.679992676,0
2012-06-27,239.850006104,0
2012-06-28,239.979995728,0
2012-06-29,244.899993896,0
2012-07-02,244.460006714,0
2012-07-03,246.800003052,0
2012-07-05,247.669998169,0
2012-07-06,245.070007324,0
2012-07-09,241.729995728,0
2012-07-10,240.880004883,0
2012-07-11,240.339996338,0
2012-07-12,234.660003662,0
2012-07-13,238.770004272,0
2012-07-16,239.38999939,0
2012-07-17,240.190002441,0
2012-07-18,236.419998169,0
2012-07-19,240.440002441,0
2012-07-20,240.350006104,0
2012-07-23,235.75,0
2012-07-24,236.649993896,0
2012-07-25,233.490005493,0
2012-07-26,235.330001831,0
2012-07-27,242.229995728,0
2012-07-31,250.080001831,0
2012-08-01,249.600006104,0
2012-08-02,247.899993896,0
2012-08-03,244.809997559,0
2012-08-06,250.36000061,0
2012-08-07,250.38999939,0
2012-08-08,252.839996338,0
2012-08-09,258.079986572,0
2012-08-10,258.910003662,0
2012-08-13,256.649993896,0
2012-08-14,260.109985352,0
2012-08-16,260.079986572,0
2012-08-17,258.200012207,0
2012-08-20,258.029998779,0
2012-08-21,257.5,0
2012-08-22,256.209991455,0
2012-08-23,257.279998779,0
2012-08-24,253.729995728,0
2012-08-27,252.770004272,0
2012-08-28,252.570007324,0
2012-08-29,254.220001221,0
2012-08-30,250.960006714,0
2012-08-31,250.559997559,0
2012-09-04,250.559997559,0
2012-09-05,245.75,0
2012-09-06,246.789993286,0
2012-09-07,254.020004272,0
2012-09-10,253.380004883,0
2012-09-11,252.729995728,0
2012-09-12,256.950012207,0
2012-09-13,256.869995117,0
2012-09-14,265.019989014,0
2012-09-17,263.970001221,0
2012-09-18,264.25,0
2012-09-19,264.440002441,0
2012-09-20,261.869995117,0
2012-09-21,263.410003662,0
2012-09-24,263.559997559,0
2012-09-25,262.029998779,0
2012-09-26,260.420013428,0
2012-09-27,261.619995117,0
2012-09-28,262.489990234,0
2012-10-02,262.480010986,0
2012-10-04,261.920013428,0
2012-10-05,262.070007324,0
2012-10-08,260.109985352,0
2012-10-09,259.660003662,0
2012-10-10,255.149993896,0
2012-10-11,252.839996338,0
2012-10-12,252.440002441,0
2012-10-15,251.440002441,0
2012-10-16,253.979995728,0
2012-10-17,256.059997559,0
2012-10-18,257.269989014,0
2012-10-19,254.789993286,0
2012-10-22,254.220001221,0
2012-10-23,251.86000061,0
2012-10-24,249.800003052,0
2012-10-25,251.720001221,0
2012-10-26,247.179992676,0
2012-10-29,247.660003662,0
2012-10-30,248.520004272,0
2012-10-31,250.179992676,0
2012-11-01,247.830001831,0
2012-11-02,251.039993286,0
2012-11-05,249.5,0
2012-11-06,252.300003052,0
2012-11-07,253.699996948,0
2012-11-08,250.130004883,0
2012-11-09,248.690002441,0
2012-11-12,248.179992676,0
2012-11-13,246.899993896,0
2012-11-14,247.800003052,0
2012-11-15,244.63999939,0
2012-11-16,243.449996948,0
2012-11-19,245.820007324,0
2012-11-20,247.720001221,0
2012-11-21,247.020004272,0
2012-11-23,251.440002441,0
2012-11-26,250.729995728,0
2012-11-27,253.410003662,0
2012-11-28,251.720001221,0
2012-11-29,254.729995728,0
2012-11-30,254.25,0
2012-12-03,255.570007324,0
2012-12-04,254.830001831,0
2012-12-05,256.630004883,0
2012-12-06,257.269989014,0
2012-12-07,258.779998779,0
2012-12-10,259.029998779,0
2012-12-11,260.119995117,0
2012-12-12,261.670013428,0
2012-12-13,265.790008545,0
2012-12-14,264.559997559,0
2012-12-17,262.760009766,0
2012-12-18,264.230010986,0
2012-12-20,264.779998779,0
2012-12-21,261.890014648,0
2012-12-24,262.109985352,0
2012-12-27,262.679992676,0
2012-12-28,263.920013428,0
2013-01-02,269.160003662,0
2013-01-03,267.519989014,0
2013-01-04,266.140014648,0
2013-01-07,265.970001221,0
2013-01-08,263.950012207,0
2013-01-09,262.899993896,0
2013-01-10,264.950012207,0
2013-01-11,263.320007324,0
2013-01-14,264.799987793,0
2013-01-15,261.429992676,0
2013-01-16,260.489990234,0
2013-01-17,260.100006104,0
2013-01-18,261.709991455,0
2013-01-21,261.299987793,0
2013-01-22,262.910003662,0
2013-01-23,261.100006104,0
2013-01-24,258.739990234,0
2013-01-25,256.059997559,0
2013-01-28,254.660003662,0
2013-01-29,257.220001221,0
2013-01-30,258.470001221,0
2013-01-31,258.070007324,0
2013-02-01,257.640014648,0
2013-02-04,256.890014648,0
2013-02-05,254.820007324,0
2013-02-06,254.309997559,0
2013-02-07,254,0
2013-02-08,257.089996338,0
2013-02-12,256.649993896,0
2013-02-13,260.920013428,0
2013-02-14,261.440002441,0
2013-02-15,261.609985352,0
2013-02-18,261.630004883,0
2013-02-20,268.070007324,0
2013-02-21,266.850006104,0
2013-02-22,267.149993896,0
2013-02-25,266.010009766,0
2013-02-26,264.679992676,0
2013-02-27,265.040008545,0
2013-02-28,268.010009766,0
2013-03-04,266.140014648,0
2013-03-05,266.540008545,0
2013-03-06,267.25,0
2013-03-07,264.779998779,0
2013-03-08,264.570007324,0
2013-03-11,264.149993896,0
2013-03-12,262.429992676,0
2013-03-13,263.329986572,0
2013-03-14,263.369995117,0
2013-03-15,260.839996338,0
2013-03-18,258.299987793,0
2013-03-19,259.790008545,0
2013-03-20,257.040008545,0
2013-03-21,255.820007324,0
2013-03-22,255.330001831,0
2013-03-25,259.579986572,0
2013-03-26,260.540008545,0
2013-03-27,261.859985352,0
2013-03-28,261.859985352,0
2013-04-02,260.790008545,0
2013-04-03,260.359985352,0
2013-04-04,257.049987793,0
2013-04-05,252.770004272,0
2013-04-08,252.38999939,0
2013-04-09,252.529998779,0
2013-04-10,254.339996338,0
2013-04-11,256.179992676,0
2013-04-12,252,0
2013-04-15,251.509994507,0
2013-04-16,251.779998779,0
2013-04-17,251.509994507,0
2013-04-18,247.850006104,0
2013-04-19,248.770004272,0
2013-04-22,251.460006714,0
2013-04-23,250.009994507,0
2013-04-24,252,0
2013-04-25,254.490005493,0
2013-04-26,253.039993286,0
2013-04-30,255.720001221,0
2013-05-02,254.919998169,0
2013-05-03,256.019989014,0
2013-05-06,255.199996948,0
2013-05-07,253.839996338,0
2013-05-08,254.020004272,0
2013-05-09,257.529998779,0
2013-05-10,252.720001221,0
2013-05-13,253.289993286,0
2013-05-14,256.290008545,0
2013-05-15,256.600006104,0
2013-05-16,258.989990234,0
2013-05-20,258.600006104,0
2013-05-21,258.179992676,0
2013-05-22,260.190002441,0
2013-05-23,256.660003662,0
2013-05-24,257.320007324,0
2013-05-28,258.589996338,0
2013-05-30,261.209991455,0
2013-05-31,261.470001221,0
2013-06-03,260.290008545,0
2013-06-04,260.540008545,0
2013-06-05,256.510009766,0
2013-06-07,251.199996948,0
2013-06-10,252.199996948,0
2013-06-11,250.190002441,0
2013-06-12,248.5,0
2013-06-13,244.490005493,0
2013-06-14,245.36000061,0
2013-06-17,244.770004272,0
2013-06-18,247.130004883,0
2013-06-19,245.440002441,0
2013-06-20,240.259994507,0
2013-06-21,236.570007324,0
2013-06-24,233.470001221,0
2013-06-25,231.75,0
2013-06-26,231.520004272,0
2013-06-28,242.270004272,0
2013-07-01,241.050003052,0
2013-07-02,240.800003052,0
2013-07-03,236.630004883,0
2013-07-05,237.279998779,0
2013-07-08,235.119995117,0
2013-07-09,236.940002441,0
2013-07-10,236.229995728,0
2013-07-11,243.880004883,0
2013-07-12,242.720001221,0
2013-07-15,243.429992676,0
2013-07-16,242.020004272,0
2013-07-17,244.820007324,0
2013-07-18,242.919998169,0
2013-07-19,242.029998779,0
2013-07-22,243.179992676,0
2013-07-23,246.630004883,0
2013-07-24,247.839996338,0
2013-07-25,247.710006714,0
2013-07-26,247.800003052,0
2013-07-29,246.529998779,0
2013-07-30,248.779998779,0
2013-07-31,247.990005493,0
2013-08-01,248.88999939,0
2013-08-02,249.330001831,0
2013-08-05,248.25,0
2013-08-06,246.800003052,0
2013-08-07,242.75,0
2013-08-08,243.38999939,0
2013-08-09,243.130004883,0
2013-08-12,243.779998779,0
2013-08-13,248.199996948,0
2013-08-14,249.820007324,0
2013-08-16,249.229995728,0
2013-08-19,248.88999939,0
2013-08-20,245.130004883,0
2013-08-21,242.490005493,0
2013-08-22,240.369995117,0
2013-08-23,243.369995117,0
2013-08-26,245.710006714,0
2013-08-27,245.710006714,0
2013-08-28,245.669998169,0
2013-08-29,248.86000061,0
2013-08-30,251.740005493,0
2013-09-03,252.050003052,0
2013-09-04,252.149993896,0
2013-09-05,254.619995117,0
2013-09-06,255.25,0
2013-09-09,258.119995117,0
2013-09-10,261.200012207,0
2013-09-11,262.380004883,0
2013-09-12,262.320007324,0
2013-09-13,260.829986572,0
2013-09-16,263.859985352,0
2013-09-17,262.559997559,0
2013-09-23,263.019989014,0
2013-09-24,262.829986572,0
2013-09-25,261.450012207,0
2013-09-26,262.679992676,0
2013-09-27,262.940002441,0
2013-09-30,260.910003662,0
2013-10-01,261.480010986,0
2013-10-02,261.869995117,0
2013-10-04,261.779998779,0
2013-10-07,261.850006104,0
2013-10-08,263.140014648,0
2013-10-10,262.899993896,0
2013-10-11,266.350006104,0
2013-10-14,265.809997559,0
2013-10-15,269.019989014,0
2013-10-16,268.25,0
2013-10-17,269.589996338,0
2013-10-18,271.239990234,0
2013-10-21,271.220001221,0
2013-10-22,271.109985352,0
2013-10-23,268.029998779,0
2013-10-24,269.359985352,0
2013-10-25,267.510009766,0
2013-10-28,269.739990234,0
2013-10-29,270.279998779,0
2013-10-30,271.440002441,0
2013-10-31,266.910003662,0
2013-11-01,268.630004883,0
2013-11-04,266.589996338,0
2013-11-05,264.959991455,0
2013-11-06,264.619995117,0
2013-11-07,263.339996338,0
2013-11-08,260.529998779,0
2013-11-11,260.149993896,0
2013-11-12,262.809997559,0
2013-11-13,258.040008545,0
2013-11-14,258.440002441,0
2013-11-15,264.200012207,0
2013-11-18,265.029998779,0
2013-11-19,267.809997559,0
2013-11-20,265.619995117,0
2013-11-21,262.200012207,0
2013-11-22,263.859985352,0
2013-11-25,265.209991455,0
2013-11-26,266.260009766,0
2013-11-27,267.149993896,0
2013-11-28,269.700012207,0
2013-11-29,269.570007324,0
2013-12-02,267.579986572,0
2013-12-03,264.839996338,0
2013-12-04,261.480010986,0
2013-12-05,261.100006104,0
2013-12-06,260.709991455,0
2013-12-09,263.700012207,0
2013-12-10,262.679992676,0
2013-12-11,260.549987793,0
2013-12-12,259.049987793,0
2013-12-13,258.040008545,0
2013-12-16,257.899993896,0
2013-12-17,258.720001221,0
2013-12-18,259.980010986,0
2013-12-19,260.200012207,0
2013-12-20,261.269989014,0
2013-12-23,263.239990234,0
2013-12-24,263.579986572,0
2013-12-26,263.149993896,0
2013-12-27,263.320007324,0
2013-12-30,264.239990234,0
2014-01-02,257.640014648,0
2014-01-03,254.479995728,0
2014-01-06,255.410003662,0
2014-01-07,255.979995728,0
2014-01-08,255.759994507,0
2014-01-09,253.630004883,0
2014-01-10,252.479995728,0
2014-01-13,254.080001831,0
2014-01-14,253.970001221,0
2014-01-15,254.729995728,0
2014-01-16,255.36000061,0
2014-01-17,253.460006714,0
2014-01-20,254.809997559,0
2014-01-21,256.339996338,0
2014-01-22,257.079986572,0
2014-01-23,253.740005493,0
2014-01-24,252.88999939,0
2014-01-27,248.949996948,0
2014-01-28,249.910003662,0
2014-01-29,252.88999939,0
2014-02-03,250.009994507,0
2014-02-04,245.300003052,0
2014-02-05,246.039993286,0
2014-02-06,248.559997559,0
2014-02-07,250.509994507,0
2014-02-10,250.470001221,0
2014-02-11,251.869995117,0
2014-02-12,252.309997559,0
2014-02-13,250.970001221,0
2014-02-14,252.740005493,0
2014-02-17,253.63999939,0
2014-02-18,253.660003662,0
2014-02-19,252.919998169,0
2014-02-20,250.949996948,0
2014-02-21,255.220001221,0
2014-02-24,254.009994507,0
2014-02-25,256.239990234,0
2014-02-26,257.309997559,0
2014-02-27,258.279998779,0
2014-02-28,258.410003662,0
2014-03-03,256.290008545,0
2014-03-04,254.779998779,0
2014-03-05,257.299987793,0
2014-03-06,257.630004883,0
2014-03-07,257.350006104,0
2014-03-10,254.479995728,0
2014-03-11,255.490005493,0
2014-03-12,251.11000061,0
2014-03-13,251.089996338,0
2014-03-14,249.020004272,0
2014-03-17,250.149993896,0
2014-03-18,251.869995117,0
2014-03-19,251.320007324,0
2014-03-20,248.679992676,0
2014-03-21,250.679992676,0
2014-03-24,252.309997559,0
2014-03-25,251.559997559,0
2014-03-26,255.080001831,0
2014-03-27,257.260009766,0
2014-03-28,257.440002441,0
2014-03-31,258.109985352,0
2014-04-01,258.950012207,0
2014-04-02,259.700012207,0
2014-04-03,259.339996338,0
2014-04-04,259.470001221,0
2014-04-07,259.890014648,0
2014-04-08,260.470001221,0
2014-04-09,261.209991455,0
2014-04-10,262.410003662,0
2014-04-11,260.529998779,0
2014-04-14,260.510009766,0
2014-04-15,259.739990234,0
2014-04-16,259.829986572,0
2014-04-17,259.660003662,0
2014-04-21,260.899993896,0
2014-04-22,261.549987793,0
2014-04-23,261.200012207,0
2014-04-24,261.079986572,0
2014-04-25,257.420013428,0
2014-04-28,256.799987793,0
2014-04-29,255.800003052,0
2014-04-30,255.330001831,0
2014-05-02,255.070007324,0
2014-05-07,252.350006104,0
2014-05-08,253.839996338,0
2014-05-09,254.309997559,0
2014-05-12,255.800003052,0
2014-05-13,258.399993896,0
2014-05-14,262.429992676,0
2014-05-15,262.399993896,0
2014-05-16,262.970001221,0
2014-05-19,263.420013428,0
2014-05-20,263.040008545,0
2014-05-21,262.399993896,0
2014-05-22,263.329986572,0
2014-05-23,263.420013428,0
2014-05-26,262.329986572,0
2014-05-27,260.359985352,0
2014-05-28,263.010009766,0
2014-05-29,262.570007324,0
2014-05-30,259.940002441,0
2014-06-02,261.399993896,0
2014-06-03,262.220001221,0
2014-06-05,260.559997559,0
2014-06-09,259.679992676,0
2014-06-10,262.640014648,0
2014-06-11,262.619995117,0
2014-06-12,262.010009766,0
2014-06-13,258.75,0
2014-06-16,259.429992676,0
2014-06-17,260.429992676,0
2014-06-18,258.700012207,0
2014-06-19,258.829986572,0
2014-06-20,255.309997559,0
2014-06-23,256.769989014,0
2014-06-24,259.75,0
2014-06-25,258.160003662,0
2014-06-26,260.029998779,0
2014-06-27,258.779998779,0
2014-06-30,260.559997559,0
2014-07-01,259.739990234,0
2014-07-02,262.040008545,0
2014-07-03,261.130004883,0
2014-07-04,260.630004883,0
2014-07-07,259.950012207,0
2014-07-08,259.929992676,0
2014-07-09,258.869995117,0
2014-07-10,259.170013428,0
2014-07-11,256.720001221,0
2014-07-14,257.269989014,0
2014-07-15,260.399993896,0
2014-07-16,260.820007324,0
2014-07-17,261.929992676,0
2014-07-18,261.660003662,0
2014-07-21,261.510009766,0
2014-07-22,262.859985352,0
2014-07-23,262.559997559,0
2014-07-24,262.720001221,0
2014-07-25,263.470001221,0
2014-07-28,265.529998779,0
2014-07-29,268.010009766,0
2014-07-30,271.170013428,0
2014-07-31,269.679992676,0
2014-08-01,268.559997559,0
2014-08-04,269.649993896,0
2014-08-05,267.630004883,0
2014-08-06,266.600006104,0
2014-08-07,265.640014648,0
2014-08-08,262.019989014,0
2014-08-11,263.320007324,0
2014-08-12,263.339996338,0
2014-08-13,265.910003662,0
2014-08-14,265.880004883,0
2014-08-18,264.239990234,0
2014-08-19,266.619995117,0
2014-08-20,266.790008545,0
2014-08-21,262.529998779,0
2014-08-22,264.260009766,0
2014-08-25,264.459991455,0
2014-08-26,265.140014648,0
2014-08-27,265.880004883,0
2014-08-28,266.190002441,0
2014-08-29,265.410003662,0
2014-09-01,265.269989014,0
2014-09-02,262.609985352,0
2014-09-03,262.269989014,0
2014-09-04,263.190002441,0
2014-09-05,262.089996338,0
2014-09-11,259.799987793,0
2014-09-12,261.390014648,0
2014-09-15,260.559997559,0
2014-09-16,261.450012207,0
2014-09-17,264.010009766,0
2014-09-18,261.720001221,0
2014-09-19,262.309997559,0
2014-09-22,260.149993896,0
2014-09-23,258.489990234,0
2014-09-24,258.880004883,0
2014-09-25,258.459991455,0
2014-09-26,258.329986572,0
2014-09-29,257.950012207,0
2014-09-30,256.769989014,0
2014-10-01,252.809997559,0
2014-10-02,250.059997559,0
2014-10-06,249.190002441,0
2014-10-07,249.929992676,0
2014-10-08,248.36000061,0
2014-10-10,245.059997559,0
2014-10-13,244.179992676,0
2014-10-14,244.470001221,0
2014-10-15,243.869995117,0
2014-10-16,242.789993286,0
2014-10-17,239.839996338,0
2014-10-20,243.899993896,0
2014-10-21,241.479995728,0
2014-10-22,244.119995117,0
2014-10-23,243.380004883,0
2014-10-24,242.910003662,0
2014-10-27,243.88999939,0
2014-10-28,243.300003052,0
2014-10-29,248.63999939,0
2014-10-30,248.839996338,0
2014-10-31,250.449996948,0
2014-11-03,248.690002441,0
2014-11-04,246.509994507,0
2014-11-05,245.86000061,0
2014-11-06,247.190002441,0
2014-11-07,247.38999939,0
2014-11-10,250.63999939,0
2014-11-11,250.449996948,0
2014-11-12,251.259994507,0
2014-11-13,250.11000061,0
2014-11-14,248.179992676,0
2014-11-17,248.300003052,0
2014-11-18,250.649993896,0
2014-11-19,250.330001831,0
2014-11-20,248.960006714,0
2014-11-21,249.899993896,0
2014-11-24,252.339996338,0
2014-11-25,251.720001221,0
2014-11-26,252,0
2014-11-27,253.300003052,0
2014-11-28,253.699996948,0
2014-12-01,251.589996338,0
2014-12-02,251.410003662,0
2014-12-03,251.649993896,0
2014-12-04,254.059997559,0
2014-12-05,254.240005493,0
2014-12-08,253.710006714,0
2014-12-09,253.210006714,0
2014-12-10,249.350006104,0
2014-12-11,245.539993286,0
2014-12-12,246.440002441,0
2014-12-15,246.270004272,0
2014-12-16,244.429992676,0
2014-12-17,243.720001221,0
2014-12-18,243.820007324,0
2014-12-19,247.960006714,0
2014-12-22,249.699996948,0
2014-12-23,249.059997559,0
2014-12-24,250.070007324,0
2014-12-26,250.050003052,0
2014-12-29,246.300003052,0
2014-12-30,244.050003052,0
2015-01-02,244.789993286,0
2015-01-05,244.259994507,0
2015-01-06,239.929992676,0
2015-01-07,240.529998779,0
2015-01-08,243.940002441,0
2015-01-09,246.050003052,0
2015-01-12,245.699996948,0
2015-01-13,246.289993286,0
2015-01-14,245.990005493,0
2015-01-15,245.759994507,0
2015-01-16,242.220001221,0
2015-01-19,244.779998779,0
2015-01-20,247.240005493,0
2015-01-21,248.589996338,0
2015-01-22,248.470001221,0
2015-01-23,250.320007324,0
2015-01-26,250.13999939,0
2015-01-27,252.199996948,0
2015-01-28,252.210006714,0
2015-01-29,250.460006714,0
2015-01-30,249.880004883,0
2015-02-02,250.61000061,0
2015-02-03,250.380004883,0
2015-02-04,251.600006104,0
2015-02-05,249.779998779,0
2015-02-06,250.160003662,0
2015-02-09,249.259994507,0
2015-02-10,247.660003662,0
2015-02-11,248.399993896,0
2015-02-12,247.710006714,0
2015-02-13,249.759994507,0
2015-02-16,249.809997559,0
2015-02-17,250.369995117,0
2015-02-23,250.800003052,0
2015-02-24,251.279998779,0
2015-02-25,252.960006714,0
2015-02-26,252.929992676,0
2015-02-27,251.460006714,0
2015-03-02,253.649993896,0
2015-03-03,254.5,0
2015-03-04,254.309997559,0
2015-03-05,254.160003662,0
2015-03-06,255.960006714,0
2015-03-09,252.770004272,0
2015-03-10,251.75,0
2015-03-11,252.160003662,0
2015-03-12,250.279998779,0
2015-03-13,252.179992676,0
2015-03-16,252.440002441,0
2015-03-17,258.179992676,0
2015-03-18,258.220001221,0
2015-03-19,258.989990234,0
2015-03-20,258.700012207,0
2015-03-23,258.950012207,0
2015-03-24,259.160003662,0
2015-03-25,258.940002441,0
2015-03-26,255.990005493,0
2015-03-27,255.539993286,0
2015-03-30,256.100006104,0
2015-03-31,257.279998779,0
2015-04-01,254.970001221,0
2015-04-02,254.990005493,0
2015-04-03,256.75,0
2015-04-06,256.929992676,0
2015-04-07,256.880004883,0
2015-04-08,258.510009766,0
2015-04-09,258.329986572,0
2015-04-10,261.950012207,0
2015-04-13,263.480010986,0
2015-04-14,265.570007324,0
2015-04-15,265.769989014,0
2015-04-16,268.450012207,0
2015-04-17,268.279998779,0
2015-04-20,268.549987793,0
2015-04-21,268.170013428,0
2015-04-22,268.640014648,0
2015-04-23,272.589996338,0
2015-04-24,271.049987793,0
2015-04-27,270.049987793,0
2015-04-28,268.549987793,0
2015-04-29,268.029998779,0
2015-04-30,266.420013428,0
2015-05-04,267.329986572,0
2015-05-06,264.029998779,0
2015-05-07,262.470001221,0
2015-05-08,260.809997559,0
2015-05-11,261.489990234,0
2015-05-12,261.420013428,0
2015-05-13,263.25,0
2015-05-14,263.690002441,0
2015-05-15,261.329986572,0
2015-05-18,261.970001221,0
2015-05-19,262.920013428,0
2015-05-20,265.359985352,0
2015-05-21,262.660003662,0
2015-05-22,266.029998779,0
2015-05-26,265.410003662,0
2015-05-27,260.160003662,0
2015-05-28,260.059997559,0
2015-05-29,260.390014648,0
2015-06-01,258.739990234,0
2015-06-02,256.290008545,0
2015-06-03,254.11000061,0
2015-06-04,255.470001221,0
2015-06-05,254.940002441,0
2015-06-08,254.210006714,0
2015-06-09,253.509994507,0
2015-06-10,252.11000061,0
2015-06-11,252.320007324,0
2015-06-12,251.660003662,0
2015-06-15,250.740005493,0
2015-06-16,248.490005493,0
2015-06-17,249.080001831,0
2015-06-18,249.669998169,0
2015-06-19,249.839996338,0
2015-06-22,250.990005493,0
2015-06-23,254.520004272,0
2015-06-24,254.940002441,0
2015-06-25,253.800003052,0
2015-06-26,254.479995728,0
2015-06-29,251.259994507,0
2015-06-30,252.270004272,0
2015-07-01,255.070007324,0
2015-07-02,255.5,0
2015-07-03,254.660003662,0
2015-07-06,248.300003052,0
2015-07-07,248.050003052,0
2015-07-08,244.940002441,0
2015-07-09,246.770004272,0
2015-07-10,246.830001831,0
2015-07-13,249.839996338,0
2015-07-14,248.63999939,0
2015-07-15,249.649993896,0
2015-07-16,251.470001221,0
2015-07-17,250.229995728,0
2015-07-20,248.910003662,0
2015-07-21,250.350006104,0
2015-07-22,247.880004883,0
2015-07-23,247.309997559,0
2015-07-24,244.910003662,0
2015-07-27,244.979995728,0
2015-07-28,245.210006714,0
2015-07-29,245.970001221,0
2015-07-30,243.61000061,0
2015-07-31,244.300003052,0
2015-08-03,241.479995728,0
2015-08-04,243.550003052,0
2015-08-05,243.119995117,0
2015-08-06,240.039993286,0
2015-08-07,239.789993286,0
2015-08-10,239.179992676,0
2015-08-11,237.910003662,0
2015-08-12,237.240005493,0
2015-08-13,237.320007324,0
2015-08-17,235.369995117,0
2015-08-18,235.199996948,0
2015-08-19,234.270004272,0
2015-08-20,231.589996338,0
2015-08-21,227.13999939,0
2015-08-24,221.529998779,0
2015-08-25,223.070007324,0
2015-08-26,227.710006714,0
2015-08-27,228.940002441,0
2015-08-28,232.350006104,0
2015-08-31,232.800003052,0
2015-09-01,229.550003052,0
2015-09-02,229.910003662,0
2015-09-03,230.399993896,0
2015-09-04,227.899993896,0
2015-09-07,227.309997559,0
2015-09-08,227.759994507,0
2015-09-09,234.399993896,0
2015-09-10,237.179992676,0
2015-09-11,233.740005493,0
2015-09-14,233.059997559,0
2015-09-15,233.589996338,0
2015-09-16,238.779998779,0
2015-09-17,239.289993286,0
2015-09-18,241.119995117,0
2015-09-21,236.720001221,0
2015-09-22,238.679992676,0
2015-09-23,234.259994507,0
2015-09-24,234.259994507,0
2015-09-25,233.789993286,0
2015-09-30,236.710006714,0
2015-10-01,238.619995117,0
2015-10-02,237.149993896,0
2015-10-05,237.979995728,0
2015-10-06,240.179992676,0
2015-10-07,243.520004272,0
2015-10-08,246.020004272,0
2015-10-12,246.490005493,0
2015-10-13,246.039993286,0
2015-10-14,244.940002441,0
2015-10-15,247.88999939,0
2015-10-16,247.369995117,0
2015-10-19,247.470001221,0
2015-10-20,248.529998779,0
2015-10-21,249.25,0
2015-10-22,247.220001221,0
2015-10-23,249.410003662,0
2015-10-26,250.36000061,0
2015-10-27,250.039993286,0
2015-10-28,249.789993286,0
2015-10-29,248.929992676,0
2015-10-30,249.410003662,0
2015-11-02,250.600006104,0
2015-11-03,252.119995117,0
2015-11-04,252.330001831,0
2015-11-05,251.789993286,0
2015-11-06,250.25,0
2015-11-09,249.210006714,0
2015-11-10,245.86000061,0
2015-11-11,245.86000061,0
2015-11-12,245.13999939,0
2015-11-13,242.710006714,0
2015-11-16,238.869995117,0
2015-11-17,241.259994507,0
2015-11-18,241.440002441,0
2015-11-19,244.789993286,0
2015-11-20,244.800003052,0
2015-11-23,245.919998169,0
2015-11-24,247.509994507,0
2015-11-25,246.580001831,0
2015-11-26,249.429992676,0
2015-11-27,249.070007324,0
2015-11-30,244.240005493,0
2015-12-01,248.699996948,0
2015-12-02,246.600006104,0
2015-12-03,244.679992676,0
2015-12-04,242.149993896,0
2015-12-07,240.679992676,0
2015-12-08,239.229995728,0
2015-12-09,239.399993896,0
2015-12-10,240.600006104,0
2015-12-11,240.350006104,0
2015-12-14,238.169998169,0
2015-12-15,238.800003052,0
2015-12-16,243.490005493,0
2015-12-17,244.169998169,0
2015-12-18,243,0
2015-12-21,243.759994507,0
2015-12-22,245.479995728,0
2015-12-23,246.529998779,0
2015-12-24,245.330001831,0
2015-12-28,241.789993286,0
2015-12-29,241.220001221,0
2015-12-30,240.380004883,0
2016-01-04,234.630004883,0
2016-01-05,236.130004883,0
2016-01-06,234.600006104,0
2016-01-07,231.929992676,0
2016-01-08,233.679992676,0
2016-01-11,230.830001831,0
2016-01-12,230.550003052,0
2016-01-13,233.520004272,0
2016-01-14,231.380004883,0
2016-01-15,228.779998779,0
2016-01-18,228.589996338,0
2016-01-19,230.080001831,0
2016-01-20,224.539993286,0
2016-01-21,223.809997559,0
2016-01-22,228.789993286,0
2016-01-25,230.210006714,0
2016-01-26,227.190002441,0
2016-01-27,230.960006714,0
2016-01-28,231.509994507,0
2016-01-29,232.100006104,0
2016-02-01,233.669998169,0
2016-02-02,231.100006104,0
2016-02-03,228.970001221,0
2016-02-04,232.910003662,0
2016-02-05,233.300003052,0
2016-02-11,226.699996948,0
2016-02-12,224.979995728,0
2016-02-15,228.399993896,0
2016-02-16,231.520004272,0
2016-02-17,231.940002441,0
2016-02-18,234.740005493,0
2016-02-19,235.270004272,0
2016-02-22,234.949996948,0
2016-02-23,235.029998779,0
2016-02-24,234.910003662,0
2016-02-25,235.369995117,0
2016-02-26,235.220001221,0
2016-02-29,234.630004883,0
2016-03-02,238.630004883,0
2016-03-03,240.089996338,0
2016-03-04,239.740005493,0
2016-03-07,240.210006714,0
2016-03-08,238.440002441,0
2016-03-09,239.130004883,0
2016-03-10,241.429992676,0
2016-03-11,241.970001221,0
2016-03-14,242.149993896,0
2016-03-15,241.830001831,0
2016-03-16,242.350006104,0
2016-03-17,244.089996338,0
2016-03-18,244.630004883,0
2016-03-21,244.279998779,0
2016-03-22,245.410003662,0
2016-03-23,245.229995728,0
2016-03-24,244.080001831,0
2016-03-28,243.949996948,0
2016-03-29,245.529998779,0
2016-03-30,246.539993286,0
2016-03-31,245.86000061,0
2016-04-01,242.36000061,0
2016-04-04,243.050003052,0
2016-04-05,240.580001831,0
2016-04-06,241.990005493,0
2016-04-07,242.289993286,0
2016-04-08,241.770004272,0
2016-04-11,242.059997559,0
2016-04-12,243.710006714,0
2016-04-14,248.88999939,0
2016-04-15,248.529998779,0
2016-04-18,248,0
2016-04-19,247.880004883,0
2016-04-20,247.259994507,0
2016-04-21,249.38999939,0
2016-04-22,248.320007324,0
2016-04-25,248.130004883,0
2016-04-26,248.919998169,0
2016-04-27,248.690002441,0
2016-04-28,246.270004272,0
2016-04-29,245.199996948,0
2016-05-02,243.470001221,0
2016-05-03,244.289993286,0
2016-05-04,243.309997559,0
2016-05-09,242.229995728,0
2016-05-10,243.679992676,0
2016-05-11,243.070007324,0
2016-05-12,242.339996338,0
2016-05-13,240.600006104,0
2016-05-16,240.820007324,0
2016-05-17,241.029998779,0
2016-05-18,239.820007324,0
2016-05-19,239.039993286,0
2016-05-20,238.740005493,0
2016-05-23,239.850006104,0
2016-05-24,237.649993896,0
2016-05-25,240.910003662,0
2016-05-26,240.580001831,0
2016-05-27,241.850006104,0
2016-05-30,241.729995728,0
2016-05-31,243.630004883,0
2016-06-01,243.580001831,0
2016-06-02,244.179992676,0
2016-06-03,244.38999939,0
2016-06-07,247.850006104,0
2016-06-08,250.039993286,0
2016-06-09,250.190002441,0
2016-06-10,248.960006714,0
2016-06-13,244.050003052,0
2016-06-14,243.350006104,0
2016-06-15,243.300003052,0
2016-06-16,241.61000061,0
2016-06-17,241.630004883,0
2016-06-20,245.169998169,0
2016-06-21,245.339996338,0
2016-06-22,246.75,0
2016-06-23,246.309997559,0
2016-06-24,239.210006714,0
2016-06-27,239.279998779,0
2016-06-28,240.080001831,0
2016-06-29,242.320007324,0
2016-06-30,244.13999939,0
2016-07-01,246.520004272,0
2016-07-04,247.619995117,0
2016-07-05,246.910003662,0
2016-07-06,241.86000061,0
2016-07-07,244.600006104,0
2016-07-08,243.429992676,0
2016-07-11,246.990005493,0
2016-07-12,247.13999939,0
2016-07-13,249.25,0
2016-07-14,249.800003052,0
2016-07-15,251.020004272,0
2016-07-18,251.520004272,0
2016-07-19,250.970001221,0
2016-07-20,250.660003662,0
2016-07-21,250.440002441,0
2016-07-22,250.039993286,0
2016-07-25,250.649993896,0
2016-07-26,252.720001221,0
2016-07-27,252.729995728,0
2016-07-28,251.86000061,0
2016-07-29,251.479995728,0
2016-08-01,253.809997559,0
2016-08-02,251.929992676,0
2016-08-03,248.649993896,0
2016-08-04,249.240005493,0
2016-08-05,252.36000061,0
2016-08-08,254.11000061,0
2016-08-09,255.850006104,0
2016-08-10,255.429992676,0
2016-08-11,256.179992676,0
2016-08-12,256.170013428,0
2016-08-16,256.149993896,0
2016-08-17,256.040008545,0
2016-08-18,258.109985352,0
2016-08-19,258.690002441,0
2016-08-22,257.269989014,0
2016-08-23,258.420013428,0
2016-08-24,257.299987793,0
2016-08-25,257.260009766,0
2016-08-26,256.230010986,0
2016-08-29,256.489990234,0
2016-08-30,257.489990234,0
2016-08-31,256.869995117,0
2016-09-01,256.029998779,0
2016-09-02,256.5,0
2016-09-05,259.640014648,0
2016-09-06,260.929992676,0
2016-09-07,260.309997559,0
2016-09-08,260.859985352,0
2016-09-09,257.309997559,0
2016-09-12,250.529998779,0
2016-09-13,251.770004272,0
2016-09-19,253.929992676,0
2016-09-20,255.089996338,0
2016-09-21,256.519989014,0
2016-09-22,258.339996338,0
2016-09-23,258.369995117,0
2016-09-26,257.480010986,0
2016-09-27,259.570007324,0
2016-09-28,258.209991455,0
2016-09-29,260.350006104,0
2016-09-30,257.489990234,0
2016-10-04,259.179992676,0
2016-10-05,258.989990234,0
2016-10-06,261.130004883,0
2016-10-07,260.059997559,0
2016-10-10,260.309997559,0
2016-10-11,256.149993896,0
2016-10-12,256.200012207,0
2016-10-13,253.929992676,0
2016-10-14,255.089996338,0
2016-10-17,256.190002441,0
2016-10-18,257.980010986,0
2016-10-19,258.209991455,0
2016-10-20,258.410003662,0
2016-10-21,257.260009766,0
2016-10-24,259.480010986,0
2016-10-25,258.570007324,0
2016-10-26,255.520004272,0
2016-10-27,256.660003662,0
2016-10-28,256.529998779,0
2016-10-31,255.929992676,0
2016-11-01,255.990005493,0
2016-11-02,252.830001831,0
2016-11-03,252.899993896,0
2016-11-04,252.570007324,0
2016-11-07,254.600006104,0
2016-11-08,255.259994507,0
2016-11-09,249.669998169,0
2016-11-10,255.309997559,0
2016-11-11,251.990005493,0
2016-11-14,250.009994507,0
2016-11-15,249.199996948,0
2016-11-16,250.320007324,0
2016-11-17,250.460006714,0
2016-11-18,250.210006714,0
2016-11-21,249.509994507,0
2016-11-22,252.369995117,0
2016-11-23,253.660003662,0
2016-11-24,252.029998779,0
2016-11-25,252.259994507,0
2016-11-28,252.960006714,0
2016-11-29,252.910003662,0
2016-11-30,254.259994507,0
2016-12-01,254.479995728,0
2016-12-02,252.880004883,0
2016-12-05,252.13999939,0
2016-12-06,255.630004883,0
2016-12-07,256.339996338,0
2016-12-08,262,0
2016-12-09,260.910003662,0
2016-12-12,260.720001221,0
2016-12-13,261.630004883,0
2016-12-14,262,0
2016-12-15,261.450012207,0
2016-12-16,262.559997559,0
2016-12-19,261.929992676,0
2016-12-20,262.589996338,0
2016-12-21,262.100006104,0
2016-12-22,261.970001221,0
2016-12-23,261.609985352,0
2016-12-27,262.489990234,0
2016-12-28,259.700012207,0
2016-12-29,260.010009766,0
2017-01-03,262.970001221,0
2017-01-04,263.119995117,0
2017-01-05,261.980010986,0
2017-01-06,263.200012207,0
2017-01-09,263.739990234,0
2017-01-10,263.730010986,0
2017-01-11,268.149993896,0
2017-01-12,269.950012207,0
2017-01-13,267.910003662,0
2017-01-16,266.149993896,0
2017-01-17,267.369995117,0
2017-01-18,267.079986572,0
2017-01-19,267.700012207,0
2017-01-20,266.519989014,0
2017-01-23,267.119995117,0
2017-01-24,267.299987793,0
2017-01-25,268.149993896,0
2017-01-26,270.480010986,0
2017-01-31,268.089996338,0
2017-02-01,269.559997559,0
2017-02-02,268.489990234,0
2017-02-03,268.850006104,0
2017-02-06,269.489990234,0
2017-02-07,268.970001221,0
2017-02-08,267.720001221,0
2017-02-09,267.690002441,0
2017-02-10,268.660003662,0
2017-02-13,268.809997559,0
2017-02-14,267.899993896,0
2017-02-15,268.809997559,0
2017-02-16,268.929992676,0
2017-02-17,268.839996338,0
2017-02-20,269.730010986,0
2017-02-21,272.109985352,0
2017-02-22,272.850006104,0
2017-02-23,272.890014648,0
2017-02-24,270.380004883,0
2017-02-27,268.970001221,0
2017-02-28,270.059997559,0
2017-03-02,272.649993896,0
2017-03-03,269.769989014,0
2017-03-06,270.410003662,0
2017-03-07,271.869995117,0
2017-03-08,272.290008545,0
2017-03-09,271.619995117,0
2017-03-10,272.290008545,0
2017-03-13,275.410003662,0
2017-03-14,277.890014648,0
2017-03-15,277.890014648,0
2017-03-16,280.109985352,0
2017-03-17,281.859985352,0
2017-03-20,280.75,0
2017-03-21,283.839996338,0
2017-03-22,282.630004883,0
2017-03-23,282.809997559,0
2017-03-24,282.309997559,0
2017-03-27,280.359985352,0
2017-03-28,281.25,0
2017-03-29,281.859985352,0
2017-03-30,281.660003662,0
2017-03-31,280.640014648,0
2017-04-03,281.600006104,0
2017-04-04,280.920013428,0
2017-04-05,280.739990234,0
2017-04-06,279.470001221,0
2017-04-07,279.010009766,0
2017-04-10,277.209991455,0
2017-04-11,275.489990234,0
2017-04-12,276.209991455,0
2017-04-13,279.119995117,0
2017-04-17,278.100006104,0
2017-04-18,278.230010986,0
2017-04-19,276.489990234,0
2017-04-20,277.760009766,0
2017-04-21,280.049987793,0
2017-04-24,281.959991455,0
2017-04-25,285.410003662,0
2017-04-26,286.779998779,0
2017-04-27,287.339996338,0
2017-04-28,287.209991455,0
2017-05-02,289.649993896,0
2017-05-04,292.470001221,0
2017-05-08,299.859985352,0
2017-05-10,296.190002441,0
2017-05-11,299.75,0
2017-05-12,298.25,0
2017-05-15,298.869995117,0
2017-05-16,299.670013428,0
2017-05-17,299.339996338,0
2017-05-18,298.470001221,0
2017-05-19,298.079986572,0
2017-05-22,300.630004883,0
2017-05-23,301.359985352,0
2017-05-24,301.709991455,0
2017-05-25,305.220001221,0
2017-05-26,306.959991455,0
2017-05-29,306.519989014,0
2017-05-30,304.589996338,0
2017-05-31,304.670013428,0
2017-06-01,304.029998779,0
2017-06-02,307.829986572,0
2017-06-05,307.329986572,0
2017-06-07,305.679992676,0
2017-06-08,306.25,0
2017-06-09,309.380004883,0
2017-06-12,306.239990234,0
2017-06-13,308.019989014,0
2017-06-14,307.950012207,0
2017-06-15,306.690002441,0
2017-06-16,306.790008545,0
2017-06-19,308.609985352,0
2017-06-20,309.309997559,0
2017-06-21,307.519989014,0
2017-06-22,309.470001221,0
2017-06-23,310.260009766,0
2017-06-26,311.890014648,0
2017-06-27,312.119995117,0
2017-06-28,310.839996338,0
2017-06-29,312.559997559,0
2017-06-30,311.760009766,0
2017-07-03,312.390014648,0
2017-07-04,310.459991455,0
2017-07-05,311.769989014,0
2017-07-06,311.880004883,0
2017-07-07,310.660003662,0
2017-07-10,311.459991455,0
2017-07-11,313.589996338,0
2017-07-12,313.579986572,0
2017-07-13,316.350006104,0
2017-07-14,317.350006104,0
2017-07-17,318.519989014,0
2017-07-18,318.649993896,0
2017-07-19,318.910003662,0
2017-07-20,320.609985352,0
2017-07-21,321.790008545,0
2017-07-24,322.010009766,0
2017-07-25,320.149993896,0
2017-07-26,319.459991455,0
2017-07-27,320.510009766,0
2017-07-28,314.130004883,0
2017-07-31,314.600006104,0
2017-08-01,317.040008545,0
2017-08-02,317.690002441,0
2017-08-03,312.290008545,0
2017-08-04,313.459991455,0
2017-08-07,313.959991455,0
2017-08-08,313.399993896,0
2017-08-09,309.519989014,0
2017-08-10,308.369995117,0
2017-08-11,302.720001221,0
2017-08-14,304.929992676,0
2017-08-16,307.160003662,0
2017-08-17,309.019989014,0
2017-08-18,308.390014648,0
2017-08-21,308.140014648,0
2017-08-22,309.339996338,0
2017-08-23,309.709991455,0
2017-08-24,310.730010986,0
2017-08-25,311.209991455,0
2017-08-28,309.529998779,0
2017-08-29,308.640014648,0
2017-08-30,309.649993896,0
2017-08-31,308.279998779,0
2017-09-01,307.779998779,0
2017-09-05,304.059997559,0
2017-09-06,303.179992676,0
2017-09-07,306.970001221,0
2017-09-08,307.429992676,0
2017-09-11,309.829986572,0
2017-09-12,310.420013428,0
2017-09-13,310,0
2017-09-14,312.519989014,0
2017-09-15,313.690002441,0
2017-09-18,318.929992676,0
2017-09-19,318.510009766,0
2017-09-20,318.480010986,0
2017-09-21,318.25,0
2017-09-25,316.399993896,0
2017-09-26,314.290008545,0
2017-09-27,313.820007324,0
2017-09-28,313.850006104,0
2017-09-29,316.269989014,0
2017-10-10,322.489990234,0
2017-10-11,326.119995117,0
2017-10-12,328.109985352,0
2017-10-13,327.350006104,0
2017-10-16,327.820007324,0
2017-10-17,328.510009766,0
2017-10-18,328.399993896,0
2017-10-19,326.470001221,0
2017-10-20,328.890014648,0
2017-10-23,329.450012207,0
2017-10-24,328.959991455,0
2017-10-25,329.309997559,0
2017-10-26,326.989990234,0
2017-10-27,329.230010986,0
2017-10-30,330.380004883,0
2017-10-31,333.570007324,0
2017-11-01,338.760009766,0
2017-11-02,337.529998779,0
2017-11-03,338.829986572,0
2017-11-06,337.399993896,0
2017-11-07,336.760009766,0
2017-11-08,337.799987793,0
2017-11-09,337.140014648,0
2017-11-10,335.959991455,0
2017-11-13,334.329986572,0
2017-11-14,333.619995117,0
2017-11-15,332.170013428,0
2017-11-16,334.359985352,0
2017-11-17,334.179992676,0
2017-11-20,332.920013428,0
2017-11-21,333.510009766,0
2017-11-22,335.489990234,0
2017-11-23,334.510009766,0
2017-11-24,335.440002441,0
2017-11-27,329.529998779,0
2017-11-28,330.989990234,0
2017-11-29,330.679992676,0
2017-11-30,325.25,0
2017-12-01,324.779998779,0
2017-12-04,328.769989014,0
2017-12-05,329.609985352,0
2017-12-06,324.519989014,0
2017-12-07,323.589996338,0
2017-12-08,324.679992676,0
2017-12-11,325.089996338,0
2017-12-12,324.070007324,0
2017-12-13,326.179992676,0
2017-12-14,324.739990234,0
2017-12-15,326.230010986,0
2017-12-18,326.600006104,0
2017-12-19,326.760009766,0
2017-12-21,319.720001221,0
2017-12-22,321.209991455,0
2017-12-26,318.890014648,0
2017-12-27,320.25,0
2017-12-28,324.739990234,0
2018-01-02,326,0
2018-01-03,327.130004883,0
2018-01-04,324.579986572,0
2018-01-05,328.970001221,0
2018-01-08,331.279998779,0
2018-01-09,330.25,0
2018-01-10,327.609985352,0
2018-01-11,325.670013428,0
2018-01-12,326.720001221,0
2018-01-15,327.390014648,0
2018-01-16,330.019989014,0
2018-01-17,329.190002441,0
2018-01-18,329.130004883,0
2018-01-19,329.519989014,0
2018-01-22,326.269989014,0
2018-01-23,330.929992676,0
2018-01-24,330.910003662,0
2018-01-25,334.079986572,0
2018-01-26,335.380004883,0
2018-01-29,338.049987793,0
2018-01-30,333.399993896,0
2018-01-31,333.380004883,0
2018-02-01,333.359985352,0
2018-02-02,327.010009766,0
2018-02-05,323.290008545,0
2018-02-06,318.010009766,0
2018-02-07,310.480010986,0
2018-02-08,311.619995117,0
2018-02-09,304.829986572,0
2018-02-12,308.130004883,0
2018-02-13,310.869995117,0
2018-02-14,314.399993896,0
2018-02-19,316.609985352,0
2018-02-20,312.829986572,0
2018-02-21,314.470001221,0
2018-02-22,312.170013428,0
2018-02-23,316.809997559,0
2018-02-26,317.339996338,0
2018-02-27,316.829986572,0
2018-02-28,312.859985352,0
2018-03-02,308.350006104,0
2018-03-05,304.579986572,0
2018-03-06,310.459991455,0
2018-03-07,311.140014648,0
2018-03-08,314.779998779,0
2018-03-09,317.670013428,0
2018-03-12,320.700012207,0
2018-03-13,322.980010986,0
2018-03-14,321.989990234,0
2018-03-15,322.739990234,0
2018-03-16,322.880004883,0
2018-03-19,320.350006104,0
2018-03-20,321.790008545,0
2018-03-21,321.600006104,0
2018-03-22,323.320007324,0
2018-03-23,312.420013428,0
2018-03-26,314.890014648,0
2018-03-27,316.339996338,0
2018-03-28,311.809997559,0
2018-03-29,313.820007324,0
2018-03-30,314.609985352,0
2018-04-02,314,0
2018-04-03,313.380004883,0
2018-04-04,308.540008545,0
2018-04-05,313.040008545,0
2018-04-06,311.609985352,0
2018-04-09,313.450012207,0
2018-04-10,313.940002441,0
2018-04-11,312.940002441,0
2018-04-12,313.220001221,0
2018-04-13,314.859985352,0
2018-04-16,315.170013428,0
2018-04-17,314.640014648,0
2018-04-18,318.640014648,0
2018-04-19,320.119995117,0
2018-04-20,317.890014648,0
2018-04-23,317.890014648,0
2018-04-24,315.859985352,0
2018-04-25,313.989990234,0
2018-04-26,318.079986572,0
2018-04-27,320.799987793,0
2018-04-30,323.559997559,0
2018-05-02,322.529998779,0
2018-05-03,320.549987793,0
2018-05-04,316.75,0
2018-05-08,315.869995117,0
2018-05-09,314.420013428,0
2018-05-10,317.309997559,0
2018-05-11,318.510009766,0
2018-05-14,317.720001221,0
2018-05-15,314.940002441,0
2018-05-16,315.970001221,0
2018-05-17,314.290008545,0
2018-05-18,315.369995117,0
2018-05-21,316.25,0
2018-05-23,318.309997559,0
2018-05-24,317.480010986,0
2018-05-25,318.049987793,0
2018-05-28,318.989990234,0
2018-05-29,316.200012207,0
2018-05-30,309.260009766,0
2018-05-31,310.920013428,0
2018-06-01,313.220001221,0
2018-06-04,314.839996338,0
2018-06-05,315.760009766,0
2018-06-07,317.670013428,0
2018-06-08,314.970001221,0
2018-06-11,317.220001221,0
2018-06-12,316.839996338,0
2018-06-14,311.200012207,0
2018-06-15,308.730010986,0
2018-06-18,305.350006104,0
2018-06-19,301.350006104,0
2018-06-20,304.019989014,0
2018-06-21,301.019989014,0
2018-06-22,303.690002441,0
2018-06-25,303.369995117,0
2018-06-26,302.760009766,0
2018-06-27,302.25,0
2018-06-28,298.260009766,0
2018-06-29,299.660003662,0
2018-07-02,292.929992676,0
2018-07-03,293.350006104,0
2018-07-04,292.260009766,0
2018-07-05,291.630004883,0
2018-07-06,293.109985352,0
2018-07-09,295.200012207,0
2018-07-10,296.190002441,0
2018-07-11,294.429992676,0
2018-07-12,294.410003662,0
2018-07-13,298.649993896,0
2018-07-16,297.369995117,0
2018-07-17,296.880004883,0
2018-07-18,296.470001221,0
2018-07-19,295.899993896,0
2018-07-20,296.950012207,0
2018-07-23,294.559997559,0
2018-07-24,295.489990234,0
2018-07-25,294.850006104,0
2018-07-26,296.950012207,0
2018-07-27,297.779998779,0
2018-07-30,297.290008545,0
2018-07-31,297.450012207,0
2018-08-01,298.690002441,0
2018-08-02,293.549987793,0
2018-08-03,295.609985352,0
2018-08-06,295.239990234,0
2018-08-07,297.179992676,0
2018-08-08,297.190002441,0
2018-08-09,297.410003662,0
2018-08-10,293.640014648,0
2018-08-13,289.850006104,0
2018-08-14,291.079986572,0
2018-08-16,288.239990234,0
2018-08-17,288.570007324,0
2018-08-20,288.609985352,0
2018-08-21,291.929992676,0
2018-08-22,293,0
2018-08-23,294.290008545,0
2018-08-24,295.540008545,0
2018-08-27,296.829986572,0
2018-08-28,297.220001221,0
2018-08-29,298.049987793,0
2018-08-30,298.049987793,0
2018-08-31,300.070007324,0
2018-09-03,297.489990234,0
2018-09-04,298.799987793,0
2018-09-05,294.959991455,0
2018-09-06,294.279998779,0
2018-09-07,292.859985352,0
2018-09-10,293.700012207,0
2018-09-11,292.459991455,0
2018-09-12,292.350006104,0
2018-09-13,292.420013428,0
2018-09-14,297.290008545,0
2018-09-17,295.230010986,0
2018-09-18,296.100006104,0
2018-09-19,296.640014648,0
2018-09-20,299.040008545,0
2018-09-21,300.809997559,0
2018-09-27,302.589996338,0
2018-09-28,300.510009766,0
2018-10-01,300.170013428,0
2018-10-02,296.529998779,0
2018-10-04,291.779998779,0
2018-10-05,291.279998779,0
2018-10-08,289.910003662,0
2018-10-10,287.850006104,0
2018-10-11,275.149993896,0
2018-10-12,279.369995117,0
2018-10-15,277.190002441,0
2018-10-16,276.899993896,0
2018-10-17,280.049987793,0
2018-10-18,277.480010986,0
2018-10-19,278.630004883,0
2018-10-22,279.399993896,0
2018-10-23,272.540008545,0
2018-10-24,271.359985352,0
2018-10-25,266.720001221,0
2018-10-26,262.690002441,0
2018-10-29,260.190002441,0
2018-10-30,262.470001221,0
2018-10-31,264.010009766,0
2018-11-01,262.950012207,0
2018-11-02,272.559997559,0
2018-11-05,270.070007324,0
2018-11-06,271.570007324,0
2018-11-07,270.450012207,0
2018-11-08,272.109985352,0
2018-11-09,271.329986572,0
2018-11-12,271.570007324,0
2018-11-13,269.700012207,0
2018-11-14,268.880004883,0
2018-11-15,271.540008545,0
2018-11-16,271.649993896,0
2018-11-19,272.309997559,0
2018-11-20,269.579986572,0
2018-11-21,268.269989014,0
2018-11-22,267.760009766,0
2018-11-23,266.329986572,0
2018-11-26,269.790008545,0
2018-11-27,272.079986572,0
2018-11-28,273.450012207,0
2018-11-29,274.160003662,0
2018-11-30,271.350006104,0
2018-12-03,276.179992676,0
2018-12-04,273.290008545,0
2018-12-05,271.489990234,0
2018-12-06,267.179992676,0
2018-12-07,268.279998779,0
2018-12-10,265.350006104,0
2018-12-11,264.690002441,0
2018-12-12,268.470001221,0
2018-12-13,269.410003662,0
2018-12-14,265.549987793,0
2018-12-17,266.329986572,0
2018-12-18,265.179992676,0
2018-12-19,267.309997559,0
2018-12-20,264.809997559,0
2018-12-21,265.059997559,0
2018-12-24,264.450012207,0
2018-12-26,260.980010986,0
2018-12-27,260.570007324,0
2018-12-28,261.980010986,0
2019-01-02,258.230010986,0
2019-01-03,255.770004272,0
2019-01-04,257.890014648,0
2019-01-07,261.570007324,0
2019-01-08,259.649993896,0
2019-01-09,265.600006104,0
2019-01-10,265.549987793,0
2019-01-11,267.130004883,0
2019-01-14,264.989990234,0
2019-01-15,269.929992676,0
2019-01-16,271.230010986,0
2019-01-17,271.880004883,0
2019-01-18,273.880004883,0
2019-01-21,274,0
2019-01-22,272.709991455,0
2019-01-23,273.869995117,0
2019-01-24,276.609985352,0
2019-01-25,281.670013428,0
2019-01-28,281.640014648,0
2019-01-29,283,0
2019-01-30,286.619995117,0
2019-01-31,285.890014648,0
2019-02-01,285.790008545,0
2019-02-07,285.649993896,0
2019-02-08,281.489990234,0
2019-02-11,282.100006104,0
2019-02-12,283.690002441,0
2019-02-13,284.970001221,0
2019-02-14,288.679992676,0
2019-02-15,283.980010986,0
2019-02-18,285.899993896,0
2019-02-19,284.910003662,0
2019-02-20,288.399993896,0
2019-02-21,288.410003662,0
2019-02-22,288.739990234,0
2019-02-25,289,0
2019-02-26,287.890014648,0
2019-02-27,288.760009766,0
2019-02-28,283.799987793,0
2019-03-04,282.510009766,0
2019-03-05,280.450012207,0
2019-03-06,279.850006104,0
2019-03-07,278.869995117,0
2019-03-08,274.839996338,0
2019-03-11,275.059997559,0
2019-03-12,277.730010986,0
2019-03-13,276,0
2019-03-14,276.640014648,0
2019-03-15,279.869995117,0
2019-03-18,279.929992676,0
2019-03-19,279.820007324,0
2019-03-20,279.920013428,0
2019-03-21,282.380004883,0
2019-03-22,283.130004883,0
2019-03-25,277.450012207,0
2019-03-26,277.600006104,0
2019-03-27,277.279998779,0
2019-03-28,275.079986572,0
2019-03-29,276.480010986,0
2019-04-01,280.320007324,0
2019-04-02,281.720001221,0
2019-04-03,285.649993896,0
2019-04-04,286.149993896,0
2019-04-05,286.679992676,0
2019-04-08,286.380004883,0
2019-04-09,286.709991455,0
2019-04-10,287.920013428,0
2019-04-11,287.420013428,0
2019-04-12,288.369995117,0
2019-04-15,289.380004883,0
2019-04-16,290.619995117,0
2019-04-17,290.329986572,0
2019-04-18,285.820007324,0
2019-04-19,285.890014648,0
2019-04-22,285.869995117,0
2019-04-23,286.470001221,0
2019-04-24,283.700012207,0
2019-04-25,282.829986572,0
2019-04-26,281.339996338,0
2019-04-29,286.790008545,0
2019-04-30,284.920013428,0
2019-05-02,286.119995117,0
2019-05-03,283.670013428,0
2019-05-07,281.309997559,0
2019-05-08,280.149993896,0
2019-05-09,271,0
2019-05-10,272.059997559,0
2019-05-13,268.720001221,0
2019-05-14,268.570007324,0
2019-05-15,269.640014648,0
2019-05-16,265.989990234,0
2019-05-17,264.350006104,0
2019-05-20,264.959991455,0
2019-05-21,266.119995117,0
2019-05-22,266.649993896,0
2019-05-23,266.380004883,0
2019-05-24,264.420013428,0
2019-05-27,264.399993896,0
2019-05-28,264.700012207,0
2019-05-29,261.369995117,0
2019-05-30,263.929992676,0
2019-05-31,263.890014648,0
2019-06-03,268.160003662,0
2019-06-04,267.660003662,0
2019-06-05,267.989990234,0
2019-06-07,268.269989014,0
2019-06-10,272.100006104,0
2019-06-11,273.209991455,0
2019-06-12,272.739990234,0
2019-06-13,271.130004883,0
2019-06-14,270.480010986,0
2019-06-17,270.089996338,0
2019-06-18,271.359985352,0
2019-06-19,275.309997559,0
2019-06-20,276.010009766,0
2019-06-21,275.480010986,0
2019-06-24,275.579986572,0
2019-06-25,275.279998779,0
2019-06-26,275.529998779,0
2019-06-27,277.75,0
2019-06-28,277.5,0
2019-07-01,277.269989014,0
2019-07-02,275.970001221,0
2019-07-03,272.369995117,0
2019-07-04,274.540008545,0
2019-07-05,274.350006104,0
2019-07-08,268.549987793,0
2019-07-09,267.720001221,0
2019-07-10,268.75,0
2019-07-11,271.779998779,0
2019-07-12,272.679992676,0
2019-07-15,272.640014648,0
2019-07-16,274.049987793,0
2019-07-17,271.480010986,0
2019-07-18,270.670013428,0
2019-07-19,274.549987793,0
2019-07-22,274.549987793,0
2019-07-23,275.920013428,0
2019-07-24,273.220001221,0
2019-07-25,273.040008545,0
2019-07-26,272.25,0
2019-07-29,267.75,0
2019-07-30,268.950012207,0
2019-07-31,266.339996338,0
2019-08-01,265.730010986,0
2019-08-02,262.989990234,0
2019-08-05,257.190002441,0
2019-08-06,253.410003662,0
2019-08-07,252,0
2019-08-08,252.399993896,0
2019-08-09,254.850006104,0
2019-08-12,255.350006104,0
2019-08-13,252.830001831,0
2019-08-14,254.86000061,0
2019-08-16,253.899993896,0
2019-08-19,255.11000061,0
2019-08-20,258.049987793,0
2019-08-21,258.380004883,0
2019-08-22,256.279998779,0
2019-08-23,256.109985352,0
2019-08-26,252.190002441,0
2019-08-27,253.5,0
2019-08-28,255.529998779,0
2019-08-29,254.309997559,0
2019-08-30,259,0
2019-09-02,259.079986572,0
2019-09-03,258.25,0
2019-09-04,261.690002441,0
2019-09-05,264.440002441,0
2019-09-06,265.529998779,0
2019-09-09,267.399993896,0
2019-09-10,268.760009766,0
2019-09-11,270.839996338,0
2019-09-16,272.019989014,0
2019-09-17,271.679992676,0
2019-09-18,273.059997559,0
2019-09-19,274.920013428,0
2019-09-20,276.440002441,0
2019-09-23,276.649993896,0
2019-09-24,277.970001221,0
2019-09-25,274.420013428,0
2019-09-26,274.890014648,0
2019-09-27,271.329986572,0
2019-09-30,273.549987793,0
2019-10-01,274.420013428,0
2019-10-02,268.549987793,0
2019-10-04,267.390014648,0
2019-10-07,267.670013428,0
2019-10-08,271.359985352,0
2019-10-10,268.799987793,0
2019-10-11,271.299987793,0
2019-10-14,274.230010986,0
2019-10-15,274.339996338,0
2019-10-16,276.320007324,0
2019-10-17,275.570007324,0
2019-10-18,272.809997559,0
2019-10-21,273.790008545,0
2019-10-22,277.410003662,0
2019-10-23,276.230010986,0
2019-10-24,276.700012207,0
2019-10-25,277.070007324,0
2019-10-28,277.779998779,0
2019-10-29,277.549987793,0
2019-10-30,275.510009766,0
2019-10-31,275.820007324,0
2019-11-01,278.429992676,0
2019-11-04,282.540008545,0
2019-11-05,284.380004883,0
2019-11-06,284.519989014,0
2019-11-07,284.369995117,0
2019-11-08,283.130004883,0
2019-11-11,280.850006104,0
2019-11-12,283.649993896,0
2019-11-13,281.279998779,0
2019-11-14,283.929992676,0
2019-11-15,287.290008545,0
2019-11-18,287.179992676,0
2019-11-19,286.230010986,0
2019-11-20,282.209991455,0
2019-11-21,278.279998779,0
2019-11-22,279.429992676,0
2019-11-25,282.190002441,0
2019-11-26,281.829986572,0
2019-11-27,282.850006104,0
2019-11-28,281.230010986,0
2019-11-29,276.779998779,0
2019-12-02,277.440002441,0
2019-12-03,276.190002441,0
2019-12-04,274.149993896,0
2019-12-05,273.299987793,0
2019-12-06,276.559997559,0
2019-12-09,278.029998779,0
2019-12-10,279.309997559,0
2019-12-11,280.279998779,0
2019-12-12,285.109985352,0
2019-12-13,290.109985352,0
2019-12-16,289.760009766,0
2019-12-17,294.399993896,0
2019-12-18,294.220001221,0
2019-12-19,294.309997559,0
2019-12-20,295.309997559,0
2019-12-23,294.869995117,0
2019-12-24,292.899993896,0
2019-12-26,294.059997559,0
2019-12-27,295.200012207,0
2019-12-30,293.769989014,0
2020-01-02,290.350006104,0
2020-01-03,290.739990234,0
2020-01-06,288.429992676,0
2020-01-07,291.230010986,0
2020-01-08,289.420013428,0
2020-01-09,294.410003662,0
2020-01-10,297.059997559,0
2020-01-13,300.130004883,0
2020-01-14,301.529998779,0
2020-01-15,299.739990234,0
2020-01-16,302.779998779,0
2020-01-17,303.299987793,0
2020-01-20,305.579986572,0
2020-01-21,302.109985352,0
2020-01-22,306.079986572,0
2020-01-23,302.329986572,0
2020-01-28,292.769989014,0
2020-01-29,293.980010986,0
2020-01-30,288.369995117,0
2020-01-31,284.529998779,0
2020-02-03,285.049987793,0
2020-02-04,290.679992676,0
2020-02-05,292.019989014,0
2020-02-06,300.649993896,0
2020-02-07,298.209991455,0
2020-02-10,296.239990234,0
2020-02-11,299.279998779,0
2020-02-12,301.540008545,0
2020-02-13,300.929992676,0
2020-02-14,303.010009766,0
2020-02-17,302.760009766,0
2020-02-18,297.739990234,0
2020-02-19,298.329986572,0
2020-02-20,296.649993896,0
2020-02-21,292.420013428,0
2020-02-24,281.019989014,0
2020-02-25,284.239990234,0
2020-02-26,279.940002441,0
2020-02-27,277.089996338,0
2020-02-28,268.019989014,0
2020-03-02,270.369995117,0
2020-03-03,271.559997559,0
2020-03-04,278.130004883,0
2020-03-05,281.380004883,0
2020-03-06,275.100006104,0
2020-03-09,263.109985352,0
2020-03-10,264.670013428,0
2020-03-11,257.010009766,0
2020-03-12,247.619995117,0
2020-03-13,240.649993896,0
2020-03-16,232.970001221,0
2020-03-17,226.88999939,0
2020-03-18,215.830001831,0
2020-03-19,199.279998779,0
2020-03-20,213.669998169,0
2020-03-23,201.869995117,0
2020-03-24,220.339996338,0
2020-03-25,232.88999939,0
2020-03-26,229.339996338,0
2020-03-27,233.789993286,0
2020-03-30,232.449996948,0
2020-03-31,236.820007324,0
2020-04-01,226.350006104,0
2020-04-02,231.839996338,0
2020-04-03,231.699996948,0
2020-04-06,240.809997559,0
2020-04-07,244.869995117,0
2020-04-08,241.88999939,0
2020-04-09,245.61000061,0
2020-04-10,248,0
2020-04-13,243.399993896,0
2020-04-14,247.449996948,0
2020-04-16,247.100006104,0
2020-04-17,255.020004272,0
2020-04-20,252.13999939,0
2020-04-21,249.399993896,0
2020-04-22,251.880004883,0
2020-04-23,253.740005493,0
2020-04-24,250.279998779,0
2020-04-27,254.839996338,0
2020-04-28,256.390014648,0
2020-04-29,258.149993896,0
2020-05-04,250.600006104,0
2020-05-06,255,0
2020-05-07,254.460006714,0
2020-05-08,256.619995117,0
2020-05-11,254.949996948,0
2020-05-12,253.369995117,0
2020-05-13,255.850006104,0
2020-05-14,253.649993896,0
2020-05-15,253.789993286,0
2020-05-18,255.440002441,0
2020-05-19,261.790008545,0
2020-05-20,262.720001221,0
2020-05-21,263.739990234,0
2020-05-22,259.619995117,0
2020-05-25,262.760009766,0
2020-05-26,267.309997559,0
2020-05-27,267.640014648,0
2020-05-28,268.290008545,0
2020-05-29,268.320007324,0
2020-06-01,273.190002441,0
2020-06-02,276.079986572,0
2020-06-03,285.910003662,0
2020-06-04,286.450012207,0
2020-06-05,290.619995117,0
2020-06-08,290.769989014,0
2020-06-09,291.320007324,0
2020-06-10,291.899993896,0
2020-06-11,288.619995117,0
2020-06-12,281.779998779,0
2020-06-15,267.950012207,0
2020-06-16,282.589996338,0
2020-06-17,283.019989014,0
2020-06-18,281.910003662,0
2020-06-19,283.369995117,0
2020-06-22,281.420013428,0
2020-06-23,281.940002441,0
2020-06-24,286.700012207,0
2020-06-25,279.730010986,0
2020-06-26,283.380004883,0
2020-06-29,278.040008545,0
2020-06-30,280.089996338,0
2020-07-01,280.260009766,0
2020-07-02,283.859985352,0
2020-07-03,285.890014648,0
2020-07-06,290.619995117,0
2020-07-07,286.769989014,0
2020-07-08,285.970001221,0
2020-07-09,287.25,0
2020-07-10,285.059997559,0
2020-07-13,289.839996338,0
2020-07-14,289.630004883,0
2020-07-15,292.269989014,0
2020-07-16,289.25,0
2020-07-17,291.570007324,0
2020-07-20,290.809997559,0
2020-07-21,295.160003662,0
2020-07-22,294.040008545,0
2020-07-23,292.369995117,0
2020-07-24,290.660003662,0
2020-07-27,293.510009766,0
2020-07-28,300.130004883,0
2020-07-29,301.25,0
2020-07-30,301.850006104,0
2020-07-31,299.320007324,0
2020-08-03,299.459991455,0
2020-08-04,303.040008545,0
2020-08-05,306.640014648,0
2020-08-06,311.320007324,0
2020-08-07,312.570007324,0
2020-08-10,316.769989014,0
2020-08-11,321.019989014,0
2020-08-12,322.679992676,0
2020-08-13,323.329986572,0
2020-08-14,319.239990234,0
2020-08-18,312.839996338,0
2020-08-19,313.540008545,0
2020-08-20,301.589996338,0
2020-08-21,306.160003662,0
2020-08-24,309.329986572,0
2020-08-25,313.589996338,0
2020-08-26,314.190002441,0
2020-08-27,311.380004883,0
2020-08-28,312.239990234,0
2020-08-31,307.140014648,0
2020-09-01,309.809997559,0
2020-09-02,311.5,0
2020-09-03,316.429992676,0
2020-09-04,312.029998779,0
2020-09-07,313.670013428,0
2020-09-08,317.380004883,0
2020-09-09,313.769989014,0
2020-09-10,316.529998779,0
2020-09-11,316.450012207,0
2020-09-14,320.980010986,0
2020-09-15,323.359985352,0
2020-09-16,322.309997559,0
2020-09-17,318,0
2020-09-18,318.390014648,0
2020-09-21,315.890014648,0
2020-09-22,308.820007324,0
2020-09-23,309.640014648,0
2020-09-24,302.480010986,0
2020-09-25,303.570007324,0
2020-09-28,307.029998779,0
2020-09-29,309.440002441,0
2020-10-05,313.510009766,0
2020-10-06,314.450012207,0
2020-10-07,317.350006104,0
2020-10-08,317.470001221,0
2020-10-12,319.149993896,0
2020-10-13,319.579986572,0
2020-10-14,316.570007324,0
2020-10-15,313.920013428,0
2020-10-16,311.829986572,0
2020-10-19,312.589996338,0
2020-10-20,314.709991455,0
2020-10-21,315.760009766,0
2020-10-22,313.769989014,0
2020-10-23,314.790008545,0
2020-10-26,313.529998779,0
2020-10-27,311.799987793,0
2020-10-28,313.170013428,0
2020-10-29,309.940002441,0
2020-10-30,301.600006104,0
2020-11-02,305.950012207,0
2020-11-03,312.070007324,0
2020-11-04,313.829986572,0
2020-11-05,321.510009766,0
2020-11-06,322.100006104,0
2020-11-09,325.829986572,0
2020-11-10,326.130004883,0
2020-11-11,331.119995117,0
2020-11-12,329.720001221,0
2020-11-13,333.029998779,0
2020-11-16,340.630004883,0
2020-11-17,339.850006104,0
2020-11-18,339.959991455,0
2020-11-19,340.160003662,0
2020-11-20,340.619995117,0
2020-11-23,348.459991455,0
2020-11-24,350.279998779,0
2020-11-25,348.299987793,0
2020-11-26,352.119995117,0
2020-11-27,352.730010986,0
2020-11-30,346.049987793,0
2020-12-01,352.399993896,0
2020-12-02,358.660003662,0
2020-12-03,361.660003662,0
2020-12-04,367.630004883,0
2020-12-07,369.859985352,0
2020-12-08,363.450012207,0
2020-12-09,371.470001221,0
2020-12-10,369.369995117,0
2020-12-11,372.239990234,0
2020-12-14,371.559997559,0
2020-12-15,370.880004883,0
2020-12-16,372.529998779,0
2020-12-17,372,0
2020-12-18,371.549987793,0
2020-12-21,372.179992676,0
2020-12-22,366.429992676,0
2020-12-23,371.320007324,0
2020-12-24,379.179992676,0
2020-12-28,379.929992676,0
2020-12-29,381.269989014,0
2020-12-30,389.290008545,0
2021-01-04,399.880004883,0
2021-01-05,406.029998779,0
2021-01-06,402.079986572,0
2021-01-07,410.809997559,0
2021-01-08,430.220001221,0
2021-01-11,431.130004883,0
2021-01-12,427.869995117,0
2021-01-13,430.380004883,0
2021-01-14,429.850006104,0
2021-01-15,420.429992676,0
2021-01-18,410.5,0
2021-01-19,421.350006104,0
2021-01-20,424.010009766,0
2021-01-21,430.269989014,0
2021-01-22,427.130004883,0
2021-01-25,437.299987793,0
2021-01-26,426.730010986,0
2021-01-27,423.670013428,0
2021-01-28,416.399993896,0
2021-01-29,404.559997559,0
2021-02-01,415.450012207,0
2021-02-02,421.029998779,0
2021-02-03,425.209991455,0
2021-02-04,418.309997559,0
2021-02-05,423.299987793,0
2021-02-08,418.950012207,0
2021-02-09,417.910003662,0
2021-02-10,419.649993896,0
2021-02-15,427.010009766,0
2021-02-16,429.239990234,0
2021-02-17,424.200012207,0
2021-02-18,417.440002441,0
2021-02-19,420.940002441,0
2021-02-22,416.880004883,0
2021-02-23,415.820007324,0
2021-02-24,407.160003662,0
2021-02-25,422.519989014,0
2021-02-26,409.910003662,0
2021-03-02,414.799987793,0
2021-03-03,420.269989014,0
2021-03-04,414.170013428,0
2021-03-05,412,0
2021-03-08,408.339996338,0
2021-03-09,405.790008545,0
2021-03-10,403.480010986,0
2021-03-11,411.019989014,0
2021-03-12,416.130004883,0
2021-03-15,414.179992676,0
2021-03-16,417.309997559,0
2021-03-17,414.010009766,0
2021-03-18,417.059997559,0
2021-03-19,412.910003662,0
2021-03-22,412.640014648,0
2021-03-23,408.709991455,0
2021-03-24,407.100006104,0
2021-03-25,408.529998779,0
2021-03-26,412.890014648,0
2021-03-29,412.049987793,0
2021-03-30,416.609985352,0
2021-03-31,415.040008545,0
2021-04-01,419.420013428,0
2021-04-02,423.739990234,0
2021-04-05,424.850006104,0
2021-04-06,425.880004883,0
2021-04-07,426.700012207,0
2021-04-08,426.859985352,0
2021-04-09,424.299987793,0
2021-04-12,424.220001221,0
2021-04-13,429.079986572,0
2021-04-14,430.709991455,0
2021-04-15,432.660003662,0
2021-04-16,432.429992676,0
2021-04-19,431.959991455,0
2021-04-20,434.600006104,0
2021-04-21,426.75,0
2021-04-22,427.369995117,0
2021-04-23,427.760009766,0
2021-04-26,432.359985352,0
2021-04-27,432.140014648,0
2021-04-28,427.480010986,0
2021-04-29,426.279998779,0
2021-04-30,422.359985352,0
2021-05-03,420.359985352,0
2021-05-04,423.570007324,0
2021-05-06,424.059997559,0
2021-05-07,428.559997559,0
2021-05-10,435.630004883,0
2021-05-11,428.769989014,0
2021-05-12,421.859985352,0
2021-05-13,416.070007324,0
2021-05-14,420.170013428,0
2021-05-17,418.269989014,0
2021-05-18,423.089996338,0
2021-05-20,421.679992676,0
2021-05-21,422.079986572,0
2021-05-24,420.570007324,0
2021-05-25,424.350006104,0
2021-05-26,423.540008545,0
2021-05-27,423,0
2021-05-28,425.950012207,0
2021-05-31,427.910003662,0
2021-06-01,430.320007324,0
2021-06-02,430.149993896,0
2021-06-03,433.869995117,0
2021-06-04,432.220001221,0
2021-06-07,433.260009766,0
2021-06-08,432.880004883,0
2021-06-09,428.160003662,0
2021-06-10,429.350006104,0
2021-06-11,432.779998779,0
2021-06-14,433.220001221,0
2021-06-15,434.130004883,0
2021-06-16,436.959991455,0
2021-06-17,434.730010986,0
2021-06-18,435.019989014,0
2021-06-21,431.459991455,0
2021-06-22,434.420013428,0
2021-06-23,436.730010986,0
2021-06-24,438.380004883,0
2021-06-25,440.399993896,0
2021-06-28,439.980010986,0
2021-06-29,437.540008545,0
2021-06-30,438.839996338,0
2021-07-01,436.339996338,0
2021-07-02,436,0
2021-07-05,437.660003662,0
2021-07-06,439.5,0
2021-07-07,436.970001221,0
2021-07-08,432.630004883,0
2021-07-09,427.839996338,0
2021-07-12,431.279998779,0
2021-07-13,434.709991455,0
2021-07-14,433.570007324,0
2021-07-15,436.760009766,0
2021-07-16,434.820007324,0
2021-07-19,429.890014648,0
2021-07-20,428.549987793,0
2021-07-21,426,0
2021-07-22,431.380004883,0
2021-07-23,431.549987793,0
2021-07-26,427.470001221,0
2021-07-27,428.220001221,0
2021-07-28,429.149993896,0
2021-07-29,429.489990234,0
2021-07-30,423.910003662,0
2021-08-02,426.790008545,0
2021-08-03,429.980010986,0
2021-08-04,436.049987793,0
2021-08-05,434.739990234,0
2021-08-06,433.290008545,0
2021-08-09,431.649993896,0
2021-08-10,428.559997559,0
2021-08-11,424.739990234,0
2021-08-12,422.380004883,0
2021-08-13,416.059997559,0
2021-08-17,411.309997559,0
2021-08-18,413.359985352,0
2021-08-19,404.959991455,0
2021-08-20,400.779998779,0
2021-08-23,404.579986572,0
2021-08-24,412.480010986,0
2021-08-25,413.950012207,0
2021-08-26,410.380004883,0
2021-08-27,410.239990234,0
2021-08-30,411.5,0
2021-08-31,419.790008545,0
2021-09-01,419.920013428,0
2021-09-02,415.890014648,0
2021-09-03,419.220001221,0
2021-09-06,420.369995117,0
2021-09-07,417.799987793,0
2021-09-08,414.540008545,0
2021-09-09,407.279998779,0
2021-09-10,408.700012207,0
2021-09-13,409.700012207,0
2021-09-14,412.359985352,0
2021-09-15,412.850006104,0
2021-09-16,409.220001221,0
2021-09-17,410.989990234,0
2021-09-23,410.459991455,0
2021-09-24,409.839996338,0
2021-09-27,410.970001221,0
2021-09-28,406.200012207,0
2021-09-29,400.089996338,0
2021-09-30,401.299987793,0
2021-10-01,394.790008545,0
2021-10-05,388.010009766,0
2021-10-06,381.929992676,0
2021-10-07,388.140014648,0
2021-10-08,387.420013428,0
2021-10-12,380.690002441,0
2021-10-13,384.100006104,0
2021-10-14,389.589996338,0
2021-10-15,393.190002441,0
2021-10-18,392.019989014,0
2021-10-19,395.410003662,0
2021-10-20,393.739990234,0
2021-10-21,393.179992676,0
2021-10-22,393.339996338,0
2021-10-25,395.010009766,0
2021-10-26,399.070007324,0
2021-10-27,395.480010986,0
2021-10-28,393.890014648,0
2021-10-29,388.470001221,0
2021-11-01,389.809997559,0
2021-11-02,394.820007324,0
2021-11-03,389.480010986,0
2021-11-04,391.540008545,0
2021-11-05,389.859985352,0
2021-11-08,389.589996338,0
2021-11-09,390.359985352,0
2021-11-10,386.239990234,0
2021-11-11,385.970001221,0
2021-11-12,390.380004883,0
2021-11-15,394.359985352,0
2021-11-16,394.070007324,0
2021-11-17,389.440002441,0
2021-11-18,387.440002441,0
2021-11-19,390.529998779,0
2021-11-22,399.070007324,0
2021-11-23,396.440002441,0
2021-11-24,395.399993896,0
2021-11-25,391.929992676,0
2021-11-26,385.070007324,0
2021-11-29,381.630004883,0
2021-11-30,373.239990234,0
2021-12-01,383.130004883,0
2021-12-02,389.640014648,0
2021-12-03,391.959991455,0
2021-12-06,392.850006104,0
2021-12-07,396.309997559,0
2021-12-08,397.269989014,0
2021-12-09,401.130004883,0
2021-12-10,397.970001221,0
2021-12-13,397.269989014,0
2021-12-14,395.410003662,0
2021-12-15,395.660003662,0
2021-12-16,397.679992676,0
2021-12-17,398.959991455,0
2021-12-20,391.369995117,0
2021-12-21,393.950012207,0
2021-12-22,396.070007324,0
2021-12-23,398.149993896,0
2021-12-24,400.529998779,0
2021-12-27,398.609985352,0
2021-12-28,401.209991455,0
2021-12-29,396.720001221,0
2021-12-30,394.190002441,0
2022-01-04,395.399993896,0
2022-01-05,390.390014648,0
2022-01-06,386.220001221,0
2022-01-07,390.850006104,0
2022-01-10,387.519989014,0
2022-01-11,388.970001221,0
2022-01-12,394.660003662,0
2022-01-13,393,0
2022-01-14,387.450012207,0
2022-01-17,383.809997559,0
2022-01-18,381.010009766,0
2022-01-19,378.209991455,0
2022-01-20,380.390014648,0
2022-01-21,376.079986572,0
2022-01-24,371.299987793,0
2022-01-25,362.390014648,0
2022-01-26,360.829986572,0
2022-01-27,348.579986572,0
2022-01-28,357.980010986,0
2022-02-03,361.600006104,0
2022-02-04,366.339996338,0
2022-02-07,362.920013428,0
2022-02-08,363.480010986,0
2022-02-09,368.649993896,0
2022-02-10,371.570007324,0
2022-02-11,368.609985352,0
2022-02-14,362.980010986,0
2022-02-15,360.429992676,0
2022-02-16,367.299987793,0
2022-02-17,369.549987793,0
2022-02-18,368.549987793,0
2022-02-21,368.290008545,0
2022-02-22,363.510009766,0
2022-02-23,364.440002441,0
2022-02-24,355.040008545,0
2022-02-25,358.440002441,0
2022-02-28,361.540008545,0
2022-03-02,360.589996338,0
2022-03-03,367.059997559,0
2022-03-04,361.690002441,0
2022-03-07,353.029998779,0
2022-03-08,349.380004883,0
2022-03-10,358.010009766,0
2022-03-11,355.309997559,0
2022-03-14,354.609985352,0
2022-03-15,351.029998779,0
2022-03-16,356.089996338,0
2022-03-17,361.459991455,0
2022-03-18,362.329986572,0
2022-03-21,358.769989014,0
2022-03-22,361.660003662,0
2022-03-23,364.839996338,0
2022-03-24,363.380004883,0
2022-03-25,362.059997559,0
2022-03-28,362.059997559,0
2022-03-29,363.769989014,0
2022-03-30,364.5,0
2022-03-31,365.609985352,0
2022-04-01,363.190002441,0
2022-04-04,364.940002441,0
2022-04-05,364.739990234,0
2022-04-06,361.010009766,0
2022-04-07,355.730010986,0
2022-04-08,356.010009766,0
2022-04-11,355.779998779,0
2022-04-12,352.320007324,0
2022-04-13,359,0
2022-04-14,357.380004883,0
2022-04-15,353.839996338,0
2022-04-18,353.630004883,0
2022-04-19,357.359985352,0
2022-04-20,357.519989014,0
2022-04-21,359.019989014,0
2022-04-22,355.429992676,0
2022-04-25,348.980010986,0
2022-04-26,350.670013428,0
2022-04-27,346.209991455,0
2022-04-28,350.160003662,0
2022-04-29,355.079986572,0
2022-05-02,354.019989014,0
2022-05-03,353.320007324,0
2022-05-04,353.850006104,0
2022-05-06,349,0
2022-05-10,343.670013428,0
2022-05-11,343.440002441,0
2022-05-12,337.940002441,0
2022-05-13,345.5,0
2022-05-16,343.940002441,0
2022-05-17,347.529998779,0
2022-05-18,348.339996338,0
2022-05-19,343.239990234,0
2022-05-20,349.290008545,0
2022-05-23,350.339996338,0
2022-05-24,344.079986572,0
2022-05-25,345.600006104,0
2022-05-26,344.260009766,0
2022-05-27,348.040008545,0
2022-05-30,352.489990234,0
2022-05-31,354.540008545,0
2022-06-02,350.510009766,0
2022-06-03,352.010009766,0
2022-06-07,345.670013428,0
2022-06-08,346.220001221,0
2022-06-09,346.619995117,0
2022-06-10,341.890014648,0
2022-06-13,329.880004883,0
2022-06-14,328.230010986,0
2022-06-15,322.209991455,0
2022-06-16,322.25,0
2022-06-17,320.089996338,0
2022-06-20,314.440002441,0
2022-06-21,316.380004883,0
2022-06-22,308.079986572,0
2022-06-23,305.450012207,0
2022-06-24,312.070007324,0
2022-06-27,316.200012207,0
2022-06-28,319.109985352,0
2022-06-29,312.859985352,0
2022-06-30,307.200012207,0
2022-07-01,304.019989014,0
2022-07-04,304.010009766,0
2022-07-05,309.029998779,0
2022-07-06,302.279998779,0
2022-07-07,308.309997559,0
2022-07-08,310.149993896,0
2022-07-11,308.290008545,0
2022-07-12,305.029998779,0
2022-07-13,306.589996338,0
2022-07-14,305.350006104,0
2022-07-15,307.910003662,0
2022-07-18,314.869995117,0
2022-07-19,313.899993896,0
2022-07-20,316.019989014,0
2022-07-21,319.679992676,0
2022-07-22,317.329986572,0
2022-07-25,318.339996338,0
2022-07-26,319.609985352,0
2022-07-27,319.739990234,0
2022-07-28,321.619995117,0
2022-07-29,323.309997559,0
2022-08-01,322.970001221,0
2022-08-02,321.640014648,0
2022-08-03,323.799987793,0
2022-08-04,325.470001221,0
2022-08-05,327.5,0
2022-08-08,327.230010986,0
2022-08-09,328.109985352,0
2022-08-10,324.350006104,0
2022-08-11,329.920013428,0
2022-08-12,330.670013428,0
2022-08-16,331.779998779,0
2022-08-17,329.910003662,0
2022-08-18,328.799987793,0
2022-08-19,326.790008545,0
2022-08-22,322.769989014,0
2022-08-23,318.690002441,0
2022-08-24,319.859985352,0
2022-08-25,323.630004883,0
2022-08-26,323.910003662,0
2022-08-29,316.350006104,0
2022-08-30,319.489990234,0
2022-08-31,322.959991455,0
2022-09-01,315.019989014,0
2022-09-02,312.920013428,0
2022-09-05,312.470001221,0
2022-09-06,313.010009766,0
2022-09-07,308.160003662,0
2022-09-08,309.119995117,0
2022-09-13,318.559997559,0
2022-09-14,312.739990234,0
2022-09-15,310.630004883,0
2022-09-16,308.690002441,0
2022-09-19,306.489990234,0
2022-09-20,307.540008545,0
2022-09-21,304.670013428,0
2022-09-22,301.649993896,0
2022-09-23,297.739990234,0
2022-09-26,289.769989014,0
2022-09-27,290.200012207,0
2022-09-28,283.190002441,0
2022-09-29,282.649993896,0
2022-09-30,281.359985352,0
2022-10-04,288.269989014,0
2022-10-05,289.049987793,0
2022-10-06,291.260009766,0
2022-10-07,290.410003662,0
2022-10-11,284.959991455,0
2022-10-12,287.089996338,0
2022-10-13,282.570007324,0
2022-10-14,289.359985352,0
2022-10-17,289.570007324,0
2022-10-18,293.589996338,0
2022-10-19,291.290008545,0
2022-10-20,288.609985352,0
2022-10-21,288.570007324,0
2022-10-24,291.470001221,0
2022-10-25,291.579986572,0
2022-10-26,293.850006104,0
2022-10-27,298.820007324,0
2022-10-28,295.059997559,0
2022-10-31,299.579986572,0
2022-11-01,303.880004883,0
2022-11-02,303.869995117,0
2022-11-03,301.660003662,0
2022-11-04,304.329986572,0
2022-11-07,307.869995117,0
2022-11-08,312.010009766,0
2022-11-09,315.230010986,0
2022-11-10,311.130004883,0
2022-11-11,323.089996338,0
2022-11-14,321.529998779,0
2022-11-15,322.309997559,0
2022-11-16,321.959991455,0
2022-11-17,316.75,0
2022-11-18,317.119995117,0
2022-11-21,314.670013428,0
2022-11-22,312.019989014,0
2022-11-23,314.109985352,0
2022-11-24,317.299987793,0
2022-11-25,316.070007324,0
2022-11-28,312.209991455,0
2022-11-29,315.579986572,0
2022-11-30,321,0
2022-12-01,322.019989014,0
2022-12-02,315.019989014,0
2022-12-05,313.910003662,0
2022-12-06,310.140014648,0
2022-12-07,308.269989014,0
2022-12-08,308.239990234,0
2022-12-09,311.630004883,0
2022-12-12,309.640014648,0
2022-12-13,309.559997559,0
2022-12-14,313.230010986,0
2022-12-15,307.730010986,0
2022-12-16,307.480010986,0
2022-12-19,306.769989014,0
2022-12-20,304.049987793,0
2022-12-21,303.230010986,0
2022-12-22,307.480010986,0
2022-12-23,302.070007324,0
2022-12-26,302.269989014,0
2022-12-27,304.220001221,0
2022-12-28,297.089996338,0
2022-12-29,291.100006104,0
2023-01-02,289.790008545,0
2023-01-03,289.579986572,0
2023-01-04,295.980010986,0
2023-01-05,297.869995117,0
2023-01-06,301.529998779,0
2023-01-09,309.690002441,0
2023-01-10,309.570007324,0
2023-01-11,310.380004883,0
2023-01-12,310.700012207,0
2023-01-13,313.769989014,0
2023-01-16,316.040008545,0
2023-01-17,313.75,0
2023-01-18,311.910003662,0
2023-01-19,313.809997559,0
2023-01-20,315.579986572,0
2023-01-25,320.760009766,0
2023-01-26,325.570007324,0
2023-01-27,327.980010986,0
2023-01-30,322.670013428,0
2023-01-31,317.260009766,0
2023-02-01,321.190002441,0
2023-02-02,323.929992676,0
2023-02-03,325.859985352,0
2023-02-06,318.829986572,0
2023-02-07,320.549987793,0
2023-02-08,325.630004883,0
2023-02-09,324.899993896,0
2023-02-10,323.690002441,0
2023-02-13,321.75,0
2023-02-14,323.470001221,0
2023-02-15,317.989990234,0
2023-02-16,324.100006104,0
2023-02-17,320.779998779,0
2023-02-20,321.790008545,0
2023-02-21,321.559997559,0
2023-02-22,315.940002441,0
2023-02-23,319.440002441,0
2023-02-24,316.940002441,0
2023-02-27,313.940002441,0
2023-02-28,314.799987793,0
2023-03-02,316.260009766,0
2023-03-03,316.359985352,0
2023-03-06,320.940002441,0
2023-03-07,319.799987793,0
2023-03-08,315.380004883,0
2023-03-09,314.040008545,0
2023-03-10,310.649993896,0
2023-03-13,313.209991455,0
2023-03-14,305.579986572,0
2023-03-15,309.100006104,0
2023-03-16,308.390014648,0
2023-03-17,312.070007324,0
2023-03-20,309.489990234,0
2023-03-21,310.359985352,0
2023-03-22,314.109985352,0
2023-03-23,315.75,0
2023-03-24,314.299987793,0
2023-03-27,312.850006104,0
2023-03-28,316.359985352,0
2023-03-29,317.010009766,0
2023-03-30,318.049987793,0
2023-03-31,322.029998779,0
2023-04-03,320.380004883,0
2023-04-04,321.75,0
2023-04-05,323.559997559,0
2023-04-06,317.820007324,0
2023-04-07,323.359985352,0
2023-04-10,326.380004883,0
2023-04-11,330.869995117,0
2023-04-12,332.089996338,0
2023-04-13,333.089996338,0
2023-04-14,333.679992676,0
2023-04-17,333.920013428,0
2023-04-18,333.5,0
2023-04-19,333.769989014,0
2023-04-20,332.660003662,0
2023-04-21,330.940002441,0
2023-04-24,328.700012207,0
2023-04-25,324.480010986,0
2023-04-26,323.970001221,0
2023-04-27,325.089996338,0
2023-04-28,326.459991455,0
2023-05-02,329.089996338,0
2023-05-03,326.519989014,0
2023-05-04,326.170013428,0
2023-05-08,328.899993896,0
2023-05-09,328.220001221,0
2023-05-10,326.040008545,0
2023-05-11,325.279998779,0
2023-05-12,323.609985352,0
2023-05-15,324.459991455,0
2023-05-16,325.309997559,0
2023-05-17,326.609985352,0
2023-05-18,329.839996338,0
2023-05-19,334.230010986,0
2023-05-22,336.269989014,0
2023-05-23,337.089996338,0
2023-05-24,336.489990234,0
2023-05-25,335.350006104,0
2023-05-26,337.109985352,0
2023-05-30,341.5,0
2023-05-31,339.119995117,0
2023-06-01,338.079986572,0
2023-06-02,342.670013428,0
2023-06-05,343.910003662,0
2023-06-07,343.220001221,0
2023-06-08,342.75,0
2023-06-09,346.790008545,0
2023-06-12,344.570007324,0
2023-06-13,346.390014648,0
2023-06-14,344.649993896,0
2023-06-15,343.190002441,0
2023-06-16,345.170013428,0
2023-06-19,343.130004883,0
2023-06-20,342.579986572,0
2023-06-21,339.440002441,0
2023-06-22,341.119995117,0
2023-06-23,338.450012207,0
2023-06-26,340.380004883,0
2023-06-27,340.320007324,0
2023-06-28,338.410003662,0
2023-06-29,336.390014648,0
2023-06-30,337.950012207,0
2023-07-03,343.079986572,0
2023-07-04,341.589996338,0
2023-07-05,339.040008545,0
2023-07-06,336.200012207,0
2023-07-07,331.570007324,0
2023-07-10,330.839996338,0
2023-07-11,337.019989014,0
2023-07-12,339.459991455,0
2023-07-13,341.130004883,0
2023-07-14,346.929992676,0
2023-07-17,345.75,0
2023-07-18,343.380004883,0
2023-07-19,343.109985352,0
2023-07-20,341.670013428,0
2023-07-21,342.390014648,0
2023-07-24,344.320007324,0
2023-07-25,344.920013428,0
2023-07-26,340.559997559,0
2023-07-27,344.760009766,0
2023-07-28,344.029998779,0
2023-07-31,345.619995117,0
2023-08-01,351,0
2023-08-02,343.799987793,0
2023-08-03,341.540008545,0
2023-08-04,341.25,0
2023-08-07,339.679992676,0
2023-08-08,337.950012207,0
2023-08-09,341.609985352,0
2023-08-10,340.459991455,0
2023-08-11,338.980010986,0
2023-08-14,336.329986572,0
2023-08-16,331.279998779,0
2023-08-17,330.230010986,0
2023-08-18,328.420013428,0
2023-08-21,328.839996338,0
2023-08-22,329.700012207,0
2023-08-23,329.149993896,0
2023-08-24,333.820007324,0
2023-08-25,330.25,0
2023-08-28,332.529998779,0
2023-08-29,333.760009766,0
2023-08-30,334.940002441,0
2023-08-31,334.75,0
2023-09-01,338.279998779,0
2023-09-04,341.019989014,0
2023-09-05,340.290008545,0
2023-09-06,337.850006104,0
2023-09-07,336.739990234,0
2023-09-08,336.399993896,0
2023-09-11,337.579986572,0
2023-09-12,335.540008545,0
2023-09-13,335.989990234,0
2023-09-14,341.190002441,0
2023-09-15,344.980010986,0
2023-09-18,340.670013428,0
2023-09-19,338.820007324,0
2023-09-20,338.75,0
2023-09-21,333.040008545,0
2023-09-22,332.019989014,0
2023-09-25,331.579986572,0
2023-09-26,326.899993896,0
2023-09-27,326.709991455,0
2023-10-04,319.450012207,0
2023-10-05,318.579986572,0
2023-10-06,318.940002441,0
2023-10-10,319.109985352,0
2023-10-11,324.739990234,0
2023-10-12,328.850006104,0
2023-10-13,325.769989014,0
2023-10-16,323.290008545,0
2023-10-17,327.350006104,0
2023-10-18,328.820007324,0
2023-10-19,322.760009766,0
2023-10-20,317.959991455,0
2023-10-23,315.5,0
2023-10-24,318.429992676,0
2023-10-25,316.489990234,0
2023-10-26,307.75,0
2023-10-27,308.529998779,0
2023-10-30,308.950012207,0
2023-10-31,305.559997559,0
2023-11-01,309.709991455,0
2023-11-02,315.160003662,0
2023-11-03,318.239990234,0
2023-11-06,334.160003662,0
2023-11-07,327.290008545,0
2023-11-08,324,0
2023-11-09,325.290008545,0
2023-11-10,323.75,0
2023-11-13,323.309997559,0
2023-11-14,326.570007324,0
2023-11-15,333.959991455,0
2023-11-16,334.309997559,0
2023-11-17,332.059997559,0
2023-11-20,334.230010986,0
2023-11-21,336.570007324,0
2023-11-22,336.809997559,0
2023-11-23,336.910003662,0
2023-11-24,334,0
2023-11-27,333.670013428,0
2023-11-28,337.519989014,0
2023-11-29,336.619995117,0
2023-11-30,338.429992676,0
2023-12-01,334.799987793,0
2023-12-04,336.140014648,0
2023-12-05,332.850006104,0
2023-12-06,333.450012207,0
2023-12-07,332.670013428,0
2023-12-08,336.600006104,0
2023-12-11,337.929992676,0
2023-12-12,339.769989014,0
2023-12-13,336.679992676,0
2023-12-14,341.329986572,0
2023-12-15,343.989990234,0
2023-12-18,343.5,0
2023-12-19,343.950012207,0
2023-12-20,350.109985352,0
2023-12-21,348.779998779,0
2023-12-22,349.149993896,0
2023-12-26,350.429992676,0
2023-12-27,352.459991455,0
2023-12-28,357.989990234,0
2024-01-02,360.549987793,0
2024-01-03,351.200012207,0
2024-01-04,348.070007324,0
2024-01-05,347.220001221,0
2024-01-08,345.579986572,0
2024-01-09,343.809997559,0
2024-01-10,340.660003662,0
2024-01-11,340.279998779,0
2024-01-12,338.220001221,0
2024-01-15,339.239990234,0
2024-01-16,334.730010986,0
2024-01-17,326.109985352,0
2024-01-18,327.130004883,0
2024-01-19,332.989990234,0
2024-01-22,332.630004883,0
2024-01-23,334.970001221,0
2024-01-24,333.269989014,0
2024-01-25,333.799987793,0
2024-01-26,334.209991455,0
2024-01-29,337.839996338,0
2024-01-30,337.480010986,0
2024-01-31,336.239990234,0
2024-02-01,342.410003662,0
2024-02-02,353.429992676,0
2024-02-05,349.149993896,0
2024-02-06,347.799987793,0
2024-02-07,352.25,0
2024-02-08,353.290008545,0
2024-02-13,357.380004883,0
2024-02-14,352.690002441,0
2024-02-15,351.209991455,0
2024-02-16,355.519989014,0
2024-02-19,360.880004883,0
2024-02-20,356.920013428,0
2024-02-21,356.040008545,0
2024-02-22,357.670013428,0
2024-02-23,358.570007324,0
2024-02-26,355.480010986,0
2024-02-27,352.760009766,0
2024-02-28,356.790008545,0
2024-02-29,355.570007324,0
2024-03-04,361.100006104,0
2024-03-05,357.589996338,0
2024-03-06,356.25,0
2024-03-07,356.820007324,0
2024-03-08,361.709991455,0
2024-03-11,358.339996338,0
2024-03-12,361.109985352,0
2024-03-13,363.040008545,0
2024-03-14,366.679992676,0
2024-03-15,359.390014648,0
2024-03-18,361.309997559,0
2024-03-19,357.329986572,0
2024-03-20,363.320007324,0
2024-03-21,373.660003662,0
2024-03-22,372.649993896,0
2024-03-25,370.730010986,0
2024-03-26,374.600006104,0
2024-03-27,374.079986572,0
2024-03-28,373.220001221,0
2024-03-29,374.630004883,0
2024-04-01,374.279998779,0
2024-04-02,376.339996338,0
2024-04-03,369.720001221,0
2024-04-04,375.609985352,0
2024-04-05,371.570007324,0
2024-04-08,372.510009766,0
2024-04-09,370.269989014,0
2024-04-11,370.720001221,0
2024-04-12,367.25,0
2024-04-15,365.309997559,0
2024-04-16,356.670013428,0
2024-04-17,352.790008545,0
2024-04-18,359.059997559,0
2024-04-19,352.579986572,0
2024-04-22,356.890014648,0
2024-04-23,355.980010986,0
2024-04-24,363.600006104,0
2024-04-25,356.510009766,0
2024-04-26,361.019989014,0
2024-04-29,364.480010986,0
2024-04-30,365.130004883,0
2024-05-02,364.309997559,0
2024-05-03,363.579986572,0
2024-05-07,372.799987793,0
2024-05-08,374.089996338,0
2024-05-09,368.829986572,0
2024-05-10,371.079986572,0
2024-05-13,370.989990234,0
2024-05-14,371.040008545,0
2024-05-16,374.600006104,0
2024-05-17,370.579986572,0
2024-05-20,373.679992676,0
2024-05-21,371.549987793,0
2024-05-22,371.410003662,0
2024-05-23,371.619995117,0
2024-05-24,366.079986572,0
2024-05-27,371.160003662,0
2024-05-28,371.329986572,0
2024-05-29,364.959991455,0
2024-05-30,358.700012207,0
2024-05-31,358.209991455,0
2024-06-03,365.480010986,0
2024-06-04,362.519989014,0
2024-06-05,366.440002441,0
2024-06-07,371.390014648,0
2024-06-10,367.459991455,0
2024-06-11,367.709991455,0
2024-06-12,371.119995117,0
2024-06-13,374.75,0
2024-06-14,376,0
2024-06-17,373.859985352,0
2024-06-18,377.730010986,0
2024-06-19,383.010009766,0
2024-06-20,384.779998779,0
2024-06-21,380.880004883,0
2024-06-24,378.390014648,0
2024-06-25,379.850006104,0
2024-06-26,383.010009766,0
2024-06-27,382.269989014,0
2024-06-28,384.019989014,0
2024-07-01,384.339996338,0
2024-07-02,381.200012207,0
2024-07-03,383.230010986,0
2024-07-04,388.529998779,0
2024-07-05,395.470001221,0
2024-07-08,394.470001221,0
2024-07-09,395.790008545,0
2024-07-10,395.600006104,0
2024-07-11,398.519989014,0
2024-07-12,392.290008545,0
2024-07-15,393.839996338,0
2024-07-16,395.309997559,0
2024-07-17,391.549987793,0
2024-07-18,389,0
2024-07-19,383.890014648,0
2024-07-22,379.839996338,0
2024-07-23,381.649993896,0
2024-07-24,378.660003662,0
2024-07-25,371.260009766,0
2024-07-26,374.200012207,0
2024-07-29,378.730010986,0
2024-07-30,374.869995117,0
2024-07-31,380.489990234,0
2024-08-01,380.540008545,0
2024-08-02,365.170013428,0
2024-08-05,331.859985352,0
2024-08-06,341.730010986,0
2024-08-07,349.089996338,0
2024-08-08,346.700012207,0
2024-08-09,351.519989014,0
2024-08-12,355.609985352,0
2024-08-13,357.019989014,0
2024-08-14,360.390014648,0
2024-08-16,369.109985352,0
2024-08-19,365.519989014,0
2024-08-20,368.989990234,0
2024-08-21,368.220001221,0
2024-08-22,369.100006104,0
2024-08-23,367.910003662,0
2024-08-26,366.309997559,0
2024-08-27,364.559997559,0
2024-08-28,365.279998779,0
2024-08-29,360.100006104,0
2024-08-30,361.549987793,0
2024-09-02,362.089996338,0
2024-09-03,358.799987793,0
2024-09-04,346.660003662,0
2024-09-05,345.920013428,0
2024-09-06,342.369995117,0
2024-09-09,340.179992676,0
2024-09-10,338.480010986,0
2024-09-11,335.649993896,0
2024-09-12,343.850006104,0
2024-09-13,343.690002441,0
2024-09-19,343.279998779,0
2024-09-20,344.670013428,0
2024-09-23,345.779998779,0
2024-09-24,349.609985352,0
2024-09-25,344.559997559,0
2024-09-26,356.440002441,0
2024-09-27,353.929992676,0
2024-09-30,344.760009766,0
2024-10-02,340.720001221,0
2024-10-04,341.739990234,0
2024-10-07,347.339996338,0
2024-10-08,344.230010986,0
2024-10-10,345.209991455,0
2024-10-11,345.450012207,0
2024-10-14,349.739990234,0
2024-10-15,351.070007324,0
2024-10-16,347.260009766,0
2024-10-17,347.730010986,0
2024-10-18,345.420013428,0
2024-10-21,346.619995117,0
2024-10-22,342.089996338,0
2024-10-23,346.269989014,0
2024-10-24,342.880004883,0
2024-10-25,343.369995117,0
2024-10-28,347.269989014,0
2024-10-29,348.279998779,0
2024-10-30,345,0
2024-10-31,339.320007324,0
2024-11-01,337.489990234,0
2024-11-04,343.600006104,0
2024-11-05,341.470001221,0
2024-11-06,340.609985352,0
2024-11-07,340.869995117,0
2024-11-08,339.709991455,0
2024-11-11,334.640014648,0
2024-11-12,327.309997559,0
2024-11-13,318.839996338,0
2024-11-14,317.700012207,0
2024-11-15,320.529998779,0
2024-11-18,328.440002441,0
2024-11-19,328.109985352,0
2024-11-20,329.019989014,0
2024-11-21,329.489990234,0
2024-11-22,332.359985352,0
2024-11-25,336.630004883,0
2024-11-26,335.600006104,0
2024-11-27,332.320007324,0
2024-11-28,331.450012207,0
2024-11-29,325.450012207,0
2024-12-02,325.339996338,0
2024-12-03,331.440002441,0
2024-12-04,326.589996338,0
2024-12-05,323.869995117,0
2024-12-06,322.070007324,0
2024-12-09,313.739990234,0
2024-12-10,320.790008545,0
2024-12-11,323.859985352,0
2024-12-12,329.040008545,0
2024-12-13,330.489990234,0
2024-12-16,329.609985352,0
2024-12-17,325.25,0
2024-12-18,329.720001221,0
2024-12-19,322.380004883,0
2024-12-20,318.329986572,0
2024-12-23,322.980010986,0
2024-12-24,323.390014648,0
2024-12-26,321.450012207,0
2024-12-27,319.029998779,0
2024-12-30,317.820007324,0
2025-01-02,317.769989014,0
2025-01-03,324,0
2025-01-06,331.519989014,0
2025-01-07,330.890014648,0
2025-01-08,334.950012207,0
2025-01-09,335.399993896,0
2025-01-10,334.549987793,0
2025-01-13,330.309997559,0
2025-01-14,330.739990234,0
2025-01-15,330.970001221,0
2025-01-16,335.730010986,0
2025-01-17,335.089996338,0
2025-01-20,333.940002441,0
2025-01-21,334.440002441,0
2025-01-22,338.760009766,0
2025-01-23,334.5,0
2025-01-24,336.739990234,0
2025-01-31,333.359985352,0
2025-02-03,324.549987793,0
2025-02-04,328.720001221,0
2025-02-05,332.470001221,0
2025-02-06,336.529998779,0
2025-02-07,333.890014648,0
2025-02-10,334.5,0
2025-02-11,336.670013428,0
2025-02-12,337.230010986,0
2025-02-13,341.059997559,0
2025-02-14,342.760009766,0
2025-02-17,345.109985352,0
2025-02-18,347.839996338,0
2025-02-19,354.529998779,0
2025-02-20,352.149993896,0
2025-02-21,351.920013428,0
2025-02-24,349.899993896,0
2025-02-25,347.540008545,0
2025-02-26,349.309997559,0
2025-02-27,346.450012207,0
2025-02-28,334.269989014,0
2025-03-04,334.019989014,0
2025-03-05,337.079986572,0
2025-03-06,340.309997559,0
2025-03-07,338.420013428,0
2025-03-10,338.790008545,0
2025-03-11,334.959991455,0
2025-03-12,340.890014648,0
2025-03-13,341.420013428,0
2025-03-14,340.799987793,0
2025-03-17,348.190002441,0
2025-03-18,347.839996338,0
2025-03-19,350.850006104,0
2025-03-20,353.5,0
2025-03-21,355.179992676,0
2025-03-24,353.239990234,0
2025-03-25,351.089996338,0
2025-03-26,355,0
2025-03-27,350.260009766,0
2025-03-28,342.959991455,0
2025-03-31,332.399993896,0
2025-04-01,338.220001221,0
2025-04-02,336.260009766,0
2025-04-03,332.920013428,0
2025-04-04,328.670013428,0
2025-04-07,309.600006104,0
2025-04-08,310.029998779,0
2025-04-09,304.529998779,0
2025-04-10,325.079986572,0
2025-04-11,322.320007324,0
2025-04-14,325.329986572,0
2025-04-15,328.140014648,0
2025-04-16,323.529998779,0
2025-04-17,326.299987793,0
2025-04-18,328.350006104,0
2025-04-21,329.309997559,0
2025-04-22,328.609985352,0
2025-04-23,333.940002441,0
2025-04-24,333.720001221,0
2025-04-25,336.869995117,0
2025-04-28,337.079986572,0
2025-04-29,339.059997559,0
2025-04-30,338.739990234,0
2025-05-02,338.790008545,0
2025-05-07,341.309997559,0
2025-05-08,341.470001221,0
2025-05-09,341.489990234,0
2025-05-12,347.079986572,0
2025-05-13,347.170013428,0
2025-05-14,351.790008545,0
2025-05-15,349.160003662,0
2025-05-16,350.450012207,0
2025-05-19,346.570007324,0
2025-05-20,347.019989014,0
2025-05-21,349.380004883,0
2025-05-22,344.799987793,0
2025-05-23,345.279998779,0
2025-05-26,352.109985352,0
2025-05-27,351.279998779,0
2025-05-28,356.359985352,0
2025-05-29,363.079986572,0
2025-05-30,359.619995117,0
2025-06-02,359.690002441,0
2025-06-04,369.899993896,0
2025-06-05,376.540008545,0
2025-06-09,382.989990234,0
2025-06-10,384.790008545,0
2025-06-11,389.790008545,0
2025-06-12,390.619995117,0
2025-06-13,387.299987793,0
2025-06-16,394.160003662,0
2025-06-17,395.179992676,0
2025-06-18,398.859985352,0
2025-06-19,399.290008545,0
2025-06-20,405.320007324,0
2025-06-23,404.320007324,0
2025-06-24,417.760009766,0
2025-06-25,419.510009766,0
2025-06-26,415.660003662,0
2025-06-27,412.720001221,0
2025-06-30,414.600006104,0
2025-07-01,416.260009766,0
2025-07-02,414.429992676,0
2025-07-03,420.940002441,0
2025-07-04,412.739990234,0
2025-07-07,413.019989014,0
2025-07-08,421.220001221,0
2025-07-09,422.019989014,0
2025-07-10,428.420013428,0
2025-07-11,428.070007324,0
2025-07-14,432.489990234,0
2025-07-15,434.779998779,0
2025-07-16,431.160003662,0
2025-07-17,431.640014648,0
2025-07-18,431.100006104,0
2025-07-21,434.559997559,0
2025-07-22,428.049987793,0
2025-07-23,430.040008545,0
2025-07-24,430.029998779,0
2025-07-25,430.779998779,0
2025-07-28,433.369995117,0
2025-07-29,435.839996338,0
2025-07-30,439.809997559,0
2025-07-31,438.600006104,0
2025-08-01,420.720001221,0
2025-08-04,424.790008545,0
2025-08-05,431.25,0
2025-08-06,430.679992676,0
2025-08-07,435.350006104,0
2025-08-08,433.470001221,0
2025-08-11,433.290008545,0
2025-08-12,431.630004883,0
2025-08-13,436.920013428,0
2025-08-14,436.570007324,0
2025-08-18,429.190002441,0
2025-08-19,426.179992676,0
2025-08-20,423.660003662,0
2025-08-21,424.410003662,0
2025-08-22,428.5,0
2025-08-25,433.890014648,0
2025-08-26,429.410003662,0
2025-08-27,430.309997559,0
2025-08-28,431.809997559,0
2025-08-29,430.119995117,0
2025-09-01,423.329986572,0
2025-09-02,428.149993896,0
2025-09-03,430.369995117,0
2025-09-04,432.320007324,0
2025-09-05,432.859985352,0
2025-09-08,434.850006104,0
2025-09-09,441.279998779,0
2025-09-10,450.049987793,0
2025-09-11,454,0
2025-09-12,462.739990234,0
2025-09-15,464.649993896,0
2025-09-16,472.850006104,0
2025-09-17,466.989990234,0
2025-09-18,475.339996338,0
2025-09-19,473.440002441,0
2025-09-22,478.290008545,0
2025-09-23,481.540008545,0
2025-09-24,480.390014648,0
2025-09-25,480.630004883,0
2025-09-26,468.029998779,0
2025-09-29,475.220001221,0
2025-09-30,474.029998779,0
2025-10-01,479.369995117,0
2025-10-02,493.410003662,0
2025-10-10,506.970001221,0
2025-10-13,501.869995117,0
2025-10-14,496.890014648,0
2025-10-15,510.549987793,0
2025-10-16,524.450012207,0
2025-10-17,525.479980469,0
2025-10-20,535.280029297,0
2025-10-21,535.280029297,0
2025-10-22,542.590026855,0
2025-10-23,536.369995117,0
2025-10-24,550.010009766,0
2025-10-27,565.690002441,0
2025-10-28,559.510009766,0
2025-10-29,571.510009766,0
2025-10-30,575.210021973,0
2025-10-31,579.460021973,0
2025-11-03,599.030029297,0
2025-11-04,581.940002441,0
2025-11-05,565.400024414,0
2025-11-06,568.380004883,0
2025-11-07,557.979980469,0
2025-11-10,575.309997559,0
2025-11-11,581.409973145,0
2025-11-12,586.729980469,0
2025-11-13,588.650024414,0
2025-11-14,563.429992676,0
2025-11-17,576.650024414,0
2025-11-18,556.450012207,0
2025-11-19,552.659973145,0
2025-11-20,564.200012207,0
2025-11-21,540.359985352,0
2025-11-24,540.809997559,0
2025-11-25,544.619995117,0
2025-11-26,559.369995117,0
2025-11-27,563.359985352,0
2025-11-28,554,0
2025-12-01,553.960021973,0
2025-12-02,565.719970703,0
2025-12-03,570.789978027,0
2025-12-04,569.75,0
2025-12-05,580.809997559,0
2025-12-08,589.16998291,0
2025-12-09,585.760009766,0
2025-12-10,585.520019531,0
2025-12-11,580.159973145,0
2025-12-12,587.929992676,0
2025-12-15,574.489990234,0
2025-12-16,561.520019531,0
2025-12-17,572.619995117,0
2025-12-18,565.650024414,0
2025-12-19,568.400024414,0
2025-12-22,582.729980469,0
2025-12-23,584.640014648,0
2025-12-24,584.210021973,0
2025-12-26,590.08001709,0
2025-12-29,605.690002441,0
2025-12-30,605.979980469,0
2026-01-02,624.16998291,0
2026-01-05,648.739990234,0
2026-01-06,659.450012207,0
2026-01-07,664.479980469,0
2026-01-08,664.179992676,0
2026-01-09,668.25,0
2026-01-12,672.859985352,0
2026-01-13,680.710021973,0
2026-01-14,685.760009766,0
2026-01-15,696.390014648,0
2026-01-16,704.640014648,0
2026-01-19,713.960021973,0
2026-01-20,708.479980469,0
2026-01-21,714.940002441,0
2026-01-22,722.299987793,0
2026-01-23,727.289978027,0
2026-01-26,720.039978027,0
2026-01-27,745.130004883,0
2026-01-28,758.719970703,0
2026-01-29,765.590026855,0
2026-01-30,768.409973145,0
2026-02-02,725.460021973,0
2026-02-03,779.539978027,0
2026-02-04,790.380004883,0
2026-02-05,756.950012207,0
2026-02-06,748.099975586,0
2026-02-09,780.940002441,0
2026-02-10,780.760009766,0
2026-02-11,788.75,0
2026-02-12,816.280029297,0
2026-02-13,814.590026855,0
2026-02-19,840.239990234,0
2026-02-20,859.590026855,0
2026-02-23,865.489990234,0
2026-02-24,886.880004883,0
2026-02-25,903.83001709,0
2026-02-26,944.020019531,0
2026-02-27,933.340026855,0
2026-03-03,859.400024414,0
2026-03-04,756.789978027,0
2026-03-05,831.219970703,0
2026-03-06,828.83001709,0
2026-03-09,775.309997559,0
2026-03-10,823.020019531,0
2026-03-11,834.049987793,0
2026-03-12,827.510009766,0
2026-03-13,812.929992676,0
2026-03-16,826.83001709,0
2026-03-17,840.890014648,0
2026-03-18,888.570007324,0
2026-03-19,862.369995117,0
2026-03-20,862.5,0
2026-03-23,804.859985352,0
2026-03-24,827.640014648,0
2026-03-25,838.700012207,0
2026-03-26,808.890014648,0
2026-03-27,805.190002441,0
2026-03-30,780.320007324,0
2026-03-31,744.570007324,0
2026-04-01,813.840026855,0
2026-04-02,774.630004883,0
2026-04-03,798.320007324,0
2026-04-06,811.840026855,0
2026-04-07,821.099975586,0
2026-04-08,882.809997559,0
2026-04-09,865.75,0
2026-04-10,878.780029297,0
2026-04-13,870.780029297,0
2026-04-14,897,0
2026-04-15,916.599975586,0
2026-04-16,937.869995117,0
2026-04-17,931.409973145,0
2026-04-20,935.75,0
2026-04-21,962.260009766,0
2026-04-22,964.520019531,0
2026-04-23,975.619995117,0
2026-04-24,971.869995117,0
2026-04-27,995.33001709,0
2026-04-28,999.030029297,0
2026-04-29,1006.59002686,0
2026-04-30,992.150024414,0
2026-05-04,1049.66003418,0
2026-05-06,1129.63000488,0
2026-05-07,1149.85998535,0
2026-05-08,1151.17004395,0
2026-05-11,1211.43994141,0
2026-05-12,1183.41003418,0
2026-05-13,1220.17004395,0
2026-05-14,1243.17004395,0
2026-05-15,1162.39001465,0
2026-05-18,1171.30004883,0
2026-05-19,1132.42004395,0
2026-05-20,1125.51000977,0
2026-05-21,1225.2199707,0
2026-05-22,1226.0300293,0
2026-05-26,1260.5300293,0
2026-05-27,1298.85998535,0
2026-05-28,1292.56994629,0
2026-05-29,1342.81994629,0
2026-06-01,1399.91003418,0
2026-06-02,1407.22998047,0
2026-06-04,1379.56005859,0
2026-06-05,1297.02001953,0
2026-06-08,1186.54003906,0
2026-06-09,1293.40002441,0
2026-06-10,1227.11999512,0
2026-06-11,1231.54003906,0
2026-06-12,1291.31994629,0
2026-06-15,1360.26000977,0
2026-06-16,1391.73999023,0
2026-06-17,1416.9699707,0
2026-06-18,1459.22998047,0
2026-06-19,1459.47998047,0
2026-06-22,1477.2199707,0
2026-06-23,1321.69995117,0
2026-06-24,1369.61999512,0
2026-06-25,1454.15002441,0
2026-06-26,1366.48999023,0
2026-06-29,1352.54003906,0
2026-06-30,1370.72998047,0
2026-07-01,1335.35998535,0
2026-07-02,1219.61999512,0
2026-07-03,1299.30004883,0
2026-07-06,1293.13000488,0
2026-07-07,1225.56994629,0
2026-07-08,1158.36999512,0
2026-07-09,1169.72998047,0
2026-07-10,1196.68994141,0
2026-07-13,1078.7800293,0
2026-07-14,1092.22998047,0
2026-07-15,1163.90002441,0
2026-07-16,1080.35998535,0
2026-07-20,1032.52,0
2026-07-21,1073.39,0
2026-07-22,1080.22,0
2026-07-23,1126.33,0
2026-07-24,1055.58,0
2026-07-27,1069.22,0
2026-07-28,945.69,0
2026-07-29,887.2,0
2026-07-30,872.49,0
2026-07-31,1046.81,0
2026-08-03,986.72,0
2026-08-04,1000.03,0
2026-08-05,1038.59,0
2026-08-06,982.92,0
2026-08-07,974.73,0
2026-08-10,977.84,0
2026-08-11,987.4,0
2026-08-12,1029.43,0
2026-08-13,1071.24,0
2026-08-14,1098.18,0
2026-08-18,1082,0
2026-08-19,1012.61,0
2026-08-20,1080.98,0
2026-08-21,1096.25,0
2026-08-24,1054.01,0
2026-08-25,1060.68,0
2026-08-26,1071.16,0
2026-08-27,1088.61,0
2026-08-28,1065.7,0
2026-08-31,1071.85,0
2026-09-01,1075.30004883,0
2026-09-04,1046.20996094,0
2026-09-08,1127.14001465,0
