date,close,dividend
2006-06-21,1.12890601158,0
2006-06-22,1.1023440361,0
2006-06-23,1.09906303883,0
2006-06-26,1.10312497616,0
2006-06-27,1.06187498569,0
2006-06-28,1.07484400272,0
2006-06-29,1.13984394073,0
2006-06-30,1.12890601158,0
2006-07-03,1.14203095436,0
2006-07-05,1.09703099728,0
2006-07-06,1.09062504768,0
2006-07-07,1.06671905518,0
2006-07-10,1.0490629673,0
2006-07-11,1.06624996662,0
2006-07-12,1.02406299114,0
2006-07-13,0.991406023502,0
2006-07-14,0.97109401226,0
2006-07-17,0.975781023502,0
2006-07-18,0.981249988079,0
2006-07-19,1.00250005722,0
2006-07-20,0.975156009197,0
2006-07-21,0.953125,0
2006-07-24,0.988281011581,0
2006-07-25,0.997968971729,0
2006-07-26,1,0
2006-07-27,0.989844024181,0
2006-07-28,1.02937495708,0
2006-07-31,1.02734398842,0
2006-08-01,0.992187976837,0
2006-08-02,1.01046895981,0
2006-08-03,1.02734398842,0
2006-08-04,1.01796901226,0
2006-08-07,1.00562500954,0
2006-08-08,0.992968976498,0
2006-08-09,0.992500007153,0
2006-08-10,1.00515604019,0
2006-08-11,0.995312988758,0
2006-08-14,1.00437498093,0
2006-08-15,1.0567189455,0
2006-08-16,1.10703098774,0
2006-08-17,1.11406302452,0
2006-08-18,1.11249995232,0
2006-08-21,1.09218800068,0
2006-08-22,1.09500002861,0
2006-08-23,1.07656300068,0
2006-08-24,1.08484399319,0
2006-08-25,1.08906304836,0
2006-08-28,1.10468804836,0
2006-08-29,1.11171901226,0
2006-08-30,1.12156295776,0
2006-08-31,1.12031304836,0
2006-09-01,1.13046896458,0
2006-09-05,1.15078103542,0
2006-09-06,1.10593795776,0
2006-09-07,1.09609401226,0
2006-09-08,1.10703098774,0
2006-09-11,1.12187504768,0
2006-09-12,1.16546905041,0
2006-09-13,1.1789059639,0
2006-09-14,1.1776560545,0
2006-09-15,1.189062953,0
2006-09-18,1.18812501431,0
2006-09-19,1.17375004292,0
2006-09-20,1.20859396458,0
2006-09-21,1.19296896458,0
2006-09-22,1.17234396935,0
2006-09-25,1.21562504768,0
2006-09-26,1.22562503815,0
2006-09-27,1.21937501431,0
2006-09-28,1.22656297684,0
2006-09-29,1.21718800068,0
2006-10-02,1.1875,0
2006-10-03,1.19593799114,0
2006-10-04,1.25078105927,0
2006-10-05,1.267187953,0
2006-10-06,1.26015603542,0
2006-10-09,1.26640605927,0
2006-10-10,1.27343797684,0
2006-10-11,1.26874995232,0
2006-10-12,1.31093800068,0
2006-10-13,1.32093799114,0
2006-10-16,1.32343804836,0
2006-10-17,1.29765605927,0
2006-10-18,1.27968800068,0
2006-10-19,1.29062497616,0
2006-10-20,1.29375004768,0
2006-10-23,1.31687498093,0
2006-10-24,1.30437505245,0
2006-10-25,1.32031297684,0
2006-10-26,1.34140598774,0
2006-10-27,1.30343794823,0
2006-10-30,1.31875002384,0
2006-10-31,1.32656300068,0
2006-11-01,1.29062497616,0
2006-11-02,1.29187500477,0
2006-11-03,1.28437495232,0
2006-11-06,1.31328105927,0
2006-11-07,1.33984398842,0
2006-11-08,1.35796904564,0
2006-11-09,1.33906304836,0
2006-11-10,1.35390603542,0
2006-11-13,1.37578105927,0
2006-11-14,1.41093802452,0
2006-11-15,1.41984403133,0
2006-11-16,1.43437504768,0
2006-11-17,1.43124997616,0
2006-11-20,1.43671894073,0
2006-11-21,1.44062495232,0
2006-11-22,1.45875000954,0
2006-11-24,1.44953095913,0
2006-11-27,1.38421905041,0
2006-11-28,1.38828098774,0
2006-11-29,1.41093802452,0
2006-11-30,1.40656304359,0
2006-12-01,1.38781297207,0
2006-12-04,1.42265605927,0
2006-12-05,1.4295309782,0
2006-12-06,1.41906297207,0
2006-12-07,1.38437497616,0
2006-12-08,1.39843797684,0
2006-12-11,1.40937495232,0
2006-12-12,1.39093804359,0
2006-12-13,1.39453101158,0
2006-12-14,1.42421901226,0
2006-12-15,1.43359398842,0
2006-12-18,1.40078103542,0
2006-12-19,1.39531302452,0
2006-12-20,1.30156302452,0.084703
2006-12-21,1.28359401226,0
2006-12-22,1.25937497616,0
2006-12-26,1.265625,0
2006-12-27,1.27796900272,0
2006-12-28,1.267187953,0
2006-12-29,1.26625001431,0
2007-01-03,1.27031302452,0
2007-01-04,1.31593799591,0
2007-01-05,1.296875,0
2007-01-08,1.30499994755,0
2007-01-09,1.32093799114,0
2007-01-10,1.35546898842,0
2007-01-11,1.37812495232,0
2007-01-12,1.392187953,0
2007-01-16,1.392187953,0
2007-01-17,1.36687505245,0
2007-01-18,1.31093800068,0
2007-01-19,1.31484401226,0
2007-01-22,1.28906297684,0
2007-01-23,1.28296899796,0
2007-01-24,1.32187497616,0
2007-01-25,1.28593802452,0
2007-01-26,1.27703094482,0
2007-01-29,1.28453099728,0
2007-01-30,1.28796899319,0
2007-01-31,1.3039059639,0
2007-02-01,1.3054690361,0
2007-02-02,1.31671905518,0
2007-02-05,1.31218802929,0
2007-02-06,1.30624997616,0
2007-02-07,1.33734405041,0
2007-02-08,1.33781301975,0
2007-02-09,1.29609394073,0
2007-02-12,1.28578102589,0
2007-02-13,1.29984402657,0
2007-02-14,1.33875000477,0
2007-02-15,1.35296905041,0
2007-02-16,1.34843802452,0
2007-02-20,1.36406302452,0
2007-02-21,1.37296903133,0
2007-02-22,1.38750004768,0
2007-02-23,1.375,0
2007-02-26,1.36249995232,0
2007-02-27,1.23125004768,0
2007-02-28,1.2576559782,0
2007-03-01,1.24453103542,0
2007-03-02,1.20093798637,0
2007-03-05,1.18437504768,0
2007-03-06,1.22765600681,0
2007-03-07,1.21640598774,0
2007-03-08,1.23906302452,0
2007-03-09,1.23468804359,0
2007-03-12,1.24609398842,0
2007-03-13,1.19890594482,0
2007-03-14,1.23218798637,0
2007-03-15,1.22874999046,0
2007-03-16,1.22421896458,0
2007-03-19,1.24890601635,0
2007-03-20,1.265625,0
2007-03-21,1.3125,0
2007-03-22,1.30468797684,0
2007-03-23,1.29328095913,0
2007-03-26,1.30328094959,0
2007-03-27,1.2892190218,0.000188
2007-03-28,1.26250004768,0
2007-03-29,1.26093804836,0
2007-03-30,1.26531302929,0
2007-04-02,1.26062500477,0
2007-04-03,1.29703104496,0
2007-04-04,1.30468797684,0
2007-04-05,1.31875002384,0
2007-04-09,1.31234395504,0
2007-04-10,1.32249999046,0
2007-04-11,1.29546904564,0
2007-04-12,1.31796896458,0
2007-04-13,1.32265603542,0
2007-04-16,1.34578096867,0
2007-04-17,1.35125005245,0
2007-04-18,1.34609401226,0
2007-04-19,1.34718799591,0
2007-04-20,1.36749994755,0
2007-04-23,1.36812496185,0
2007-04-24,1.37906301022,0
2007-04-25,1.41875004768,0
2007-04-26,1.43359398842,0
2007-04-27,1.43515598774,0
2007-04-30,1.3976559639,0
2007-05-01,1.40625,0
2007-05-02,1.42421901226,0
2007-05-03,1.43515598774,0
2007-05-04,1.43859398365,0
2007-05-07,1.43531298637,0
2007-05-08,1.43453097343,0
2007-05-09,1.4451559782,0
2007-05-10,1.40890598297,0
2007-05-11,1.44203102589,0
2007-05-14,1.42124998569,0
2007-05-15,1.40078103542,0
2007-05-16,1.42687499523,0
2007-05-17,1.41156303883,0
2007-05-18,1.43468797207,0
2007-05-21,1.454687953,0
2007-05-22,1.45640599728,0
2007-05-23,1.44359397888,0
2007-05-24,1.40281295776,0
2007-05-25,1.41781294346,0
2007-05-29,1.43593800068,0
2007-05-30,1.46140599251,0
2007-05-31,1.47984397411,0
2007-06-01,1.4785939455,0
2007-06-04,1.48281300068,0
2007-06-05,1.48484396935,0
2007-06-06,1.45093798637,0
2007-06-07,1.40250003338,0
2007-06-08,1.44015598297,0
2007-06-11,1.43437504768,0
2007-06-12,1.41499996185,0
2007-06-13,1.44296896458,0
2007-06-14,1.46843802929,0
2007-06-15,1.49609398842,0
2007-06-18,1.49453103542,0
2007-06-19,1.49265599251,0
2007-06-20,1.46593797207,0
2007-06-21,1.49343800545,0
2007-06-22,1.46421897411,0
2007-06-25,1.45703101158,0
2007-06-26,1.44062495232,0
2007-06-27,1.47343802452,0
2007-06-28,1.47718799114,0
2007-06-29,1.48640596867,0
2007-07-02,1.50531303883,0
2007-07-03,1.5226559639,0
2007-07-05,1.53999996185,0
2007-07-06,1.55859398842,0
2007-07-09,1.55999994278,0
2007-07-10,1.53453099728,0
2007-07-11,1.56046903133,0
2007-07-12,1.6007809639,0
2007-07-13,1.62437498569,0
2007-07-16,1.62265598774,0
2007-07-17,1.63890600204,0
2007-07-18,1.640625,0
2007-07-19,1.64781296253,0
2007-07-20,1.63390600681,0
2007-07-23,1.63125002384,0
2007-07-24,1.58687496185,0
2007-07-25,1.58906304836,0
2007-07-26,1.5539059639,0
2007-07-27,1.4920309782,0
2007-07-30,1.53406298161,0
2007-07-31,1.46875,0
2007-08-01,1.4865629673,0
2007-08-02,1.51593804359,0
2007-08-03,1.45578098297,0
2007-08-06,1.484375,0
2007-08-07,1.50265598297,0
2007-08-08,1.54671895504,0
2007-08-09,1.46953105927,0
2007-08-10,1.44187498093,0
2007-08-13,1.46062505245,0
2007-08-14,1.41406297684,0
2007-08-15,1.36171901226,0
2007-08-16,1.33046901226,0
2007-08-17,1.37781298161,0
2007-08-20,1.38671898842,0
2007-08-21,1.42578101158,0
2007-08-22,1.45906305313,0
2007-08-23,1.453125,0
2007-08-24,1.49609398842,0
2007-08-27,1.46671903133,0
2007-08-28,1.40390598774,0
2007-08-29,1.48109400272,0
2007-08-30,1.50390601158,0
2007-08-31,1.53015601635,0
2007-09-04,1.58359396458,0
2007-09-05,1.55093801022,0
2007-09-06,1.546875,0
2007-09-07,1.49578094482,0
2007-09-10,1.49343800545,0
2007-09-11,1.53125,0
2007-09-12,1.53796899319,0
2007-09-13,1.54468798637,0
2007-09-14,1.54453098774,0
2007-09-17,1.51859402657,0
2007-09-18,1.59781301022,0
2007-09-19,1.60734403133,0
2007-09-20,1.59703099728,0
2007-09-21,1.6164059639,0
2007-09-24,1.63390600681,0
2007-09-25,1.66234397888,0
2007-09-26,1.67718803883,0
2007-09-27,1.69921898842,0
2007-09-28,1.689062953,0
2007-10-01,1.71796894073,0
2007-10-02,1.72187495232,0
2007-10-03,1.69531297684,0
2007-10-04,1.703125,0
2007-10-05,1.78187501431,0
2007-10-08,1.79531300068,0
2007-10-09,1.81562495232,0
2007-10-10,1.82578098774,0
2007-10-11,1.7726559639,0
2007-10-12,1.82390594482,0
2007-10-15,1.79343795776,0
2007-10-16,1.78515601158,0
2007-10-17,1.82328104973,0
2007-10-18,1.83562505245,0
2007-10-19,1.74781298637,0
2007-10-22,1.78468799591,0
2007-10-23,1.84656298161,0
2007-10-24,1.8351559639,0
2007-10-25,1.81437504292,0
2007-10-26,1.83718800545,0
2007-10-29,1.85515594482,0
2007-10-30,1.85546898842,0
2007-10-31,1.91359400749,0
2007-11-01,1.85625004768,0
2007-11-02,1.8759380579,0
2007-11-05,1.85312497616,0
2007-11-06,1.8835940361,0
2007-11-07,1.79546904564,0
2007-11-08,1.66718804836,0
2007-11-09,1.5723439455,0
2007-11-12,1.48984396458,0
2007-11-13,1.61046898365,0
2007-11-14,1.58859395981,0
2007-11-15,1.55859398842,0
2007-11-16,1.58921897411,0
2007-11-19,1.54875004292,0
2007-11-20,1.56031298637,0
2007-11-21,1.51250004768,0
2007-11-23,1.54937505722,0
2007-11-26,1.50781297684,0
2007-11-27,1.55437505245,0
2007-11-28,1.6476559639,0
2007-11-29,1.66015601158,0
2007-11-30,1.64781296253,0
2007-12-03,1.61765599251,0
2007-12-04,1.60218799114,0
2007-12-05,1.65890598297,0
2007-12-06,1.69593799114,0
2007-12-07,1.70734405518,0
2007-12-10,1.71734404564,0
2007-12-11,1.64328098297,0
2007-12-12,1.66531300545,0
2007-12-13,1.64078104496,0
2007-12-14,1.61562502384,0
2007-12-17,1.54156303406,0
2007-12-18,1.54437494278,0
2007-12-19,1.55859398842,0
2007-12-20,1.54031300545,0.0795
2007-12-21,1.59375,0
2007-12-24,1.61249995232,0
2007-12-26,1.62890601158,0
2007-12-27,1.58359396458,0
2007-12-28,1.57921898365,0
2007-12-31,1.55031299591,0
2008-01-02,1.50078105927,0
2008-01-03,1.50937497616,0
2008-01-04,1.37874996662,0
2008-01-07,1.360937953,0
2008-01-08,1.29828095436,0
2008-01-09,1.33984398842,0
2008-01-10,1.34062504768,0
2008-01-11,1.30359399319,0
2008-01-14,1.33765602112,0
2008-01-15,1.27656304836,0
2008-01-16,1.23906302452,0
2008-01-17,1.20500004292,0
2008-01-18,1.19843804836,0
2008-01-22,1.13328099251,0
2008-01-23,1.14328098297,0
2008-01-24,1.17656302452,0
2008-01-25,1.125,0
2008-01-28,1.142187953,0
2008-01-29,1.14750003815,0
2008-01-30,1.14609396458,0
2008-01-31,1.17265605927,0
2008-02-01,1.21093797684,0
2008-02-04,1.16859400272,0
2008-02-05,1.11296904087,0
2008-02-06,1.06562495232,0
2008-02-07,1.08749997616,0
2008-02-08,1.10156297684,0
2008-02-11,1.12625002861,0
2008-02-12,1.1179690361,0
2008-02-13,1.157812953,0
2008-02-14,1.12125003338,0
2008-02-15,1.11718797684,0
2008-02-19,1.10656297207,0
2008-02-20,1.11671900749,0
2008-02-21,1.09968805313,0
2008-02-22,1.109375,0
2008-02-25,1.11390602589,0
2008-02-26,1.12421894073,0
2008-02-27,1.13140594959,0
2008-02-28,1.10703098774,0
2008-02-29,1.07406294346,0
2008-03-03,1.05078101158,0
2008-03-04,1.05937504768,0
2008-03-05,1.079687953,0
2008-03-06,1.02468800545,0
2008-03-07,1.01921904087,0
2008-03-10,0.978594005108,0
2008-03-11,1.06734395027,0
2008-03-12,1.04656302929,0
2008-03-13,1.0634380579,0
2008-03-14,1.02062499523,0
2008-03-17,0.994374990463,0
2008-03-18,1.08046901226,0
2008-03-19,1.02656304836,0
2008-03-20,1.05562496185,0
2008-03-24,1.142187953,0
2008-03-25,1.15078103542,0
2008-03-26,1.12812495232,0
2008-03-27,1.10500001907,0
2008-03-28,1.08828103542,0
2008-03-31,1.09296894073,0
2008-04-01,1.18484401703,0
2008-04-02,1.19296896458,0
2008-04-03,1.19500005245,0
2008-04-04,1.20093798637,0
2008-04-07,1.19421899319,0
2008-04-08,1.18359398842,0
2008-04-09,1.157812953,0
2008-04-10,1.18531298637,0
2008-04-11,1.12171900272,0
2008-04-14,1.10546898842,0
2008-04-15,1.10703098774,0
2008-04-16,1.18890595436,0
2008-04-17,1.19140601158,0
2008-04-18,1.23890602589,0
2008-04-21,1.25546896458,0
2008-04-22,1.23125004768,0
2008-04-23,1.24437499046,0
2008-04-24,1.26125001907,0
2008-04-25,1.26250004768,0
2008-04-28,1.26687502861,0
2008-04-29,1.28250002861,0
2008-04-30,1.26328098774,0
2008-05-01,1.34234404564,0
2008-05-02,1.35703098774,0
2008-05-05,1.33953094482,0
2008-05-06,1.36890602112,0
2008-05-07,1.31562495232,0
2008-05-08,1.31734395027,0
2008-05-09,1.31656301022,0
2008-05-12,1.36578094959,0
2008-05-13,1.37374997139,0
2008-05-14,1.36234402657,0
2008-05-15,1.41562497616,0
2008-05-16,1.41562497616,0
2008-05-19,1.40187501907,0
2008-05-20,1.37640595436,0
2008-05-21,1.31984400749,0
2008-05-22,1.31718802452,0
2008-05-23,1.31281304359,0
2008-05-27,1.35718798637,0
2008-05-28,1.37296903133,0
2008-05-29,1.39796900749,0
2008-05-30,1.41406297684,0
2008-06-02,1.38234400749,0
2008-06-03,1.36546897888,0
2008-06-04,1.38874995708,0
2008-06-05,1.44124996662,0
2008-06-06,1.34578096867,0
2008-06-09,1.34312498569,0
2008-06-10,1.32562494278,0
2008-06-11,1.26484394073,0
2008-06-12,1.267187953,0
2008-06-13,1.3146879673,0
2008-06-16,1.33359396458,0
2008-06-17,1.32703101635,0
2008-06-18,1.29765605927,0
2008-06-19,1.33437502384,0
2008-06-20,1.26874995232,0
2008-06-23,1.24046897888,0
2008-06-24,1.23218798637,0.000516
2008-06-25,1.25874996185,0
2008-06-26,1.16968798637,0
2008-06-27,1.17296898365,0
2008-06-30,1.14609396458,0
2008-07-01,1.17609405518,0
2008-07-02,1.11843800545,0
2008-07-03,1.11249995232,0
2008-07-07,1.12937498093,0
2008-07-08,1.16937494278,0
2008-07-09,1.12484395504,0
2008-07-10,1.14421904087,0
2008-07-11,1.10890603065,0
2008-07-14,1.09281301498,0
2008-07-15,1.08812499046,0
2008-07-16,1.14015603065,0
2008-07-17,1.13531303406,0
2008-07-18,1.12093794346,0
2008-07-21,1.12187504768,0
2008-07-22,1.12093794346,0
2008-07-23,1.14656305313,0
2008-07-24,1.10734403133,0
2008-07-25,1.13703095913,0
2008-07-28,1.10249996185,0
2008-07-29,1.13546895981,0
2008-07-30,1.15499997139,0
2008-07-31,1.15109395981,0
2008-08-01,1.12328100204,0
2008-08-04,1.1007809639,0
2008-08-05,1.16843795776,0
2008-08-06,1.20343804359,0
2008-08-07,1.19093799591,0
2008-08-08,1.23765599728,0
2008-08-11,1.26093804836,0
2008-08-12,1.26593804359,0
2008-08-13,1.2598439455,0
2008-08-14,1.28999996185,0
2008-08-15,1.29078102112,0
2008-08-18,1.26281297207,0
2008-08-19,1.23125004768,0
2008-08-20,1.22421896458,0
2008-08-21,1.20968794823,0
2008-08-22,1.24374997616,0
2008-08-25,1.19749999046,0
2008-08-26,1.19265604019,0
2008-08-27,1.20453095436,0
2008-08-28,1.2110940218,0
2008-08-29,1.17312502861,0
2008-09-02,1.14359402657,0
2008-09-03,1.12265598774,0
2008-09-04,1.05031299591,0
2008-09-05,1.04671895504,0
2008-09-08,1.03484404087,0
2008-09-09,0.995938003063,0
2008-09-10,1.00499999523,0
2008-09-11,1.04562497139,0
2008-09-12,1.04968798161,0
2008-09-15,0.981094002724,0
2008-09-16,0.987500011921,0
2008-09-17,0.889063000679,0
2008-09-18,0.953280985355,0
2008-09-19,0.989687979221,0
2008-09-22,0.914843976498,0
2008-09-23,0.896875023842,0
2008-09-24,0.915468990803,0
2008-09-25,0.924844026566,0
2008-09-26,0.918749988079,0
2008-09-29,0.741406023502,0
2008-09-30,0.818437993526,0
2008-10-01,0.797030985355,0
2008-10-02,0.732813000679,0
2008-10-03,0.699218988419,0
2008-10-06,0.633750021458,0
2008-10-07,0.570312976837,0
2008-10-08,0.555781006813,0
2008-10-09,0.512812972069,0
2008-10-10,0.520469009876,0
2008-10-13,0.648437976837,0
2008-10-14,0.588280975819,0
2008-10-15,0.480780988932,0
2008-10-16,0.535468995571,0
2008-10-17,0.534375011921,0
2008-10-20,0.570312976837,0
2008-10-21,0.512969017029,0
2008-10-22,0.478280991316,0
2008-10-23,0.473906010389,0
2008-10-24,0.446563005447,0
2008-10-27,0.420468986034,0
2008-10-28,0.508437991142,0
2008-10-29,0.513906002045,0
2008-10-30,0.540624976158,0
2008-10-31,0.543438017368,0
2008-11-03,0.545938014984,0
2008-11-04,0.57703101635,0
2008-11-05,0.514063000679,0
2008-11-06,0.465469002724,0
2008-11-07,0.485781013966,0
2008-11-10,0.477656006813,0
2008-11-11,0.458750009537,0
2008-11-12,0.412344008684,0
2008-11-13,0.460624992847,0
2008-11-14,0.415313005447,0
2008-11-17,0.3992190063,0
2008-11-18,0.395624995232,0
2008-11-19,0.354687988758,0
2008-11-20,0.322344005108,0
2008-11-21,0.347656011581,0
2008-11-24,0.389063000679,0
2008-11-25,0.386406004429,0
2008-11-26,0.418280988932,0
2008-11-28,0.413125008345,0
2008-12-01,0.351718991995,0
2008-12-02,0.37421900034,0
2008-12-03,0.39296901226,0
2008-12-04,0.371874988079,0
2008-12-05,0.401719003916,0
2008-12-08,0.433593988419,0
2008-12-09,0.430155992508,0
2008-12-10,0.429688006639,0
2008-12-11,0.405937999487,0
2008-12-12,0.421719014645,0
2008-12-15,0.40703099966,0
2008-12-16,0.445313006639,0
2008-12-17,0.434843987226,0
2008-12-18,0.420780986547,0
2008-12-19,0.425469011068,0
2008-12-22,0.408906012774,0
2008-12-23,0.403750002384,0
2008-12-24,0.404843986034,0
2008-12-26,0.405155986547,0
2008-12-29,0.394843995571,0
2008-12-30,0.412813007832,0
2008-12-31,0.420156002045,0
2009-01-02,0.457188010216,0
2009-01-05,0.457188010216,0
2009-01-06,0.466562986374,0
2009-01-07,0.440468996763,0
2009-01-08,0.449999988079,0
2009-01-09,0.430000007153,0
2009-01-12,0.414063006639,0
2009-01-13,0.413594007492,0
2009-01-14,0.388749986887,0
2009-01-15,0.400155991316,0
2009-01-16,0.410156011581,0
2009-01-20,0.371093988419,0
2009-01-21,0.399531006813,0
2009-01-22,0.391093999147,0
2009-01-23,0.392655998468,0
2009-01-26,0.398593991995,0
2009-01-27,0.405155986547,0
2009-01-28,0.432188004255,0
2009-01-29,0.411406010389,0
2009-01-30,0.395781010389,0
2009-02-02,0.406094014645,0
2009-02-03,0.419063001871,0
2009-02-04,0.419375002384,0
2009-02-05,0.438437998295,0
2009-02-06,0.460781008005,0
2009-02-09,0.465938001871,0
2009-02-10,0.430938005447,0
2009-02-11,0.427812993526,0
2009-02-12,0.4375,0
2009-02-13,0.432812988758,0
2009-02-17,0.40000000596,0
2009-02-18,0.398905992508,0
2009-02-19,0.387499988079,0
2009-02-20,0.388594001532,0
2009-02-23,0.361874997616,0
2009-02-24,0.38437500596,0
2009-02-25,0.379999995232,0
2009-02-26,0.359375,0
2009-02-27,0.351875007153,0
2009-03-02,0.3296880126,0
2009-03-03,0.329062998295,0
2009-03-04,0.345780998468,0
2009-03-05,0.32578098774,0
2009-03-06,0.320780992508,0
2009-03-09,0.30625000596,0
2009-03-10,0.343594014645,0
2009-03-11,0.353906005621,0
2009-03-12,0.377813011408,0
2009-03-13,0.380625009537,0
2009-03-16,0.366719007492,0
2009-03-17,0.394374996424,0
2009-03-18,0.404374986887,0
2009-03-19,0.404219001532,0
2009-03-20,0.392500013113,0
2009-03-23,0.438749998808,0
2009-03-24,0.423281013966,0
2009-03-25,0.426093995571,0
2009-03-26,0.452812999487,0
2009-03-27,0.434688001871,0
2009-03-30,0.412656009197,0
2009-03-31,0.422030985355,0
2009-04-01,0.433750003576,0
2009-04-02,0.461562991142,0
2009-04-03,0.47843798995,0
2009-04-06,0.475625008345,0
2009-04-07,0.449530988932,0
2009-04-08,0.466562986374,0
2009-04-09,0.494531005621,0
2009-04-13,0.493281006813,0
2009-04-14,0.480625003576,0
2009-04-15,0.479999989271,0
2009-04-16,0.503750026226,0
2009-04-17,0.504063010216,0
2009-04-20,0.471563011408,0
2009-04-21,0.48515599966,0
2009-04-22,0.489531010389,0
2009-04-23,0.499687999487,0
2009-04-24,0.516250014305,0
2009-04-27,0.51671898365,0
2009-04-28,0.509531021118,0
2009-04-29,0.523124992847,0
2009-04-30,0.533124983311,0
2009-05-01,0.535938024521,0
2009-05-04,0.558593988419,0
2009-05-05,0.556874990463,0
2009-05-06,0.556719005108,0
2009-05-07,0.53015601635,0
2009-05-08,0.53203099966,0
2009-05-11,0.535313010216,0
2009-05-12,0.522031009197,0
2009-05-13,0.493124991655,0
2009-05-14,0.503750026226,0
2009-05-15,0.502655982971,0
2009-05-18,0.529375016689,0
2009-05-19,0.535468995571,0
2009-05-20,0.531094014645,0
2009-05-21,0.511718988419,0
2009-05-22,0.507812976837,0
2009-05-26,0.546563029289,0
2009-05-27,0.537500023842,0
2009-05-28,0.552030980587,0
2009-05-29,0.5640630126,0
2009-06-01,0.598124980927,0
2009-06-02,0.598124980927,0
2009-06-03,0.596562981606,0
2009-06-04,0.60859400034,0
2009-06-05,0.61015599966,0
2009-06-08,0.605468988419,0
2009-06-09,0.615625023842,0
2009-06-10,0.610781013966,0
2009-06-11,0.61015599966,0
2009-06-12,0.605781018734,0
2009-06-15,0.5796880126,0
2009-06-16,0.569531023502,0
2009-06-17,0.579062998295,0
2009-06-18,0.576093971729,0
2009-06-19,0.589062988758,0
2009-06-22,0.555781006813,0
2009-06-23,0.552655994892,0
2009-06-24,0.570625007153,0
2009-06-25,0.593905985355,0
2009-06-26,0.59609401226,0
2009-06-29,0.597813010216,0
2009-06-30,0.5953130126,0
2009-07-01,0.596249997616,0
2009-07-02,0.570625007153,0
2009-07-06,0.565312981606,0
2009-07-07,0.537030994892,0
2009-07-08,0.541875004768,0
2009-07-09,0.542968988419,0
2009-07-10,0.5484380126,0
2009-07-13,0.568750023842,0
2009-07-14,0.572812974453,0
2009-07-15,0.6109380126,0
2009-07-16,0.625625014305,0
2009-07-17,0.632344007492,0
2009-07-20,0.644688010216,0
2009-07-21,0.654688000679,0
2009-07-22,0.664062976837,0
2009-07-23,0.694063007832,0
2009-07-24,0.693437993526,0
2009-07-27,0.694531023502,0
2009-07-28,0.699063003063,0
2009-07-29,0.693437993526,0
2009-07-30,0.701406002045,0
2009-07-31,0.696563005447,0
2009-08-03,0.71765601635,0
2009-08-04,0.717188000679,0
2009-08-05,0.707343995571,0
2009-08-06,0.694999992847,0
2009-08-07,0.710937976837,0
2009-08-10,0.703280985355,0
2009-08-11,0.690625011921,0
2009-08-12,0.711875021458,0
2009-08-13,0.71906298399,0
2009-08-14,0.70265597105,0
2009-08-17,0.661719024181,0
2009-08-18,0.680312991142,0
2009-08-19,0.68984401226,0
2009-08-20,0.706562995911,0
2009-08-21,0.724062979221,0
2009-08-24,0.722968995571,0
2009-08-25,0.727813005447,0
2009-08-26,0.725938022137,0
2009-08-27,0.728905975819,0
2009-08-28,0.730624973774,0
2009-08-31,0.715156018734,0
2009-09-01,0.68859398365,0
2009-09-02,0.687188029289,0
2009-09-03,0.696563005447,0
2009-09-04,0.725938022137,0
2009-09-08,0.740468978882,0
2009-09-09,0.752812981606,0
2009-09-10,0.76687502861,0
2009-09-11,0.768124997616,0
2009-09-14,0.774218976498,0
2009-09-15,0.779375016689,0
2009-09-16,0.802187979221,0
2009-09-17,0.801563024521,0
2009-09-18,0.805468976498,0
2009-09-21,0.808906018734,0
2009-09-22,0.812344014645,0
2009-09-23,0.803906023502,0
2009-09-24,0.790156006813,0
2009-09-25,0.776405990124,0
2009-09-28,0.802655994892,0
2009-09-29,0.795938014984,0
2009-09-30,0.79640597105,0
2009-10-01,0.75,0
2009-10-02,0.744844019413,0
2009-10-05,0.757188022137,0
2009-10-06,0.783438026905,0
2009-10-07,0.787968993187,0
2009-10-08,0.795156002045,0
2009-10-09,0.803281009197,0
2009-10-12,0.807187974453,0
2009-10-13,0.807030975819,0
2009-10-14,0.82921898365,0
2009-10-15,0.826250016689,0
2009-10-16,0.815625011921,0
2009-10-19,0.830624997616,0
2009-10-20,0.831562995911,0
2009-10-21,0.828280985355,0
2009-10-22,0.835624992847,0
2009-10-23,0.82890599966,0
2009-10-26,0.822969019413,0
2009-10-27,0.798593997955,0
2009-10-28,0.762188017368,0
2009-10-29,0.787343978882,0
2009-10-30,0.745312988758,0
2009-11-02,0.75125002861,0
2009-11-03,0.756406009197,0
2009-11-04,0.758906006813,0
2009-11-05,0.79562497139,0
2009-11-06,0.805468976498,0
2009-11-09,0.839999973774,0
2009-11-10,0.84265601635,0
2009-11-11,0.854219019413,0
2009-11-12,0.8453130126,0
2009-11-13,0.859530985355,0
2009-11-16,0.877031028271,0
2009-11-17,0.881718993187,0
2009-11-18,0.87265598774,0
2009-11-19,0.84453099966,0
2009-11-20,0.837188005447,0
2009-11-23,0.862500011921,0
2009-11-24,0.85703098774,0
2009-11-25,0.864219009876,0
2009-11-27,0.838437974453,0
2009-11-30,0.839375019073,0
2009-12-01,0.857187986374,0
2009-12-02,0.86015599966,0
2009-12-03,0.853124976158,0
2009-12-04,0.861563026905,0
2009-12-07,0.853124976158,0
2009-12-08,0.84265601635,0
2009-12-09,0.859530985355,0
2009-12-10,0.868281006813,0
2009-12-11,0.862030982971,0
2009-12-14,0.877812981606,0
2009-12-15,0.868593990803,0
2009-12-16,0.870938003063,0
2009-12-17,0.850000023842,0
2009-12-18,0.8765630126,0
2009-12-21,0.896875023842,0
2009-12-22,0.90750002861,0
2009-12-23,0.920313000679,0
2009-12-24,0.937188029289,0
2009-12-28,0.946563005447,0
2009-12-29,0.939218997955,0
2009-12-30,0.944688022137,0
2009-12-31,0.929374992847,0
2010-01-04,0.95421898365,0
2010-01-05,0.954843997955,0
2010-01-06,0.944374978542,0
2010-01-07,0.944531023502,0
2010-01-08,0.959843993187,0
2010-01-11,0.952813029289,0
2010-01-12,0.929063022137,0
2010-01-13,0.951250016689,0
2010-01-14,0.952499985695,0
2010-01-15,0.931249976158,0
2010-01-19,0.960469007492,0
2010-01-20,0.933593988419,0
2010-01-21,0.915313005447,0
2010-01-22,0.862655997276,0
2010-01-25,0.867655992508,0
2010-01-26,0.869530975819,0
2010-01-27,0.882499992847,0
2010-01-28,0.838437974453,0
2010-01-29,0.808438003063,0
2010-02-01,0.825312972069,0
2010-02-02,0.840469002724,0
2010-02-03,0.850156009197,0
2010-02-04,0.801874995232,0
2010-02-05,0.81328099966,0
2010-02-08,0.802968978882,0
2010-02-09,0.819531023502,0
2010-02-10,0.816093981266,0
2010-02-11,0.839999973774,0
2010-02-12,0.84406298399,0
2010-02-16,0.865312993526,0
2010-02-17,0.87453097105,0
2010-02-18,0.885780990124,0
2010-02-19,0.884688019753,0
2010-02-22,0.880937993526,0
2010-02-23,0.85859400034,0
2010-02-24,0.87546902895,0
2010-02-25,0.87734401226,0
2010-02-26,0.882499992847,0
2010-03-01,0.90734398365,0
2010-03-02,0.912813007832,0
2010-03-03,0.915000021458,0
2010-03-04,0.92078101635,0
2010-03-05,0.947969019413,0
2010-03-08,0.95234400034,0
2010-03-09,0.965313017368,0
2010-03-10,0.978438019753,0
2010-03-11,0.98546898365,0
2010-03-12,0.986874997616,0
2010-03-15,0.982813000679,0
2010-03-16,0.994844019413,0
2010-03-17,0.998438000679,0
2010-03-18,1.00546896458,0
2010-03-19,0.993906021118,0
2010-03-22,1.01171898842,0
2010-03-23,1.02625000477,0
2010-03-24,1.01640605927,0
2010-03-25,1.01203095913,0
2010-03-26,1.015625,0
2010-03-29,1.02468800545,0
2010-03-30,1.03125,0
2010-03-31,1.02250003815,0
2010-04-01,1.02156305313,0
2010-04-05,1.03968799114,0
2010-04-06,1.04546904564,0
2010-04-07,1.04156303406,0
2010-04-08,1.04453098774,0
2010-04-09,1.05750000477,0
2010-04-12,1.05906295776,0
2010-04-13,1.07000005245,0
2010-04-14,1.09578096867,0
2010-04-15,1.10531294346,0
2010-04-16,1.07921898365,0
2010-04-19,1.07734394073,0
2010-04-20,1.08859395981,0
2010-04-21,1.1007809639,0
2010-04-22,1.11234402657,0
2010-04-23,1.12187504768,0
2010-04-26,1.1164059639,0
2010-04-27,1.0704690218,0
2010-04-28,1.07140600681,0
2010-04-29,1.10749995708,0
2010-04-30,1.06562495232,0
2010-05-03,1.09421896935,0
2010-05-04,1.02812504768,0
2010-05-05,1.01812505722,0
2010-05-06,0.95078098774,0
2010-05-07,0.90499997139,0
2010-05-10,0.995312988758,0
2010-05-11,0.994219005108,0
2010-05-12,1.03125,0
2010-05-13,0.999063014984,0
2010-05-14,0.961562991142,0
2010-05-17,0.96749997139,0
2010-05-18,0.940780997276,0
2010-05-19,0.92421901226,0
2010-05-20,0.857500016689,0
2010-05-21,0.875155985355,0
2010-05-24,0.867187976837,0
2010-05-25,0.869219005108,0
2010-05-26,0.848124980927,0
2010-05-27,0.914687991142,0
2010-05-28,0.902969002724,0
2010-06-01,0.885625004768,0
2010-06-02,0.929063022137,0
2010-06-03,0.945469021797,0
2010-06-04,0.883280992508,0
2010-06-07,0.850313007832,0
2010-06-08,0.846719026566,0
2010-06-09,0.831718981266,0
2010-06-10,0.879063010216,0
2010-06-11,0.895469009876,0
2010-06-14,0.895624995232,0
2010-06-15,0.943280994892,0
2010-06-16,0.95234400034,0
2010-06-17,0.957813024521,0
2010-06-18,0.960469007492,0
2010-06-21,0.946563005447,0
2010-06-22,0.927968978882,0
2010-06-23,0.92140597105,0
2010-06-24,0.892656028271,0
2010-06-25,0.889063000679,0
2010-06-28,0.883593976498,0
2010-06-29,0.815469026566,0
2010-06-30,0.790624976158,0
2010-07-01,0.785938024521,0
2010-07-02,0.781405985355,0
2010-07-06,0.785468995571,0
2010-07-07,0.835313022137,0
2010-07-08,0.84406298399,0
2010-07-09,0.8609380126,0
2010-07-12,0.865625023842,0
2010-07-13,0.886874973774,0
2010-07-14,0.897188007832,0
2010-07-15,0.899375021458,0
2010-07-16,0.849843978882,0
2010-07-19,0.863593995571,0
2010-07-20,0.883437991142,0
2010-07-21,0.86046898365,0
2010-07-22,0.903594017029,0
2010-07-23,0.915156006813,0
2010-07-26,0.929374992847,0
2010-07-27,0.928749978542,0
2010-07-28,0.914530992508,0
2010-07-29,0.900780975819,0
2010-07-30,0.905313014984,0
2010-08-02,0.938437998295,0
2010-08-03,0.931093990803,0
2010-08-04,0.949999988079,0
2010-08-05,0.945469021797,0
2010-08-06,0.942344009876,0
2010-08-09,0.95437502861,0
2010-08-10,0.939531028271,0
2010-08-11,0.887499988079,0
2010-08-12,0.872500002384,0
2010-08-13,0.860312998295,0
2010-08-16,0.863593995571,0
2010-08-17,0.885469019413,0
2010-08-18,0.892031013966,0
2010-08-19,0.865312993526,0
2010-08-20,0.867500007153,0
2010-08-23,0.850468993187,0
2010-08-24,0.819688022137,0
2010-08-25,0.834218978882,0
2010-08-26,0.814999997616,0
2010-08-27,0.835469007492,0
2010-08-30,0.817344009876,0
2010-08-31,0.81281298399,0
2010-09-01,0.859375,0
2010-09-02,0.879374980927,0
2010-09-03,0.909375011921,0
2010-09-07,0.895937979221,0
2010-09-08,0.917187988758,0
2010-09-09,0.924063026905,0
2010-09-10,0.930781006813,0
2010-09-13,0.957499980927,0
2010-09-14,0.965156018734,0
2010-09-15,0.977500021458,0
2010-09-16,0.985000014305,0
2010-09-17,0.991406023502,0
2010-09-20,1.02593803406,0
2010-09-21,1.0235940218,0
2010-09-22,1.02015602589,0
2010-09-23,1.01937496662,0
2010-09-24,1.06046903133,0
2010-09-27,1.04953098297,0
2010-09-28,1.05109405518,0
2010-09-29,1.04499995708,0
2010-09-30,1.03578102589,0
2010-10-01,1.03359401226,0
2010-10-04,1.01093804836,0
2010-10-05,1.05953097343,0
2010-10-06,1.04265594482,0
2010-10-07,1.048437953,0
2010-10-08,1.06124997139,0
2010-10-11,1.06437504292,0
2010-10-12,1.08000004292,0
2010-10-13,1.09671902657,0
2010-10-14,1.09249997139,0
2010-10-15,1.13859403133,0
2010-10-18,1.13531303406,0
2010-10-19,1.10828101635,0
2010-10-20,1.12453103065,0
2010-10-21,1.12906301022,0
2010-10-22,1.14468801022,0
2010-10-25,1.15406298637,0
2010-10-26,1.16093802452,0
2010-10-27,1.16921901703,0
2010-10-28,1.17375004292,0
2010-10-29,1.16984403133,0
2010-11-01,1.17015600204,0
2010-11-02,1.19468796253,0
2010-11-03,1.20640599728,0
2010-11-04,1.23484396935,0
2010-11-05,1.23515605927,0
2010-11-08,1.23828101158,0
2010-11-09,1.22265601158,0
2010-11-10,1.21875,0
2010-11-11,1.22171902657,0
2010-11-12,1.18062496185,0
2010-11-15,1.17328095436,0
2010-11-16,1.13390600681,0
2010-11-17,1.14015603065,0
2010-11-18,1.17671895027,0
2010-11-19,1.17843794823,0
2010-11-22,1.19906294346,0
2010-11-23,1.16156303883,0
2010-11-24,1.20734405518,0
2010-11-26,1.19109404087,0
2010-11-29,1.19062495232,0
2010-11-30,1.15999996662,0
2010-12-01,1.20921897888,0
2010-12-02,1.23468804359,0
2010-12-03,1.24031305313,0
2010-12-06,1.23921895027,0
2010-12-07,1.24171900749,0
2010-12-08,1.25140595436,0
2010-12-09,1.25250005722,0
2010-12-10,1.26921904087,0
2010-12-13,1.26078104973,0
2010-12-14,1.26343798637,0
2010-12-15,1.25359404087,0
2010-12-16,1.2714060545,0
2010-12-17,1.27531301975,0
2010-12-20,1.27796900272,0
2010-12-21,1.29140603542,0
2010-12-22,1.29265594482,0
2010-12-23,1.28578102589,0
2010-12-27,1.28593802452,0
2010-12-28,1.2821880579,0
2010-12-29,1.28734397888,0
2010-12-30,1.28078103065,0
2010-12-31,1.27234399319,0
2011-01-03,1.31140601635,0
2011-01-04,1.30906295776,0
2011-01-05,1.33187496662,0
2011-01-06,1.34000003338,0
2011-01-07,1.33828103542,0
2011-01-10,1.34718799591,0
2011-01-11,1.3507809639,0
2011-01-12,1.36984395981,0
2011-01-13,1.37296903133,0
2011-01-14,1.39265596867,0
2011-01-18,1.40015602112,0
2011-01-19,1.36874997616,0
2011-01-20,1.34734404087,0
2011-01-21,1.32718801498,0
2011-01-24,1.36453104019,0
2011-01-25,1.36749994755,0
2011-01-26,1.38343799114,0
2011-01-27,1.39999997616,0
2011-01-28,1.32890605927,0
2011-01-31,1.34218800068,0
2011-02-01,1.3915630579,0
2011-02-02,1.38718795776,0
2011-02-03,1.39125001431,0
2011-02-04,1.40812504292,0
2011-02-07,1.42171895504,0
2011-02-08,1.44187498093,0
2011-02-09,1.43546903133,0
2011-02-10,1.44062495232,0
2011-02-11,1.4601559639,0
2011-02-14,1.46718800068,0
2011-02-15,1.46359395981,0
2011-02-16,1.48296904564,0
2011-02-17,1.48171901703,0
2011-02-18,1.47562503815,0
2011-02-22,1.38828098774,0
2011-02-23,1.36578094959,0
2011-02-24,1.37906301022,0
2011-02-25,1.41828095913,0
2011-02-28,1.42546904087,0
2011-03-01,1.37999999523,0
2011-03-02,1.39343798161,0
2011-03-03,1.44812500477,0
2011-03-04,1.43218803406,0
2011-03-07,1.39515602589,0
2011-03-08,1.40562498569,0
2011-03-09,1.38593804836,0
2011-03-10,1.34406304359,0
2011-03-11,1.359375,0
2011-03-14,1.3495310545,0
2011-03-15,1.31281304359,0
2011-03-16,1.24953103065,0
2011-03-17,1.27125000954,0
2011-03-18,1.26609396935,0
2011-03-21,1.3125,0
2011-03-22,1.31093800068,0
2011-03-23,1.32406294346,0
2011-03-24,1.37421894073,0
2011-03-25,1.37765598297,0
2011-03-28,1.36125004292,0
2011-03-29,1.38796901703,0
2011-03-30,1.40156304836,0
2011-03-31,1.40578103065,0
2011-04-01,1.40687501431,0
2011-04-04,1.39843797684,0
2011-04-05,1.38984394073,0
2011-04-06,1.39656305313,0
2011-04-07,1.39593803883,0
2011-04-08,1.38234400749,0
2011-04-11,1.37312495708,0
2011-04-12,1.35484397411,0
2011-04-13,1.3771879673,0
2011-04-14,1.37125003338,0
2011-04-15,1.36687505245,0
2011-04-18,1.34718799591,0
2011-04-19,1.36421895027,0
2011-04-20,1.42499995232,0
2011-04-21,1.44765603542,0
2011-04-25,1.45593798161,0
2011-04-26,1.47125005722,0
2011-04-27,1.49187505245,0
2011-04-28,1.48812496662,0
2011-04-29,1.48687505722,0
2011-05-02,1.48046898842,0
2011-05-03,1.46515595913,0
2011-05-04,1.46203100681,0
2011-05-05,1.44437503815,0
2011-05-06,1.45562505722,0
2011-05-09,1.46609401703,0
2011-05-10,1.4901560545,0
2011-05-11,1.46828103065,0
2011-05-12,1.48484396935,0
2011-05-13,1.45046901703,0
2011-05-16,1.39999997616,0
2011-05-17,1.4071880579,0
2011-05-18,1.43203103542,0
2011-05-19,1.43984401226,0
2011-05-20,1.41796898842,0
2011-05-23,1.37750005722,0
2011-05-24,1.35984396935,0
2011-05-25,1.37000000477,0
2011-05-26,1.38750004768,0
2011-05-27,1.40109395981,0
2011-05-31,1.4445309639,0
2011-06-01,1.38234400749,0
2011-06-02,1.38890600204,0
2011-06-03,1.34765601158,0
2011-06-06,1.32421898842,0
2011-06-07,1.3204690218,0
2011-06-08,1.30046904087,0
2011-06-09,1.30421900749,0
2011-06-10,1.26578104496,0
2011-06-13,1.26390600204,0
2011-06-14,1.29562497139,0
2011-06-15,1.25015604496,0
2011-06-16,1.23953104019,0
2011-06-17,1.23109400272,0
2011-06-20,1.24312496185,0
2011-06-21,1.29609394073,0
2011-06-22,1.27874994278,0
2011-06-23,1.30250000954,0
2011-06-24,1.2570309639,0
2011-06-27,1.2978130579,0
2011-06-28,1.33531296253,0
2011-06-29,1.34703099728,0
2011-06-30,1.38171899319,0
2011-07-01,1.4240629673,0
2011-07-05,1.4375,0
2011-07-06,1.44578099251,0
2011-07-07,1.48749995232,0
2011-07-08,1.47828102112,0
2011-07-11,1.42640602589,0
2011-07-12,1.40265595913,0
2011-07-13,1.4148440361,0
2011-07-14,1.38234400749,0
2011-07-15,1.41875004768,0
2011-07-18,1.40406298637,0
2011-07-19,1.46828103065,0
2011-07-20,1.45453095436,0
2011-07-21,1.4757809639,0
2011-07-22,1.50515604019,0
2011-07-25,1.5,0
2011-07-26,1.50531303883,0
2011-07-27,1.42921900749,0
2011-07-28,1.43375003338,0
2011-07-29,1.42359399796,0
2011-08-01,1.4132809639,0
2011-08-02,1.34031295776,0
2011-08-03,1.36406302452,0
2011-08-04,1.23906302452,0
2011-08-05,1.22234404087,0
2011-08-08,1.07921898365,0
2011-08-09,1.17906296253,0
2011-08-10,1.08249998093,0
2011-08-11,1.1776560545,0
2011-08-12,1.1973439455,0
2011-08-15,1.23249995708,0
2011-08-16,1.2117190361,0
2011-08-17,1.19843804836,0
2011-08-18,1.08171904087,0
2011-08-19,1.04218804836,0
2011-08-22,1.04890596867,0
2011-08-23,1.13421905041,0
2011-08-24,1.15171897411,0
2011-08-25,1.11546897888,0
2011-08-26,1.16984403133,0
2011-08-29,1.23749995232,0
2011-08-30,1.25234401226,0
2011-08-31,1.25812494755,0
2011-09-01,1.23343801498,0
2011-09-02,1.17578101158,0
2011-09-06,1.17624998093,0
2011-09-07,1.2353130579,0
2011-09-08,1.22390604019,0
2011-09-09,1.16953098774,0
2011-09-12,1.20062494278,0
2011-09-13,1.23140597343,0
2011-09-14,1.26671898365,0
2011-09-15,1.30421900749,0
2011-09-16,1.32640600204,0
2011-09-19,1.32937502861,0
2011-09-20,1.31796896458,0
2011-09-21,1.27156305313,0
2011-09-22,1.18937504292,0
2011-09-23,1.21390604973,0
2011-09-26,1.24171900749,0
2011-09-27,1.26765596867,0
2011-09-28,1.23015594482,0
2011-09-29,1.20171904564,0
2011-09-30,1.13984394073,0
2011-10-03,1.0803129673,0
2011-10-04,1.12453103065,0
2011-10-05,1.18234395981,0
2011-10-06,1.22140598297,0
2011-10-07,1.20609402657,0
2011-10-10,1.28859400749,0
2011-10-11,1.3048440218,0
2011-10-12,1.31984400749,0
2011-10-13,1.34453105927,0
2011-10-14,1.39296901226,0
2011-10-17,1.3523440361,0
2011-10-18,1.38390600681,0
2011-10-19,1.33062505722,0
2011-10-20,1.31875002384,0
2011-10-21,1.35062503815,0
2011-10-24,1.40640604496,0
2011-10-25,1.35203099251,0
2011-10-26,1.34812498093,0
2011-10-27,1.42328095436,0
2011-10-28,1.42624998093,0
2011-10-31,1.37921905518,0
2011-11-01,1.30656301975,0
2011-11-02,1.32765603065,0
2011-11-03,1.38343799114,0
2011-11-04,1.36968803406,0
2011-11-07,1.38859403133,0
2011-11-08,1.42046904564,0
2011-11-09,1.3223439455,0
2011-11-10,1.31875002384,0
2011-11-11,1.3679690361,0
2011-11-14,1.3523440361,0
2011-11-15,1.38171899319,0
2011-11-16,1.33484399319,0
2011-11-17,1.27578103542,0
2011-11-18,1.25406301022,0
2011-11-21,1.20656299591,0
2011-11-22,1.21265602112,0
2011-11-23,1.157812953,0
2011-11-25,1.14109396935,0
2011-11-28,1.21953105927,0
2011-11-29,1.20500004292,0
2011-11-30,1.29390597343,0
2011-12-01,1.31203103065,0
2011-12-02,1.30250000954,0
2011-12-05,1.33249998093,0
2011-12-06,1.32609403133,0
2011-12-07,1.32734394073,0
2011-12-08,1.28187501431,0
2011-12-09,1.3223439455,0
2011-12-12,1.29343795776,0
2011-12-13,1.26359403133,0
2011-12-14,1.22562503815,0
2011-12-15,1.21781301498,0
2011-12-16,1.22890603542,0
2011-12-19,1.20703101158,0
2011-12-20,1.27734398842,0
2011-12-21,1.24000000954,0
2011-12-22,1.26125001907,0
2011-12-23,1.2834379673,0
2011-12-27,1.29093801975,0
2011-12-28,1.26343798637,0
2011-12-29,1.27890598774,0
2011-12-30,1.27281296253,0
2012-01-03,1.31921899319,0
2012-01-04,1.33062505722,0
2012-01-05,1.35328102112,0
2012-01-06,1.36187505722,0
2012-01-09,1.35406303406,0
2012-01-10,1.37359404564,0
2012-01-11,1.37984395027,0
2012-01-12,1.39109396935,0
2012-01-13,1.38125002384,0
2012-01-17,1.40390598774,0
2012-01-18,1.44140601158,0
2012-01-19,1.46046900749,0
2012-01-20,1.45656299591,0
2012-01-23,1.45687496662,0
2012-01-24,1.45171904564,0
2012-01-25,1.48765599728,0
2012-01-26,1.47687494755,0
2012-01-27,1.48734402657,0
2012-01-30,1.48906302452,0
2012-01-31,1.49265599251,0
2012-02-01,1.51609396935,0
2012-02-02,1.52656304836,0
2012-02-03,1.56812500954,0
2012-02-06,1.56671905518,0
2012-02-07,1.57281303406,0
2012-02-08,1.58734405041,0
2012-02-09,1.61171901226,0
2012-02-10,1.58906304836,0
2012-02-13,1.6170309782,0
2012-02-14,1.6259380579,0
2012-02-15,1.60249996185,0
2012-02-16,1.6476559639,0
2012-02-17,1.63750004768,0
2012-02-21,1.64562499523,0
2012-02-22,1.63156294823,0
2012-02-23,1.65343797207,0
2012-02-24,1.66437494755,0
2012-02-27,1.66843795776,0
2012-02-28,1.70218801498,0
2012-02-29,1.68828105927,0
2012-03-01,1.71312499046,0
2012-03-02,1.71124994755,0
2012-03-05,1.67687499523,0
2012-03-06,1.64328098297,0
2012-03-07,1.66750001907,0
2012-03-08,1.70421898365,0
2012-03-09,1.71859395504,0
2012-03-12,1.72000002861,0
2012-03-13,1.78312504292,0
2012-03-14,1.79703104496,0
2012-03-15,1.8054690361,0
2012-03-16,1.80250000954,0
2012-03-19,1.83078098297,0
2012-03-20,1.8360940218,0
2012-03-21,1.83703100681,0
2012-03-22,1.82843804359,0
2012-03-23,1.82796895504,0
2012-03-26,1.890625,0
2012-03-27,1.89531302452,0
2012-03-28,1.88031303883,0
2012-03-29,1.86812496185,0
2012-03-30,1.85859394073,0
2012-04-02,1.89656305313,0
2012-04-03,1.89687502384,0
2012-04-04,1.84546899796,0
2012-04-05,1.86671900749,0
2012-04-09,1.83968794346,0
2012-04-10,1.77890598774,0
2012-04-11,1.79765605927,0
2012-04-12,1.83718800545,0
2012-04-13,1.78265595436,0
2012-04-16,1.74468803406,0
2012-04-17,1.81312501431,0
2012-04-18,1.80296897888,0
2012-04-19,1.76578104496,0
2012-04-20,1.75374996662,0
2012-04-23,1.72374999523,0
2012-04-24,1.703125,0
2012-04-25,1.79359400272,0
2012-04-26,1.81500005722,0
2012-04-27,1.83656299114,0
2012-04-30,1.81078100204,0
2012-05-01,1.81609404087,0
2012-05-02,1.82453095913,0
2012-05-03,1.78656303883,0
2012-05-04,1.69796895981,0
2012-05-07,1.70031297207,0
2012-05-08,1.6875,0
2012-05-09,1.68187499046,0
2012-05-10,1.66937494278,0
2012-05-11,1.67031300068,0
2012-05-14,1.63968801498,0
2012-05-15,1.62781298161,0
2012-05-16,1.60562503338,0
2012-05-17,1.53781294823,0
2012-05-18,1.49906301498,0
2012-05-21,1.579687953,0
2012-05-22,1.57687497139,0
2012-05-23,1.58562505245,0
2012-05-24,1.56500005722,0
2012-05-25,1.55875003338,0
2012-05-29,1.59781301022,0
2012-05-30,1.57187497616,0
2012-05-31,1.55843794346,0
2012-06-01,1.47468805313,0
2012-06-04,1.49656295776,0
2012-06-05,1.50968801975,0
2012-06-06,1.58000004292,0
2012-06-07,1.56593799591,0
2012-06-08,1.59781301022,0
2012-06-11,1.546875,0
2012-06-12,1.579687953,0
2012-06-13,1.55843794346,0
2012-06-14,1.57031297684,0
2012-06-15,1.60874998569,0
2012-06-18,1.63906300068,0
2012-06-19,1.67250001431,0
2012-06-20,1.67718803883,0
2012-06-21,1.59187495708,0
2012-06-22,1.62468802929,0
2012-06-25,1.56156301498,0
2012-06-26,1.58281302452,0
2012-06-27,1.60125005245,0
2012-06-28,1.56687498093,0
2012-06-29,1.66375005245,0
2012-07-02,1.67437505722,0
2012-07-03,1.70187497139,0
2012-07-05,1.70375001431,0
2012-07-06,1.66093802452,0
2012-07-09,1.65625,0
2012-07-10,1.62312495708,0
2012-07-11,1.60437500477,0
2012-07-12,1.57593798637,0
2012-07-13,1.62156295776,0
2012-07-16,1.61343801022,0
2012-07-17,1.62874996662,0
2012-07-18,1.67375004292,0
2012-07-19,1.71000003815,0
2012-07-20,1.66656303406,0
2012-07-23,1.6271879673,0
2012-07-24,1.59937500954,0
2012-07-25,1.57718801498,0
2012-07-26,1.61781299114,0
2012-07-27,1.69906294346,0
2012-07-30,1.69375002384,0
2012-07-31,1.69093799591,0
2012-08-01,1.68218803406,0
2012-08-02,1.67062497139,0
2012-08-03,1.73218798637,0
2012-08-06,1.75999999046,0
2012-08-07,1.78968799114,0
2012-08-08,1.78624999523,0
2012-08-09,1.79718804359,0
2012-08-10,1.80093801022,0
2012-08-13,1.80875003338,0
2012-08-14,1.81093800068,0
2012-08-15,1.82000005245,0
2012-08-16,1.86249995232,0
2012-08-17,1.87874996662,0
2012-08-20,1.88499999046,0
2012-08-21,1.87062501907,0
2012-08-22,1.88468801975,0
2012-08-23,1.85500001907,0
2012-08-24,1.87625002861,0
2012-08-27,1.88281297684,0
2012-08-28,1.88281297684,0
2012-08-29,1.88250005245,0
2012-08-30,1.84500002861,0
2012-08-31,1.87093794346,0
2012-09-04,1.86625003815,0
2012-09-05,1.8615629673,0
2012-09-06,1.94312500954,0
2012-09-07,1.93781304359,0
2012-09-10,1.88968801498,0
2012-09-11,1.88343799114,0
2012-09-12,1.89531302452,0
2012-09-13,1.94375002384,0
2012-09-14,1.98031294346,0
2012-09-17,1.98156297207,0
2012-09-18,1.9853130579,0
2012-09-19,1.99156296253,0
2012-09-20,1.98843801022,0
2012-09-21,1.99000000954,0
2012-09-24,1.96375000477,0
2012-09-25,1.90968799591,0
2012-09-26,1.87999999523,0
2012-09-27,1.93062496185,0
2012-09-28,1.90093803406,0
2012-10-01,1.892187953,0
2012-10-02,1.90531301498,0
2012-10-03,1.92687499523,0
2012-10-04,1.94124996662,0
2012-10-05,1.91968798637,0
2012-10-08,1.88718795776,0
2012-10-09,1.82749998569,0
2012-10-10,1.80875003338,0
2012-10-11,1.79468798637,0
2012-10-12,1.79375004768,0
2012-10-15,1.81906294823,0
2012-10-16,1.87187504768,0
2012-10-17,1.87062501907,0
2012-10-18,1.82781302929,0
2012-10-19,1.73968803883,0
2012-10-22,1.75843799114,0
2012-10-23,1.72343802452,0
2012-10-24,1.70843803883,0
2012-10-25,1.71062505245,0
2012-10-26,1.72062504292,0
2012-10-31,1.69906294346,0
2012-11-01,1.74781298637,0
2012-11-02,1.70593798161,0
2012-11-05,1.73218798637,0
2012-11-06,1.73968803883,0
2012-11-07,1.65625,0
2012-11-08,1.60749995708,0
2012-11-09,1.61968803406,0
2012-11-12,1.61687505245,0
2012-11-13,1.59656298161,0
2012-11-14,1.55718803406,0
2012-11-15,1.54562497139,0
2012-11-16,1.55875003338,0
2012-11-19,1.63374996185,0
2012-11-20,1.63468801975,0
2012-11-21,1.64250004292,0
2012-11-23,1.69124996662,0
2012-11-26,1.70812499523,0
2012-11-27,1.69468796253,0
2012-11-28,1.72374999523,0
2012-11-29,1.74406301975,0
2012-11-30,1.74000000954,0
2012-12-03,1.73406302929,0
2012-12-04,1.72687494755,0
2012-12-05,1.69062495232,0
2012-12-06,1.71218800545,0
2012-12-07,1.69156301022,0
2012-12-10,1.70218801498,0
2012-12-11,1.74687504768,0
2012-12-12,1.73749995232,0
2012-12-13,1.71093797684,0
2012-12-14,1.67906296253,0
2012-12-17,1.72500002384,0
2012-12-18,1.77593803406,0
2012-12-19,1.76031303406,0
2012-12-20,1.75906300545,0
2012-12-21,1.72437500954,0
2012-12-24,1.71500003338,0
2012-12-26,1.68531298637,0.002563
2012-12-27,1.67906296253,0
2012-12-28,1.64625000954,0
2012-12-31,1.71281301975,0
2013-01-02,1.82343804836,0
2013-01-03,1.80656301975,0
2013-01-04,1.79343795776,0
2013-01-07,1.796875,0
2013-01-08,1.79187500477,0
2013-01-09,1.79999995232,0
2013-01-10,1.82218801975,0
2013-01-11,1.828125,0
2013-01-14,1.81093800068,0
2013-01-15,1.79375004768,0
2013-01-16,1.80750000477,0
2013-01-17,1.82406294346,0
2013-01-18,1.81749999523,0
2013-01-22,1.82406294346,0
2013-01-23,1.84218800068,0
2013-01-24,1.79406297207,0
2013-01-25,1.81218802929,0
2013-01-28,1.81968796253,0
2013-01-29,1.81281304359,0
2013-01-30,1.81437504292,0
2013-01-31,1.80375003815,0
2013-02-01,1.8459379673,0
2013-02-04,1.78125,0
2013-02-05,1.83656299114,0
2013-02-06,1.82281303406,0
2013-02-07,1.82656300068,0
2013-02-08,1.86374998093,0
2013-02-11,1.86406302452,0
2013-02-12,1.84874999523,0
2013-02-13,1.86187505722,0
2013-02-14,1.85968804359,0
2013-02-15,1.85062503815,0
2013-02-19,1.876562953,0
2013-02-20,1.81875002384,0
2013-02-21,1.77968800068,0
2013-02-22,1.81500005722,0
2013-02-25,1.76968801022,0
2013-02-26,1.78250002861,0
2013-02-27,1.81843805313,0
2013-02-28,1.8125,0
2013-03-01,1.82718801498,0
2013-03-04,1.84406304359,0
2013-03-05,1.89968800545,0
2013-03-06,1.88906300068,0
2013-03-07,1.89968800545,0
2013-03-08,1.90187501907,0
2013-03-11,1.91499996185,0
2013-03-12,1.90156304836,0
2013-03-13,1.89499998093,0
2013-03-14,1.9084379673,0
2013-03-15,1.89781296253,0
2013-03-18,1.88781297207,0
2013-03-19,1.88250005245,0
2013-03-20,1.90187501907,0.004094
2013-03-21,1.8615629673,0
2013-03-22,1.89625000954,0
2013-03-25,1.88156294823,0
2013-03-26,1.90343797207,0
2013-03-27,1.90812504292,0
2013-03-28,1.91843795776,0
2013-04-01,1.89093804359,0
2013-04-02,1.92093801498,0
2013-04-03,1.88593804836,0
2013-04-04,1.88750004768,0
2013-04-05,1.85531294346,0
2013-04-08,1.87531304359,0
2013-04-09,1.89906299114,0
2013-04-10,1.97406303883,0
2013-04-11,1.970312953,0
2013-04-12,1.96875,0
2013-04-15,1.8915630579,0
2013-04-16,1.94218802452,0
2013-04-17,1.86625003815,0
2013-04-18,1.81375002861,0
2013-04-19,1.86406302452,0
2013-04-22,1.89999997616,0
2013-04-23,1.93687498569,0
2013-04-24,1.93531298637,0
2013-04-25,1.95593798161,0
2013-04-26,1.94500005245,0
2013-04-29,1.98031294346,0
2013-04-30,2.00781297684,0
2013-05-01,1.99093794823,0
2013-05-02,2.04031300545,0
2013-05-03,2.08874988556,0
2013-05-06,2.10406303406,0
2013-05-07,2.10156297684,0
2013-05-08,2.12249994278,0
2013-05-09,2.11843800545,0
2013-05-10,2.14093804359,0
2013-05-13,2.14812493324,0
2013-05-14,2.16968798637,0
2013-05-15,2.17812490463,0
2013-05-16,2.17437505722,0
2013-05-17,2.21406292915,0
2013-05-20,2.20781302452,0
2013-05-21,2.21187496185,0
2013-05-22,2.17656302452,0
2013-05-23,2.16281294823,0
2013-05-24,2.16249990463,0
2013-05-28,2.19000005722,0
2013-05-29,2.16875004768,0
2013-05-30,2.19125008583,0
2013-05-31,2.15062499046,0
2013-06-03,2.15968799591,0
2013-06-04,2.13718795776,0
2013-06-05,2.08281302452,0
2013-06-06,2.09812498093,0
2013-06-07,2.15750002861,0
2013-06-10,2.16062498093,0
2013-06-11,2.11718797684,0
2013-06-12,2.06781291962,0
2013-06-13,2.11843800545,0
2013-06-14,2.09249997139,0
2013-06-17,2.13093805313,0
2013-06-18,2.16624999046,0
2013-06-19,2.11781311035,0
2013-06-20,2.01437497139,0
2013-06-21,1.99687504768,0
2013-06-24,1.95656299591,0
2013-06-25,1.98374998569,0
2013-06-26,2.01749992371,0
2013-06-27,2.03749990463,0
2013-06-28,2.03937506676,0
2013-07-01,2.06874990463,0
2013-07-02,2.06937503815,0
2013-07-03,2.08687496185,0
2013-07-05,2.11718797684,0
2013-07-08,2.12093806267,0
2013-07-09,2.14687490463,0
2013-07-10,2.17281293869,0
2013-07-11,2.26250004768,0
2013-07-12,2.27906298637,0
2013-07-15,2.28968811035,0
2013-07-16,2.28375005722,0
2013-07-17,2.29406309128,0
2013-07-18,2.28250002861,0
2013-07-19,2.23624992371,0
2013-07-22,2.24718809128,0
2013-07-23,2.21624994278,0
2013-07-24,2.22968792915,0
2013-07-25,2.25624990463,0
2013-07-26,2.2806251049,0
2013-07-29,2.27250003815,0
2013-07-30,2.29562497139,0
2013-07-31,2.30562496185,0
2013-08-01,2.35124993324,0
2013-08-02,2.37875008583,0
2013-08-05,2.38218808174,0
2013-08-06,2.35374999046,0
2013-08-07,2.34500002861,0
2013-08-08,2.36625003815,0
2013-08-09,2.34906291962,0
2013-08-12,2.35781288147,0
2013-08-13,2.38406300545,0
2013-08-14,2.36750006676,0
2013-08-15,2.28874993324,0
2013-08-16,2.28437495232,0
2013-08-19,2.27718806267,0
2013-08-20,2.29718804359,0
2013-08-21,2.28125,0
2013-08-22,2.32437491417,0
2013-08-23,2.35750007629,0
2013-08-26,2.35812497139,0
2013-08-27,2.26062488556,0
2013-08-28,2.28093791008,0
2013-08-29,2.3118751049,0
2013-08-30,2.28156304359,0
2013-09-03,2.30531311035,0
2013-09-04,2.35718798637,0
2013-09-05,2.36531305313,0
2013-09-06,2.37062501907,0
2013-09-09,2.42499995232,0
2013-09-10,2.44968795776,0
2013-09-11,2.44062495232,0
2013-09-12,2.43593788147,0
2013-09-13,2.44031310081,0
2013-09-16,2.42624998093,0
2013-09-17,2.45937490463,0
2013-09-18,2.5178129673,0
2013-09-19,2.52937507629,0
2013-09-20,2.51125001907,0
2013-09-23,2.5006248951,0
2013-09-24,2.5015630722,0
2013-09-25,2.4865629673,0
2013-09-26,2.52343797684,0
2013-09-27,2.5178129673,0
2013-09-30,2.49968791008,0
2013-10-01,2.55562496185,0
2013-10-02,2.55281305313,0
2013-10-03,2.49406290054,0
2013-10-04,2.53562498093,0
2013-10-07,2.49375009537,0
2013-10-08,2.40062499046,0
2013-10-09,2.38312506676,0
2013-10-10,2.48187494278,0
2013-10-11,2.52281308174,0
2013-10-14,2.55749988556,0
2013-10-15,2.53843808174,0
2013-10-16,2.59562492371,0
2013-10-17,2.62531304359,0
2013-10-18,2.71000003815,0
2013-10-21,2.72125005722,0
2013-10-22,2.72593808174,0
2013-10-23,2.69749999046,0
2013-10-24,2.72000002861,0
2013-10-25,2.75781297684,0
2013-10-28,2.76062488556,0
2013-10-29,2.76843810081,0
2013-10-30,2.76375007629,0
2013-10-31,2.75125002861,0
2013-11-01,2.7521879673,0
2013-11-04,2.75874996185,0
2013-11-05,2.76656293869,0
2013-11-06,2.7650001049,0
2013-11-07,2.66156291962,0
2013-11-08,2.73343801498,0
2013-11-11,2.72499990463,0
2013-11-12,2.73218798637,0
2013-11-13,2.7990629673,0
2013-11-14,2.81437492371,0
2013-11-15,2.82531309128,0
2013-11-18,2.77343797684,0
2013-11-19,2.75437498093,0
2013-11-20,2.74375009537,0
2013-11-21,2.79562497139,0
2013-11-22,2.8275001049,0
2013-11-25,2.83999991417,0
2013-11-26,2.86968803406,0
2013-11-27,2.90906310081,0
2013-11-29,2.94125008583,0
2013-12-02,2.92624998093,0
2013-12-03,2.92156291008,0
2013-12-04,2.92718791962,0
2013-12-05,2.921875,0
2013-12-06,2.96281290054,0
2013-12-09,2.9859380722,0
2013-12-10,2.98250007629,0
2013-12-11,2.90625,0
2013-12-12,2.8921880722,0
2013-12-13,2.88281297684,0
2013-12-16,2.91437506676,0
2013-12-17,2.90406298637,0
2013-12-18,2.97156310081,0
2013-12-19,2.95218801498,0
2013-12-20,3.01156306267,0
2013-12-23,3.07531309128,0
2013-12-24,3.07937502861,0
2013-12-26,3.09843802452,0
2013-12-27,3.08249998093,0
2013-12-30,3.07312488556,0
2013-12-31,3.11249995232,0
2014-01-02,3.0646879673,0
2014-01-03,3.02125000954,0
2014-01-06,2.99656295776,0
2014-01-07,3.05124998093,0
2014-01-08,3.06687498093,0
2014-01-09,3.04500007629,0
2014-01-10,3.0646879673,0
2014-01-13,2.97187495232,0
2014-01-14,3.08781290054,0
2014-01-15,3.13687491417,0
2014-01-16,3.14031291008,0
2014-01-17,3.10343790054,0
2014-01-21,3.15031290054,0
2014-01-22,3.16875004768,0
2014-01-23,3.14593791962,0
2014-01-24,3.0178129673,0
2014-01-27,2.96374988556,0
2014-01-28,2.95937490463,0
2014-01-29,2.89656305313,0
2014-01-30,2.99843788147,0
2014-01-31,2.98562502861,0
2014-02-03,2.85156297684,0
2014-02-04,2.8900001049,0
2014-02-05,2.875,0
2014-02-06,2.94562506676,0
2014-02-07,3.05093789101,0
2014-02-10,3.08687496185,0
2014-02-11,3.1568748951,0
2014-02-12,3.16937494278,0
2014-02-13,3.21562504768,0
2014-02-14,3.23000001907,0
2014-02-18,3.26156306267,0
2014-02-19,3.21718788147,0
2014-02-20,3.24343800545,0
2014-02-21,3.234375,0
2014-02-24,3.27312493324,0
2014-02-25,3.26312494278,0
2014-02-26,3.25781297684,0
2014-02-27,3.30093789101,0
2014-02-28,3.29187488556,0
2014-03-03,3.24375009537,0
2014-03-04,3.32656288147,0
2014-03-05,3.34500002861,0
2014-03-06,3.33718800545,0
2014-03-07,3.30468797684,0
2014-03-10,3.30968809128,0
2014-03-11,3.2828130722,0
2014-03-12,3.30562496185,0
2014-03-13,3.21406292915,0
2014-03-14,3.16781306267,0
2014-03-17,3.22562503815,0
2014-03-18,3.30281305313,0
2014-03-19,3.26843810081,0
2014-03-20,3.28437495232,0
2014-03-21,3.20437502861,0
2014-03-24,3.15062499046,0
2014-03-25,3.16906309128,0
2014-03-26,3.08750009537,0
2014-03-27,3.05312490463,0
2014-03-28,3.06593799591,0
2014-03-31,3.10781288147,0
2014-04-01,3.21624994278,0
2014-04-02,3.23343801498,0
2014-04-03,3.18281292915,0
2014-04-04,3.01093792915,0
2014-04-07,2.95718789101,0
2014-04-08,3.00906300545,0
2014-04-09,3.11312508583,0
2014-04-10,2.92093801498,0
2014-04-11,2.85312509537,0
2014-04-14,2.89656305313,0
2014-04-15,2.91499996185,0
2014-04-16,2.99093794823,0
2014-04-17,2.99281311035,0
2014-04-21,3.03812503815,0
2014-04-22,3.08718800545,0
2014-04-23,3.03156304359,0
2014-04-24,3.09062504768,0
2014-04-25,2.99093794823,0
2014-04-28,3.01250004768,0
2014-04-29,3.05781292915,0
2014-04-30,3.07406306267,0
2014-05-01,3.09375,0
2014-05-02,3.08187508583,0
2014-05-05,3.11312508583,0
2014-05-06,3.0318748951,0
2014-05-07,3.01343798637,0
2014-05-08,3.00874996185,0
2014-05-09,3.0318748951,0
2014-05-12,3.12906289101,0
2014-05-13,3.13312506676,0
2014-05-14,3.10031294823,0
2014-05-15,3.05343794823,0
2014-05-16,3.09281301498,0
2014-05-19,3.13750004768,0
2014-05-20,3.11406302452,0
2014-05-21,3.17281293869,0
2014-05-22,3.19875001907,0
2014-05-23,3.24687504768,0
2014-05-27,3.3287498951,0
2014-05-28,3.30656290054,0
2014-05-29,3.34812498093,0
2014-05-30,3.35031294823,0
2014-06-02,3.34187507629,0
2014-06-03,3.34031295776,0
2014-06-04,3.36281299591,0
2014-06-05,3.42062497139,0
2014-06-06,3.45937490463,0
2014-06-09,3.45406293869,0
2014-06-10,3.46468806267,0
2014-06-11,3.46281290054,0
2014-06-12,3.40374994278,0
2014-06-13,3.42218804359,0
2014-06-16,3.42750000954,0
2014-06-17,3.43093800545,0
2014-06-18,3.47281289101,0
2014-06-19,3.46531295776,0
2014-06-20,3.47187495232,0
2014-06-23,3.47375011444,0
2014-06-24,3.46749997139,0
2014-06-25,3.50656294823,0.005625
2014-06-26,3.50937509537,0
2014-06-27,3.53874993324,0
2014-06-30,3.55312490463,0
2014-07-01,3.63156294823,0
2014-07-02,3.64249992371,0
2014-07-03,3.68531298637,0
2014-07-07,3.66406297684,0
2014-07-08,3.5775001049,0
2014-07-09,3.63000011444,0
2014-07-10,3.60750007629,0
2014-07-11,3.65031290054,0
2014-07-14,3.69812488556,0
2014-07-15,3.6724998951,0
2014-07-16,3.70031309128,0
2014-07-17,3.60281300545,0
2014-07-18,3.71312499046,0
2014-07-21,3.7046880722,0
2014-07-22,3.75500011444,0
2014-07-23,3.80093789101,0
2014-07-24,3.79343795776,0
2014-07-25,3.75999999046,0
2014-07-28,3.76437497139,0
2014-07-29,3.75312495232,0
2014-07-30,3.7818748951,0
2014-07-31,3.62750005722,0
2014-08-01,3.60156297684,0
2014-08-04,3.64875006676,0
2014-08-05,3.59468793869,0
2014-08-06,3.58750009537,0
2014-08-07,3.56625008583,0
2014-08-08,3.61593794823,0
2014-08-11,3.65968799591,0
2014-08-12,3.65437507629,0
2014-08-13,3.73406291008,0
2014-08-14,3.77250003815,0
2014-08-15,3.80749988556,0
2014-08-18,3.86781311035,0
2014-08-19,3.91031289101,0
2014-08-20,3.91249990463,0
2014-08-21,3.92593789101,0
2014-08-22,3.9368751049,0
2014-08-25,3.96562504768,0
2014-08-26,3.97499990463,0
2014-08-27,3.97531294823,0
2014-08-28,3.96374988556,0
2014-08-29,3.99562501907,0
2014-09-02,4.0184378624,0
2014-09-03,3.97125005722,0
2014-09-04,3.96062493324,0
2014-09-05,4.00500011444,0
2014-09-08,4.01781320572,0
2014-09-09,3.95218801498,0
2014-09-10,4.01343822479,0
2014-09-11,4.01031303406,0
2014-09-12,3.96781301498,0
2014-09-15,3.88968801498,0
2014-09-16,3.95812511444,0
2014-09-17,3.97250008583,0
2014-09-18,4.03000020981,0
2014-09-19,4.02281284332,0
2014-09-22,3.95093798637,0
2014-09-23,3.92906308174,0
2014-09-24,4.01281309128,0
2014-09-25,3.84468793869,0
2014-09-26,3.92843794823,0
2014-09-29,3.91687488556,0
2014-09-30,3.92875003815,0
2014-10-01,3.80156302452,0
2014-10-02,3.7990629673,0
2014-10-03,3.87531304359,0
2014-10-06,3.85843801498,0
2014-10-07,3.7493751049,0
2014-10-08,3.89843797684,0
2014-10-09,3.76749992371,0
2014-10-10,3.5787498951,0
2014-10-13,3.46843791008,0
2014-10-14,3.46687507629,0
2014-10-15,3.42499995232,0
2014-10-16,3.37968802452,0
2014-10-17,3.47000002861,0
2014-10-20,3.57249999046,0
2014-10-21,3.75937509537,0
2014-10-22,3.7193748951,0
2014-10-23,3.83343791962,0
2014-10-24,3.89187502861,0
2014-10-27,3.90218806267,0
2014-10-28,4.01749992371,0
2014-10-29,3.9865629673,0
2014-10-30,4.00593805313,0
2014-10-31,4.11437511444,0
2014-11-03,4.13812494278,0
2014-11-04,4.11250019073,0
2014-11-05,4.11000013351,0
2014-11-06,4.13749980927,0
2014-11-07,4.12812519073,0
2014-11-10,4.15968799591,0
2014-11-11,4.18343782425,0
2014-11-12,4.19906282425,0
2014-11-13,4.2340631485,0
2014-11-14,4.25937509537,0
2014-11-17,4.23312520981,0
2014-11-18,4.29906320572,0
2014-11-19,4.25937509537,0
2014-11-20,4.29781293869,0
2014-11-21,4.31374979019,0
2014-11-24,4.38250017166,0
2014-11-25,4.39562511444,0
2014-11-26,4.4528131485,0
2014-11-28,4.49249982834,0
2014-12-01,4.38999986649,0
2014-12-02,4.42500019073,0
2014-12-03,4.44281291962,0
2014-12-04,4.43593788147,0
2014-12-05,4.43812513351,0
2014-12-08,4.37218809128,0
2014-12-09,4.40437507629,0
2014-12-10,4.26375007629,0
2014-12-11,4.30468797684,0
2014-12-12,4.21093797684,0
2014-12-15,4.125,0
2014-12-16,3.98906302452,0
2014-12-17,4.13093805313,0
2014-12-18,4.33500003815,0
2014-12-19,4.3640627861,0
2014-12-22,4.39156293869,0.0025
2014-12-23,4.36281299591,0
2014-12-24,4.36781311035,0
2014-12-26,4.42968797684,0
2014-12-29,4.42781305313,0
2014-12-30,4.36499977112,0
2014-12-31,4.27312517166,0
2015-01-02,4.25531291962,0
2015-01-05,4.12562513351,0
2015-01-06,4.01687479019,0
2015-01-07,4.11718797684,0
2015-01-08,4.27468776703,0
2015-01-09,4.21968793869,0
2015-01-12,4.13281297684,0
2015-01-13,4.1265630722,0
2015-01-14,4.08562517166,0
2015-01-15,3.97781300545,0
2015-01-16,4.07156276703,0
2015-01-20,4.13437509537,0
2015-01-21,4.17624998093,0
2015-01-22,4.33062505722,0
2015-01-23,4.34937477112,0
2015-01-26,4.34062480927,0
2015-01-27,4.11812496185,0
2015-01-28,4.07312488556,0
2015-01-29,4.14781284332,0
2015-01-30,4.08718776703,0
2015-02-02,4.15656280518,0
2015-02-03,4.23624992371,0
2015-02-04,4.22656297684,0
2015-02-05,4.30062484741,0
2015-02-06,4.24843788147,0
2015-02-09,4.22093820572,0
2015-02-10,4.35281276703,0
2015-02-11,4.38531303406,0
2015-02-12,4.48531293869,0
2015-02-13,4.56187486649,0
2015-02-17,4.57093811035,0
2015-02-18,4.58437490463,0
2015-02-19,4.62906312943,0
2015-02-20,4.69062519073,0
2015-02-23,4.70156288147,0
2015-02-24,4.70749998093,0
2015-02-25,4.68312501907,0
2015-02-26,4.73062515259,0
2015-02-27,4.68937492371,0
2015-03-02,4.77374982834,0
2015-03-03,4.72687482834,0
2015-03-04,4.69281291962,0
2015-03-05,4.70718812943,0
2015-03-06,4.5984377861,0
2015-03-09,4.62406301498,0
2015-03-10,4.45812511444,0
2015-03-11,4.40406322479,0
2015-03-12,4.46374988556,0
2015-03-13,4.42250013351,0
2015-03-16,4.53906297684,0
2015-03-17,4.55031299591,0
2015-03-18,4.64125013351,0
2015-03-19,4.65374994278,0
2015-03-20,4.71781301498,0
2015-03-23,4.69437503815,0
2015-03-24,4.6609377861,0
2015-03-25,4.44468784332,0.002469
2015-03-26,4.41499996185,0
2015-03-27,4.45093822479,0
2015-03-30,4.55937480927,0
2015-03-31,4.4546880722,0
2015-04-01,4.40875005722,0
2015-04-02,4.41312503815,0
2015-04-06,4.48562479019,0
2015-04-07,4.46999979019,0
2015-04-08,4.54093790054,0
2015-04-09,4.59781312943,0
2015-04-10,4.63468790054,0
2015-04-13,4.6109380722,0
2015-04-14,4.58531284332,0
2015-04-15,4.63906288147,0
2015-04-16,4.6278128624,0
2015-04-17,4.48531293869,0
2015-04-20,4.61875009537,0
2015-04-21,4.65687513351,0
2015-04-22,4.70718812943,0
2015-04-23,4.74499988556,0
2015-04-24,4.87062501907,0
2015-04-27,4.8484377861,0
2015-04-28,4.82562494278,0
2015-04-29,4.76781320572,0
2015-04-30,4.61437511444,0
2015-05-01,4.73999977112,0
2015-05-04,4.7528128624,0
2015-05-05,4.60187482834,0
2015-05-06,4.54031276703,0
2015-05-07,4.58968782425,0
2015-05-08,4.70249986649,0
2015-05-11,4.66437482834,0
2015-05-12,4.62531280518,0
2015-05-13,4.64312505722,0
2015-05-14,4.77750015259,0
2015-05-15,4.77968788147,0
2015-05-18,4.82062482834,0
2015-05-19,4.80781316757,0
2015-05-20,4.81312513351,0
2015-05-21,4.86499977112,0
2015-05-22,4.85874986649,0
2015-05-26,4.74249982834,0
2015-05-27,4.89499998093,0
2015-05-28,4.87375020981,0
2015-05-29,4.81874990463,0
2015-06-01,4.84562492371,0
2015-06-02,4.81624984741,0
2015-06-03,4.84437513351,0
2015-06-04,4.77437496185,0
2015-06-05,4.74937486649,0
2015-06-08,4.65374994278,0
2015-06-09,4.63875007629,0
2015-06-10,4.75874996185,0
2015-06-11,4.77562522888,0
2015-06-12,4.69750022888,0
2015-06-15,4.65312480927,0
2015-06-16,4.69999980927,0
2015-06-17,4.72625017166,0
2015-06-18,4.86062479019,0
2015-06-19,4.81437492371,0
2015-06-22,4.88562488556,0
2015-06-23,4.89437484741,0
2015-06-24,4.84625005722,0
2015-06-25,4.82312488556,0
2015-06-26,4.76437520981,0
2015-06-29,4.54125022888,0
2015-06-30,4.57187509537,0
2015-07-01,4.64125013351,0
2015-07-02,4.64499998093,0
2015-07-06,4.62312507629,0
2015-07-07,4.64125013351,0
2015-07-08,4.48187494278,0
2015-07-09,4.47562503815,0
2015-07-10,4.61562490463,0
2015-07-13,4.77250003815,0
2015-07-14,4.83624982834,0
2015-07-15,4.84749984741,0
2015-07-16,4.98250007629,0
2015-07-17,5.12750005722,0
2015-07-20,5.16687488556,0
2015-07-21,5.15687513351,0
2015-07-22,5.04500007629,0
2015-07-23,5.00250005722,0
2015-07-24,4.90749979019,0
2015-07-27,4.82312488556,0
2015-07-28,4.90625,0
2015-07-29,4.94687509537,0
2015-07-30,4.99125003815,0
2015-07-31,4.97937488556,0
2015-08-03,4.95187520981,0
2015-08-04,4.92875003815,0
2015-08-05,5.00374984741,0
2015-08-06,4.84749984741,0
2015-08-07,4.83125019073,0
2015-08-10,4.94062519073,0
2015-08-11,4.81687498093,0
2015-08-12,4.84562492371,0
2015-08-13,4.828125,0
2015-08-14,4.84375,0
2015-08-17,4.92437505722,0
2015-08-18,4.87687492371,0
2015-08-19,4.81125020981,0
2015-08-20,4.54750013351,0
2015-08-21,4.15749979019,0
2015-08-24,3.8443748951,0
2015-08-25,3.79937505722,0
2015-08-26,4.17999982834,0
2015-08-27,4.38999986649,0
2015-08-28,4.39499998093,0
2015-08-31,4.28187513351,0
2015-09-01,4.02312517166,0
2015-09-02,4.24125003815,0
2015-09-03,4.19500017166,0
2015-09-04,4.09687519073,0
2015-09-08,4.32687520981,0
2015-09-09,4.23187494278,0
2015-09-10,4.32000017166,0
2015-09-11,4.36875009537,0
2015-09-14,4.34187507629,0
2015-09-15,4.44250011444,0
2015-09-16,4.49437522888,0
2015-09-17,4.49875020981,0
2015-09-18,4.37375020981,0
2015-09-21,4.39937496185,0
2015-09-22,4.26875019073,0
2015-09-23,4.27124977112,0
2015-09-24,4.24499988556,0
2015-09-25,4.17000007629,0
2015-09-28,3.93249988556,0
2015-09-29,3.89374995232,0
2015-09-30,4.06562519073,0
2015-10-01,4.10312509537,0
2015-10-02,4.24687480927,0
2015-10-05,4.37249994278,0
2015-10-06,4.33125019073,0
2015-10-07,4.38000011444,0
2015-10-08,4.41499996185,0
2015-10-09,4.45187520981,0
2015-10-12,4.47749996185,0
2015-10-13,4.41562509537,0
2015-10-14,4.40562486649,0
2015-10-15,4.55000019073,0
2015-10-16,4.59000015259,0
2015-10-19,4.64187479019,0
2015-10-20,4.59375,0
2015-10-21,4.53562498093,0
2015-10-22,4.72125005722,0
2015-10-23,4.98500013351,0
2015-10-26,4.99249982834,0
2015-10-27,5.00937509537,0
2015-10-28,5.09375,0
2015-10-29,5.078125,0
2015-10-30,5.03375005722,0
2015-11-02,5.14874982834,0
2015-11-03,5.18312501907,0
2015-11-04,5.18437480927,0
2015-11-05,5.14937496185,0
2015-11-06,5.16187477112,0
2015-11-09,5.05249977112,0
2015-11-10,5.02187490463,0
2015-11-11,5.01187515259,0
2015-11-12,4.91312503815,0
2015-11-13,4.72187519073,0
2015-11-16,4.85624980927,0
2015-11-17,4.86250019073,0
2015-11-18,5.04624986649,0
2015-11-19,5.05499982834,0
2015-11-20,5.12187480927,0
2015-11-23,5.09437513351,0
2015-11-24,5.08812522888,0
2015-11-25,5.09312486649,0
2015-11-27,5.109375,0
2015-11-30,5.08187484741,0
2015-12-01,5.18375015259,0
2015-12-02,5.12249994278,0
2015-12-03,4.94624996185,0
2015-12-04,5.17437505722,0
2015-12-07,5.13000011444,0
2015-12-08,5.13187503815,0
2015-12-09,4.97499990463,0
2015-12-10,5.01812505722,0
2015-12-11,4.78937482834,0
2015-12-14,4.86374998093,0
2015-12-15,4.92000007629,0
2015-12-16,5.05812501907,0
2015-12-17,4.91812515259,0
2015-12-18,4.73562479019,0
2015-12-21,4.83312511444,0
2015-12-22,4.89312505722,0.002875
2015-12-23,4.96687507629,0
2015-12-24,4.96312522888,0
2015-12-28,4.95375013351,0
2015-12-29,5.109375,0
2015-12-30,5.02124977112,0
2015-12-31,4.89750003815,0
2016-01-04,4.69312477112,0
2016-01-05,4.66812515259,0
2016-01-06,4.58374977112,0
2016-01-07,4.29812479019,0
2016-01-08,4.22312498093,0
2016-01-11,4.25312519073,0
2016-01-12,4.35187482834,0
2016-01-13,4.04874992371,0
2016-01-14,4.21875,0
2016-01-15,3.95749998093,0
2016-01-19,3.97437500954,0
2016-01-20,3.95187497139,0
2016-01-21,3.96125006676,0
2016-01-22,4.18687486649,0
2016-01-25,4.06500005722,0
2016-01-26,4.13687515259,0
2016-01-27,3.92937493324,0
2016-01-28,4.03812503815,0
2016-01-29,4.20749998093,0
2016-02-01,4.22437477112,0
2016-02-02,4.04562520981,0
2016-02-03,4.00874996185,0
2016-02-04,4.00750017166,0
2016-02-05,3.72624993324,0
2016-02-08,3.61312508583,0
2016-02-09,3.58874988556,0
2016-02-10,3.61937499046,0
2016-02-11,3.61249995232,0
2016-02-12,3.71624994278,0
2016-02-16,3.87812495232,0
2016-02-17,4.05875015259,0
2016-02-18,3.96875,0
2016-02-19,3.99187493324,0
2016-02-22,4.11999988556,0
2016-02-23,3.984375,0
2016-02-24,4.06062507629,0
2016-02-25,4.13812494278,0
2016-02-26,4.12874984741,0
2016-02-29,4.05499982834,0
2016-03-01,4.31312513351,0
2016-03-02,4.31750011444,0
2016-03-03,4.30249977112,0
2016-03-04,4.30625009537,0
2016-03-07,4.25437498093,0
2016-03-08,4.17999982834,0
2016-03-09,4.23500013351,0
2016-03-10,4.22437477112,0
2016-03-11,4.36875009537,0
2016-03-14,4.38187503815,0
2016-03-15,4.38000011444,0
2016-03-16,4.45749998093,0
2016-03-17,4.45249986649,0
2016-03-18,4.46937513351,0
2016-03-21,4.50187492371,0
2016-03-22,4.52687501907,0
2016-03-23,4.44812488556,0
2016-03-24,4.45062494278,0
2016-03-28,4.43937492371,0
2016-03-29,4.57562494278,0
2016-03-30,4.62687492371,0
2016-03-31,4.61250019073,0
2016-04-01,4.70749998093,0
2016-04-04,4.67000007629,0
2016-04-05,4.58562517166,0
2016-04-06,4.73312520981,0
2016-04-07,4.59062480927,0
2016-04-08,4.59062480927,0
2016-04-11,4.55499982834,0
2016-04-12,4.63312482834,0
2016-04-13,4.75062513351,0
2016-04-14,4.75,0
2016-04-15,4.72499990463,0
2016-04-18,4.77500009537,0
2016-04-19,4.71624994278,0
2016-04-20,4.72187519073,0
2016-04-21,4.72437477112,0
2016-04-22,4.58374977112,0
2016-04-25,4.58312511444,0
2016-04-26,4.54125022888,0
2016-04-27,4.46312522888,0
2016-04-28,4.359375,0
2016-04-29,4.30999994278,0
2016-05-02,4.38999986649,0
2016-05-03,4.31062507629,0
2016-05-04,4.25437498093,0
2016-05-05,4.25374984741,0
2016-05-06,4.29750013351,0
2016-05-09,4.32000017166,0
2016-05-10,4.43874979019,0
2016-05-11,4.36000013351,0
2016-05-12,4.32000017166,0
2016-05-13,4.28999996185,0
2016-05-16,4.39375019073,0
2016-05-17,4.28499984741,0
2016-05-18,4.31500005722,0
2016-05-19,4.27124977112,0
2016-05-20,4.36124992371,0
2016-05-23,4.34937477112,0
2016-05-24,4.52687501907,0
2016-05-25,4.59187507629,0
2016-05-26,4.61749982834,0
2016-05-27,4.66499996185,0
2016-05-31,4.68375015259,0
2016-06-01,4.68125009537,0
2016-06-02,4.70375013351,0
2016-06-03,4.65749979019,0
2016-06-06,4.68937492371,0
2016-06-07,4.67062520981,0
2016-06-08,4.68312501907,0
2016-06-09,4.66687488556,0
2016-06-10,4.5625,0
2016-06-13,4.48312520981,0
2016-06-14,4.48750019073,0
2016-06-15,4.46000003815,0
2016-06-16,4.48687505722,0
2016-06-17,4.38312482834,0
2016-06-20,4.43375015259,0
2016-06-21,4.46250009537,0
2016-06-22,4.43812513351,0.0025
2016-06-23,4.56312513351,0
2016-06-24,4.19250011444,0
2016-06-27,4.03062486649,0
2016-06-28,4.19999980927,0
2016-06-29,4.34687519073,0
2016-06-30,4.44750022888,0
2016-07-01,4.49187517166,0
2016-07-05,4.43562507629,0
2016-07-06,4.50750017166,0
2016-07-07,4.53625011444,0
2016-07-08,4.67624998093,0
2016-07-11,4.73124980927,0
2016-07-12,4.77624988556,0
2016-07-13,4.75562477112,0
2016-07-14,4.81562519073,0
2016-07-15,4.80187511444,0
2016-07-18,4.86562490463,0
2016-07-19,4.82937479019,0
2016-07-20,4.94312477112,0
2016-07-21,4.92124986649,0
2016-07-22,4.96000003815,0
2016-07-25,4.96250009537,0
2016-07-26,4.97499990463,0
2016-07-27,5.03875017166,0
2016-07-28,5.07749986649,0
2016-07-29,5.09687519073,0
2016-08-01,5.15000009537,0
2016-08-02,5.07187509537,0
2016-08-03,5.10750007629,0
2016-08-04,5.13562488556,0
2016-08-05,5.23312520981,0
2016-08-08,5.22312498093,0
2016-08-09,5.24687480927,0
2016-08-10,5.21999979019,0
2016-08-11,5.26375007629,0
2016-08-12,5.27062511444,0
2016-08-15,5.31562519073,0
2016-08-16,5.25750017166,0
2016-08-17,5.27312517166,0
2016-08-18,5.27812480927,0
2016-08-19,5.27374982834,0
2016-08-22,5.28000020981,0
2016-08-23,5.29812479019,0
2016-08-24,5.22875022888,0
2016-08-25,5.21124982834,0
2016-08-26,5.22749996185,0
2016-08-29,5.24249982834,0
2016-08-30,5.20812511444,0
2016-08-31,5.19437503815,0
2016-09-01,5.22125005722,0
2016-09-02,5.25437498093,0
2016-09-06,5.32062482834,0
2016-09-07,5.32937479019,0
2016-09-08,5.26499986649,0
2016-09-09,4.99812507629,0
2016-09-12,5.17500019073,0
2016-09-13,5.08624982834,0
2016-09-14,5.13749980927,0
2016-09-15,5.29624986649,0
2016-09-16,5.28937482834,0
2016-09-19,5.24187517166,0
2016-09-20,5.26125001907,0
2016-09-21,5.36312484741,0
2016-09-22,5.45062494278,0
2016-09-23,5.37937498093,0
2016-09-26,5.29062509537,0
2016-09-27,5.39312505722,0
2016-09-28,5.41375017166,0
2016-09-29,5.33187484741,0
2016-09-30,5.40875005722,0
2016-10-03,5.39562511444,0
2016-10-04,5.38124990463,0
2016-10-05,5.41687488556,0
2016-10-06,5.41312503815,0
2016-10-07,5.38875007629,0
2016-10-10,5.453125,0
2016-10-11,5.29624986649,0
2016-10-12,5.29250001907,0
2016-10-13,5.25437498093,0
2016-10-14,5.26249980927,0
2016-10-17,5.23562479019,0
2016-10-18,5.328125,0
2016-10-19,5.32499980927,0
2016-10-20,5.31500005722,0
2016-10-21,5.35500001907,0
2016-10-24,5.48312520981,0
2016-10-25,5.44500017166,0
2016-10-26,5.37437486649,0
2016-10-27,5.32687520981,0
2016-10-28,5.25312519073,0
2016-10-31,5.24312496185,0
2016-11-01,5.16812515259,0
2016-11-02,5.08249998093,0
2016-11-03,4.98500013351,0
2016-11-04,4.94687509537,0
2016-11-07,5.18625020981,0
2016-11-08,5.25312519073,0
2016-11-09,5.29750013351,0
2016-11-10,5.12562513351,0
2016-11-11,5.13124990463,0
2016-11-14,5.02874994278,0
2016-11-15,5.16874980927,0
2016-11-16,5.22812509537,0
2016-11-17,5.30312490463,0
2016-11-18,5.26499986649,0
2016-11-21,5.37125015259,0
2016-11-22,5.40625,0
2016-11-23,5.36250019073,0
2016-11-25,5.39562511444,0
2016-11-28,5.37249994278,0
2016-11-29,5.40812492371,0
2016-11-30,5.27312517166,0
2016-12-01,5.09625005722,0
2016-12-02,5.11187505722,0
2016-12-05,5.19062519073,0
2016-12-06,5.21750020981,0
2016-12-07,5.34812498093,0
2016-12-08,5.36625003815,0
2016-12-09,5.44999980927,0
2016-12-12,5.40000009537,0
2016-12-13,5.53687477112,0
2016-12-14,5.51187515259,0
2016-12-15,5.52937507629,0
2016-12-16,5.49249982834,0
2016-12-19,5.53625011444,0
2016-12-20,5.57937479019,0
2016-12-21,5.56374979019,0.003688
2016-12-22,5.53187513351,0
2016-12-23,5.53812503815,0
2016-12-27,5.59937477112,0
2016-12-28,5.51062488556,0
2016-12-29,5.49187517166,0
2016-12-30,5.38250017166,0
2017-01-03,5.47562503815,0
2017-01-04,5.53312492371,0
2017-01-05,5.59499979019,0
2017-01-06,5.69312477112,0
2017-01-09,5.73124980927,0
2017-01-10,5.75624990463,0
2017-01-11,5.78312492371,0
2017-01-12,5.765625,0
2017-01-13,5.80687522888,0
2017-01-17,5.77062511444,0
2017-01-18,5.796875,0
2017-01-19,5.78749990463,0
2017-01-20,5.81312513351,0
2017-01-23,5.82187509537,0
2017-01-24,5.90124988556,0
2017-01-25,6.01875019073,0
2017-01-26,6.02812480927,0
2017-01-27,6.05124998093,0
2017-01-30,5.96062517166,0
2017-01-31,5.93562507629,0
2017-02-01,6.01625013351,0
2017-02-02,6.00562477112,0
2017-02-03,6.03687477112,0
2017-02-06,6.05312490463,0
2017-02-07,6.09687519073,0
2017-02-08,6.11999988556,0
2017-02-09,6.16249990463,0
2017-02-10,6.20187520981,0
2017-02-13,6.27250003815,0
2017-02-14,6.3125,0
2017-02-15,6.38500022888,0
2017-02-16,6.38312482834,0
2017-02-17,6.43874979019,0
2017-02-21,6.5,0
2017-02-22,6.50562477112,0
2017-02-23,6.45874977112,0
2017-02-24,6.47875022888,0
2017-02-27,6.49687480927,0
2017-02-28,6.45562505722,0
2017-03-01,6.59562492371,0
2017-03-02,6.53062486649,0
2017-03-03,6.55312490463,0
2017-03-06,6.52500009537,0
2017-03-07,6.49875020981,0
2017-03-08,6.52250003815,0
2017-03-09,6.53125,0
2017-03-10,6.58750009537,0
2017-03-13,6.60750007629,0
2017-03-14,6.57312488556,0
2017-03-15,6.65500020981,0
2017-03-16,6.65000009537,0
2017-03-17,6.63749980927,0
2017-03-20,6.65187501907,0
2017-03-21,6.45437479019,0
2017-03-22,6.53749990463,0.001188
2017-03-23,6.50687503815,0
2017-03-24,6.52562522888,0
2017-03-27,6.55187511444,0
2017-03-28,6.63000011444,0
2017-03-29,6.69187498093,0
2017-03-30,6.71062517166,0
2017-03-31,6.70375013351,0
2017-04-03,6.69374990463,0
2017-04-04,6.71250009537,0
2017-04-05,6.66125011444,0
2017-04-06,6.66750001907,0
2017-04-07,6.66062498093,0
2017-04-10,6.66687488556,0
2017-04-11,6.61000013351,0
2017-04-12,6.55499982834,0
2017-04-13,6.49937486649,0
2017-04-17,6.60562515259,0
2017-04-18,6.58874988556,0
2017-04-19,6.60750007629,0
2017-04-20,6.71250009537,0
2017-04-21,6.71250009537,0
2017-04-24,6.87437486649,0
2017-04-25,6.97437477112,0
2017-04-26,6.95437479019,0
2017-04-27,7.03562498093,0
2017-04-28,7.06062507629,0
2017-05-01,7.17999982834,0
2017-05-02,7.20937490463,0
2017-05-03,7.16249990463,0
2017-05-04,7.16750001907,0
2017-05-05,7.21875,0
2017-05-08,7.25,0
2017-05-09,7.30124998093,0
2017-05-10,7.30749988556,0
2017-05-11,7.29562520981,0
2017-05-12,7.32875013351,0
2017-05-15,7.37375020981,0
2017-05-16,7.4375,0
2017-05-17,7.05625009537,0
2017-05-18,7.17624998093,0
2017-05-19,7.24062490463,0
2017-05-22,7.36250019073,0
2017-05-23,7.37437486649,0
2017-05-24,7.44437503815,0
2017-05-25,7.56750011444,0
2017-05-26,7.59375,0
2017-05-30,7.60812520981,0
2017-05-31,7.59875011444,0
2017-06-01,7.66499996185,0
2017-06-02,7.83125019073,0
2017-06-05,7.82999992371,0
2017-06-06,7.77250003815,0
2017-06-07,7.828125,0
2017-06-08,7.84625005722,0
2017-06-09,7.45187520981,0
2017-06-12,7.36937522888,0
2017-06-13,7.48874998093,0
2017-06-14,7.421875,0
2017-06-15,7.35249996185,0
2017-06-16,7.29937505722,0
2017-06-19,7.53375005722,0
2017-06-20,7.41812515259,0
2017-06-21,7.5625,0.000438
2017-06-22,7.55687522888,0
2017-06-23,7.61250019073,0
2017-06-26,7.54437494278,0
2017-06-27,7.27062511444,0
2017-06-28,7.47312498093,0
2017-06-29,7.21624994278,0
2017-06-30,7.20749998093,0
2017-07-03,7.06937503815,0
2017-07-05,7.20687484741,0
2017-07-06,7.07499980927,0
2017-07-07,7.22249984741,0
2017-07-10,7.32250022888,0
2017-07-11,7.36250019073,0
2017-07-12,7.54062509537,0
2017-07-13,7.57187509537,0
2017-07-14,7.68687486649,0
2017-07-17,7.69500017166,0
2017-07-18,7.80000019073,0
2017-07-19,7.88999986649,0
2017-07-20,7.90999984741,0
2017-07-21,7.89874982834,0
2017-07-24,7.96875,0
2017-07-25,7.93499994278,0
2017-07-26,7.98374986649,0
2017-07-27,7.88999986649,0
2017-07-28,7.86875009537,0
2017-07-31,7.79874992371,0
2017-08-01,7.83249998093,0
2017-08-02,7.875,0
2017-08-03,7.82250022888,0
2017-08-04,7.84250020981,0
2017-08-07,7.9375,0
2017-08-08,7.91499996185,0
2017-08-09,7.89249992371,0
2017-08-10,7.55000019073,0
2017-08-11,7.66375017166,0
2017-08-14,7.86250019073,0
2017-08-15,7.87249994278,0
2017-08-16,7.90250015259,0
2017-08-17,7.57999992371,0
2017-08-18,7.55999994278,0
2017-08-21,7.55124998093,0
2017-08-22,7.77624988556,0
2017-08-23,7.71750020981,0
2017-08-24,7.67749977112,0
2017-08-25,7.64249992371,0
2017-08-28,7.68125009537,0
2017-08-29,7.74499988556,0
2017-08-30,7.92999982834,0
2017-08-31,8.07750034332,0
2017-09-01,8.07625007629,0
2017-09-05,7.92749977112,0
2017-09-06,7.97375011444,0
2017-09-07,8.01249980927,0
2017-09-08,7.87624979019,0
2017-09-11,8.04625034332,0
2017-09-12,8.09125041962,0
2017-09-13,8.11375045776,0
2017-09-14,8.01624965668,0
2017-09-15,8.06750011444,0
2017-09-18,8.05000019073,0
2017-09-19,8.07750034332,0
2017-09-20,8.02999973297,0
2017-09-21,7.92500019073,0
2017-09-22,7.91249990463,0
2017-09-25,7.74749994278,0
2017-09-26,7.78499984741,0
2017-09-27,7.92374992371,0
2017-09-28,7.91625022888,0
2017-09-29,8.02750015259,0
2017-10-02,8.03874969482,0
2017-10-03,8.07874965668,0
2017-10-04,8.09000015259,0
2017-10-05,8.25,0
2017-10-06,8.26749992371,0
2017-10-09,8.25249958038,0
2017-10-10,8.26375007629,0
2017-10-11,8.31375026703,0
2017-10-12,8.28250026703,0
2017-10-13,8.34249973297,0
2017-10-16,8.39999961853,0
2017-10-17,8.41874980927,0
2017-10-18,8.39999961853,0
2017-10-19,8.33749961853,0
2017-10-20,8.38000011444,0
2017-10-23,8.27124977112,0
2017-10-24,8.30249977112,0
2017-10-25,8.23499965668,0
2017-10-26,8.1875,0
2017-10-27,8.64999961853,0
2017-10-30,8.69750022888,0
2017-10-31,8.76000022888,0
2017-11-01,8.75625038147,0
2017-11-02,8.71625041962,0
2017-11-03,8.88125038147,0
2017-11-06,8.94375038147,0
2017-11-07,8.95374965668,0
2017-11-08,9.02750015259,0
2017-11-09,8.92749977112,0
2017-11-10,8.93000030518,0
2017-11-13,8.94874954224,0
2017-11-14,8.88749980927,0
2017-11-15,8.79500007629,0
2017-11-16,9.02375030518,0
2017-11-17,8.95499992371,0
2017-11-20,8.93999958038,0
2017-11-21,9.13000011444,0
2017-11-22,9.15499973297,0
2017-11-24,9.22249984741,0
2017-11-27,9.21249961853,0
2017-11-28,9.25874996185,0
2017-11-29,8.94124984741,0
2017-11-30,9.08500003815,0
2017-12-01,9.00749969482,0
2017-12-04,8.80000019073,0
2017-12-05,8.80249977112,0
2017-12-06,8.88249969482,0
2017-12-07,8.94499969482,0
2017-12-08,9.02375030518,0
2017-12-11,9.16374969482,0
2017-12-12,9.13749980927,0
2017-12-13,9.17000007629,0
2017-12-14,9.15625,0
2017-12-15,9.35624980927,0
2017-12-18,9.51749992371,0
2017-12-19,9.40999984741,0
2017-12-20,9.38624954224,0
2017-12-21,9.38749980927,0
2017-12-22,9.36499977112,0
2017-12-26,9.26375007629,0
2017-12-27,9.26500034332,0
2017-12-28,9.28374958038,0
2017-12-29,9.16625022888,0
2018-01-02,9.48375034332,0
2018-01-03,9.66874980927,0
2018-01-04,9.70374965668,0
2018-01-05,9.89624977112,0
2018-01-08,9.97000026703,0
2018-01-09,9.97875022888,0
2018-01-10,9.92374992371,0
2018-01-11,10.061249733,0
2018-01-12,10.2037496567,0
2018-01-16,10.1462497711,0
2018-01-17,10.3649997711,0
2018-01-18,10.3687496185,0
2018-01-19,10.4350004196,0
2018-01-22,10.65625,0
2018-01-23,10.8299999237,0
2018-01-24,10.6975002289,0
2018-01-25,10.6837501526,0
2018-01-26,10.9962501526,0
2018-01-29,10.8975000381,0
2018-01-30,10.7224998474,0
2018-01-31,10.8012504578,0
2018-02-01,10.6225004196,0
2018-02-02,10.1925001144,0
2018-02-05,9.40375041962,0
2018-02-06,9.88249969482,0
2018-02-07,9.63000011444,0
2018-02-08,8.82750034332,0
2018-02-09,9.11750030518,0
2018-02-12,9.44999980927,0
2018-02-13,9.53499984741,0
2018-02-14,9.89999961853,0
2018-02-15,10.2550001144,0
2018-02-16,10.1787500381,0
2018-02-20,10.2037496567,0
2018-02-21,10.1437501907,0
2018-02-22,10.154999733,0
2018-02-23,10.5562496185,0
2018-02-26,10.8337497711,0
2018-02-27,10.563750267,0
2018-02-28,10.4312496185,0
2018-03-01,10.1012496948,0
2018-03-02,10.2775001526,0
2018-03-05,10.5,0
2018-03-06,10.5874996185,0
2018-03-07,10.6350002289,0
2018-03-08,10.7537498474,0
2018-03-09,11.1625003815,0
2018-03-12,11.2650003433,0
2018-03-13,10.9875001907,0
2018-03-14,10.9787502289,0
2018-03-15,10.9487495422,0
2018-03-16,10.8962497711,0
2018-03-19,10.4337501526,0
2018-03-20,10.4925003052,0
2018-03-21,10.3950004578,0
2018-03-22,9.87749958038,0
2018-03-23,9.35249996185,0
2018-03-26,10.0562496185,0
2018-03-27,9.39249992371,0
2018-03-28,9.1875,0
2018-03-29,9.52499961853,0
2018-04-02,8.97749996185,0
2018-04-03,9.17000007629,0
2018-04-04,9.40750026703,0
2018-04-05,9.56000041962,0
2018-04-06,9.09875011444,0
2018-04-09,9.20499992371,0
2018-04-10,9.60999965668,0
2018-04-11,9.51000022888,0
2018-04-12,9.72749996185,0
2018-04-13,9.63624954224,0
2018-04-16,9.77250003815,0
2018-04-17,10.188750267,0
2018-04-18,10.2362499237,0
2018-04-19,10.0625,0
2018-04-20,9.73499965668,0
2018-04-23,9.68249988556,0
2018-04-24,9.27124977112,0
2018-04-25,9.30000019073,0
2018-04-26,9.67500019073,0
2018-04-27,9.69124984741,0
2018-04-30,9.55000019073,0
2018-05-01,9.76000022888,0
2018-05-02,9.65499973297,0
2018-05-03,9.64875030518,0
2018-05-04,10.0124998093,0
2018-05-07,10.1700000763,0
2018-05-08,10.1475000381,0
2018-05-09,10.3824996948,0
2018-05-10,10.592499733,0
2018-05-11,10.5725002289,0
2018-05-14,10.6037502289,0
2018-05-15,10.3699998856,0
2018-05-16,10.5087499619,0
2018-05-17,10.4200000763,0
2018-05-18,10.3125,0
2018-05-21,10.4324998856,0
2018-05-22,10.4025001526,0
2018-05-23,10.5762500763,0
2018-05-24,10.5662498474,0
2018-05-25,10.5887498856,0
2018-05-29,10.4937496185,0
2018-05-30,10.6400003433,0
2018-05-31,10.626250267,0
2018-06-01,10.9600000381,0
2018-06-04,11.1475000381,0
2018-06-05,11.220000267,0
2018-06-06,11.3537502289,0
2018-06-07,11.1762504578,0
2018-06-08,11.1649999619,0
2018-06-11,11.2250003815,0
2018-06-12,11.34375,0
2018-06-13,11.3337497711,0
2018-06-14,11.5699996948,0
2018-06-15,11.4887504578,0
2018-06-18,11.4750003815,0
2018-06-19,11.404999733,0
2018-06-20,11.5675001144,0
2018-06-21,11.3625001907,0
2018-06-22,11.2899999619,0
2018-06-25,10.7987499237,0
2018-06-26,10.8900003433,0
2018-06-27,10.5812501907,0
2018-06-28,10.7737503052,0
2018-06-29,10.8074998856,0
2018-07-02,10.970000267,0
2018-07-03,10.7137498856,0
2018-07-05,10.9799995422,0
2018-07-06,11.311249733,0
2018-07-09,11.5212497711,0
2018-07-10,11.5387496948,0
2018-07-11,11.4237499237,0
2018-07-12,11.7987499237,0
2018-07-13,11.8225002289,0
2018-07-16,11.7712497711,0
2018-07-17,11.9187498093,0
2018-07-18,11.8662500381,0
2018-07-19,11.75,0
2018-07-20,11.7349996567,0
2018-07-23,11.8087501526,0
2018-07-24,11.9112501144,0
2018-07-25,12.2375001907,0
2018-07-26,11.8824996948,0
2018-07-27,11.5550003052,0
2018-07-30,11.2237501144,0
2018-07-31,11.3524999619,0
2018-08-01,11.4724998474,0
2018-08-02,11.7849998474,0
2018-08-03,11.8524999619,0
2018-08-06,12,0
2018-08-07,12.0712499619,0
2018-08-08,12.092499733,0
2018-08-09,12.0825004578,0
2018-08-10,11.9025001526,0
2018-08-13,11.8812503815,0
2018-08-14,12.0249996185,0
2018-08-15,11.7362499237,0
2018-08-16,11.8012504578,0
2018-08-17,11.8074998856,0
2018-08-20,11.7899999619,0
2018-08-21,11.8712501526,0
2018-08-22,11.9587497711,0
2018-08-23,11.9237499237,0
2018-08-24,12.1424999237,0
2018-08-27,12.3874998093,0
2018-08-28,12.4262504578,0
2018-08-29,12.7137498856,0
2018-08-30,12.6599998474,0
2018-08-31,12.6899995804,0
2018-09-04,12.5874996185,0
2018-09-05,12.2612495422,0
2018-09-06,12.0399999619,0
2018-09-07,11.9650001526,0
2018-09-10,12.0200004578,0
2018-09-11,12.2025003433,0
2018-09-12,12.1374998093,0
2018-09-13,12.375,0
2018-09-14,12.3100004196,0
2018-09-17,11.9624996185,0
2018-09-18,12.1537504196,0
2018-09-19,12.1387500763,0
2018-09-20,12.3912496567,0
2018-09-21,12.2650003433,0
2018-09-24,12.3249998093,0
2018-09-25,12.3637504578,0
2018-09-26,12.3725004196,0
2018-09-27,12.5825004578,0
2018-09-28,12.5850000381,0
2018-10-01,12.626250267,0
2018-10-02,12.5675001144,0
2018-10-03,12.6037502289,0
2018-10-04,12.1149997711,0
2018-10-05,11.8249998093,0
2018-10-08,11.6724996567,0
2018-10-09,11.7375001907,0
2018-10-10,10.7150001526,0
2018-10-11,10.4462499619,0
2018-10-12,11.0262498856,0
2018-10-15,10.7462501526,0
2018-10-16,11.3712501526,0
2018-10-17,11.3850002289,0
2018-10-18,10.876250267,0
2018-10-19,10.8350000381,0
2018-10-22,10.9487495422,0
2018-10-23,10.8774995804,0
2018-10-24,9.86750030518,0
2018-10-25,10.5337495804,0
2018-10-26,10.0287504196,0
2018-10-29,9.64249992371,0
2018-10-30,9.89624977112,0
2018-10-31,10.3512496948,0
2018-11-01,10.6499996185,0
2018-11-02,10.3287496567,0
2018-11-05,10.2574996948,0
2018-11-06,10.4137496948,0
2018-11-07,11.0574998856,0
2018-11-08,10.9224996567,0
2018-11-09,10.5512504578,0
2018-11-12,9.92749977112,0
2018-11-13,9.93124961853,0
2018-11-14,9.76500034332,0
2018-11-15,10.1125001907,0
2018-11-16,10.0450000763,0
2018-11-19,9.38374996185,0
2018-11-20,9.05500030518,0
2018-11-21,9.18375015259,0
2018-11-23,9.05000019073,0
2018-11-26,9.46749973297,0
2018-11-27,9.53499984741,0
2018-11-28,10.1350002289,0
2018-11-29,10.0749998093,0
2018-11-30,10.2299995422,0
2018-12-03,10.5699996948,0
2018-12-04,9.76000022888,0
2018-12-06,9.89999961853,0
2018-12-07,9.23750019073,0
2018-12-10,9.43500041962,0
2018-12-11,9.49374961853,0
2018-12-12,9.66250038147,0
2018-12-13,9.67125034332,0
2018-12-14,9.17125034332,0
2018-12-17,8.78625011444,0
2018-12-18,8.88249969482,0
2018-12-19,8.46249961853,0
2018-12-20,8.20874977112,0
2018-12-21,7.67999982834,0
2018-12-24,7.31500005722,0
2018-12-26,8.21000003815,0.005
2018-12-27,8.27875041962,0
2018-12-28,8.26875019073,0
2018-12-31,8.39875030518,0
2019-01-02,8.46125030518,0
2019-01-03,7.89375019073,0
2019-01-04,8.60124969482,0
2019-01-07,8.77499961853,0
2019-01-08,8.94999980927,0
2019-01-09,9.08374977112,0
2019-01-10,9.13000011444,0
2019-01-11,9.07499980927,0
2019-01-14,8.90999984741,0
2019-01-15,9.26124954224,0
2019-01-16,9.25874996185,0
2019-01-17,9.39000034332,0
2019-01-18,9.57250022888,0
2019-01-22,9.20750045776,0
2019-01-23,9.21875,0
2019-01-24,9.32999992371,0
2019-01-25,9.56499958038,0
2019-01-28,9.31999969482,0
2019-01-29,9.13749980927,0
2019-01-30,9.61999988556,0
2019-01-31,9.89624977112,0
2019-02-01,9.80500030518,0
2019-02-04,10.0462503433,0
2019-02-05,10.2274999619,0
2019-02-06,10.1599998474,0
2019-02-07,9.88624954224,0
2019-02-08,9.91749954224,0
2019-02-11,9.90499973297,0
2019-02-12,10.2012500763,0
2019-02-13,10.2075004578,0
2019-02-14,10.2250003815,0
2019-02-15,10.3212499619,0
2019-02-19,10.3549995422,0
2019-02-20,10.3537502289,0
2019-02-21,10.2687501907,0
2019-02-22,10.4250001907,0
2019-02-25,10.5,0
2019-02-26,10.5187501907,0
2019-02-27,10.501250267,0
2019-02-28,10.4525003433,0
2019-03-01,10.6049995422,0
2019-03-04,10.6000003815,0
2019-03-05,10.6149997711,0
2019-03-06,10.4899997711,0
2019-03-07,10.2349996567,0
2019-03-08,10.1987495422,0
2019-03-11,10.625,0
2019-03-12,10.7449998856,0
2019-03-13,10.9012498856,0
2019-03-14,10.8599996567,0
2019-03-15,11.0462503433,0
2019-03-18,11.1037502289,0
2019-03-19,11.1837501526,0
2019-03-20,11.2674999237,0.007875
2019-03-21,11.6137504578,0
2019-03-22,11.09375,0
2019-03-25,11.0649995804,0
2019-03-26,11.1649999619,0
2019-03-27,11.032500267,0
2019-03-28,11.0675001144,0
2019-03-29,11.2412500381,0
2019-04-01,11.5424995422,0
2019-04-02,11.6137504578,0
2019-04-03,11.7475004196,0
2019-04-04,11.7375001907,0
2019-04-05,11.8524999619,0
2019-04-08,11.9137496948,0
2019-04-09,11.8299999237,0
2019-04-10,11.9575004578,0
2019-04-11,11.8987503052,0
2019-04-12,11.9962501526,0
2019-04-15,11.9975004196,0
2019-04-16,12.0787496567,0
2019-04-17,12.1599998474,0
2019-04-18,12.186249733,0
2019-04-22,12.2587499619,0
2019-04-23,12.5675001144,0
2019-04-24,12.4875001907,0
2019-04-25,12.5725002289,0
2019-04-26,12.6099996567,0
2019-04-29,12.6475000381,0
2019-04-30,12.4600000381,0
2019-05-01,12.3637504578,0
2019-05-02,12.2700004578,0
2019-05-03,12.654999733,0
2019-05-06,12.5074996948,0
2019-05-07,12.0050001144,0
2019-05-08,11.9324998856,0
2019-05-09,11.8225002289,0
2019-05-10,11.8462495804,0
2019-05-13,11.0150003433,0
2019-05-14,11.2574996948,0
2019-05-15,11.5649995804,0
2019-05-16,11.8000001907,0
2019-05-17,11.5587501526,0
2019-05-20,11.1774997711,0
2019-05-21,11.4012498856,0
2019-05-22,11.3000001907,0
2019-05-23,10.9487495422,0
2019-05-24,10.9337501526,0
2019-05-28,10.8512496948,0
2019-05-29,10.6774997711,0
2019-05-30,10.7687501907,0
2019-05-31,10.4087495804,0
2019-06-03,9.97124958038,0
2019-06-04,10.5162496567,0
2019-06-05,10.6712503433,0
2019-06-06,10.8350000381,0
2019-06-07,11.25,0
2019-06-10,11.5074996948,0
2019-06-11,11.5474996567,0
2019-06-12,11.4200000763,0
2019-06-13,11.5524997711,0
2019-06-14,11.4375,0
2019-06-17,11.5825004578,0
2019-06-18,11.9200000763,0
2019-06-19,12.0074996948,0
2019-06-20,12.2262496948,0
2019-06-21,12.1962499619,0
2019-06-24,12.1925001144,0
2019-06-25,11.7650003433,0.005125
2019-06-26,11.8699998856,0
2019-06-27,11.9650001526,0
2019-06-28,12.001250267,0
2019-07-01,12.3125,0
2019-07-02,12.4125003815,0
2019-07-03,12.5887498856,0
2019-07-05,12.5474996567,0
2019-07-08,12.3625001907,0
2019-07-09,12.4875001907,0
2019-07-10,12.7312498093,0
2019-07-11,12.7112503052,0
2019-07-12,12.8575000763,0
2019-07-15,12.9287500381,0
2019-07-16,12.8000001907,0
2019-07-17,12.6774997711,0
2019-07-18,12.717499733,0
2019-07-19,12.501250267,0
2019-07-22,12.7162504196,0
2019-07-23,12.876250267,0
2019-07-24,13.0550003052,0
2019-07-25,12.8024997711,0
2019-07-26,13.0600004196,0
2019-07-29,12.9799995422,0
2019-07-30,12.8599996567,0
2019-07-31,12.5187501907,0
2019-08-01,12.3774995804,0
2019-08-02,12.0174999237,0
2019-08-05,11.1462497711,0
2019-08-06,11.4737501144,0
2019-08-07,11.5725002289,0
2019-08-08,12.095000267,0
2019-08-09,11.8649997711,0
2019-08-12,11.595000267,0
2019-08-13,12.1149997711,0
2019-08-14,11.3612499237,0
2019-08-15,11.3462495804,0
2019-08-16,11.7049999237,0
2019-08-19,12.0625,0
2019-08-20,11.8999996185,0
2019-08-21,12.1062498093,0
2019-08-22,12.0275001526,0
2019-08-23,11.2700004578,0
2019-08-26,11.5987501144,0
2019-08-27,11.5587501526,0
2019-08-28,11.626250267,0
2019-08-29,11.9825000763,0
2019-08-30,11.9287500381,0
2019-09-03,11.6925001144,0
2019-09-04,12.029999733,0
2019-09-05,12.4724998474,0
2019-09-06,12.4437503815,0
2019-09-09,12.3850002289,0
2019-09-10,12.3262500763,0
2019-09-11,12.5474996567,0
2019-09-12,12.6412496567,0
2019-09-13,12.5587501526,0
2019-09-16,12.4324998856,0
2019-09-17,12.5512504578,0
2019-09-18,12.5500001907,0
2019-09-19,12.5862503052,0
2019-09-20,12.3199996948,0
2019-09-23,12.3275003433,0
2019-09-24,11.9925003052,0
2019-09-25,12.2637500763,0
2019-09-26,12.1737499237,0
2019-09-27,11.8824996948,0
2019-09-30,12.0912504196,0
2019-10-01,11.8924999237,0
2019-10-02,11.4837503433,0
2019-10-03,11.7399997711,0
2019-10-04,12.0862503052,0
2019-10-07,12.0050001144,0
2019-10-08,11.6324996948,0
2019-10-09,11.8812503815,0
2019-10-10,12.0462503433,0
2019-10-11,12.3512496948,0
2019-10-14,12.3625001907,0
2019-10-15,12.6674995422,0
2019-10-16,12.6037502289,0
2019-10-17,12.6737499237,0
2019-10-18,12.4287500381,0
2019-10-21,12.6475000381,0
2019-10-22,12.4449996948,0
2019-10-23,12.4912500381,0
2019-10-24,12.7274999619,0
2019-10-25,12.9237499237,0
2019-10-28,13.1850004196,0
2019-10-29,12.9875001907,0
2019-10-30,13.0912504196,0
2019-10-31,13.1112499237,0
2019-11-01,13.3562498093,0
2019-11-04,13.5100002289,0
2019-11-05,13.5150003433,0
2019-11-06,13.4662504196,0
2019-11-07,13.5562496185,0
2019-11-08,13.6637496948,0
2019-11-11,13.625,0
2019-11-12,13.6962499619,0
2019-11-13,13.6774997711,0
2019-11-14,13.6850004196,0
2019-11-15,13.8549995422,0
2019-11-18,13.9099998474,0
2019-11-19,13.9412498474,0
2019-11-20,13.7725000381,0
2019-11-21,13.7100000381,0
2019-11-22,13.7299995422,0
2019-11-25,14.0524997711,0
2019-11-26,14.1049995422,0
2019-11-27,14.3000001907,0
2019-11-29,14.1649999619,0
2019-12-02,13.8524999619,0
2019-12-03,13.6512498856,0
2019-12-04,13.7899999619,0
2019-12-05,13.842499733,0
2019-12-06,14.1312503815,0
2019-12-09,14.0124998093,0
2019-12-10,13.9887504578,0
2019-12-11,14.1387500763,0
2019-12-12,14.3500003815,0
2019-12-13,14.436249733,0
2019-12-16,14.7124996185,0
2019-12-17,14.7287502289,0
2019-12-18,14.75,0
2019-12-19,14.9449996948,0
2019-12-20,15.0687503815,0
2019-12-23,15.1374998093,0
2019-12-24,15.1387500763,0.00625
2019-12-26,15.4149999619,0
2019-12-27,15.3774995804,0
2019-12-30,15.1700000763,0
2019-12-31,15.2362499237,0
2020-01-02,15.7362499237,0
2020-01-03,15.4575004578,0
2020-01-06,15.6412496567,0
2020-01-07,15.6337499619,0
2020-01-08,15.8699998856,0
2020-01-09,16.1512508392,0
2020-01-10,16.0662498474,0
2020-01-13,16.4262504578,0
2020-01-14,16.3050003052,0
2020-01-15,16.3075008392,0
2020-01-16,16.6149997711,0
2020-01-17,16.7837505341,0
2020-01-21,16.7687492371,0
2020-01-22,16.8537502289,0
2020-01-23,16.9537506104,0
2020-01-24,16.6637496948,0
2020-01-27,15.9774999619,0
2020-01-28,16.4599990845,0
2020-01-29,16.5112495422,0
2020-01-30,16.6312503815,0
2020-01-31,16.0925006866,0
2020-02-03,16.5712509155,0
2020-02-04,17.3337497711,0
2020-02-05,17.4662494659,0
2020-02-06,17.7562503815,0
2020-02-07,17.5962505341,0
2020-02-10,18.0324993134,0
2020-02-11,18.0324993134,0
2020-02-12,18.3862495422,0
2020-02-13,18.3250007629,0
2020-02-14,18.4225006104,0
2020-02-18,18.4537506104,0
2020-02-19,18.7999992371,0
2020-02-20,18.4349994659,0
2020-02-21,17.7487506866,0
2020-02-24,16.3700008392,0
2020-02-25,15.4862499237,0
2020-02-26,15.6199998856,0
2020-02-27,14.0562496185,0
2020-02-28,14.1975002289,0
2020-03-02,15.5337495804,0
2020-03-03,14.5424995422,0
2020-03-04,15.7362499237,0
2020-03-05,14.7887496948,0
2020-03-06,14.2899999619,0
2020-03-09,12.3225002289,0
2020-03-10,13.6437501907,0
2020-03-11,12.4537496567,0
2020-03-12,10.1487503052,0
2020-03-13,12.0825004578,0
2020-03-16,9.14875030518,0
2020-03-17,10.3824996948,0
2020-03-18,9.73250007629,0
2020-03-19,9.86625003815,0
2020-03-20,9.07750034332,0
2020-03-23,9.12374973297,0
2020-03-24,10.5124998093,0
2020-03-25,10.3237495422,0.001125
2020-03-26,11.4350004196,0
2020-03-27,10.5962495804,0
2020-03-30,11.407500267,0
2020-03-31,11.1975002289,0
2020-04-01,10.2624998093,0
2020-04-02,10.6700000763,0
2020-04-03,10.3800001144,0
2020-04-06,11.8562498093,0
2020-04-07,11.8100004196,0
2020-04-08,12.3237495422,0
2020-04-09,12.3549995422,0
2020-04-13,12.6387500763,0
2020-04-14,13.7312498093,0
2020-04-15,13.4174995422,0
2020-04-16,13.9262504578,0
2020-04-17,14.15625,0
2020-04-20,13.8287496567,0
2020-04-21,12.8000001907,0
2020-04-22,13.5912504196,0
2020-04-23,13.5262498856,0
2020-04-24,13.9712495804,0
2020-04-27,14.1412496567,0
2020-04-28,13.6374998093,0
2020-04-29,14.5675001144,0
2020-04-30,14.6225004196,0
2020-05-01,13.7387504578,0
2020-05-04,14.0825004578,0
2020-05-05,14.3962497711,0
2020-05-06,14.5712499619,0
2020-05-07,14.9575004578,0
2020-05-08,15.3500003815,0
2020-05-11,15.6049995422,0
2020-05-12,14.9825000763,0
2020-05-13,14.6087503433,0
2020-05-14,14.9274997711,0
2020-05-15,15.1199998856,0
2020-05-18,15.6987495422,0
2020-05-19,15.5974998474,0
2020-05-20,16.2325000763,0
2020-05-21,15.875,0
2020-05-22,15.9737501144,0
2020-05-26,15.9099998474,0
2020-05-27,16.0612506866,0
2020-05-28,15.998749733,0
2020-05-29,16.4337501526,0
2020-06-01,16.6087493896,0
2020-06-02,16.8150005341,0
2020-06-03,16.9624996185,0
2020-06-04,16.7199993134,0
2020-06-05,17.375,0
2020-06-08,17.6612491608,0
2020-06-09,17.9025001526,0
2020-06-10,18.3474998474,0
2020-06-11,16.5337505341,0
2020-06-12,16.7649993896,0
2020-06-15,17.1837501526,0
2020-06-16,17.8012504578,0
2020-06-17,17.8875007629,0
2020-06-18,17.9987506866,0
2020-06-19,17.9762496948,0
2020-06-22,18.4225006104,0
2020-06-23,18.7162494659,0
2020-06-24,17.9662494659,0
2020-06-25,18.3112506866,0
2020-06-26,17.4162502289,0
2020-06-29,17.7837505341,0
2020-06-30,18.4612503052,0
2020-07-01,18.9312496185,0
2020-07-02,19.1875,0
2020-07-06,20.1362495422,0
2020-07-07,19.8512496948,0
2020-07-08,20.3662490845,0
2020-07-09,20.7049999237,0
2020-07-10,21.0137500763,0
2020-07-13,20.1387500763,0
2020-07-14,20.4325008392,0
2020-07-15,20.4775009155,0
2020-07-16,20.1912498474,0
2020-07-17,20.2562503815,0
2020-07-20,21.4200000763,0
2020-07-21,20.96875,0
2020-07-22,21.1162490845,0
2020-07-23,20.0025005341,0
2020-07-24,19.6175003052,0
2020-07-27,20.3250007629,0
2020-07-28,19.8199996948,0
2020-07-29,20.2787494659,0
2020-07-30,20.4825000763,0
2020-07-31,21.2099990845,0
2020-08-03,21.7712497711,0
2020-08-04,21.9400005341,0
2020-08-05,22.0550003052,0
2020-08-06,22.6162490845,0
2020-08-07,22.1075000763,0
2020-08-10,21.9099998474,0
2020-08-11,21.0925006866,0
2020-08-12,22.1537494659,0
2020-08-13,22.2412490845,0
2020-08-14,22.2000007629,0
2020-08-17,22.6924991608,0
2020-08-18,23.1350002289,0
2020-08-19,22.8325004578,0
2020-08-20,23.4650001526,0
2020-08-21,23.7775001526,0
2020-08-24,24.0849990845,0
2020-08-25,24.4599990845,0
2020-08-26,25.4974994659,0
2020-08-27,25.3274993896,0
2020-08-28,25.5925006866,0
2020-08-31,26.0400009155,0
2020-09-01,26.8999996185,0
2020-09-02,27.4025001526,0
2020-09-03,24.5925006866,0
2020-09-04,23.9400005341,0
2020-09-08,21.6574993134,0
2020-09-09,22.9200000763,0
2020-09-10,21.9799995422,0
2020-09-11,21.7024993896,0
2020-09-14,22.4575004578,0
2020-09-15,23.0974998474,0
2020-09-16,22.3349990845,0
2020-09-17,21.6700000763,0
2020-09-18,21.0974998474,0
2020-09-21,21.2800006866,0
2020-09-22,22.0424995422,0
2020-09-23,20.6875,0
2020-09-24,20.8950004578,0
2020-09-25,21.8850002289,0
2020-09-28,22.7625007629,0
2020-09-29,22.5575008392,0
2020-09-30,22.9125003815,0
2020-10-01,23.6075000763,0
2020-10-02,22.2775001526,0
2020-10-05,23.2425003052,0
2020-10-06,22.3799991608,0
2020-10-07,23.2000007629,0
2020-10-08,23.4099998474,0
2020-10-09,24.1200008392,0
2020-10-12,25.6025009155,0
2020-10-13,25.5849990845,0
2020-10-14,25.1774997711,0
2020-10-15,24.8225002289,0
2020-10-16,24.5625,0
2020-10-19,23.7350006104,0
2020-10-20,23.8824996948,0
2020-10-21,23.8225002289,0
2020-10-22,23.8299999237,0
2020-10-23,23.9375,0
2020-10-26,23.1800003052,0
2020-10-27,23.5375003815,0
2020-10-28,21.7150001526,0
2020-10-29,22.4375,0
2020-10-30,21.375,0
2020-11-02,21.4349994659,0
2020-11-03,22.1525001526,0
2020-11-04,24.1350002289,0
2020-11-05,25.4050006866,0
2020-11-06,25.4475002289,0
2020-11-09,24.3700008392,0
2020-11-10,23.5349998474,0
2020-11-11,24.5774993896,0
2020-11-12,24.3449993134,0
2020-11-13,24.7924995422,0
2020-11-16,25.1224994659,0
2020-11-17,24.9599990845,0
2020-11-18,24.6075000763,0
2020-11-19,24.9799995422,0
2020-11-20,24.6599998474,0
2020-11-23,24.6574993134,0
2020-11-24,25.3624992371,0
2020-11-25,25.6800003052,0
2020-11-27,26.1350002289,0
2020-11-30,26.2024993896,0
2020-12-01,26.9500007629,0
2020-12-02,26.9699993134,0
2020-12-03,27.0324993134,0
2020-12-04,27.2875003815,0
2020-12-07,27.5750007629,0
2020-12-08,27.7450008392,0
2020-12-09,26.5275001526,0
2020-12-10,26.7000007629,0
2020-12-11,26.6025009155,0
2020-12-14,26.9500007629,0
2020-12-15,27.5499992371,0
2020-12-16,27.8549995422,0
2020-12-17,28.2175006866,0
2020-12-18,28.0224990845,0
2020-12-21,27.9500007629,0
2020-12-22,28.0849990845,0
2020-12-23,27.8050003052,0
2020-12-24,28.0475006104,0
2020-12-28,28.6175003052,0
2020-12-29,28.6700000763,0
2020-12-30,28.6450004578,0
2020-12-31,28.7775001526,0
2021-01-04,27.9675006866,0
2021-01-05,28.4225006104,0
2021-01-06,27.6599998474,0
2021-01-07,29.0100002289,0
2021-01-08,29.7399997711,0
2021-01-11,28.8549995422,0
2021-01-12,28.7849998474,0
2021-01-13,29.1574993134,0
2021-01-14,28.8374996185,0
2021-01-15,28.3899993896,0
2021-01-19,29.2299995422,0
2021-01-20,30.5674991608,0
2021-01-21,31.0825004578,0
2021-01-22,30.8875007629,0
2021-01-25,31.4349994659,0
2021-01-26,31.4799995422,0
2021-01-27,29.7849998474,0
2021-01-28,30.0825004578,0
2021-01-29,28.8425006866,0
2021-02-01,30.2600002289,0
2021-02-02,31.2525005341,0
2021-02-03,30.9825000763,0
2021-02-04,31.7224998474,0
2021-02-05,31.9449996948,0
2021-02-08,32.3450012207,0
2021-02-09,32.3349990845,0
2021-02-10,32.1775016785,0
2021-02-11,32.5349998474,0
2021-02-12,32.8950004578,0
2021-02-16,32.7249984741,0
2021-02-17,32.4075012207,0
2021-02-18,32.1124992371,0
2021-02-19,31.8425006866,0
2021-02-22,30.1924991608,0
2021-02-23,30.0049991608,0
2021-02-24,30.4950008392,0
2021-02-25,28.3349990845,0
2021-02-26,28.6350002289,0
2021-03-01,30.3274993896,0
2021-03-02,29.3449993134,0
2021-03-03,27.6550006866,0
2021-03-04,26.7275009155,0
2021-03-05,27.5475006104,0
2021-03-08,25.9799995422,0
2021-03-09,28.0349998474,0
2021-03-10,27.8675003052,0
2021-03-11,29.1599998474,0
2021-03-12,28.6725006104,0
2021-03-15,29.2924995422,0
2021-03-16,29.6124992371,0
2021-03-17,29.8474998474,0
2021-03-18,28.0074996948,0
2021-03-19,28.2600002289,0
2021-03-22,29.2749996185,0
2021-03-23,28.9724998474,0
2021-03-24,28.0125007629,0
2021-03-25,27.9325008392,0
2021-03-26,28.7649993896,0
2021-03-29,28.7399997711,0
2021-03-30,28.4599990845,0
2021-03-31,29.2975006104,0
2021-04-01,30.3250007629,0
2021-04-05,31.5400009155,0
2021-04-06,31.4724998474,0
2021-04-07,31.6275005341,0
2021-04-08,32.2924995422,0
2021-04-09,32.6875,0
2021-04-12,32.5924987793,0
2021-04-13,33.3525009155,0
2021-04-14,32.5499992371,0
2021-04-15,33.5275001526,0
2021-04-16,33.6175003052,0
2021-04-19,32.9975013733,0
2021-04-20,32.4949989319,0
2021-04-21,33.0699996948,0
2021-04-22,32.2750015259,0
2021-04-23,33.0849990845,0
2021-04-26,33.5125007629,0
2021-04-27,33.2050018311,0
2021-04-28,32.9425010681,0
2021-04-29,33.2174987793,0
2021-04-30,32.7675018311,0
2021-05-03,32.4324989319,0
2021-05-04,31.2600002289,0
2021-05-05,31.0349998474,0
2021-05-06,31.5200004578,0
2021-05-07,32.0149993896,0
2021-05-10,30.3875007629,0
2021-05-11,30.3299999237,0
2021-05-12,28.7600002289,0
2021-05-13,29.2049999237,0
2021-05-14,30.4799995422,0
2021-05-17,30.1124992371,0
2021-05-18,29.6975002289,0
2021-05-19,29.7674999237,0
2021-05-20,30.9200000763,0
2021-05-21,30.5699996948,0
2021-05-24,31.6075000763,0
2021-05-25,31.6900005341,0
2021-05-26,31.8999996185,0
2021-05-27,31.6700000763,0
2021-05-28,31.8449993134,0
2021-06-01,31.6499996185,0
2021-06-02,31.7700004578,0
2021-06-03,31.0849990845,0
2021-06-04,32.1800003052,0
2021-06-07,32.3450012207,0
2021-06-08,32.3699989319,0
2021-06-09,32.4000015259,0
2021-06-10,33.0800018311,0
2021-06-11,33.2400016785,0
2021-06-14,33.875,0
2021-06-15,33.4249992371,0
2021-06-16,33.1850013733,0
2021-06-17,34.0250015259,0
2021-06-18,33.4949989319,0
2021-06-21,33.9000015259,0
2021-06-22,34.5349998474,0
2021-06-23,34.5600013733,0
2021-06-24,34.9900016785,0
2021-06-25,34.9150009155,0
2021-06-28,35.7550010681,0
2021-06-29,36.0099983215,0
2021-06-30,35.9049987793,0
2021-07-01,35.9300003052,0
2021-07-02,36.7400016785,0
2021-07-06,37.0499992371,0
2021-07-07,37.1800003052,0
2021-07-08,36.7799987793,0
2021-07-09,37.2249984741,0
2021-07-12,37.5099983215,0
2021-07-13,37.4949989319,0
2021-07-14,37.625,0
2021-07-15,37.0950012207,0
2021-07-16,36.5,0
2021-07-19,35.9000015259,0
2021-07-20,36.7350006104,0
2021-07-21,37.2750015259,0
2021-07-22,37.7949981689,0
2021-07-23,38.6549987793,0
2021-07-26,38.7400016785,0
2021-07-27,37.8899993896,0
2021-07-28,38.1599998474,0
2021-07-29,38.3100013733,0
2021-07-30,37.9000015259,0
2021-08-02,37.8950004578,0
2021-08-03,38.3549995422,0
2021-08-04,38.4799995422,0
2021-08-05,38.9650001526,0
2021-08-06,38.6100006104,0
2021-08-09,38.75,0
2021-08-10,38.3600006104,0
2021-08-11,38.2350006104,0
2021-08-12,38.5050010681,0
2021-08-13,38.7550010681,0
2021-08-16,38.7849998474,0
2021-08-17,38.1049995422,0
2021-08-18,37.3650016785,0
2021-08-19,37.7350006104,0
2021-08-20,38.5200004578,0
2021-08-23,39.6599998474,0
2021-08-24,39.9049987793,0
2021-08-25,39.9500007629,0
2021-08-26,39.4850006104,0
2021-08-27,40.2599983215,0
2021-08-30,41.1650009155,0
2021-08-31,41.0800018311,0
2021-09-01,41.2249984741,0
2021-09-02,41.1749992371,0
2021-09-03,41.4350013733,0
2021-09-07,41.5349998474,0
2021-09-08,41.2649993896,0
2021-09-09,40.9399986267,0
2021-09-10,40.3300018311,0
2021-09-13,40.2750015259,0
2021-09-14,40.0400009155,0
2021-09-15,40.6300010681,0
2021-09-16,40.7050018311,0
2021-09-17,39.7400016785,0
2021-09-20,38.0849990845,0
2021-09-21,38.1599998474,0
2021-09-22,38.8899993896,0
2021-09-23,39.5999984741,0
2021-09-24,39.6650009155,0
2021-09-27,39.0499992371,0
2021-09-28,36.8199996948,0
2021-09-29,36.7299995422,0
2021-09-30,36.3849983215,0
2021-10-01,36.875,0
2021-10-04,35.3450012207,0
2021-10-05,36.2900009155,0
2021-10-06,36.7449989319,0
2021-10-07,37.4199981689,0
2021-10-08,37.0400009155,0
2021-10-11,36.4749984741,0
2021-10-12,36.2299995422,0
2021-10-13,36.7999992371,0
2021-10-14,38.1500015259,0
2021-10-15,38.6300010681,0
2021-10-18,39.4099998474,0
2021-10-19,39.9850006104,0
2021-10-20,39.8899993896,0
2021-10-21,40.3800010681,0
2021-10-22,39.6899986267,0
2021-10-25,40.5,0
2021-10-26,40.7249984741,0
2021-10-27,40.9350013733,0
2021-10-28,41.8600006104,0
2021-10-29,42.2700004578,0
2021-11-01,42.5550003052,0
2021-11-02,42.9150009155,0
2021-11-03,43.8199996948,0
2021-11-04,44.9300003052,0
2021-11-05,45.0200004578,0
2021-11-08,44.9000015259,0
2021-11-09,44.2649993896,0
2021-11-10,42.9749984741,0
2021-11-11,43.2150001526,0
2021-11-12,44.1199989319,0
2021-11-15,44.1049995422,0
2021-11-16,44.7249984741,0
2021-11-17,44.7649993896,0
2021-11-18,45.6850013733,0
2021-11-19,46.1899986267,0
2021-11-22,45.1349983215,0
2021-11-23,44.7099990845,0
2021-11-24,45.0250015259,0
2021-11-26,43.2249984741,0
2021-11-29,45.1450004578,0
2021-11-30,43.8050003052,0
2021-12-01,42.3199996948,0
2021-12-02,42.9449996948,0
2021-12-03,41.4500007629,0
2021-12-06,42.1300010681,0
2021-12-07,44.6650009155,0
2021-12-08,45.0400009155,0
2021-12-09,43.7099990845,0
2021-12-10,44.6549987793,0
2021-12-13,43.3600006104,0
2021-12-14,42.4900016785,0
2021-12-15,44.3899993896,0
2021-12-16,42.1199989319,0
2021-12-17,41.6899986267,0
2021-12-20,40.8499984741,0
2021-12-21,42.6800003052,0
2021-12-22,43.7299995422,0
2021-12-23,44.4000015259,0
2021-12-27,45.8250007629,0
2021-12-28,45.4500007629,0
2021-12-29,45.4099998474,0
2021-12-30,45.0950012207,0
2021-12-31,44.5099983215,0
2022-01-03,45.4350013733,0
2022-01-04,44.2449989319,0
2022-01-05,41.4949989319,0
2022-01-06,41.4650001526,0
2022-01-07,40.5499992371,0
2022-01-10,40.6450004578,0
2022-01-11,41.8400001526,0
2022-01-12,42.1699981689,0
2022-01-13,40.0349998474,0
2022-01-14,40.5400009155,0
2022-01-18,38.5499992371,0
2022-01-19,37.6599998474,0
2022-01-20,36.6650009155,0
2022-01-21,34.5999984741,0
2022-01-24,35.0200004578,0
2022-01-25,33.2700004578,0
2022-01-26,33.3250007629,0
2022-01-27,32.5499992371,0
2022-01-28,34.6349983215,0
2022-01-31,36.8549995422,0
2022-02-01,37.2949981689,0
2022-02-02,37.9199981689,0
2022-02-03,34.8100013733,0
2022-02-04,35.7000007629,0
2022-02-07,35.1399993896,0
2022-02-08,35.9300003052,0
2022-02-09,37.4550018311,0
2022-02-10,35.75,0
2022-02-11,33.4949989319,0
2022-02-14,33.5849990845,0
2022-02-15,35.2299995422,0
2022-02-16,35.1949996948,0
2022-02-17,33.1049995422,0
2022-02-18,32.3400001526,0
2022-02-22,31.6849994659,0
2022-02-23,30.0750007629,0
2022-02-24,32.0900001526,0
2022-02-25,33.0800018311,0
2022-02-28,33.3349990845,0
2022-03-01,32.2400016785,0
2022-03-02,33.2999992371,0
2022-03-03,32.3499984741,0
2022-03-04,31.4400005341,0
2022-03-07,29.1049995422,0
2022-03-08,28.8199996948,0
2022-03-09,30.9300003052,0
2022-03-10,30.2350006104,0
2022-03-11,28.9549999237,0
2022-03-14,27.8600006104,0
2022-03-15,29.5799999237,0
2022-03-16,31.7950000763,0
2022-03-17,32.5349998474,0
2022-03-18,33.8899993896,0
2022-03-21,33.7000007629,0
2022-03-22,35.0099983215,0
2022-03-23,34.0050010681,0
2022-03-24,35.5200004578,0
2022-03-25,35.4700012207,0
2022-03-28,36.5649986267,0
2022-03-29,37.7949981689,0
2022-03-30,36.9900016785,0
2022-03-31,35.9599990845,0
2022-04-01,35.9350013733,0
2022-04-04,37.3800010681,0
2022-04-05,35.7449989319,0
2022-04-06,34.1500015259,0
2022-04-07,34.3349990845,0
2022-04-08,33.3600006104,0
2022-04-11,31.7900009155,0
2022-04-12,31.5400009155,0
2022-04-13,32.7900009155,0
2022-04-14,31.2849998474,0
2022-04-18,31.3850002289,0
2022-04-19,32.7150001526,0
2022-04-20,31.7600002289,0
2022-04-21,30.4899997711,0
2022-04-22,28.8600006104,0
2022-04-25,29.6200008392,0
2022-04-26,27.3349990845,0
2022-04-27,27.3050003052,0
2022-04-28,29.2250003815,0
2022-04-29,26.6000003815,0
2022-05-02,27.4950008392,0
2022-05-03,27.5799999237,0
2022-05-04,29.4300003052,0
2022-05-05,26.5049991608,0
2022-05-06,25.8400001526,0
2022-05-09,23.7900009155,0
2022-05-10,24.375,0
2022-05-11,22.9099998474,0
2022-05-12,22.8099994659,0
2022-05-13,24.4750003815,0
2022-05-16,23.9249992371,0
2022-05-17,25.1599998474,0
2022-05-18,22.6599998474,0
2022-05-19,22.4349994659,0
2022-05-20,22.2800006866,0
2022-05-23,23.0249996185,0
2022-05-24,22.0400009155,0
2022-05-25,22.6700000763,0
2022-05-26,23.9150009155,0
2022-05-27,25.5,0
2022-05-31,25.3349990845,0
2022-06-01,24.9650001526,0
2022-06-02,26.3400001526,0
2022-06-03,24.9300003052,0
2022-06-06,25.1200008392,0
2022-06-07,25.5650005341,0
2022-06-08,25.1800003052,0
2022-06-09,23.8050003052,0
2022-06-10,22.1100006104,0
2022-06-13,20.0750007629,0
2022-06-14,20.1700000763,0
2022-06-15,21.1550006866,0
2022-06-16,19.4599990845,0
2022-06-17,19.9099998474,0
2022-06-21,20.9150009155,0
2022-06-22,20.8449993134,0
2022-06-23,21.4650001526,0
2022-06-24,22.9750003815,0
2022-06-27,22.5849990845,0
2022-06-28,21.2000007629,0
2022-06-29,21.2600002289,0
2022-06-30,20.7049999237,0
2022-07-01,20.9750003815,0
2022-07-05,21.6949996948,0
2022-07-06,21.9599990845,0
2022-07-07,22.8950004578,0
2022-07-08,22.9699993134,0
2022-07-11,21.9599990845,0
2022-07-12,21.5450000763,0
2022-07-13,21.4650001526,0
2022-07-14,21.6100006104,0
2022-07-15,22.3799991608,0
2022-07-18,22.0049991608,0
2022-07-19,23.3449993134,0
2022-07-20,24.0849990845,0
2022-07-21,24.7749996185,0
2022-07-22,23.9050006866,0
2022-07-25,23.6499996185,0
2022-07-26,22.6949996948,0
2022-07-27,24.6149997711,0
2022-07-28,25.0799999237,0
2022-07-29,26.0100002289,0
2022-08-01,25.9799995422,0
2022-08-02,25.8050003052,0
2022-08-03,27.2099990845,0
2022-08-04,27.4449996948,0
2022-08-05,27.0100002289,0
2022-08-08,26.8349990845,0
2022-08-09,26.2199993134,0
2022-08-10,27.6800003052,0
2022-08-11,27.3649997711,0
2022-08-12,28.4449996948,0
2022-08-15,28.875,0
2022-08-16,28.7399997711,0
2022-08-17,28.0750007629,0
2022-08-18,28.2199993134,0
2022-08-19,27.1100006104,0
2022-08-22,25.6749992371,0
2022-08-23,25.6299991608,0
2022-08-24,25.7749996185,0
2022-08-25,26.6700000763,0
2022-08-26,24.4799995422,0
2022-08-29,24,0
2022-08-30,23.4599990845,0
2022-08-31,23.1849994659,0
2022-09-01,23.2000007629,0
2022-09-02,22.5349998474,0
2022-09-06,22.2099990845,0
2022-09-07,23.1000003815,0
2022-09-08,23.3349990845,0
2022-09-09,24.3449993134,0
2022-09-12,24.9200000763,0
2022-09-13,22.1749992371,0
2022-09-14,22.5400009155,0
2022-09-15,21.7600002289,0
2022-09-16,21.4950008392,0
2022-09-19,21.8400001526,0
2022-09-20,21.4750003815,0
2022-09-21,20.7000007629,0
2022-09-22,20.2000007629,0
2022-09-23,19.5400009155,0
2022-09-26,19.3449993134,0
2022-09-27,19.3950004578,0
2022-09-28,20.1499996185,0
2022-09-29,19.0149993896,0
2022-09-30,18.3299999237,0
2022-10-03,19.1949996948,0
2022-10-04,20.3999996185,0
2022-10-05,20.3649997711,0
2022-10-06,20.0400009155,0
2022-10-07,18.5049991608,0
2022-10-10,18.1100006104,0
2022-10-11,17.6599998474,0
2022-10-12,17.6299991608,0
2022-10-13,18.4300003052,0
2022-10-14,17.3099994659,0
2022-10-17,18.4850006104,0
2022-10-18,18.7749996185,0
2022-10-19,18.6149997711,0
2022-10-20,18.4050006866,0
2022-10-21,19.2849998474,0
2022-10-24,19.7049999237,0
2022-10-25,20.5100002289,0
2022-10-26,19.5900001526,0
2022-10-27,18.8649997711,0
2022-10-28,20.0300006866,0
2022-10-31,19.5400009155,0
2022-11-01,19.1450004578,0
2022-11-02,17.8349990845,0
2022-11-03,17.1399993896,0
2022-11-04,17.6849994659,0
2022-11-07,18.0699996948,0
2022-11-08,18.3199996948,0
2022-11-09,17.4599990845,0
2022-11-10,20.0400009155,0
2022-11-11,20.7800006866,0
2022-11-14,20.4050006866,0
2022-11-15,20.9799995422,0
2022-11-16,20.3950004578,0
2022-11-17,20.2900009155,0
2022-11-18,20.2950000763,0
2022-11-21,19.8700008392,0
2022-11-22,20.4400005341,0
2022-11-23,20.8449993134,0
2022-11-25,20.5599994659,0
2022-11-28,19.9500007629,0
2022-11-29,19.6550006866,0
2022-11-30,21.4500007629,0
2022-12-01,21.4899997711,0
2022-12-02,21.3199996948,0
2022-12-05,20.5799999237,0
2022-12-06,19.7299995422,0
2022-12-07,19.5599994659,0
2022-12-08,20.0349998474,0
2022-12-09,19.7749996185,0
2022-12-12,20.2549991608,0
2022-12-13,20.6949996948,0
2022-12-14,20.375,0
2022-12-15,19.0049991608,0
2022-12-16,18.6299991608,0
2022-12-19,18.125,0
2022-12-20,18.0750007629,0
2022-12-21,18.6049995422,0
2022-12-22,17.6299991608,0.0545
2022-12-23,17.7150001526,0
2022-12-27,17.1800003052,0
2022-12-28,16.7250003815,0
2022-12-29,17.5349998474,0
2022-12-30,17.5200004578,0
2023-01-03,17.2749996185,0
2023-01-04,17.4400005341,0
2023-01-05,16.8700008392,0
2023-01-06,17.7999992371,0
2023-01-09,18.0349998474,0
2023-01-10,18.3400001526,0
2023-01-11,18.9599990845,0
2023-01-12,19.1399993896,0
2023-01-13,19.4050006866,0
2023-01-17,19.4699993134,0
2023-01-18,18.9699993134,0
2023-01-19,18.5900001526,0
2023-01-20,19.6299991608,0
2023-01-23,20.4899997711,0
2023-01-24,20.3950004578,0
2023-01-25,20.2849998474,0
2023-01-26,21.0699996948,0
2023-01-27,21.4850006104,0
2023-01-30,20.6000003815,0
2023-01-31,21.2350006104,0
2023-02-01,22.1550006866,0
2023-02-02,23.7150001526,0
2023-02-03,22.8600006104,0
2023-02-06,22.4799995422,0
2023-02-07,23.4150009155,0
2023-02-08,22.5599994659,0
2023-02-09,22.1450004578,0
2023-02-10,21.8649997711,0
2023-02-13,22.5699996948,0
2023-02-14,22.875,0
2023-02-15,23.2450008392,0
2023-02-16,22.3349990845,0
2023-02-17,22.0149993896,0
2023-02-21,20.9699993134,0
2023-02-22,21,0
2023-02-23,21.3649997711,0
2023-02-24,20.6299991608,0
2023-02-27,20.9349994659,0
2023-02-28,20.8649997711,0
2023-03-01,20.5300006866,0
2023-03-02,20.8799991608,0
2023-03-03,21.7299995422,0
2023-03-06,21.7600002289,0
2023-03-07,21.2250003815,0
2023-03-08,21.4449996948,0
2023-03-09,20.6599998474,0
2023-03-10,20.0849990845,0
2023-03-13,20.3899993896,0
2023-03-14,21.3299999237,0
2023-03-15,21.5400009155,0
2023-03-16,22.6650009155,0
2023-03-17,22.4400005341,0
2023-03-20,22.6049995422,0
2023-03-21,23.2350006104,0
2023-03-22,22.6000003815,0
2023-03-23,23.1499996185,0
2023-03-24,23.3050003052,0
2023-03-27,22.9699993134,0
2023-03-28,22.7399997711,0
2023-03-29,23.5750007629,0
2023-03-30,23.9899997711,0
2023-03-31,24.7849998474,0
2023-04-03,24.6599998474,0
2023-04-04,24.4950008392,0
2023-04-05,23.9850006104,0
2023-04-06,24.3299999237,0
2023-04-10,24.2749996185,0
2023-04-11,23.9650001526,0
2023-04-12,23.5300006866,0
2023-04-13,24.4500007629,0
2023-04-14,24.3449993134,0
2023-04-17,24.3700008392,0
2023-04-18,24.3850002289,0
2023-04-19,24.3549995422,0
2023-04-20,23.9799995422,0
2023-04-21,24.0100002289,0
2023-04-24,23.9050006866,0
2023-04-25,23.0100002289,0
2023-04-26,23.2700004578,0
2023-04-27,24.5349998474,0
2023-04-28,24.8700008392,0
2023-05-01,24.8050003052,0
2023-05-02,24.3600006104,0
2023-05-03,24.0599994659,0
2023-05-04,23.875,0
2023-05-05,24.875,0
2023-05-08,24.9899997711,0
2023-05-09,24.6749992371,0
2023-05-10,25.2099990845,0
2023-05-11,25.3600006104,0
2023-05-12,25.1749992371,0
2023-05-15,25.4449996948,0
2023-05-16,25.4899997711,0
2023-05-17,26.1149997711,0
2023-05-18,27.0550003052,0
2023-05-19,26.9349994659,0
2023-05-22,27.0949993134,0
2023-05-23,26.4150009155,0
2023-05-24,26.1350002289,0
2023-05-25,27.3899993896,0
2023-05-26,28.7950000763,0
2023-05-30,29.0400009155,0
2023-05-31,28.6599998474,0
2023-06-01,29.3700008392,0
2023-06-02,29.7999992371,0
2023-06-05,29.8349990845,0
2023-06-06,29.8250007629,0
2023-06-07,28.7999992371,0
2023-06-08,29.4950008392,0
2023-06-09,29.7099990845,0
2023-06-12,30.7250003815,0
2023-06-13,31.1749992371,0
2023-06-14,31.6299991608,0
2023-06-15,32.3600006104,0
2023-06-16,31.9400005341,0
2023-06-20,31.8649997711,0
2023-06-21,30.9950008392,0
2023-06-22,31.7099990845,0
2023-06-23,31.0699996948,0
2023-06-26,30.2350006104,0
2023-06-27,31.2649993896,0
2023-06-28,31.3700008392,0
2023-06-29,31.2299995422,0
2023-06-30,32.1899986267,0
2023-07-03,32.3450012207,0
2023-07-05,32.3199996948,0
2023-07-06,31.8199996948,0
2023-07-07,31.5900001526,0
2023-07-10,31.6299991608,0
2023-07-11,31.9200000763,0
2023-07-12,32.7299995422,0
2023-07-13,33.8050003052,0
2023-07-14,33.7900009155,0
2023-07-17,34.4049987793,0
2023-07-18,34.9799995422,0
2023-07-19,34.8899993896,0
2023-07-20,33.3100013733,0
2023-07-21,33.1049995422,0
2023-07-24,33.2099990845,0
2023-07-25,33.6699981689,0
2023-07-26,33.4350013733,0
2023-07-27,33.25,0
2023-07-28,34.4550018311,0
2023-07-31,34.5149993896,0
2023-08-01,34.3199996948,0
2023-08-02,32.7999992371,0
2023-08-03,32.6800003052,0
2023-08-04,32.3650016785,0
2023-08-07,32.9150009155,0
2023-08-08,32.3400001526,0
2023-08-09,31.6200008392,0
2023-08-10,31.7250003815,0
2023-08-11,31.3099994659,0
2023-08-14,32.0200004578,0
2023-08-15,31.3250007629,0
2023-08-16,30.6450004578,0
2023-08-17,29.9599990845,0
2023-08-18,29.8799991608,0
2023-08-21,30.8500003815,0
2023-08-22,30.7549991608,0
2023-08-23,31.7150001526,0
2023-08-24,30.3199996948,0
2023-08-25,30.8150005341,0
2023-08-28,31.2800006866,0
2023-08-29,32.6199989319,0
2023-08-30,32.9799995422,0
2023-08-31,33.1399993896,0
2023-09-01,33.0950012207,0
2023-09-05,33.1549987793,0
2023-09-06,32.5699996948,0
2023-09-07,32.0800018311,0
2023-09-08,32.1549987793,0
2023-09-11,32.9150009155,0
2023-09-12,32.1850013733,0
2023-09-13,32.4199981689,0
2023-09-14,32.9350013733,0
2023-09-15,31.7800006866,0
2023-09-18,31.8600006104,0
2023-09-19,31.7199993134,0
2023-09-20,30.7999992371,0.088
2023-09-21,29.6350002289,0
2023-09-22,29.6599998474,0
2023-09-25,29.9249992371,0
2023-09-26,29.0149993896,0
2023-09-27,29.1700000763,0
2023-09-28,29.6299991608,0
2023-09-29,29.6749992371,0
2023-10-02,30.1499996185,0
2023-10-03,29.0849990845,0
2023-10-04,29.8700008392,0
2023-10-05,29.6749992371,0
2023-10-06,30.6550006866,0
2023-10-09,30.9750003815,0
2023-10-10,31.2950000763,0
2023-10-11,31.75,0
2023-10-12,31.4950008392,0
2023-10-13,30.7150001526,0
2023-10-16,31.4200000763,0
2023-10-17,31.2049999237,0
2023-10-18,30.3250007629,0
2023-10-19,29.7800006866,0
2023-10-20,28.8950004578,0
2023-10-23,29.0499992371,0
2023-10-24,29.6299991608,0
2023-10-25,28.1599998474,0
2023-10-26,27.0750007629,0
2023-10-27,27.3349990845,0
2023-10-30,27.9249992371,0
2023-10-31,28.2099990845,0
2023-11-01,29.1900005341,0
2023-11-02,30.2250003815,0
2023-11-03,30.9249992371,0
2023-11-06,31.1650009155,0
2023-11-07,31.7450008392,0
2023-11-08,31.7950000763,0
2023-11-09,31.2900009155,0
2023-11-10,32.6599998474,0
2023-11-13,32.4650001526,0
2023-11-14,33.8499984741,0
2023-11-15,33.8950004578,0
2023-11-16,33.9550018311,0
2023-11-17,33.9500007629,0
2023-11-20,34.7799987793,0
2023-11-21,34.3349990845,0
2023-11-22,34.6300010681,0
2023-11-24,34.5099983215,0
2023-11-27,34.4500007629,0
2023-11-28,34.6199989319,0
2023-11-29,34.5400009155,0
2023-11-30,34.3549995422,0
2023-12-01,34.5550003052,0
2023-12-04,33.8899993896,0
2023-12-05,34.0550003052,0
2023-12-06,33.6599998474,0
2023-12-07,34.6049995422,0
2023-12-08,34.875,0
2023-12-11,35.4749984741,0
2023-12-12,36.0400009155,0
2023-12-13,36.9399986267,0
2023-12-14,36.8600006104,0
2023-12-15,37.1300010681,0
2023-12-18,37.6699981689,0
2023-12-19,38.0400009155,0
2023-12-20,36.8549995422,0.039
2023-12-21,37.7099990845,0
2023-12-22,37.8149986267,0
2023-12-26,38.2550010681,0
2023-12-27,38.4000015259,0
2023-12-28,38.3300018311,0
2023-12-29,38,0
2024-01-02,36.7200012207,0
2024-01-03,35.9350013733,0
2024-01-04,35.5400009155,0
2024-01-05,35.6300010681,0
2024-01-08,37.0900001526,0
2024-01-09,37.2350006104,0
2024-01-10,37.7200012207,0
2024-01-11,37.8400001526,0
2024-01-12,37.8899993896,0
2024-01-16,37.875,0
2024-01-17,37.4300003052,0
2024-01-18,38.5,0
2024-01-19,39.9949989319,0
2024-01-22,40.0950012207,0
2024-01-23,40.4150009155,0
2024-01-24,40.8450012207,0
2024-01-25,40.9249992371,0
2024-01-26,40.4249992371,0
2024-01-29,41.2649993896,0
2024-01-30,40.6899986267,0
2024-01-31,39.0999984741,0
2024-02-01,40.0299987793,0
2024-02-02,41.3699989319,0
2024-02-05,41.2200012207,0
2024-02-06,41.0699996948,0
2024-02-07,41.8950004578,0
2024-02-08,42.0299987793,0
2024-02-09,42.8400001526,0
2024-02-12,42.4900016785,0
2024-02-13,41.1549987793,0
2024-02-14,42.0600013733,0
2024-02-15,42.2700004578,0
2024-02-16,41.5050010681,0
2024-02-20,40.8699989319,0
2024-02-21,40.5299987793,0
2024-02-22,42.8950004578,0
2024-02-23,42.6199989319,0
2024-02-26,42.5699996948,0
2024-02-27,42.7750015259,0
2024-02-28,42.2900009155,0
2024-02-29,43.0200004578,0
2024-03-01,44.3050003052,0
2024-03-04,43.9449996948,0
2024-03-05,42.3800010681,0
2024-03-06,42.9000015259,0
2024-03-07,44.1899986267,0
2024-03-08,42.8800010681,0
2024-03-11,42.5550003052,0
2024-03-12,43.7900009155,0
2024-03-13,43.0800018311,0
2024-03-14,42.8549995422,0
2024-03-15,41.8199996948,0
2024-03-18,42.6100006104,0
2024-03-19,42.8100013733,0
2024-03-20,43.7999992371,0.0275
2024-03-21,44.1800003052,0
2024-03-22,44.2550010681,0
2024-03-25,43.9449996948,0
2024-03-26,43.6599998474,0
2024-03-27,43.9500007629,0
2024-03-28,43.7400016785,0
2024-04-01,43.9449996948,0
2024-04-02,43.1650009155,0
2024-04-03,43.3349990845,0
2024-04-04,41.9850006104,0
2024-04-05,42.9850006104,0
2024-04-08,43.0099983215,0
2024-04-09,43.3100013733,0
2024-04-10,42.5200004578,0
2024-04-11,43.8950004578,0
2024-04-12,42.4749984741,0
2024-04-15,41.0600013733,0
2024-04-16,41.0600013733,0
2024-04-17,40.0550003052,0
2024-04-18,39.5649986267,0
2024-04-19,37.9399986267,0
2024-04-22,38.6850013733,0
2024-04-23,39.8450012207,0
2024-04-24,40.1049995422,0
2024-04-25,39.6800003052,0
2024-04-26,40.9150009155,0
2024-04-29,41.2299995422,0
2024-04-30,39.6599998474,0
2024-05-01,39.0750007629,0
2024-05-02,40.0600013733,0
2024-05-03,41.6599998474,0
2024-05-06,42.5900001526,0
2024-05-07,42.5699996948,0
2024-05-08,42.5250015259,0
2024-05-09,42.6800003052,0
2024-05-10,42.8849983215,0
2024-05-13,43.0750007629,0
2024-05-14,43.6100006104,0
2024-05-15,44.9500007629,0
2024-05-16,44.7649993896,0
2024-05-17,44.7200012207,0
2024-05-20,45.3300018311,0
2024-05-21,45.4850006104,0
2024-05-22,45.4700012207,0
2024-05-23,45.0299987793,0
2024-05-24,45.8800010681,0
2024-05-28,46.2050018311,0
2024-05-29,45.5550003052,0
2024-05-30,44.5600013733,0
2024-05-31,44.5600013733,0
2024-06-03,44.8450012207,0
2024-06-04,45.0699996948,0
2024-06-05,46.8899993896,0
2024-06-06,46.8499984741,0
2024-06-07,46.7400016785,0
2024-06-10,47.1100006104,0
2024-06-11,47.7350006104,0
2024-06-12,48.9900016785,0
2024-06-13,49.4949989319,0
2024-06-14,49.9850006104,0
2024-06-17,51.2000007629,0
2024-06-18,51.2150001526,0
2024-06-20,50.4000015259,0
2024-06-21,50.0999984741,0
2024-06-24,48.9749984741,0
2024-06-25,50.0900001526,0
2024-06-26,50.2400016785,0.053
2024-06-27,50.4700012207,0
2024-06-28,49.9049987793,0
2024-07-01,50.5149993896,0
2024-07-02,51.5600013733,0
2024-07-03,52.3950004578,0
2024-07-05,53.4599990845,0
2024-07-08,53.7249984741,0
2024-07-09,53.7799987793,0
2024-07-10,54.9150009155,0
2024-07-11,52.4700012207,0
2024-07-12,53.0649986267,0
2024-07-15,53.3600006104,0
2024-07-16,53.3899993896,0
2024-07-17,50.2449989319,0
2024-07-18,49.75,0
2024-07-19,48.8450012207,0
2024-07-22,50.2750015259,0
2024-07-23,49.9300003052,0
2024-07-24,46.3199996948,0
2024-07-25,45.3050003052,0
2024-07-26,46.2200012207,0
2024-07-29,46.3600006104,0
2024-07-30,45.0800018311,0
2024-07-31,47.7550010681,0
2024-08-01,45.4449996948,0
2024-08-02,43.25,0
2024-08-05,40.7449989319,0
2024-08-06,41.4500007629,0
2024-08-07,40.5299987793,0
2024-08-08,43.0200004578,0
2024-08-09,43.4550018311,0
2024-08-12,43.6150016785,0
2024-08-13,45.7649993896,0
2024-08-14,45.7999992371,0
2024-08-15,48.0900001526,0
2024-08-16,48.1749992371,0
2024-08-19,49.4399986267,0
2024-08-20,49.2200012207,0
2024-08-21,49.6949996948,0
2024-08-22,48.0800018311,0
2024-08-23,49.1150016785,0
2024-08-26,48.1450004578,0
2024-08-27,48.4300003052,0
2024-08-28,47.3100013733,0
2024-08-29,47.1650009155,0
2024-08-30,48.2750015259,0
2024-09-03,45.3100013733,0
2024-09-04,45.0699996948,0
2024-09-05,45.1599998474,0
2024-09-06,42.7200012207,0
2024-09-09,43.7900009155,0
2024-09-10,44.5849990845,0
2024-09-11,46.4850006104,0
2024-09-12,47.4350013733,0
2024-09-13,47.8149986267,0
2024-09-16,47.3800010681,0
2024-09-17,47.4300003052,0
2024-09-18,46.9850006104,0
2024-09-19,49.3849983215,0
2024-09-20,49.1599998474,0
2024-09-23,49.4199981689,0
2024-09-24,49.8899993896,0
2024-09-25,49.9850006104,0.0255
2024-09-26,50.6949996948,0
2024-09-27,50.0999984741,0
2024-09-30,50.3499984741,0
2024-10-01,48.9249992371,0
2024-10-02,49.0900001526,0
2024-10-03,49.0099983215,0
2024-10-04,50.1749992371,0
2024-10-07,49.0449981689,0
2024-10-08,50.5099983215,0
2024-10-09,51.2949981689,0
2024-10-10,51.1850013733,0
2024-10-11,51.2900009155,0
2024-10-14,52.1500015259,0
2024-10-15,50.75,0
2024-10-16,50.7649993896,0
2024-10-17,50.8450012207,0
2024-10-18,51.4650001526,0
2024-10-21,51.6599998474,0
2024-10-22,51.7599983215,0
2024-10-23,50.1599998474,0
2024-10-24,50.9650001526,0
2024-10-25,51.5499992371,0
2024-10-28,51.5699996948,0
2024-10-29,52.5449981689,0
2024-10-30,51.75,0
2024-10-31,49.1399993896,0
2024-11-01,49.8250007629,0
2024-11-04,49.5149993896,0
2024-11-05,50.7799987793,0
2024-11-06,53.5400009155,0
2024-11-07,55.2249984741,0
2024-11-08,55.2999992371,0
2024-11-11,55.2299995422,0
2024-11-12,55.0349998474,0
2024-11-13,54.8800010681,0
2024-11-14,54.0900001526,0
2024-11-15,51.4749984741,0
2024-11-18,52.2099990845,0
2024-11-19,52.9049987793,0
2024-11-20,52.8400001526,0
2024-11-21,53.2249984741,0
2024-11-22,53.3600006104,0
2024-11-25,53.5250015259,0
2024-11-26,54.0849990845,0
2024-11-27,53.2249984741,0
2024-11-29,54.1049995422,0
2024-12-02,55.2849998474,0
2024-12-03,55.6349983215,0
2024-12-04,56.9900016785,0
2024-12-05,56.6749992371,0
2024-12-06,57.6650009155,0
2024-12-09,56.7400016785,0
2024-12-10,56.3250007629,0
2024-12-11,58.3549995422,0
2024-12-12,57.5900001526,0
2024-12-13,58.4399986267,0
2024-12-16,60.125,0
2024-12-17,59.5900001526,0
2024-12-18,55.2900009155,0
2024-12-19,54.7550010681,0
2024-12-20,55.7249984741,0
2024-12-23,56.7400016785,0.0305
2024-12-24,58.2700004578,0
2024-12-26,58.1650009155,0
2024-12-27,56.5800018311,0
2024-12-30,55.0649986267,0
2024-12-31,54.1199989319,0
2025-01-02,53.8800010681,0
2025-01-03,55.6399993896,0
2025-01-06,56.9049987793,0
2025-01-07,54.8549995422,0
2025-01-08,54.8650016785,0
2025-01-10,53.1150016785,0
2025-01-13,52.7849998474,0
2025-01-14,52.6599998474,0
2025-01-15,55.0400009155,0
2025-01-16,54.3050003052,0
2025-01-17,56.0950012207,0
2025-01-21,56.7000007629,0
2025-01-22,58.1800003052,0
2025-01-23,58.4350013733,0
2025-01-24,57.7449989319,0
2025-01-27,54.3300018311,0
2025-01-28,55.9650001526,0
2025-01-29,55.7400016785,0
2025-01-30,56.2050018311,0
2025-01-31,56.0050010681,0
2025-02-03,55.1150016785,0
2025-02-04,56.4599990845,0
2025-02-05,56.9550018311,0
2025-02-06,57.5299987793,0
2025-02-07,56.0750007629,0
2025-02-10,57.3950004578,0
2025-02-11,57.125,0
2025-02-12,57.1899986267,0
2025-02-13,58.8199996948,0
2025-02-14,59.2700004578,0
2025-02-18,59.5299987793,0
2025-02-19,59.5600013733,0
2025-02-20,59.0299987793,0
2025-02-21,56.5699996948,0
2025-02-24,55.2050018311,0
2025-02-25,53.8050003052,0
2025-02-26,54.0499992371,0
2025-02-27,51.0699996948,0
2025-02-28,52.6450004578,0
2025-03-03,50.3950004578,0
2025-03-04,50.0250015259,0
2025-03-05,51.3349990845,0
2025-03-06,48.5099983215,0
2025-03-07,49.1800003052,0
2025-03-10,45.4550018311,0
2025-03-11,45.125,0
2025-03-12,46.1650009155,0
2025-03-13,44.4749984741,0
2025-03-14,46.5950012207,0
2025-03-17,47.1949996948,0
2025-03-18,45.5999984741,0
2025-03-19,46.7599983215,0
2025-03-20,46.4500007629,0
2025-03-21,46.7799987793,0
2025-03-24,48.75,0
2025-03-25,49.3300018311,0
2025-03-26,47.5050010681,0.013
2025-03-27,46.9399986267,0
2025-03-28,44.4700012207,0
2025-03-31,44.4399986267,0
2025-04-01,45.1349983215,0
2025-04-02,45.7949981689,0
2025-04-03,40.9000015259,0
2025-04-04,35.9049987793,0
2025-04-07,36.0099983215,0
2025-04-08,34.6699981689,0
2025-04-09,42.8149986267,0
2025-04-10,39.3149986267,0
2025-04-11,40.7050018311,0
2025-04-14,41.2700004578,0
2025-04-15,41.3650016785,0
2025-04-16,38.8800010681,0
2025-04-17,38.8199996948,0
2025-04-21,36.9199981689,0
2025-04-22,38.8050003052,0
2025-04-23,40.5299987793,0
2025-04-24,42.8349990845,0
2025-04-25,43.7799987793,0
2025-04-28,43.7599983215,0
2025-04-29,44.2999992371,0
2025-04-30,44.2900009155,0
2025-05-01,45.375,0
2025-05-02,46.7700004578,0
2025-05-05,46.2200012207,0
2025-05-06,45.3699989319,0
2025-05-07,45.7099990845,0
2025-05-08,46.6199989319,0
2025-05-09,46.5400009155,0
2025-05-12,50.3300018311,0
2025-05-13,51.8450012207,0
2025-05-14,52.4650001526,0
2025-05-15,52.5800018311,0
2025-05-16,53.0299987793,0
2025-05-19,53.1049995422,0
2025-05-20,52.7249984741,0
2025-05-21,51.2599983215,0
2025-05-22,51.4500007629,0
2025-05-23,50.4700012207,0
2025-05-27,52.8149986267,0
2025-05-28,52.3650016785,0
2025-05-29,52.5550003052,0
2025-05-30,52.3650016785,0
2025-06-02,53.1699981689,0
2025-06-03,54.0149993896,0
2025-06-04,54.2949981689,0
2025-06-05,53.4449996948,0
2025-06-06,54.4749984741,0
2025-06-09,54.625,0
2025-06-10,55.3549995422,0
2025-06-11,54.9700012207,0
2025-06-12,55.2200012207,0
2025-06-13,53.8050003052,0
2025-06-16,55.2849998474,0
2025-06-17,54.1850013733,0
2025-06-18,54.1599998474,0
2025-06-20,53.6749992371,0
2025-06-23,54.7949981689,0
2025-06-24,56.4550018311,0
2025-06-25,56.6650009155,0.062
2025-06-26,57.7350006104,0
2025-06-27,58.1150016785,0
2025-06-30,58.8549995422,0
2025-07-01,57.8300018311,0
2025-07-02,58.6450004578,0
2025-07-03,59.7449989319,0
2025-07-07,58.8499984741,0
2025-07-08,58.8950004578,0
2025-07-09,59.7249984741,0
2025-07-10,59.5349998474,0
2025-07-11,59.25,0
2025-07-14,59.6549987793,0
2025-07-15,59.75,0
2025-07-16,59.8800010681,0
2025-07-17,60.8400001526,0
2025-07-18,60.6850013733,0
2025-07-21,61.3100013733,0
2025-07-22,60.6650009155,0
2025-07-23,61.2099990845,0
2025-07-24,61.4799995422,0
2025-07-25,61.7249984741,0
2025-07-28,62.1150016785,0
2025-07-29,61.9300003052,0
2025-07-30,62.0750007629,0
2025-07-31,61.3849983215,0
2025-08-01,58.9350013733,0
2025-08-04,61.0999984741,0
2025-08-05,60.2550010681,0
2025-08-06,61.7700004578,0
2025-08-07,62.1850013733,0
2025-08-08,63.3100013733,0
2025-08-11,62.9000015259,0
2025-08-12,64.5,0
2025-08-13,64.5500030518,0
2025-08-14,64.4349975586,0
2025-08-15,63.8300018311,0
2025-08-18,63.7900009155,0
2025-08-19,62.0400009155,0
2025-08-20,61.2849998474,0
2025-08-21,60.7249984741,0
2025-08-22,62.5699996948,0
2025-08-25,62.1949996948,0
2025-08-26,62.6949996948,0
2025-08-27,62.8699989319,0
2025-08-28,63.6349983215,0
2025-08-29,62.1100006104,0
2025-09-02,61.0800018311,0
2025-09-03,62.0099983215,0
2025-09-04,63.1399993896,0
2025-09-05,63.2799987793,0
2025-09-08,63.9000015259,0
2025-09-09,64.2450027466,0
2025-09-10,64.2850036621,0
2025-09-11,65.0149993896,0
2025-09-12,65.5749969482,0
2025-09-15,66.6900024414,0
2025-09-16,66.5400009155,0
2025-09-17,66.2549972534,0
2025-09-18,67.4800033569,0
2025-09-19,68.3600006104,0
2025-09-22,69.1549987793,0
2025-09-23,68.2200012207,0
2025-09-24,67.7249984741,0.0205
2025-09-25,67.1149978638,0
2025-09-26,67.6549987793,0
2025-09-29,68.2600021362,0
2025-09-30,68.5999984741,0
2025-10-01,69.2600021362,0
2025-10-02,69.8199996948,0
2025-10-03,69.1900024414,0
2025-10-06,70.2350006104,0
2025-10-07,69.4800033569,0
2025-10-08,71.0599975586,0
2025-10-09,70.875,0
2025-10-10,65.9049987793,0
2025-10-13,68.7149963379,0
2025-10-14,67.8000030518,0
2025-10-15,68.7200012207,0
2025-10-16,68.2099990845,0
2025-10-17,69.0800018311,0
2025-10-20,70.8050003052,0
2025-10-21,70.7649993896,0
2025-10-22,69.3600006104,0
2025-10-23,70.5500030518,0
2025-10-24,71.9899978638,0
2025-10-27,74.5699996948,0
2025-10-28,75.6949996948,0
2025-10-29,76.3850021362,0
2025-10-30,74.0250015259,0
2025-10-31,74.7399978638,0
2025-11-03,75.4100036621,0
2025-11-04,72.3199996948,0
2025-11-05,73.2699966431,0
2025-11-06,70.5299987793,0
2025-11-07,70.0550003052,0
2025-11-10,73.125,0
2025-11-11,72.7350006104,0
2025-11-12,72.6100006104,0
2025-11-13,69.625,0
2025-11-14,69.6949996948,0
2025-11-17,68.5,0
2025-11-18,66.8349990845,0
2025-11-19,67.5950012207,0
2025-11-20,64.4100036621,0
2025-11-21,65.3600006104,0
2025-11-24,68.7300033569,0
2025-11-25,69.5100021362,0
2025-11-26,70.7399978638,0
2025-11-28,71.8099975586,0
2025-12-01,71.3499984741,0
2025-12-02,72.4700012207,0
2025-12-03,72.7900009155,0
2025-12-04,72.6200027466,0
2025-12-05,73.2200012207,0
2025-12-08,72.8899993896,0
2025-12-09,73.0999984741,0
2025-12-10,73.6600036621,0
2025-12-11,73.1800003052,0
2025-12-12,70.3399963379,0
2025-12-15,69.6299972534,0
2025-12-16,69.9000015259,0
2025-12-17,67.2799987793,0
2025-12-18,69.2399978638,0
2025-12-19,71.0500030518,0
2025-12-22,71.6699981689,0
2025-12-23,72.3600006104,0
2025-12-24,72.7300033569,0.023
2025-12-26,72.6800003052,0
2025-12-29,71.9599990845,0
2025-12-30,71.6100006104,0
2025-12-31,70.4100036621,0
2026-01-02,70.0999984741,0
2026-01-05,71.1999969482,0
2026-01-06,72.4599990845,0
2026-01-07,72.5899963379,0
2026-01-08,71.75,0
2026-01-09,73.1399993896,0
2026-01-12,73.2699966431,0
2026-01-13,73.0100021362,0
2026-01-14,71.4899978638,0
2026-01-15,71.9400024414,0
2026-01-16,71.75,0
2026-01-20,68.7300033569,0
2026-01-21,70.5400009155,0
2026-01-22,71.6100006104,0
2026-01-23,72.0500030518,0
2026-01-26,72.6600036621,0
2026-01-27,73.9599990845,0
2026-01-28,74.3600006104,0
2026-01-29,73.5199966431,0
2026-01-30,71.7099990845,0
2026-02-02,72.7300033569,0
2026-02-03,70.4599990845,0
2026-02-04,67.9800033569,0
2026-02-05,66.0400009155,0
2026-02-06,68.7900009155,0
2026-02-09,69.8300018311,0
2026-02-10,69.1800003052,0
2026-02-11,69.5199966431,0
2026-02-12,66.6900024414,0
2026-02-13,66.9199981689,0
2026-02-17,66.7699966431,0
2026-02-18,67.75,0
2026-02-19,67.2399978638,0
2026-02-20,68.4000015259,0
2026-02-23,66.75,0
2026-02-24,68.1299972534,0
2026-02-25,70.0800018311,0
2026-02-26,68.4400024414,0
2026-02-27,67.9899978638,0
2026-03-02,68.1299972534,0
2026-03-03,66.6800003052,0
2026-03-04,68.6500015259,0
2026-03-05,68.2600021362,0
2026-03-06,66.1900024414,0
2026-03-09,67.9400024414,0
2026-03-10,67.9100036621,0
2026-03-11,67.9000015259,0
2026-03-12,65.5800018311,0
2026-03-13,64.7600021362,0
2026-03-16,66.1900024414,0
2026-03-17,66.8499984741,0
2026-03-18,64.9499969482,0
2026-03-19,64.5299987793,0
2026-03-20,62.1300010681,0
2026-03-23,63.5800018311,0
2026-03-24,62.6399993896,0
2026-03-25,63.4300003052,0.013
2026-03-26,60.4300003052,0
2026-03-27,58.0499992371,0
2026-03-30,57.1599998474,0
2026-03-31,61,0
2026-04-01,62.4900016785,0
2026-04-02,62.5999984741,0
2026-04-06,63.3499984741,0
2026-04-07,63.3899993896,0
2026-04-08,67.0800018311,0
2026-04-09,68.0100021362,0
2026-04-10,68.1900024414,0
2026-04-13,69.5899963379,0
2026-04-14,72.0999984741,0
2026-04-15,74.1100006104,0
2026-04-16,74.8000030518,0
2026-04-17,76.7300033569,0
2026-04-20,76.2699966431,0
2026-04-21,75.6699981689,0
2026-04-22,78.1800003052,0
2026-04-23,77.3000030518,0
2026-04-24,80.2399978638,0
2026-04-27,80.2900009155,0
2026-04-28,78.6699981689,0
2026-04-29,79.6399993896,0
2026-04-30,81.0500030518,0
2026-05-01,82.5999984741,0
2026-05-04,82.2799987793,0
2026-05-05,84.3899993896,0
2026-05-06,87.8499984741,0
2026-05-07,87.6600036621,0
2026-05-08,91.7200012207,0
2026-05-11,92.2600021362,0
2026-05-12,90.6900024414,0
2026-05-13,92.5500030518,0
2026-05-14,93.9000015259,0
2026-05-15,91.0299987793,0
2026-05-18,90.1999969482,0
2026-05-19,89.1299972534,0
2026-05-20,92.0500030518,0
2026-05-21,92.3799972534,0
2026-05-22,93.0999984741,0
2026-05-26,96.4000015259,0
2026-05-27,96.1900024414,0
2026-05-28,97.7900009155,0
2026-05-29,98.4599990845,0
2026-06-01,99.6299972534,0
2026-06-02,100.529998779,0
2026-06-03,100,0
2026-06-04,99.0199966431,0
2026-06-05,89.5400009155,0
2026-06-08,92.25,0
2026-06-09,90.1200027466,0
2026-06-10,86.5100021362,0
2026-06-11,92.1800003052,0
2026-06-12,93.3799972534,0
2026-06-15,99.1800003052,0
2026-06-16,95.4599990845,0
2026-06-17,93.5599975586,0
2026-06-18,97.9100036621,0
2026-06-22,97.6800003052,0
2026-06-23,91.2200012207,0
2026-06-24,90.3700027466,0.061
2026-06-25,91.7699966431,0
2026-06-26,89.1200027466,0
2026-06-29,93.6800003052,0
2026-06-30,96.7600021362,0
2026-07-01,93.9000015259,0
2026-07-02,90.6100006104,0
2026-07-06,93.1399993896,0
2026-07-07,89.6900024414,0
2026-07-08,90.1399993896,0
2026-07-09,93.1399993896,0
2026-07-10,93.6999969482,0
2026-07-13,90.1299972534,0
2026-07-14,92.1299972534,0
2026-07-15,91.6100006104,0
2026-07-16,88.5699996948,0
2026-07-17,85.9100036621,0
2026-07-20,86.0299987793,0
2026-07-21,89.2300033569,0
2026-07-22,88.2799987793,0
2026-07-23,85,0
2026-07-24,83,0
2026-07-27,82.4800033569,0
2026-07-28,80.8700027466,0
2026-07-29,77.5800018311,0
2026-07-30,82.6800003052,0
2026-07-31,83.6699981689,0
2026-08-03,86.6200027466,0
2026-08-04,92.4599990845,0
2026-08-05,90.8000030518,0
2026-08-06,90.1299972534,0
2026-08-07,92.2099990845,0
2026-08-10,91.6299972534,0
2026-08-11,90.9800033569,0
2026-08-12,92.3199996948,0
2026-08-13,94.4300003052,0
2026-08-14,94.1500015259,0
2026-08-17,93.8399963379,0
2026-08-18,90.6500015259,0
2026-08-19,90.25,0
2026-08-20,88.9499969482,0
2026-08-21,89.5299987793,0
2026-08-24,87.7200012207,0
2026-08-25,88.8000030518,0
2026-08-26,88.9300003052,0
2026-08-27,91.3799972534,0
2026-08-28,90.1699981689,0
2026-08-31,90.2399978638,0
2026-09-01,87.9199981689,0
2026-09-02,88.3099975586,0
