date,close,dividend
1999-03-10,51.0625,0
1999-03-11,51.3125,0
1999-03-12,50.0625,0
1999-03-15,51.5,0
1999-03-16,51.9375,0
1999-03-17,51.5625,0
1999-03-18,52.5625,0
1999-03-19,51.21875,0
1999-03-22,50.59375,0
1999-03-23,48.8125,0
1999-03-24,50.46875,0
1999-03-25,52.3125,0
1999-03-26,51.75,0
1999-03-29,53.625,0
1999-03-30,53.25,0
1999-03-31,52.46875,0
1999-04-01,53.5625,0
1999-04-05,55.5,0
1999-04-06,55.609375,0
1999-04-07,55.03125,0
1999-04-08,55.46875,0
1999-04-09,55.8125,0
1999-04-12,55.4375,0
1999-04-13,54.6875,0
1999-04-14,52.8125,0
1999-04-15,53.53125,0
1999-04-16,51.96875,0
1999-04-19,49.53125,0
1999-04-20,50.65625,0
1999-04-21,53.15625,0
1999-04-22,54.59375,0
1999-04-23,55.3125,0
1999-04-26,56.5859375,0
1999-04-27,55.71875,0
1999-04-28,53.8125,0
1999-04-29,53.375,0
1999-04-30,53.71875,0
1999-05-03,53.4375,0
1999-05-04,52.59375,0
1999-05-05,54.1875,0
1999-05-06,52.21875,0
1999-05-07,52.96875,0
1999-05-10,53.5,0
1999-05-11,54.34375,0
1999-05-12,55.46875,0
1999-05-13,54.4375,0
1999-05-14,53.40625,0
1999-05-17,54.3671875,0
1999-05-18,54.125,0
1999-05-19,54.875,0
1999-05-20,53.3671875,0
1999-05-21,52.875,0
1999-05-24,51.53125,0
1999-05-25,49.84375,0
1999-05-26,51.234375,0
1999-05-27,51.1875,0
1999-05-28,52.03125,0
1999-06-01,50.875,0
1999-06-02,51.734375,0
1999-06-03,51,0
1999-06-04,52.5625,0
1999-06-07,53.65625,0
1999-06-08,52.3125,0
1999-06-09,53.1875,0
1999-06-10,52.578125,0
1999-06-11,51.78125,0
1999-06-14,50.8046875,0
1999-06-15,51.5625,0
1999-06-16,54.2109375,0
1999-06-17,54.8125,0
1999-06-18,55.0625,0
1999-06-21,56.7109375,0
1999-06-22,55,0
1999-06-23,55.8671875,0
1999-06-24,54.7578125,0
1999-06-25,54.6875,0
1999-06-28,55.984375,0
1999-06-29,56.75,0
1999-06-30,57.625,0
1999-07-01,58.015625,0
1999-07-02,58.75,0
1999-07-06,58.375,0
1999-07-07,58.46875,0
1999-07-08,59.25,0
1999-07-09,59.84375,0
1999-07-12,59.53125,0
1999-07-13,59.25,0
1999-07-14,60.2578125,0
1999-07-15,60.8125,0
1999-07-16,61.375,0
1999-07-19,60.75,0
1999-07-20,58.40625,0
1999-07-21,58.6875,0
1999-07-22,57.1953125,0
1999-07-23,57.28125,0
1999-07-26,55.875,0
1999-07-27,57,0
1999-07-28,58.1171875,0
1999-07-29,56.875,0
1999-07-30,56.59375,0
1999-08-02,56.4375,0
1999-08-03,56.0703125,0
1999-08-04,55.0546875,0
1999-08-05,55.9296875,0
1999-08-06,55.328125,0
1999-08-09,54.6171875,0
1999-08-10,54.125,0
1999-08-11,55.90625,0
1999-08-12,55.25,0
1999-08-13,57.65625,0
1999-08-16,58.1171875,0
1999-08-17,58.40625,0
1999-08-18,57.75,0
1999-08-19,57.0625,0
1999-08-20,57.96875,0
1999-08-23,59.8125,0
1999-08-24,60.21875,0
1999-08-25,61.5,0
1999-08-26,60.4765625,0
1999-08-27,59.875,0
1999-08-30,59.03125,0
1999-08-31,59.6875,0
1999-09-01,60.1171875,0
1999-09-02,59.90625,0
1999-09-03,62.65625,0
1999-09-07,62.375,0
1999-09-08,61.53125,0
1999-09-09,62.40625,0
1999-09-10,63.125,0
1999-09-13,62.3671875,0
1999-09-14,62.7109375,0
1999-09-15,61.5,0
1999-09-16,61.46875,0
1999-09-17,63.3125,0
1999-09-20,63.4609375,0
1999-09-21,61.9375,0
1999-09-22,62.59375,0
1999-09-23,60,0
1999-09-24,60.078125,0
1999-09-27,60.5,0
1999-09-28,60.78125,0
1999-09-29,59.5625,0
1999-09-30,60.1875,0
1999-10-01,60.2109375,0
1999-10-04,61.5625,0
1999-10-05,62,0
1999-10-06,63.2421875,0
1999-10-07,63.09375,0
1999-10-08,63.7578125,0
1999-10-11,64.65625,0
1999-10-12,63.1875,0
1999-10-13,61.3125,0
1999-10-14,61.6953125,0
1999-10-15,59.875,0
1999-10-18,59.1171875,0
1999-10-19,59.4375,0
1999-10-20,61.25,0
1999-10-21,62.25,0
1999-10-22,61.96875,0
1999-10-25,62,0
1999-10-26,61.5,0
1999-10-27,61.40625,0
1999-10-28,63.53125,0
1999-10-29,65.75,0
1999-11-01,65.40625,0
1999-11-02,65.4453125,0
1999-11-03,66.75,0
1999-11-04,67.5,0
1999-11-05,68.1875,0
1999-11-08,69.5625,0
1999-11-09,69.09375,0
1999-11-10,70,0
1999-11-11,71.25,0
1999-11-12,72.1875,0
1999-11-15,72.046875,0
1999-11-16,73.875,0
1999-11-17,72.875,0
1999-11-18,75.109375,0
1999-11-19,75.78125,0
1999-11-22,74.625,0
1999-11-23,74.96875,0
1999-11-24,77.4375,0
1999-11-26,77.6875,0
1999-11-29,76.40625,0
1999-11-30,73.5,0
1999-12-01,75.09375,0
1999-12-02,77.4765625,0
1999-12-03,79.125,0
1999-12-06,79.84375,0
1999-12-07,79.84375,0
1999-12-08,78.875,0
1999-12-09,79.25,0
1999-12-10,79.90625,0
1999-12-13,80.9921875,0
1999-12-14,79.53125,0
1999-12-15,81.0625,0
1999-12-16,83.0625,0
1999-12-17,83.78125,0
1999-12-20,84.875,0
1999-12-21,89.4375,0
1999-12-22,89.15625,0
1999-12-23,90.21875,0
1999-12-27,89.6875,0
1999-12-28,89.125,0
1999-12-29,92.5,0
1999-12-30,91.5,0
1999-12-31,91.375,0
2000-01-03,94.75,0
2000-01-04,88.25,0
2000-01-05,86,0
2000-01-06,80.09375,0
2000-01-07,90,0
2000-01-10,92.5,0
2000-01-11,88,0
2000-01-12,86.0625,0
2000-01-13,91.25,0
2000-01-14,93.375,0
2000-01-18,93.875,0
2000-01-19,96,0
2000-01-20,95.0625,0
2000-01-21,96.25,0
2000-01-24,91.625,0
2000-01-25,93,0
2000-01-26,89.25,0
2000-01-27,90.5625,0
2000-01-28,86,0
2000-01-31,89.6875,0
2000-02-01,92.09375,0
2000-02-02,92.875,0
2000-02-03,96.5,0
2000-02-04,97.15625,0
2000-02-07,98.5,0
2000-02-08,102.625,0
2000-02-09,99,0
2000-02-10,102.25,0
2000-02-11,99.875,0
2000-02-14,99.75,0
2000-02-15,100.46875,0
2000-02-16,100,0
2000-02-17,102.125,0
2000-02-18,98.4375,0
2000-02-22,98.75,0
2000-02-23,104.25,0
2000-02-24,106.5,0
2000-02-25,104.0625,0
2000-02-28,104,0
2000-02-29,106.75,0
2000-03-01,107.625,0
2000-03-02,105.1328125,0
2000-03-03,111.0625,0
2000-03-06,111.9375,0
2000-03-07,110.25,0
2000-03-08,111.25,0
2000-03-09,115,0
2000-03-10,114.5,0
2000-03-13,111.5,0
2000-03-14,107.375,0
2000-03-15,102.875,0
2000-03-16,108.75,0
2000-03-17,110.8125,0
2000-03-20,107.6875,0
2000-03-21,111.75,0
2000-03-22,114,0
2000-03-23,116,0
2000-03-24,117.5625,0
2000-03-27,117.75,0
2000-03-28,114.75,0
2000-03-29,110,0
2000-03-30,107.25,0
2000-03-31,109.5,0
2000-04-03,102.9375,0
2000-04-04,101.9375,0
2000-04-05,100.125,0
2000-04-06,102.5,0
2000-04-07,106.625,0
2000-04-10,100.125,0
2000-04-11,97.75,0
2000-04-12,92,0
2000-04-13,88,0
2000-04-14,80.375,0
2000-04-17,89.625,0
2000-04-18,92,0
2000-04-19,89.1875,0
2000-04-20,87.25,0
2000-04-24,84.75,0
2000-04-25,90.46875,0
2000-04-26,87.375,0
2000-04-27,91.25,0
2000-04-28,94.75,0
2000-05-01,95.625,0
2000-05-02,90.125,0
2000-05-03,89.125,0
2000-05-04,89.3125,0
2000-05-05,91.4375,0
2000-05-08,87.875,0
2000-05-09,86,0
2000-05-10,79.75,0
2000-05-11,84.625,0
2000-05-12,84.625,0
2000-05-15,88.3125,0
2000-05-16,90.8125,0
2000-05-17,88.9375,0
2000-05-18,85.75,0
2000-05-19,81.6875,0
2000-05-22,81.625,0
2000-05-23,74.8125,0
2000-05-24,79.5,0
2000-05-25,77.75,0
2000-05-26,77.75,0
2000-05-30,85.5625,0
2000-05-31,83.125,0
2000-06-01,87.375,0
2000-06-02,93.625,0
2000-06-05,93.859375,0
2000-06-06,91.25,0
2000-06-07,93.6875,0
2000-06-08,93.25,0
2000-06-09,93.75,0
2000-06-12,90.75,0
2000-06-13,94.25,0
2000-06-14,92.125,0
2000-06-15,93.75,0
2000-06-16,94.25,0
2000-06-19,98,0
2000-06-20,97.625,0
2000-06-21,98.875,0
2000-06-22,95.25,0
2000-06-23,91.5,0
2000-06-26,94,0
2000-06-27,92.875,0
2000-06-28,94,0
2000-06-29,91.640625,0
2000-06-30,93.4375,0
2000-07-03,95.25,0
2000-07-05,91.5625,0
2000-07-06,94,0
2000-07-07,95.9375,0
2000-07-10,94.484375,0
2000-07-11,95,0
2000-07-12,97.25,0
2000-07-13,98.5,0
2000-07-14,100.625,0
2000-07-17,101.75,0
2000-07-18,99.5,0
2000-07-19,97.25,0
2000-07-20,100.375,0
2000-07-21,97,0
2000-07-24,95,0
2000-07-25,95.75,0
2000-07-26,95.625,0
2000-07-27,91.875,0
2000-07-28,86.875,0
2000-07-31,89.4375,0
2000-08-01,88.25,0
2000-08-02,86.6875,0
2000-08-03,90.4375,0
2000-08-04,90.125,0
2000-08-07,92.25,0
2000-08-08,94.125,0
2000-08-09,91.625,0
2000-08-10,89.8125,0
2000-08-11,91.0625,0
2000-08-14,93,0
2000-08-15,93,0
2000-08-16,93.9375,0
2000-08-17,95.75,0
2000-08-18,95.25,0
2000-08-21,95.5,0
2000-08-22,95.5,0
2000-08-23,97.0625,0
2000-08-24,98.5625,0
2000-08-25,98.03125,0
2000-08-28,98.5,0
2000-08-29,99,0
2000-08-30,98.875,0
2000-08-31,101.625,0
2000-09-01,102.625,0
2000-09-05,99.5,0
2000-09-06,96,0
2000-09-07,98.125,0
2000-09-08,95.125,0
2000-09-11,92.8125,0
2000-09-12,91.375,0
2000-09-13,93.5,0
2000-09-14,93,0
2000-09-15,91.3125,0
2000-09-18,89.875,0
2000-09-19,93.1875,0
2000-09-20,94.625,0
2000-09-21,87.75,0
2000-09-22,92.9375,0
2000-09-25,90.46875,0
2000-09-26,89.4375,0
2000-09-27,89.5625,0
2000-09-28,91.5625,0
2000-09-29,88.75,0
2000-10-02,86.75,0
2000-10-03,84,0
2000-10-04,85.625,0
2000-10-05,85.875,0
2000-10-06,83,0
2000-10-09,82.625,0
2000-10-10,78.3125,0
2000-10-11,77.0625,0
2000-10-12,75.125,0
2000-10-13,81.25,0
2000-10-16,82,0
2000-10-17,78.25,0
2000-10-18,78,0
2000-10-19,85.0625,0
2000-10-20,86.3125,0
2000-10-23,86.1875,0
2000-10-24,82.5,0
2000-10-25,77.875,0
2000-10-26,79.875,0
2000-10-27,79.71875,0
2000-10-30,76.765625,0
2000-10-31,81.703125,0
2000-11-01,81,0
2000-11-02,82,0
2000-11-03,83.0625,0
2000-11-06,82.4375,0
2000-11-07,82.125,0
2000-11-08,75.703125,0
2000-11-09,75.6875,0
2000-11-10,71.75,0
2000-11-13,71.859375,0
2000-11-14,75.84375,0
2000-11-15,77.375,0
2000-11-16,72.875,0
2000-11-17,72.828125,0
2000-11-20,69.859375,0
2000-11-21,69.75,0
2000-11-22,66.625,0
2000-11-24,70.4375,0
2000-11-27,69.5625,0
2000-11-28,65.453125,0
2000-11-29,62.9375,0
2000-11-30,62.984375,0
2000-12-01,64,0
2000-12-04,65,0
2000-12-05,70.6875,0
2000-12-06,68,0
2000-12-07,66.5,0
2000-12-08,68,0
2000-12-11,74.375,0
2000-12-12,71.65625,0
2000-12-13,68.734375,0
2000-12-14,65.375,0
2000-12-15,63.875,0
2000-12-18,64,0
2000-12-19,59.125,0
2000-12-20,55.734375,0
2000-12-21,56.0625,0
2000-12-22,60.5,0
2000-12-26,60.875,0
2000-12-27,61.5625,0
2000-12-28,61.4375,0
2000-12-29,58.375,0
2001-01-02,53.4375,0
2001-01-03,62.4375,0
2001-01-04,61.3125,0
2001-01-05,56.625,0
2001-01-08,57.25,0
2001-01-09,57.25,0
2001-01-10,60.1875,0
2001-01-11,61.9375,0
2001-01-12,62.734375,0
2001-01-16,61.984375,0
2001-01-17,63.875,0
2001-01-18,66.5625,0
2001-01-19,66.3125,0
2001-01-22,66.375,0
2001-01-23,67.765625,0
2001-01-24,67.125,0
2001-01-25,64.5,0
2001-01-26,65.546875,0
2001-01-29,67,0
2001-01-30,66.75,0
2001-01-31,64.3000030518,0
2001-02-01,65.1500015259,0
2001-02-02,61.5499992371,0
2001-02-05,61.5,0
2001-02-06,61.5999984741,0
2001-02-07,60.5999984741,0
2001-02-08,58.7900009155,0
2001-02-09,56.4000015259,0
2001-02-12,57.0800018311,0
2001-02-13,55.25,0
2001-02-14,57.4500007629,0
2001-02-15,58.4000015259,0
2001-02-16,55.1300010681,0
2001-02-20,52.9900016785,0
2001-02-21,51.5,0
2001-02-22,51,0
2001-02-23,51.1800003052,0
2001-02-26,52.1500015259,0
2001-02-27,49,0
2001-02-28,47.4500007629,0
2001-03-01,48.7999992371,0
2001-03-02,46.7000007629,0
2001-03-05,47.5499992371,0
2001-03-06,49.4000015259,0
2001-03-07,49.4199981689,0
2001-03-08,48.5,0
2001-03-09,45.0999984741,0
2001-03-12,42.2999992371,0
2001-03-13,44.4500007629,0
2001-03-14,43.75,0
2001-03-15,42.1500015259,0
2001-03-16,41.2000007629,0
2001-03-19,43.2599983215,0
2001-03-20,40.3499984741,0
2001-03-21,40.3499984741,0
2001-03-22,42.7999992371,0
2001-03-23,42.7999992371,0
2001-03-26,41.8100013733,0
2001-03-27,43.25,0
2001-03-28,39.7000007629,0
2001-03-29,38.9500007629,0
2001-03-30,39.1500015259,0
2001-04-02,37.4000015259,0
2001-04-03,34.6599998474,0
2001-04-04,34.0499992371,0
2001-04-05,37.3100013733,0
2001-04-06,35.9500007629,0
2001-04-09,37.0499992371,0
2001-04-10,39.7999992371,0
2001-04-11,41,0
2001-04-12,42.7999992371,0
2001-04-16,40.25,0
2001-04-17,41.25,0
2001-04-18,45.5499992371,0
2001-04-19,48.2999992371,0
2001-04-20,48.4000015259,0
2001-04-23,45.1500015259,0
2001-04-24,44.2999992371,0
2001-04-25,45.0999984741,0
2001-04-26,43.9500007629,0
2001-04-27,45.1500015259,0
2001-04-30,46.1500015259,0
2001-05-01,48.0499992371,0
2001-05-02,48.9799995422,0
2001-05-03,46.7999992371,0
2001-05-04,48.2000007629,0
2001-05-07,47.2000007629,0
2001-05-08,48.2000007629,0
2001-05-09,46.5499992371,0
2001-05-10,45.7700004578,0
2001-05-11,45.5499992371,0
2001-05-14,44.8199996948,0
2001-05-15,45.1500015259,0
2001-05-16,47.1500015259,0
2001-05-17,47.9000015259,0
2001-05-18,48.0400009155,0
2001-05-21,51.0499992371,0
2001-05-22,50.9000015259,0
2001-05-23,48.6500015259,0
2001-05-24,49.9000015259,0
2001-05-25,48.9900016785,0
2001-05-29,46.1199989319,0
2001-05-30,44.4300003052,0
2001-05-31,44.7299995422,0
2001-06-01,46.0499992371,0
2001-06-04,45.8300018311,0
2001-06-05,47.8499984741,0
2001-06-06,47.4799995422,0
2001-06-07,48.7000007629,0
2001-06-08,47.3499984741,0
2001-06-11,46.0499992371,0
2001-06-12,45.7999992371,0
2001-06-13,44.5499992371,0
2001-06-14,42.25,0
2001-06-15,42.5999984741,0
2001-06-18,42.0299987793,0
2001-06-19,41.8199996948,0
2001-06-20,42.7700004578,0
2001-06-21,43.3499984741,0
2001-06-22,43.25,0
2001-06-25,43.3600006104,0
2001-06-26,43.5099983215,0
2001-06-27,43.7900009155,0
2001-06-28,44.3499984741,0
2001-06-29,45.7000007629,0
2001-07-02,45.4500007629,0
2001-07-03,45.6399993896,0
2001-07-05,43.4500007629,0
2001-07-06,41.6500015259,0
2001-07-09,42.0099983215,0
2001-07-10,40.5,0
2001-07-11,41,0
2001-07-12,43.5999984741,0
2001-07-13,43.1500015259,0
2001-07-16,42.3499984741,0
2001-07-17,43.2999992371,0
2001-07-18,41.6500015259,0
2001-07-19,42.6399993896,0
2001-07-20,41.6500015259,0
2001-07-23,40.6100006104,0
2001-07-24,40.1500015259,0
2001-07-25,40.5,0
2001-07-26,41.0999984741,0
2001-07-27,41.9500007629,0
2001-07-30,41.7000007629,0
2001-07-31,41.7599983215,0
2001-08-01,43.0999984741,0
2001-08-02,43.9099998474,0
2001-08-03,43.1800003052,0
2001-08-06,42.5,0
2001-08-07,42.2799987793,0
2001-08-08,40.5,0
2001-08-09,40.6699981689,0
2001-08-10,40.2799987793,0
2001-08-13,41.0999984741,0
2001-08-14,40.5999984741,0
2001-08-15,39.0999984741,0
2001-08-16,39.5600013733,0
2001-08-17,37.7599983215,0
2001-08-20,38.2799987793,0
2001-08-21,36.6899986267,0
2001-08-22,37.6899986267,0
2001-08-23,37.3199996948,0
2001-08-24,39.2999992371,0
2001-08-27,39.3499984741,0
2001-08-28,38.1199989319,0
2001-08-29,37.5600013733,0
2001-08-30,36.1699981689,0
2001-08-31,36.6300010681,0
2001-09-04,35.4700012207,0
2001-09-05,35.3300018311,0
2001-09-06,33.9000015259,0
2001-09-07,33.7000007629,0
2001-09-10,34.0999984741,0
2001-09-17,31.2000007629,0
2001-09-18,30.5,0
2001-09-19,29.9699993134,0
2001-09-20,28.9699993134,0
2001-09-21,28.1900005341,0
2001-09-24,29.6100006104,0
2001-09-25,29.7000007629,0
2001-09-26,28.6700000763,0
2001-09-27,28.4799995422,0
2001-09-28,28.9799995422,0
2001-10-01,28.7299995422,0
2001-10-02,28.8199996948,0
2001-10-03,31,0
2001-10-04,31.2999992371,0
2001-10-05,31.7600002289,0
2001-10-08,31.8600006104,0
2001-10-09,31.0900001526,0
2001-10-10,32.5,0
2001-10-11,34.7000007629,0
2001-10-12,34.5499992371,0
2001-10-15,34.4000015259,0
2001-10-16,34.9599990845,0
2001-10-17,32.4500007629,0
2001-10-18,33.3300018311,0
2001-10-19,33.5499992371,0
2001-10-22,34.4500007629,0
2001-10-23,34.6300010681,0
2001-10-24,35.3800010681,0
2001-10-25,36.7999992371,0
2001-10-26,36.0099983215,0
2001-10-29,34.0400009155,0
2001-10-30,33.3800010681,0
2001-10-31,33.9000015259,0
2001-11-01,35.3400001526,0
2001-11-02,35.5999984741,0
2001-11-05,36.7599983215,0
2001-11-06,38.1899986267,0
2001-11-07,38.1399993896,0
2001-11-08,37.75,0
2001-11-09,37.7299995422,0
2001-11-12,38,0
2001-11-13,39.3600006104,0
2001-11-14,39.6399993896,0
2001-11-15,39.4799995422,0
2001-11-16,39.3699989319,0
2001-11-19,40.4900016785,0
2001-11-20,38.6199989319,0
2001-11-21,38.4199981689,0
2001-11-23,39.2799987793,0
2001-11-26,40.25,0
2001-11-27,40.2000007629,0
2001-11-28,38.75,0
2001-11-29,39.9500007629,0
2001-11-30,39.6500015259,0
2001-12-03,38.9700012207,0
2001-12-04,40.8300018311,0
2001-12-05,42.8499984741,0
2001-12-06,42.9099998474,0
2001-12-07,41.7299995422,0
2001-12-10,41,0
2001-12-11,41.2299995422,0
2001-12-12,41.5600013733,0
2001-12-13,39.7599983215,0
2001-12-14,40.1100006104,0
2001-12-17,40.7999992371,0
2001-12-18,41.2599983215,0
2001-12-19,40.5099983215,0
2001-12-20,38.7900009155,0
2001-12-21,39.4799995422,0
2001-12-24,39.3199996948,0
2001-12-26,39.6899986267,0
2001-12-27,40.0099983215,0
2001-12-28,40.3300018311,0
2001-12-31,38.9099998474,0
2002-01-02,40.1100006104,0
2002-01-03,41.5,0
2002-01-04,41.6699981689,0
2002-01-07,41.2099990845,0
2002-01-08,41.4900016785,0
2002-01-09,41.1100006104,0
2002-01-10,41.3800010681,0
2002-01-11,40.8499984741,0
2002-01-14,39.9599990845,0
2002-01-15,40.3400001526,0
2002-01-16,38.7799987793,0
2002-01-17,39.6500015259,0
2002-01-18,38.5900001526,0
2002-01-22,37.4000015259,0
2002-01-23,38.4300003052,0
2002-01-24,38.9399986267,0
2002-01-25,38.8300018311,0
2002-01-28,39.0499992371,0
2002-01-29,37.9799995422,0
2002-01-30,38.2700004578,0
2002-01-31,38.5099983215,0
2002-02-01,38.1399993896,0
2002-02-04,36.9199981689,0
2002-02-05,36.3100013733,0
2002-02-06,36.0600013733,0
2002-02-07,35.1899986267,0
2002-02-08,36.1699981689,0
2002-02-11,36.6300010681,0
2002-02-12,36.3300018311,0
2002-02-13,36.9500007629,0
2002-02-14,36.8800010681,0
2002-02-15,35.7799987793,0
2002-02-19,34.6800003052,0
2002-02-20,35.1500015259,0
2002-02-21,33.4799995422,0
2002-02-22,33.6500015259,0
2002-02-25,35.0099983215,0
2002-02-26,34.8800010681,0
2002-02-27,34.4000015259,0
2002-02-28,33.7799987793,0
2002-03-01,35.7400016785,0
2002-03-04,37.1500015259,0
2002-03-05,37.4199981689,0
2002-03-06,37.5999984741,0
2002-03-07,37.6800003052,0
2002-03-08,38.6699981689,0
2002-03-11,38.5299987793,0
2002-03-12,38,0
2002-03-13,37.0800018311,0
2002-03-14,36.8600006104,0
2002-03-15,37.2299995422,0
2002-03-18,37.4399986267,0
2002-03-19,37.3800010681,0
2002-03-20,36.0600013733,0
2002-03-21,37.0200004578,0
2002-03-22,36.6800003052,0
2002-03-25,35.5600013733,0
2002-03-26,35.8899993896,0
2002-03-27,35.6100006104,0
2002-03-28,36.0600013733,0
2002-04-01,36.75,0
2002-04-02,35.0900001526,0
2002-04-03,35.0299987793,0
2002-04-04,34.7599983215,0
2002-04-05,34.3699989319,0
2002-04-08,34.7999992371,0
2002-04-09,33.5900001526,0
2002-04-10,33.8400001526,0
2002-04-11,33,0
2002-04-12,33.5200004578,0
2002-04-15,33.7900009155,0
2002-04-16,35.2000007629,0
2002-04-17,35.0200004578,0
2002-04-18,34.3499984741,0
2002-04-19,34.4599990845,0
2002-04-22,33.5900001526,0
2002-04-23,33.0099983215,0
2002-04-24,32.5,0
2002-04-25,32.4199981689,0
2002-04-26,31.0400009155,0
2002-04-29,31.1200008392,0
2002-04-30,31.7299995422,0
2002-05-01,31.5599994659,0
2002-05-02,30.5100002289,0
2002-05-03,29.7399997711,0
2002-05-06,28.9699993134,0
2002-05-07,28.7000007629,0
2002-05-08,31.7700004578,0
2002-05-09,30.9500007629,0
2002-05-10,29.5599994659,0
2002-05-13,30.7600002289,0
2002-05-14,32.5699996948,0
2002-05-15,32.8100013733,0
2002-05-16,32.8600006104,0
2002-05-17,32.9300003052,0
2002-05-20,32.2099990845,0
2002-05-21,31.3299999237,0
2002-05-22,31.3999996185,0
2002-05-23,32.0299987793,0
2002-05-24,31.2399997711,0
2002-05-28,31.1000003815,0
2002-05-29,30.2800006866,0
2002-05-30,30.5400009155,0
2002-05-31,30.0400009155,0
2002-06-03,28.9799995422,0
2002-06-04,29.3600006104,0
2002-06-05,29.6599998474,0
2002-06-06,28.8799991608,0
2002-06-07,28.2999992371,0
2002-06-10,28.25,0
2002-06-11,27.4599990845,0
2002-06-12,27.8600006104,0
2002-06-13,27.6800003052,0
2002-06-14,27.6200008392,0
2002-06-17,28.5599994659,0
2002-06-18,29.0200004578,0
2002-06-19,27.3400001526,0
2002-06-20,26.4599990845,0
2002-06-21,25.8199996948,0
2002-06-24,26.3299999237,0
2002-06-25,25.4599990845,0
2002-06-26,25.6499996185,0
2002-06-27,26.2099990845,0
2002-06-28,26.1000003815,0
2002-07-01,24.8500003815,0
2002-07-02,23.9500007629,0
2002-07-03,24.75,0
2002-07-05,26.3400001526,0
2002-07-08,25.3799991608,0
2002-07-09,24.6599998474,0
2002-07-10,23.8999996185,0
2002-07-11,24.7999992371,0
2002-07-12,24.7999992371,0
2002-07-15,25.5699996948,0
2002-07-16,25.1900005341,0
2002-07-17,25.6499996185,0
2002-07-18,24.7299995422,0
2002-07-19,23.9899997711,0
2002-07-22,23.3999996185,0
2002-07-23,22.3999996185,0
2002-07-24,23.6200008392,0
2002-07-25,22.25,0
2002-07-26,22.6700000763,0
2002-07-29,23.8299999237,0
2002-07-30,24.3099994659,0
2002-07-31,23.8500003815,0
2002-08-01,22.7299995422,0
2002-08-02,22.25,0
2002-08-05,21.4400005341,0
2002-08-06,22.5,0
2002-08-07,22.7999992371,0
2002-08-08,23.5699996948,0
2002-08-09,23.3299999237,0
2002-08-12,23.3999996185,0
2002-08-13,22.6000003815,0
2002-08-14,24.0400009155,0
2002-08-15,24.5300006866,0
2002-08-16,24.7000007629,0
2002-08-19,25.2999992371,0
2002-08-20,25.1900005341,0
2002-08-21,25.75,0
2002-08-22,26.1599998474,0
2002-08-23,25.1499996185,0
2002-08-26,25.25,0
2002-08-27,24.3700008392,0
2002-08-28,23.4799995422,0
2002-08-29,23.7900009155,0
2002-08-30,23.4899997711,0
2002-09-03,22.6399993896,0
2002-09-04,22.7299995422,0
2002-09-05,22.1700000763,0
2002-09-06,22.8500003815,0
2002-09-09,23.0799999237,0
2002-09-10,23.6499996185,0
2002-09-11,23.4500007629,0
2002-09-12,22.8099994659,0
2002-09-13,22.9899997711,0
2002-09-16,22.6599998474,0
2002-09-17,22.1800003052,0
2002-09-18,21.9300003052,0
2002-09-19,21.5799999237,0
2002-09-20,21.6700000763,0
2002-09-23,21.0200004578,0
2002-09-24,21.0300006866,0
2002-09-25,21.8700008392,0
2002-09-26,21.6000003815,0
2002-09-27,21.3099994659,0
2002-09-30,20.7199993134,0
2002-10-01,21.9799995422,0
2002-10-02,21.25,0
2002-10-03,20.7399997711,0
2002-10-04,20.3500003815,0
2002-10-07,20.1599998474,0
2002-10-08,20.2000007629,0
2002-10-09,20.0599994659,0
2002-10-10,21.0799999237,0
2002-10-11,22.2199993134,0
2002-10-14,22.4799995422,0
2002-10-15,23.5599994659,0
2002-10-16,22.7800006866,0
2002-10-17,23.5499992371,0
2002-10-18,23.8099994659,0
2002-10-21,24.2900009155,0
2002-10-22,24.1399993896,0
2002-10-23,24.6000003815,0
2002-10-24,23.9799995422,0
2002-10-25,24.7000007629,0
2002-10-28,24.4899997711,0
2002-10-29,23.9200000763,0
2002-10-30,24.5599994659,0
2002-10-31,24.5499992371,0
2002-11-01,25.25,0
2002-11-04,25.8999996185,0
2002-11-05,26.1000003815,0
2002-11-06,26.4699993134,0
2002-11-07,25.5400009155,0
2002-11-08,25.0699996948,0
2002-11-11,24.3099994659,0
2002-11-12,24.9300003052,0
2002-11-13,25.2299995422,0
2002-11-14,26.1000003815,0
2002-11-15,26.4400005341,0
2002-11-18,26.0499992371,0
2002-11-19,25.6499996185,0
2002-11-20,26.7399997711,0
2002-11-21,27.7299995422,0
2002-11-22,27.7199993134,0
2002-11-25,27.9899997711,0
2002-11-26,27.0499992371,0
2002-11-27,27.9099998474,0
2002-11-29,27.7199993134,0
2002-12-02,28,0
2002-12-03,27.1700000763,0
2002-12-04,26.5699996948,0
2002-12-05,26.2000007629,0
2002-12-06,26.4699993134,0
2002-12-09,25.2199993134,0
2002-12-10,25.6000003815,0
2002-12-11,25.7199993134,0
2002-12-12,25.8600006104,0
2002-12-13,25.0400009155,0
2002-12-16,25.8500003815,0
2002-12-17,25.9300003052,0
2002-12-18,25.3799991608,0
2002-12-19,25.0599994659,0
2002-12-20,25.3199996948,0
2002-12-23,25.6700000763,0
2002-12-24,25.3500003815,0
2002-12-26,25.2800006866,0
2002-12-27,24.8199996948,0
2002-12-30,24.6299991608,0
2002-12-31,24.3700008392,0
2003-01-02,25.3999996185,0
2003-01-03,25.6800003052,0
2003-01-06,26.3199996948,0
2003-01-07,26.6499996185,0
2003-01-08,25.8999996185,0
2003-01-09,26.7000007629,0
2003-01-10,27.1000003815,0
2003-01-13,26.9400005341,0
2003-01-14,27.0799999237,0
2003-01-15,26.7399997711,0
2003-01-16,26.4400005341,0
2003-01-17,25.3099994659,0
2003-01-21,25.0300006866,0
2003-01-22,24.9300003052,0
2003-01-23,25.5100002289,0
2003-01-24,24.8199996948,0
2003-01-27,24.5300006866,0
2003-01-28,24.7800006866,0
2003-01-29,25.1499996185,0
2003-01-30,24.5,0
2003-01-31,24.4400005341,0
2003-02-03,24.4899997711,0
2003-02-04,24.1900005341,0
2003-02-05,24.0799999237,0
2003-02-06,24.2099990845,0
2003-02-07,23.8099994659,0
2003-02-10,24.0200004578,0
2003-02-11,24.1499996185,0
2003-02-12,23.8199996948,0
2003-02-13,23.9400005341,0
2003-02-14,24.4899997711,0
2003-02-18,25.25,0
2003-02-19,25.0799999237,0
2003-02-20,24.9799995422,0
2003-02-21,25.1700000763,0
2003-02-24,24.7399997711,0
2003-02-25,24.7700004578,0
2003-02-26,24.2199993134,0
2003-02-27,24.7700004578,0
2003-02-28,25.1599998474,0
2003-03-03,24.6499996185,0
2003-03-04,24.5,0
2003-03-05,24.5499992371,0
2003-03-06,24.4899997711,0
2003-03-07,24.5400009155,0
2003-03-10,24.0100002289,0
2003-03-11,23.7999992371,0
2003-03-12,24.2299995422,0
2003-03-13,25.6200008392,0
2003-03-14,25.7199993134,0
2003-03-17,26.6000003815,0
2003-03-18,26.9300003052,0
2003-03-19,26.7000007629,0
2003-03-20,26.7999992371,0
2003-03-21,27.1700000763,0
2003-03-24,26.0400009155,0
2003-03-25,26.4099998474,0
2003-03-26,26.5599994659,0
2003-03-27,26.3700008392,0
2003-03-28,26.0799999237,0
2003-03-31,25.25,0
2003-04-01,25.4500007629,0
2003-04-02,26.1499996185,0
2003-04-03,26.4799995422,0
2003-04-04,26.0499992371,0
2003-04-07,26.0900001526,0
2003-04-08,26.0599994659,0
2003-04-09,25.4599990845,0
2003-04-10,25.7700004578,0
2003-04-11,25.5100002289,0
2003-04-14,26.0300006866,0
2003-04-15,26.2800006866,0
2003-04-16,26.2199993134,0
2003-04-17,26.8199996948,0
2003-04-21,26.9200000763,0
2003-04-22,27.4300003052,0
2003-04-23,27.6299991608,0
2003-04-24,27.4799995422,0
2003-04-25,26.9500007629,0
2003-04-28,27.4799995422,0
2003-04-29,27.7299995422,0
2003-04-30,27.4500007629,0
2003-05-01,27.6900005341,0
2003-05-02,28.2800006866,0
2003-05-05,28.25,0
2003-05-06,28.6100006104,0
2003-05-07,28.2900009155,0
2003-05-08,27.7700004578,0
2003-05-09,28.4099998474,0
2003-05-12,28.8400001526,0
2003-05-13,28.6599998474,0
2003-05-14,28.6000003815,0
2003-05-15,28.9200000763,0
2003-05-16,28.7000007629,0
2003-05-19,27.6900005341,0
2003-05-20,27.7700004578,0
2003-05-21,27.6900005341,0
2003-05-22,28.0900001526,0
2003-05-23,28.1000003815,0
2003-05-27,29.1000003815,0
2003-05-28,29.1900005341,0
2003-05-29,29.3099994659,0
2003-05-30,29.7900009155,0
2003-06-02,29.5799999237,0
2003-06-03,29.8600006104,0
2003-06-04,30.4200000763,0
2003-06-05,30.6399993896,0
2003-06-06,30.1299991608,0
2003-06-09,29.7299995422,0
2003-06-10,30.1800003052,0
2003-06-11,30.5200004578,0
2003-06-12,30.6499996185,0
2003-06-13,29.9599990845,0
2003-06-16,30.8799991608,0
2003-06-17,30.7600002289,0
2003-06-18,30.9200000763,0
2003-06-19,30.4200000763,0
2003-06-20,30.3799991608,0
2003-06-23,29.9099998474,0
2003-06-24,29.6800003052,0
2003-06-25,29.5200004578,0
2003-06-26,30.2199993134,0
2003-06-27,29.8299999237,0
2003-06-30,29.9500007629,0
2003-07-01,30.3500003815,0
2003-07-02,30.9699993134,0
2003-07-03,30.5799999237,0
2003-07-07,31.8899993896,0
2003-07-08,32.2799987793,0
2003-07-09,32.2000007629,0
2003-07-10,31.6000003815,0
2003-07-11,31.8400001526,0
2003-07-14,32.2200012207,0
2003-07-15,32.2599983215,0
2003-07-16,32.1599998474,0
2003-07-17,31.1800003052,0
2003-07-18,31.2800006866,0
2003-07-21,30.8799991608,0
2003-07-22,31.3400001526,0
2003-07-23,31.6000003815,0
2003-07-24,31.1800003052,0
2003-07-25,31.7999992371,0
2003-07-28,31.8899993896,0
2003-07-29,31.6499996185,0
2003-07-30,31.4200000763,0
2003-07-31,31.7999992371,0
2003-08-01,31.4599990845,0
2003-08-04,31.4500007629,0
2003-08-05,30.2099990845,0
2003-08-06,30.1900005341,0
2003-08-07,30.3099994659,0
2003-08-08,30.0699996948,0
2003-08-11,30.3999996185,0
2003-08-12,30.8600006104,0
2003-08-13,30.8700008392,0
2003-08-14,30.8999996185,0
2003-08-15,31.1700000763,0
2003-08-18,31.9699993134,0
2003-08-19,32.3699989319,0
2003-08-20,32.2900009155,0
2003-08-21,32.6399993896,0
2003-08-22,32.4399986267,0
2003-08-25,32.5099983215,0
2003-08-26,32.5400009155,0
2003-08-27,32.7999992371,0
2003-08-28,33.0900001526,0
2003-08-29,33.3899993896,0
2003-09-02,33.8699989319,0
2003-09-03,33.8499984741,0
2003-09-04,34.1599998474,0
2003-09-05,33.9399986267,0
2003-09-08,34.5,0
2003-09-09,34.0900001526,0
2003-09-10,33.2700004578,0
2003-09-11,33.6399993896,0
2003-09-12,33.8199996948,0
2003-09-15,33.4900016785,0
2003-09-16,34.4000015259,0
2003-09-17,34.2599983215,0
2003-09-18,34.7799987793,0
2003-09-19,34.5800018311,0
2003-09-22,33.9199981689,0
2003-09-23,34.5200004578,0
2003-09-24,33.2200012207,0
2003-09-25,32.7900009155,0
2003-09-26,32.5800018311,0
2003-09-29,33.1399993896,0
2003-09-30,32.4199981689,0
2003-10-01,33.1500015259,0
2003-10-02,33.2599983215,0
2003-10-03,34.1899986267,0
2003-10-06,34.4399986267,0
2003-10-07,34.6500015259,0
2003-10-08,34.4300003052,0
2003-10-09,34.6899986267,0
2003-10-10,35.0099983215,0
2003-10-13,35.2400016785,0
2003-10-14,35.3300018311,0
2003-10-15,35.1800003052,0
2003-10-16,35.4599990845,0
2003-10-17,34.6100006104,0
2003-10-20,35.0400009155,0
2003-10-21,35.25,0
2003-10-22,34.5699996948,0
2003-10-23,34.1699981689,0
2003-10-24,34.2000007629,0
2003-10-27,34.2099990845,0
2003-10-28,35.3600006104,0
2003-10-29,35.3199996948,0
2003-10-30,35.3899993896,0
2003-10-31,35.1800003052,0
2003-11-03,35.7599983215,0
2003-11-04,35.5200004578,0
2003-11-05,35.8400001526,0
2003-11-06,35.9399986267,0
2003-11-07,35.6300010681,0
2003-11-10,35.1899986267,0
2003-11-11,35.0600013733,0
2003-11-12,35.8100013733,0
2003-11-13,35.7700004578,0
2003-11-14,35.0400009155,0
2003-11-17,34.6800003052,0
2003-11-18,33.8800010681,0
2003-11-19,34.2099990845,0
2003-11-20,33.8800010681,0
2003-11-21,34.2299995422,0
2003-11-24,35.1800003052,0
2003-11-25,35.1800003052,0
2003-11-26,35.3400001526,0
2003-11-28,35.3800010681,0
2003-12-01,35.9000015259,0
2003-12-02,35.7000007629,0
2003-12-03,35.25,0
2003-12-04,35.6300010681,0
2003-12-05,35.0400009155,0
2003-12-08,35.2400016785,0
2003-12-09,34.4300003052,0
2003-12-10,34.5600013733,0
2003-12-11,35.2999992371,0
2003-12-12,35.2400016785,0
2003-12-15,34.7799987793,0
2003-12-16,34.8499984741,0
2003-12-17,34.9099998474,0
2003-12-18,35.5600013733,0
2003-12-19,35.4599990845,0
2003-12-22,35.5699996948,0
2003-12-23,35.8400001526,0
2003-12-24,35.9000015259,0.014
2003-12-26,35.8499984741,0
2003-12-29,36.4399986267,0
2003-12-30,36.5600013733,0
2003-12-31,36.4599990845,0
2004-01-02,36.3600006104,0
2004-01-05,37.0900001526,0
2004-01-06,37.3400001526,0
2004-01-07,37.6800003052,0
2004-01-08,37.9799995422,0
2004-01-09,37.7299995422,0
2004-01-12,38.3300018311,0
2004-01-13,37.9500007629,0
2004-01-14,38.0800018311,0
2004-01-15,38.1800003052,0
2004-01-16,38.5699996948,0
2004-01-20,38.5400009155,0
2004-01-21,38.3800010681,0
2004-01-22,38.1500015259,0
2004-01-23,38.0099983215,0
2004-01-26,38.5900001526,0
2004-01-27,37.7400016785,0
2004-01-28,37.0999984741,0
2004-01-29,37.2400016785,0
2004-01-30,37.0699996948,0
2004-02-02,36.9700012207,0
2004-02-03,36.9300003052,0
2004-02-04,36.3300018311,0
2004-02-05,36.4700012207,0
2004-02-06,37.1300010681,0
2004-02-09,37.1199989319,0
2004-02-10,37.1800003052,0
2004-02-11,37.5800018311,0
2004-02-12,37.25,0
2004-02-13,36.9399986267,0
2004-02-17,37.4399986267,0
2004-02-18,37.5499992371,0
2004-02-19,36.9799995422,0
2004-02-20,36.8600006104,0
2004-02-23,36.4500007629,0
2004-02-24,36.3600006104,0
2004-02-25,36.5800018311,0
2004-02-26,36.6699981689,0
2004-02-27,36.5699996948,0
2004-03-01,37.0499992371,0
2004-03-02,36.6199989319,0
2004-03-03,36.4199981689,0
2004-03-04,36.7599983215,0
2004-03-05,36.6300010681,0
2004-03-08,35.7700004578,0
2004-03-09,35.6599998474,0
2004-03-10,35.1899986267,0
2004-03-11,34.8699989319,0
2004-03-12,35.5099983215,0
2004-03-15,34.8899993896,0
2004-03-16,34.9500007629,0
2004-03-17,35.5,0
2004-03-18,35.3400001526,0
2004-03-19,34.75,0
2004-03-22,34.3100013733,0
2004-03-23,34.0299987793,0
2004-03-24,34.4199981689,0
2004-03-25,35.3400001526,0
2004-03-26,35.2200012207,0
2004-03-29,35.7900009155,0
2004-03-30,35.9099998474,0
2004-03-31,35.8400001526,0
2004-04-01,36.1599998474,0
2004-04-02,37.0999984741,0
2004-04-05,37.4500007629,0
2004-04-06,36.9799995422,0
2004-04-07,36.9399986267,0
2004-04-08,36.9399986267,0
2004-04-12,37.1699981689,0
2004-04-13,36.6300010681,0
2004-04-14,36.8100013733,0
2004-04-15,36.1500015259,0
2004-04-16,36.0900001526,0
2004-04-19,36.5299987793,0
2004-04-20,35.6800003052,0
2004-04-21,35.9900016785,0
2004-04-22,36.9199981689,0
2004-04-23,37.2099990845,0
2004-04-26,36.9399986267,0
2004-04-27,36.8699989319,0
2004-04-28,36.2000007629,0
2004-04-29,35.6399993896,0
2004-04-30,34.7700004578,0
2004-05-03,35.0999984741,0
2004-05-04,35.25,0
2004-05-05,35.5299987793,0
2004-05-06,35.2599983215,0
2004-05-07,34.9700012207,0
2004-05-10,34.6699981689,0
2004-05-11,35.1899986267,0
2004-05-12,35.2599983215,0
2004-05-13,35.0099983215,0
2004-05-14,34.75,0
2004-05-17,34.4199981689,0
2004-05-18,34.7299995422,0
2004-05-19,34.6899986267,0
2004-05-20,34.8499984741,0
2004-05-21,35.0200004578,0
2004-05-24,35.2599983215,0
2004-05-25,35.9599990845,0
2004-05-26,36.1899986267,0
2004-05-27,36.4199981689,0
2004-05-28,36.5499992371,0
2004-06-01,36.5,0
2004-06-02,36.4199981689,0
2004-06-03,35.9799995422,0
2004-06-04,36.1899986267,0
2004-06-07,37.0499992371,0
2004-06-08,37.0999984741,0
2004-06-09,36.5800018311,0
2004-06-10,36.8400001526,0
2004-06-14,36.3199996948,0
2004-06-15,36.7900009155,0
2004-06-16,36.7299995422,0
2004-06-17,36.3899993896,0
2004-06-18,36.4399986267,0
2004-06-21,36.1500015259,0
2004-06-22,36.6800003052,0
2004-06-23,37.1199989319,0
2004-06-24,37.0499992371,0
2004-06-25,37.3300018311,0
2004-06-28,37.0200004578,0
2004-06-29,37.3699989319,0
2004-06-30,37.7400016785,0
2004-07-01,37.0400009155,0
2004-07-02,36.8199996948,0
2004-07-06,36.0299987793,0
2004-07-07,36.0999984741,0
2004-07-08,35.7000007629,0
2004-07-09,35.75,0
2004-07-12,35.5999984741,0
2004-07-13,35.5499992371,0
2004-07-14,35.1899986267,0
2004-07-15,35.0699996948,0
2004-07-16,34.6699981689,0
2004-07-19,34.5999984741,0
2004-07-20,35.4300003052,0
2004-07-21,34.4000015259,0
2004-07-22,34.8699989319,0
2004-07-23,34.2099990845,0
2004-07-26,34.0600013733,0
2004-07-27,34.5299987793,0
2004-07-28,34.3800010681,0
2004-07-29,34.7799987793,0
2004-07-30,34.8899993896,0
2004-08-02,34.9599990845,0
2004-08-03,34.2299995422,0
2004-08-04,34.2400016785,0
2004-08-05,33.5999984741,0
2004-08-06,32.7200012207,0
2004-08-09,32.7999992371,0
2004-08-10,33.2099990845,0
2004-08-11,32.9199981689,0
2004-08-12,32.4700012207,0
2004-08-13,32.5200004578,0
2004-08-16,32.8899993896,0
2004-08-17,33.2599983215,0
2004-08-18,33.8499984741,0
2004-08-19,33.6699981689,0
2004-08-20,34.0099983215,0
2004-08-23,34.0900001526,0
2004-08-24,34.0800018311,0
2004-08-25,34.5499992371,0
2004-08-26,34.4000015259,0
2004-08-27,34.5600013733,0
2004-08-30,33.9799995422,0
2004-08-31,34.0200004578,0
2004-09-01,34.2700004578,0
2004-09-02,34.7799987793,0
2004-09-03,34.1399993896,0
2004-09-07,34.4300003052,0
2004-09-08,34.2999992371,0
2004-09-09,34.5900001526,0
2004-09-10,35.1199989319,0
2004-09-13,35.5800018311,0
2004-09-14,35.6300010681,0
2004-09-15,35.25,0
2004-09-16,35.3199996948,0
2004-09-17,35.4300003052,0
2004-09-20,35.4300003052,0
2004-09-21,35.5699996948,0
2004-09-22,34.9500007629,0
2004-09-23,34.9199981689,0
2004-09-24,34.7999992371,0
2004-09-27,34.5,0
2004-09-28,34.5699996948,0
2004-09-29,35.0800018311,0
2004-09-30,35.1399993896,0
2004-10-01,36.0999984741,0
2004-10-04,36.3100013733,0
2004-10-05,36.3600006104,0
2004-10-06,36.6500015259,0
2004-10-07,36.2400016785,0
2004-10-08,35.5800018311,0
2004-10-11,35.75,0
2004-10-12,35.6899986267,0
2004-10-13,35.6100006104,0
2004-10-14,35.4500007629,0
2004-10-15,35.6300010681,0
2004-10-18,36.1399993896,0
2004-10-19,35.8800010681,0
2004-10-20,36.0499992371,0
2004-10-21,36.5999984741,0
2004-10-22,35.7999992371,0
2004-10-25,35.6300010681,0
2004-10-26,35.8199996948,0
2004-10-27,36.7299995422,0
2004-10-28,36.9599990845,0
2004-10-29,36.9000015259,0
2004-11-01,37.0400009155,0
2004-11-02,37.1599998474,0
2004-11-03,37.4099998474,0
2004-11-04,37.6199989319,0
2004-11-05,37.9599990845,0
2004-11-08,38,0
2004-11-09,37.9199981689,0
2004-11-10,37.7900009155,0
2004-11-11,38.2900009155,0
2004-11-12,38.6599998474,0
2004-11-15,38.8300018311,0
2004-11-16,38.5900001526,0
2004-11-17,39.1100006104,0
2004-11-18,39.2900009155,0
2004-11-19,38.6800003052,0
2004-11-22,39.0499992371,0
2004-11-23,38.9900016785,0
2004-11-24,39.3300018311,0
2004-11-26,39.2099990845,0
2004-11-29,39.2000007629,0
2004-11-30,39.1199989319,0
2004-12-01,39.9199981689,0
2004-12-02,40.0699996948,0
2004-12-03,40.1300010681,0
2004-12-06,40.2700004578,0
2004-12-07,39.5800018311,0
2004-12-08,39.8100013733,0
2004-12-09,40.0499992371,0
2004-12-10,39.9300003052,0
2004-12-13,40.2799987793,0
2004-12-14,40.4799995422,0
2004-12-15,40.3300018311,0
2004-12-16,39.9500007629,0
2004-12-17,39.4700012207,0.379
2004-12-20,39.2000007629,0
2004-12-21,39.6800003052,0
2004-12-22,39.7299995422,0
2004-12-23,39.7599983215,0
2004-12-27,39.5900001526,0
2004-12-28,39.9700012207,0
2004-12-29,40.0200004578,0
2004-12-30,39.9900016785,0
2004-12-31,39.9199981689,0
2005-01-03,39.5,0
2005-01-04,38.7799987793,0
2005-01-05,38.5400009155,0
2005-01-06,38.3499984741,0
2005-01-07,38.5499992371,0
2005-01-10,38.5299987793,0
2005-01-11,38.2599983215,0
2005-01-12,38.5800018311,0
2005-01-13,38.0699996948,0
2005-01-14,38.4300003052,0
2005-01-18,38.7200012207,0
2005-01-19,38.0800018311,0
2005-01-20,37.3499984741,0
2005-01-21,37.0499992371,0
2005-01-24,36.5299987793,0
2005-01-25,36.7099990845,0
2005-01-26,37.1500015259,0
2005-01-27,37.0999984741,0
2005-01-28,36.9199981689,0
2005-01-31,37.4000015259,0
2005-02-01,37.5200004578,0
2005-02-02,37.5800018311,0
2005-02-03,37.1500015259,0
2005-02-04,37.75,0
2005-02-07,37.6699981689,0
2005-02-08,37.7400016785,0
2005-02-09,37.1100006104,0
2005-02-10,37.1500015259,0
2005-02-11,37.7000007629,0
2005-02-14,37.8699989319,0
2005-02-15,38.1199989319,0
2005-02-16,37.9799995422,0
2005-02-17,37.4700012207,0
2005-02-18,37.3499984741,0
2005-02-22,36.8899993896,0
2005-02-23,36.9399986267,0
2005-02-24,37.4099998474,0
2005-02-25,37.6199989319,0
2005-02-28,37.2200012207,0
2005-03-01,37.6300010681,0
2005-03-02,37.6100006104,0
2005-03-03,37.2999992371,0
2005-03-04,37.5200004578,0
2005-03-07,38.0600013733,0
2005-03-08,37.6800003052,0
2005-03-09,37.5699996948,0
2005-03-10,37.5200004578,0
2005-03-11,37.1699981689,0
2005-03-14,37.3400001526,0
2005-03-15,37.0400009155,0
2005-03-16,36.6199989319,0
2005-03-17,36.7099990845,0
2005-03-18,36.5099983215,0
2005-03-21,36.5800018311,0
2005-03-22,36.1300010681,0
2005-03-23,36.2599983215,0
2005-03-24,36.2700004578,0
2005-03-28,36.3400001526,0
2005-03-29,36.0499992371,0
2005-03-30,36.7299995422,0
2005-03-31,36.5699996948,0
2005-04-01,36.2000007629,0
2005-04-04,36.4599990845,0
2005-04-05,36.5600013733,0
2005-04-06,36.5,0
2005-04-07,36.9399986267,0
2005-04-08,36.6399993896,0
2005-04-11,36.4799995422,0
2005-04-12,36.6599998474,0
2005-04-13,36.0600013733,0
2005-04-14,35.5499992371,0
2005-04-15,34.7400016785,0
2005-04-18,34.75,0
2005-04-19,34.9900016785,0
2005-04-20,34.7000007629,0
2005-04-21,35.6199989319,0
2005-04-22,35.0900001526,0
2005-04-25,35.3800010681,0
2005-04-26,35.0499992371,0
2005-04-27,35.0999984741,0
2005-04-28,34.75,0
2005-04-29,34.9799995422,0
2005-05-02,35.1199989319,0
2005-05-03,35.2999992371,0
2005-05-04,35.7299995422,0
2005-05-05,35.7599983215,0
2005-05-06,35.8600006104,0
2005-05-09,36.0299987793,0
2005-05-10,35.7700004578,0
2005-05-11,35.9500007629,0
2005-05-12,35.8499984741,0
2005-05-13,36.2400016785,0
2005-05-16,36.4799995422,0
2005-05-17,36.7000007629,0
2005-05-18,37.2000007629,0
2005-05-19,37.5099983215,0
2005-05-20,37.6599998474,0
2005-05-23,37.8499984741,0
2005-05-24,37.9700012207,0
2005-05-25,37.8100013733,0
2005-05-26,38.1899986267,0
2005-05-27,38.2099990845,0
2005-05-31,38.0800018311,0
2005-06-01,38.3899993896,0
2005-06-02,38.6599998474,0
2005-06-03,38.0999984741,0
2005-06-06,38.1100006104,0
2005-06-07,37.7900009155,0
2005-06-08,37.7099990845,0
2005-06-09,37.9500007629,0
2005-06-10,37.5499992371,0
2005-06-13,37.7299995422,0
2005-06-14,37.5800018311,0
2005-06-15,37.7000007629,0
2005-06-16,37.9000015259,0
2005-06-17,37.8699989319,0.035
2005-06-20,37.8699989319,0
2005-06-21,37.8499984741,0
2005-06-22,37.8100013733,0
2005-06-23,37.3899993896,0
2005-06-24,36.9700012207,0
2005-06-27,36.7999992371,0
2005-06-28,37.1500015259,0
2005-06-29,37.0699996948,0
2005-06-30,36.7799987793,0
2005-07-01,36.7299995422,0
2005-07-05,37.1100006104,0
2005-07-06,36.9300003052,0
2005-07-07,37.0600013733,0
2005-07-08,37.7700004578,0
2005-07-11,38.1199989319,0
2005-07-12,38.2999992371,0
2005-07-13,38.3899993896,0
2005-07-14,38.7700004578,0
2005-07-15,38.8899993896,0
2005-07-18,38.7299995422,0
2005-07-19,39.1800003052,0
2005-07-20,39.4599990845,0
2005-07-21,39.4700012207,0
2005-07-22,39.4199981689,0
2005-07-25,39.2700004578,0
2005-07-26,39.4199981689,0
2005-07-27,39.7200012207,0
2005-07-28,39.9099998474,0
2005-07-29,39.5800018311,0
2005-08-01,39.6500015259,0
2005-08-02,40.0800018311,0
2005-08-03,40.0600013733,0
2005-08-04,39.6699981689,0
2005-08-05,39.4799995422,0
2005-08-08,39.1899986267,0
2005-08-09,39.4500007629,0
2005-08-10,39.1100006104,0
2005-08-11,39.4300003052,0
2005-08-12,39.2099990845,0
2005-08-15,39.4500007629,0
2005-08-16,38.8100013733,0
2005-08-17,39.0400009155,0
2005-08-18,38.8400001526,0
2005-08-19,38.8199996948,0
2005-08-22,38.8400001526,0
2005-08-23,38.7299995422,0
2005-08-24,38.5,0
2005-08-25,38.5900001526,0
2005-08-26,38.4599990845,0
2005-08-29,38.7599983215,0
2005-08-30,38.6199989319,0
2005-08-31,38.9799995422,0
2005-09-01,38.9199981689,0
2005-09-02,38.7700004578,0
2005-09-06,39.3400001526,0
2005-09-07,39.4099998474,0
2005-09-08,39.4000015259,0
2005-09-09,39.6199989319,0
2005-09-12,39.7299995422,0
2005-09-13,39.6300010681,0
2005-09-14,39.1800003052,0
2005-09-15,39.1599998474,0
2005-09-16,39.4000015259,0
2005-09-19,39.0900001526,0
2005-09-20,38.9300003052,0
2005-09-21,38.5,0
2005-09-22,38.6399993896,0
2005-09-23,38.75,0
2005-09-26,38.7599983215,0
2005-09-27,38.6699981689,0
2005-09-28,38.6800003052,0
2005-09-29,39.2000007629,0
2005-09-30,39.4599990845,0
2005-10-03,39.5600013733,0
2005-10-04,39.2999992371,0
2005-10-05,38.7599983215,0
2005-10-06,38.25,0
2005-10-07,38.3400001526,0
2005-10-10,38.1300010681,0
2005-10-11,37.9399986267,0
2005-10-12,37.4900016785,0
2005-10-13,37.7799987793,0
2005-10-14,38.0600013733,0
2005-10-17,38.1800003052,0
2005-10-18,37.9099998474,0
2005-10-19,38.6699981689,0
2005-10-20,38.3100013733,0
2005-10-21,38.5499992371,0
2005-10-24,39.1599998474,0
2005-10-25,39.0099983215,0
2005-10-26,38.8100013733,0
2005-10-27,38.0299987793,0
2005-10-28,38.3199996948,0
2005-10-31,38.8699989319,0
2005-11-01,38.8400001526,0
2005-11-02,39.3499984741,0
2005-11-03,39.9399986267,0
2005-11-04,40.0800018311,0
2005-11-07,40.1300010681,0
2005-11-08,40.1399993896,0
2005-11-09,40.1599998474,0
2005-11-10,40.5999984741,0
2005-11-11,40.7099990845,0
2005-11-14,40.7099990845,0
2005-11-15,40.5200004578,0
2005-11-16,40.7700004578,0
2005-11-17,41.3100013733,0
2005-11-18,41.4500007629,0
2005-11-21,41.5499992371,0
2005-11-22,41.7000007629,0
2005-11-23,41.7999992371,0
2005-11-25,41.8899993896,0
2005-11-28,41.5400009155,0
2005-11-29,41.3400001526,0
2005-11-30,41.2400016785,0
2005-12-01,42.0099983215,0
2005-12-02,42.1100006104,0
2005-12-05,41.7999992371,0
2005-12-06,41.9399986267,0
2005-12-07,41.8600006104,0
2005-12-08,41.5600013733,0
2005-12-09,41.7200012207,0
2005-12-12,41.8699989319,0
2005-12-13,42.0400009155,0
2005-12-14,41.9000015259,0
2005-12-15,41.9700012207,0
2005-12-16,41.5800018311,0.101
2005-12-19,40.9199981689,0
2005-12-20,40.9500007629,0
2005-12-21,41.1300010681,0
2005-12-22,41.4000015259,0
2005-12-23,41.4000015259,0
2005-12-27,41.0400009155,0
2005-12-28,40.9900016785,0
2005-12-29,40.7200012207,0
2005-12-30,40.4099998474,0
2006-01-03,41.3100013733,0
2006-01-04,41.7400016785,0
2006-01-05,41.9199981689,0
2006-01-06,42.6800003052,0
2006-01-09,42.8499984741,0
2006-01-10,42.8800010681,0
2006-01-11,43.2099990845,0
2006-01-12,43,0
2006-01-13,42.9799995422,0
2006-01-17,42.7000007629,0
2006-01-18,42.2099990845,0
2006-01-19,42.5200004578,0
2006-01-20,41.25,0
2006-01-23,41.2599983215,0
2006-01-24,41.4399986267,0
2006-01-25,41.2599983215,0
2006-01-26,41.5499992371,0
2006-01-27,42.1100006104,0
2006-01-30,42.1899986267,0
2006-01-31,42,0
2006-02-01,42.1500015259,0
2006-02-02,41.4300003052,0
2006-02-03,40.9199981689,0
2006-02-06,40.8100013733,0
2006-02-07,40.6300010681,0
2006-02-08,41.0999984741,0
2006-02-09,40.7099990845,0
2006-02-10,40.9599990845,0
2006-02-13,40.4900016785,0
2006-02-14,40.9000015259,0
2006-02-15,41.1599998474,0
2006-02-16,41.5400009155,0
2006-02-17,41.2099990845,0
2006-02-21,40.75,0
2006-02-22,41.2599983215,0
2006-02-23,41.1500015259,0
2006-02-24,41.2599983215,0
2006-02-27,41.7200012207,0
2006-02-28,41.0999984741,0
2006-03-01,41.6599998474,0
2006-03-02,41.6899986267,0
2006-03-03,41.4500007629,0
2006-03-06,41.0900001526,0
2006-03-07,40.8499984741,0
2006-03-08,40.8699989319,0
2006-03-09,40.5200004578,0
2006-03-10,40.5600013733,0
2006-03-13,40.6800003052,0
2006-03-14,41.3699989319,0
2006-03-15,41.7200012207,0
2006-03-16,41.3699989319,0
2006-03-17,41.4500007629,0.029
2006-03-20,41.5499992371,0
2006-03-21,41.1100006104,0
2006-03-22,41.2099990845,0
2006-03-23,41.0900001526,0
2006-03-24,41.2999992371,0
2006-03-27,41.3100013733,0
2006-03-28,41.1399993896,0
2006-03-29,41.9199981689,0
2006-03-30,42.0499992371,0
2006-03-31,41.9300003052,0
2006-04-03,41.9799995422,0
2006-04-04,42.2099990845,0
2006-04-05,42.6100006104,0
2006-04-06,42.7299995422,0
2006-04-07,42.3199996948,0
2006-04-10,42.2599983215,0
2006-04-11,41.9199981689,0
2006-04-12,41.9300003052,0
2006-04-13,42.0999984741,0
2006-04-17,41.6599998474,0
2006-04-18,42.4599990845,0
2006-04-19,42.6500015259,0
2006-04-20,42.5,0
2006-04-21,42,0
2006-04-24,41.9599990845,0
2006-04-25,41.8699989319,0
2006-04-26,41.8600006104,0
2006-04-27,42.2599983215,0
2006-04-28,41.8499984741,0
2006-05-01,41.4399986267,0
2006-05-02,41.5499992371,0
2006-05-03,41.4900016785,0
2006-05-04,41.8300018311,0
2006-05-05,42.1599998474,0
2006-05-08,42.2000007629,0
2006-05-09,42.0400009155,0
2006-05-10,41.6699981689,0
2006-05-11,40.7400016785,0
2006-05-12,40.1899986267,0
2006-05-15,40.1599998474,0
2006-05-16,39.8600006104,0
2006-05-17,39.3199996948,0
2006-05-18,39.0499992371,0
2006-05-19,39.3499984741,0
2006-05-22,38.9700012207,0
2006-05-23,38.5900001526,0
2006-05-24,38.8499984741,0
2006-05-25,39.3600006104,0
2006-05-26,39.4900016785,0
2006-05-30,38.6399993896,0
2006-05-31,38.8199996948,0
2006-06-01,39.7400016785,0
2006-06-02,39.6399993896,0
2006-06-05,38.7799987793,0
2006-06-06,38.75,0
2006-06-07,38.4599990845,0
2006-06-08,38.4000015259,0
2006-06-09,38.1500015259,0
2006-06-12,37.4000015259,0
2006-06-13,37.25,0
2006-06-14,37.6300010681,0
2006-06-15,38.6500015259,0
2006-06-16,38.3400001526,0.026
2006-06-19,38.0299987793,0
2006-06-20,38.0800018311,0
2006-06-21,38.6800003052,0
2006-06-22,38.1899986267,0
2006-06-23,38.1500015259,0
2006-06-26,38.25,0
2006-06-27,37.5299987793,0
2006-06-28,37.8100013733,0
2006-06-29,38.9599990845,0
2006-06-30,38.7700004578,0
2006-07-03,39,0
2006-07-05,38.1500015259,0
2006-07-06,38.1100006104,0
2006-07-07,37.6899986267,0
2006-07-10,37.3600006104,0
2006-07-11,37.6399993896,0
2006-07-12,36.9300003052,0
2006-07-13,36.3100013733,0
2006-07-14,35.9399986267,0
2006-07-17,36.0299987793,0
2006-07-18,36.1500015259,0
2006-07-19,36.6199989319,0
2006-07-20,36.0800018311,0
2006-07-21,35.7000007629,0
2006-07-24,36.4099998474,0
2006-07-25,36.6199989319,0
2006-07-26,36.5900001526,0
2006-07-27,36.3499984741,0
2006-07-28,37.1100006104,0
2006-07-31,37.0999984741,0
2006-08-01,36.4799995422,0
2006-08-02,36.8899993896,0
2006-08-03,37.1199989319,0
2006-08-04,36.9500007629,0
2006-08-07,36.7099990845,0
2006-08-08,36.4799995422,0
2006-08-09,36.5299987793,0
2006-08-10,36.7900009155,0
2006-08-11,36.5299987793,0
2006-08-14,36.7700004578,0
2006-08-15,37.7000007629,0
2006-08-16,38.5900001526,0
2006-08-17,38.7299995422,0
2006-08-18,38.7900009155,0
2006-08-21,38.4199981689,0
2006-08-22,38.4300003052,0
2006-08-23,38.1399993896,0
2006-08-24,38.25,0
2006-08-25,38.3199996948,0
2006-08-28,38.6100006104,0
2006-08-29,38.7299995422,0
2006-08-30,38.9099998474,0
2006-08-31,38.8699989319,0
2006-09-01,39.0800018311,0
2006-09-05,39.4599990845,0
2006-09-06,38.6699981689,0
2006-09-07,38.4900016785,0
2006-09-08,38.7200012207,0
2006-09-11,38.9599990845,0
2006-09-12,39.6800003052,0
2006-09-13,39.9500007629,0
2006-09-14,39.9900016785,0
2006-09-15,40.1100006104,0.023
2006-09-18,40.1199989319,0
2006-09-19,39.8499984741,0
2006-09-20,40.4300003052,0
2006-09-21,40.1800003052,0
2006-09-22,39.8699989319,0
2006-09-25,40.5699996948,0
2006-09-26,40.7700004578,0
2006-09-27,40.7200012207,0
2006-09-28,40.8300018311,0
2006-09-29,40.6500015259,0
2006-10-02,40.1399993896,0
2006-10-03,40.3100013733,0
2006-10-04,41.2999992371,0
2006-10-05,41.5,0
2006-10-06,41.4099998474,0
2006-10-09,41.5499992371,0
2006-10-10,41.6199989319,0
2006-10-11,41.5400009155,0
2006-10-12,42.2000007629,0
2006-10-13,42.4300003052,0
2006-10-16,42.4700012207,0
2006-10-17,42,0
2006-10-18,41.7999992371,0
2006-10-19,41.9000015259,0
2006-10-20,42,0
2006-10-23,42.4300003052,0
2006-10-24,42.1399993896,0
2006-10-25,42.4300003052,0
2006-10-26,42.8199996948,0
2006-10-27,42.2099990845,0
2006-10-30,42.4799995422,0
2006-10-31,42.5800018311,0
2006-11-01,42,0
2006-11-02,42.0400009155,0
2006-11-03,41.9300003052,0
2006-11-06,42.5400009155,0
2006-11-07,42.8300018311,0
2006-11-08,43.0299987793,0
2006-11-09,42.8300018311,0
2006-11-10,43.0299987793,0
2006-11-13,43.4700012207,0
2006-11-14,43.9300003052,0
2006-11-15,44.1100006104,0
2006-11-16,44.2999992371,0
2006-11-17,44.2999992371,0
2006-11-20,44.3899993896,0
2006-11-21,44.4500007629,0
2006-11-22,44.7299995422,0
2006-11-24,44.6500015259,0
2006-11-27,43.6399993896,0
2006-11-28,43.7700004578,0
2006-11-29,44.0699996948,0
2006-11-30,44.0400009155,0
2006-12-01,43.6599998474,0
2006-12-04,44.2599983215,0
2006-12-05,44.4199981689,0
2006-12-06,44.2599983215,0
2006-12-07,43.7000007629,0
2006-12-08,43.9000015259,0
2006-12-11,44.0600013733,0
2006-12-12,43.7999992371,0
2006-12-13,43.8800010681,0
2006-12-14,44.3699989319,0
2006-12-15,44.4300003052,0.054
2006-12-18,43.9900016785,0
2006-12-19,43.8499984741,0
2006-12-20,43.6899986267,0
2006-12-21,43.3800010681,0
2006-12-22,42.9300003052,0
2006-12-26,43.1100006104,0
2006-12-27,43.3300018311,0
2006-12-28,43.1199989319,0
2006-12-29,43.1599998474,0
2007-01-03,43.2400016785,0
2007-01-04,44.0600013733,0
2007-01-05,43.8499984741,0
2007-01-08,43.8800010681,0
2007-01-09,44.0999984741,0
2007-01-10,44.6199989319,0
2007-01-11,45.0800018311,0
2007-01-12,45.3100013733,0
2007-01-16,45.2799987793,0
2007-01-17,44.9099998474,0
2007-01-18,44.0800018311,0
2007-01-19,44.1699981689,0
2007-01-22,43.6899986267,0
2007-01-23,43.5800018311,0
2007-01-24,44.2999992371,0
2007-01-25,43.7299995422,0
2007-01-26,43.5699996948,0
2007-01-29,43.6100006104,0
2007-01-30,43.6300010681,0
2007-01-31,44.0699996948,0
2007-02-01,44,0
2007-02-02,44.1599998474,0
2007-02-05,44.1199989319,0
2007-02-06,44.0600013733,0
2007-02-07,44.4599990845,0
2007-02-08,44.4500007629,0
2007-02-09,43.8800010681,0
2007-02-12,43.7099990845,0
2007-02-13,43.8600006104,0
2007-02-14,44.5999984741,0
2007-02-15,44.8600006104,0
2007-02-16,44.7099990845,0
2007-02-20,45.0499992371,0
2007-02-21,45.1899986267,0
2007-02-22,45.4199981689,0
2007-02-23,45.2599983215,0
2007-02-26,45.0400009155,0
2007-02-27,43.1899986267,0
2007-02-28,43.3300018311,0
2007-03-01,43.1300010681,0
2007-03-02,42.4799995422,0
2007-03-05,42.1500015259,0
2007-03-06,42.8499984741,0
2007-03-07,42.6800003052,0
2007-03-08,42.9700012207,0
2007-03-09,42.9300003052,0
2007-03-12,43.2099990845,0
2007-03-13,42.3699989319,0
2007-03-14,42.9900016785,0
2007-03-15,42.8899993896,0
2007-03-16,42.8300018311,0.027
2007-03-19,43.2700004578,0
2007-03-20,43.5800018311,0
2007-03-21,44.4199981689,0
2007-03-22,44.2599983215,0
2007-03-23,44.1199989319,0
2007-03-26,44.2999992371,0
2007-03-27,43.9900016785,0
2007-03-28,43.5200004578,0
2007-03-29,43.5699996948,0
2007-03-30,43.5299987793,0
2007-04-02,43.5900001526,0
2007-04-03,44.1599998474,0
2007-04-04,44.3400001526,0
2007-04-05,44.5600013733,0
2007-04-09,44.4500007629,0
2007-04-10,44.6800003052,0
2007-04-11,44.2099990845,0
2007-04-12,44.5600013733,0
2007-04-13,44.6500015259,0
2007-04-16,45.0600013733,0
2007-04-17,45.1599998474,0
2007-04-18,45.0099983215,0
2007-04-19,45.1500015259,0
2007-04-20,45.4000015259,0
2007-04-23,45.4700012207,0
2007-04-24,45.7000007629,0
2007-04-25,46.3100013733,0
2007-04-26,46.5499992371,0
2007-04-27,46.5699996948,0
2007-04-30,45.9599990845,0
2007-05-01,45.9199981689,0
2007-05-02,46.4199981689,0
2007-05-03,46.5900001526,0
2007-05-04,46.6300010681,0
2007-05-07,46.6300010681,0
2007-05-08,46.7299995422,0
2007-05-09,46.8300018311,0
2007-05-10,46.1899986267,0
2007-05-11,46.7799987793,0
2007-05-14,46.4599990845,0
2007-05-15,46.0999984741,0
2007-05-16,46.5499992371,0
2007-05-17,46.3300018311,0
2007-05-18,46.7099990845,0
2007-05-21,47.0099983215,0
2007-05-22,47.0499992371,0
2007-05-23,46.8300018311,0
2007-05-24,46.1599998474,0
2007-05-25,46.4500007629,0
2007-05-29,46.8100013733,0
2007-05-30,47.1899986267,0
2007-05-31,47.4099998474,0
2007-06-01,47.4399986267,0
2007-06-04,47.5800018311,0
2007-06-05,47.5800018311,0
2007-06-06,47.0699996948,0
2007-06-07,46.3400001526,0
2007-06-08,46.9099998474,0
2007-06-11,46.8199996948,0
2007-06-12,46.5400009155,0
2007-06-13,47.0499992371,0
2007-06-14,47.3600006104,0
2007-06-15,47.7599983215,0.037
2007-06-18,47.7700004578,0
2007-06-19,47.7599983215,0
2007-06-20,47.3100013733,0
2007-06-21,47.7400016785,0
2007-06-22,47.2900009155,0
2007-06-25,47.0900001526,0
2007-06-26,46.8199996948,0
2007-06-27,47.5400009155,0
2007-06-28,47.5200004578,0
2007-06-29,47.5999984741,0
2007-07-02,48.0299987793,0
2007-07-03,48.3100013733,0
2007-07-05,48.6599998474,0
2007-07-06,48.8600006104,0
2007-07-09,48.8899993896,0
2007-07-10,48.4799995422,0
2007-07-11,48.8100013733,0
2007-07-12,49.5600013733,0
2007-07-13,49.9000015259,0
2007-07-16,49.8499984741,0
2007-07-17,50.2299995422,0
2007-07-18,50.1699981689,0
2007-07-19,50.3199996948,0
2007-07-20,50.0499992371,0
2007-07-23,50.0699996948,0
2007-07-24,49.3300018311,0
2007-07-25,49.4000015259,0
2007-07-26,48.9799995422,0
2007-07-27,47.9900016785,0
2007-07-30,48.5499992371,0
2007-07-31,47.5299987793,0
2007-08-01,47.9000015259,0
2007-08-02,48.3400001526,0
2007-08-03,47.4199981689,0
2007-08-06,47.9700012207,0
2007-08-07,48.3100013733,0
2007-08-08,48.8400001526,0
2007-08-09,47.7099990845,0
2007-08-10,47.2799987793,0
2007-08-13,47.5999984741,0
2007-08-14,46.7900009155,0
2007-08-15,45.9000015259,0
2007-08-16,45.4500007629,0
2007-08-17,46.3100013733,0
2007-08-20,46.5299987793,0
2007-08-21,47.0200004578,0
2007-08-22,47.6599998474,0
2007-08-23,47.5299987793,0
2007-08-24,48.2000007629,0
2007-08-27,47.8800010681,0
2007-08-28,46.7400016785,0
2007-08-29,48.0800018311,0
2007-08-30,48.3300018311,0
2007-08-31,48.8699989319,0
2007-09-04,49.6800003052,0
2007-09-05,49.1800003052,0
2007-09-06,49.1399993896,0
2007-09-07,48.2299995422,0
2007-09-10,48.2000007629,0
2007-09-11,48.9300003052,0
2007-09-12,48.9399986267,0
2007-09-13,49.1800003052,0
2007-09-14,49.2200012207,0
2007-09-17,48.8100013733,0
2007-09-18,50.0400009155,0
2007-09-19,50.1699981689,0
2007-09-20,50.0299987793,0
2007-09-21,50.3600006104,0.026
2007-09-24,50.5900001526,0
2007-09-25,51.0699996948,0
2007-09-26,51.3199996948,0
2007-09-27,51.5800018311,0
2007-09-28,51.4099998474,0
2007-10-01,52,0
2007-10-02,52.0099983215,0
2007-10-03,51.6500015259,0
2007-10-04,51.7700004578,0
2007-10-05,52.8199996948,0
2007-10-08,53.1500015259,0
2007-10-09,53.3800010681,0
2007-10-10,53.5099983215,0
2007-10-11,52.6599998474,0
2007-10-12,53.5299987793,0
2007-10-15,53.1199989319,0
2007-10-16,52.8699989319,0
2007-10-17,53.5499992371,0
2007-10-18,53.7799987793,0
2007-10-19,52.4399986267,0
2007-10-22,53.0699996948,0
2007-10-23,54.1800003052,0
2007-10-24,53.7700004578,0
2007-10-25,53.0499992371,0
2007-10-26,53.9300003052,0
2007-10-29,54.1500015259,0
2007-10-30,54.2599983215,0
2007-10-31,55.0299987793,0
2007-11-01,54,0
2007-11-02,54.4199981689,0
2007-11-05,54.0699996948,0
2007-11-06,54.6800003052,0
2007-11-07,53.3499984741,0
2007-11-08,51.7299995422,0
2007-11-09,50,0
2007-11-12,48.7299995422,0
2007-11-13,50.7400016785,0
2007-11-14,50.0900001526,0
2007-11-15,49.8199996948,0
2007-11-16,50.2799987793,0
2007-11-19,49.7000007629,0
2007-11-20,49.9000015259,0
2007-11-21,49.3100013733,0
2007-11-23,49.8400001526,0
2007-11-26,48.9799995422,0
2007-11-27,49.9599990845,0
2007-11-28,51.4799995422,0
2007-11-29,51.7000007629,0
2007-11-30,51.3100013733,0
2007-12-03,50.8800010681,0
2007-12-04,50.6699981689,0
2007-12-05,51.5800018311,0
2007-12-06,52.3199996948,0
2007-12-07,52.3300018311,0
2007-12-10,52.5400009155,0
2007-12-11,51.3199996948,0
2007-12-12,51.7799987793,0
2007-12-13,51.5,0
2007-12-14,50.9700012207,0
2007-12-17,49.7299995422,0
2007-12-18,49.8899993896,0
2007-12-19,49.8800010681,0
2007-12-20,50.9000015259,0
2007-12-21,51.8499984741,0.053
2007-12-24,52.2400016785,0
2007-12-26,52.5,0
2007-12-27,51.8699989319,0
2007-12-28,51.8199996948,0
2007-12-31,51.2200012207,0
2008-01-02,50.4099998474,0
2008-01-03,50.6199989319,0
2008-01-04,48.4000015259,0
2008-01-07,48.1699981689,0
2008-01-08,46.9199981689,0
2008-01-09,47.9199981689,0
2008-01-10,47.9900016785,0
2008-01-11,47.0499992371,0
2008-01-14,47.8699989319,0
2008-01-15,46.5499992371,0
2008-01-16,46.0499992371,0
2008-01-17,45.4099998474,0
2008-01-18,45.3499984741,0
2008-01-22,44.1800003052,0
2008-01-23,44.0099983215,0
2008-01-24,44.9099998474,0
2008-01-25,43.9900016785,0
2008-01-28,44.3300018311,0
2008-01-29,44.4099998474,0
2008-01-30,44.3699989319,0
2008-01-31,45.1300010681,0
2008-02-01,45.5900001526,0
2008-02-04,44.9500007629,0
2008-02-05,43.6699981689,0
2008-02-06,42.8100013733,0
2008-02-07,43.1100006104,0
2008-02-08,43.5999984741,0
2008-02-11,44.0699996948,0
2008-02-12,43.8199996948,0
2008-02-13,44.7799987793,0
2008-02-14,43.9700012207,0
2008-02-15,43.8199996948,0
2008-02-19,43.7400016785,0
2008-02-20,43.9399986267,0
2008-02-21,43.5200004578,0
2008-02-22,43.6800003052,0
2008-02-25,43.9000015259,0
2008-02-26,44.0699996948,0
2008-02-27,44.2900009155,0
2008-02-28,44.1199989319,0
2008-02-29,42.9500007629,0
2008-03-03,42.6699981689,0
2008-03-04,42.9099998474,0
2008-03-05,43.1199989319,0
2008-03-06,42.1699981689,0
2008-03-07,42.0699996948,0
2008-03-10,41.2599983215,0
2008-03-11,42.8300018311,0
2008-03-12,42.7099990845,0
2008-03-13,43.0400009155,0
2008-03-14,42.25,0
2008-03-17,41.4799995422,0
2008-03-18,43.3300018311,0
2008-03-19,42.2599983215,0
2008-03-20,43.0900001526,0.033
2008-03-24,44.5800018311,0
2008-03-25,44.8300018311,0
2008-03-26,44.7000007629,0
2008-03-27,43.7099990845,0
2008-03-28,43.4900016785,0
2008-03-31,43.7200012207,0
2008-04-01,45.5900001526,0
2008-04-02,45.4900016785,0
2008-04-03,45.5900001526,0
2008-04-04,45.8600006104,0
2008-04-07,45.7599983215,0
2008-04-08,45.4099998474,0
2008-04-09,44.9000015259,0
2008-04-10,45.5400009155,0
2008-04-11,44.2799987793,0
2008-04-14,44.0800018311,0
2008-04-15,44.1399993896,0
2008-04-16,45.3699989319,0
2008-04-17,45.2700004578,0
2008-04-18,46.7099990845,0
2008-04-21,47.0400009155,0
2008-04-22,46.3400001526,0
2008-04-23,46.8499984741,0
2008-04-24,47.2700004578,0
2008-04-25,47.1500015259,0
2008-04-28,47.2400016785,0
2008-04-29,47.5999984741,0
2008-04-30,47.2099990845,0
2008-05-01,48.7000007629,0
2008-05-02,48.7700004578,0
2008-05-05,48.6300010681,0
2008-05-06,48.9300003052,0
2008-05-07,48.0400009155,0
2008-05-08,48.4000015259,0
2008-05-09,48.2099990845,0
2008-05-12,49.0900001526,0
2008-05-13,49.2200012207,0
2008-05-14,49.1100006104,0
2008-05-15,49.9700012207,0
2008-05-16,50.0099983215,0
2008-05-19,49.6500015259,0
2008-05-20,49.2700004578,0
2008-05-21,48.1800003052,0
2008-05-22,48.3499984741,0
2008-05-23,48.2000007629,0
2008-05-27,49.0499992371,0
2008-05-28,49.25,0
2008-05-29,49.6899986267,0
2008-05-30,50.0099983215,0
2008-06-02,49.4000015259,0
2008-06-03,49.1300010681,0
2008-06-04,49.7599983215,0
2008-06-05,50.5499992371,0
2008-06-06,49.0299987793,0
2008-06-09,48.7700004578,0
2008-06-10,48.5400009155,0
2008-06-11,47.3699989319,0
2008-06-12,47.4199981689,0
2008-06-13,48.3699989319,0
2008-06-16,48.7999992371,0
2008-06-17,48.5400009155,0
2008-06-18,48.0200004578,0
2008-06-19,48.7700004578,0
2008-06-20,47.4199981689,0.034
2008-06-23,47.0499992371,0
2008-06-24,46.8100013733,0
2008-06-25,47.5699996948,0
2008-06-26,45.6500015259,0
2008-06-27,45.6500015259,0
2008-06-30,45.1699981689,0
2008-07-01,45.8100013733,0
2008-07-02,44.7099990845,0
2008-07-03,44.6300010681,0
2008-07-07,44.9000015259,0
2008-07-08,45.9700012207,0
2008-07-09,44.75,0
2008-07-10,45.2799987793,0
2008-07-11,44.5600013733,0
2008-07-14,44.2299995422,0
2008-07-15,44.2400016785,0
2008-07-16,45.3400001526,0
2008-07-17,45.6399993896,0
2008-07-18,44.5900001526,0
2008-07-21,44.7799987793,0
2008-07-22,44.7799987793,0
2008-07-23,45.3699989319,0
2008-07-24,44.6899986267,0
2008-07-25,45.2700004578,0
2008-07-28,44.4199981689,0
2008-07-29,45.3400001526,0
2008-07-30,45.5699996948,0
2008-07-31,45.4599990845,0
2008-08-01,44.8800010681,0
2008-08-04,44.4300003052,0
2008-08-05,45.9300003052,0
2008-08-06,46.6300010681,0
2008-08-07,46.2700004578,0
2008-08-08,47.3199996948,0
2008-08-11,47.75,0
2008-08-12,47.7999992371,0
2008-08-13,47.7000007629,0
2008-08-14,48.25,0
2008-08-15,48.1599998474,0
2008-08-18,47.5999984741,0
2008-08-19,47.0099983215,0
2008-08-20,47.0900001526,0
2008-08-21,46.8699989319,0
2008-08-22,47.4900016785,0
2008-08-25,46.4900016785,0
2008-08-26,46.4300003052,0
2008-08-27,46.7299995422,0
2008-08-28,47.1100006104,0
2008-08-29,46.1199989319,0
2008-09-02,45.5499992371,0
2008-09-03,45.1199989319,0
2008-09-04,43.6599998474,0
2008-09-05,43.4500007629,0
2008-09-08,43.3699989319,0
2008-09-09,42.4500007629,0
2008-09-10,42.7999992371,0
2008-09-11,43.5999984741,0
2008-09-12,43.4300003052,0
2008-09-15,42.0800018311,0
2008-09-16,42.4099998474,0
2008-09-17,40.2099990845,0
2008-09-18,41.5699996948,0
2008-09-19,42.9000015259,0.028
2008-09-22,40.8800010681,0
2008-09-23,40.5699996948,0
2008-09-24,40.8499984741,0
2008-09-25,41.5,0
2008-09-26,41.0800018311,0
2008-09-29,37.8199996948,0
2008-09-30,38.9099998474,0
2008-10-01,38.5,0
2008-10-02,36.75,0
2008-10-03,36.1800003052,0
2008-10-06,34.8600006104,0
2008-10-07,32.6500015259,0
2008-10-08,32.3899993896,0
2008-10-09,31.5200004578,0
2008-10-10,31.3199996948,0
2008-10-13,35.1300010681,0
2008-10-14,33.6100006104,0
2008-10-15,30.6000003815,0
2008-10-16,32.2599983215,0
2008-10-17,32.2999992371,0
2008-10-20,33.2000007629,0
2008-10-21,31.4799995422,0
2008-10-22,30.6100006104,0
2008-10-23,30.4899997711,0
2008-10-24,29.5100002289,0
2008-10-27,28.6900005341,0
2008-10-28,31.8600006104,0
2008-10-29,31.7800006866,0
2008-10-30,32.8400001526,0
2008-10-31,32.8899993896,0
2008-11-03,32.8199996948,0
2008-11-04,33.75,0
2008-11-05,31.9899997711,0
2008-11-06,30.5599994659,0
2008-11-07,31.1900005341,0
2008-11-10,30.7700004578,0
2008-11-11,30.1000003815,0
2008-11-12,28.7099990845,0
2008-11-13,30.4599990845,0
2008-11-14,28.9799995422,0
2008-11-17,28.3700008392,0
2008-11-18,28.3400001526,0
2008-11-19,26.8600006104,0
2008-11-20,25.5599994659,0
2008-11-21,26.6700000763,0
2008-11-24,28.2999992371,0
2008-11-25,28.1700000763,0
2008-11-26,29.3500003815,0
2008-11-28,29.1200008392,0
2008-12-01,26.9300003052,0
2008-12-02,27.8299999237,0
2008-12-03,28.6200008392,0
2008-12-04,27.8099994659,0
2008-12-05,28.9400005341,0
2008-12-08,30.0799999237,0
2008-12-09,30.0100002289,0
2008-12-10,29.9099998474,0
2008-12-11,29.0900001526,0
2008-12-12,29.6800003052,0
2008-12-15,29.1599998474,0
2008-12-16,30.5599994659,0
2008-12-17,30.1900005341,0
2008-12-18,29.6599998474,0
2008-12-19,29.8600006104,0.043
2008-12-22,29.2099990845,0
2008-12-23,29.0599994659,0
2008-12-24,29.1399993896,0
2008-12-26,29.1299991608,0
2008-12-29,28.8899993896,0
2008-12-30,29.4899997711,0
2008-12-31,29.7399997711,0
2009-01-02,31.0300006866,0
2009-01-05,31.0200004578,0
2009-01-06,31.3299999237,0
2009-01-07,30.4400005341,0
2009-01-08,30.7600002289,0
2009-01-09,30.0699996948,0
2009-01-12,29.5200004578,0
2009-01-13,29.5300006866,0
2009-01-14,28.6299991608,0
2009-01-15,29.1000003815,0
2009-01-16,29.4200000763,0
2009-01-20,27.9599990845,0
2009-01-21,29.1499996185,0
2009-01-22,28.7600002289,0
2009-01-23,28.8999996185,0
2009-01-26,29.1100006104,0
2009-01-27,29.3199996948,0
2009-01-28,30.3500003815,0
2009-01-29,29.5799999237,0
2009-01-30,29.0599994659,0
2009-02-02,29.4099998474,0
2009-02-03,29.8700008392,0
2009-02-04,29.9099998474,0
2009-02-05,30.5699996948,0
2009-02-06,31.3700008392,0
2009-02-09,31.5,0
2009-02-10,30.3400001526,0
2009-02-11,30.2000007629,0
2009-02-12,30.5699996948,0
2009-02-13,30.4300003052,0
2009-02-17,29.2199993134,0
2009-02-18,29.2399997711,0
2009-02-19,28.7900009155,0
2009-02-20,28.8700008392,0
2009-02-23,27.8600006104,0
2009-02-24,28.7800006866,0
2009-02-25,28.5900001526,0
2009-02-26,27.7900009155,0
2009-02-27,27.5300006866,0
2009-03-02,26.6399993896,0
2009-03-03,26.6200008392,0
2009-03-04,27.3299999237,0
2009-03-05,26.5100002289,0
2009-03-06,26.2999992371,0
2009-03-09,25.7399997711,0
2009-03-10,27.3299999237,0
2009-03-11,27.75,0
2009-03-12,28.6700000763,0
2009-03-13,28.7399997711,0
2009-03-16,28.2600002289,0
2009-03-17,29.3299999237,0
2009-03-18,29.7000007629,0
2009-03-19,29.6800003052,0
2009-03-20,29.1800003052,0.049
2009-03-23,30.8999996185,0
2009-03-24,30.3299999237,0
2009-03-25,30.4699993134,0
2009-03-26,31.4099998474,0
2009-03-27,30.8199996948,0
2009-03-30,30.0599994659,0
2009-03-31,30.3199996948,0
2009-04-01,30.7700004578,0
2009-04-02,31.7600002289,0
2009-04-03,32.3499984741,0
2009-04-06,32.2700004578,0
2009-04-07,31.4200000763,0
2009-04-08,31.9500007629,0
2009-04-09,32.9399986267,0
2009-04-13,32.8899993896,0
2009-04-14,32.4900016785,0
2009-04-15,32.4000015259,0
2009-04-16,33.2400016785,0
2009-04-17,33.3100013733,0
2009-04-20,32.2400016785,0
2009-04-21,32.6899986267,0
2009-04-22,32.7900009155,0
2009-04-23,33.1100006104,0
2009-04-24,33.6899986267,0
2009-04-27,33.7299995422,0
2009-04-28,33.4799995422,0
2009-04-29,33.9399986267,0
2009-04-30,34.2799987793,0
2009-05-01,34.3699989319,0
2009-05-04,35.0499992371,0
2009-05-05,35.0200004578,0
2009-05-06,35.0299987793,0
2009-05-07,34.2099990845,0
2009-05-08,34.2299995422,0
2009-05-11,34.3499984741,0
2009-05-12,33.9300003052,0
2009-05-13,33.0200004578,0
2009-05-14,33.3899993896,0
2009-05-15,33.3699989319,0
2009-05-18,34.2400016785,0
2009-05-19,34.4000015259,0
2009-05-20,34.2799987793,0
2009-05-21,33.6500015259,0
2009-05-22,33.5400009155,0
2009-05-26,34.7900009155,0
2009-05-27,34.5499992371,0
2009-05-28,34.9500007629,0
2009-05-29,35.3800010681,0
2009-06-01,36.3899993896,0
2009-06-02,36.4399986267,0
2009-06-03,36.3300018311,0
2009-06-04,36.7400016785,0
2009-06-05,36.7799987793,0
2009-06-08,36.6699981689,0
2009-06-09,36.9500007629,0
2009-06-10,36.8199996948,0
2009-06-11,36.8199996948,0
2009-06-12,36.6500015259,0
2009-06-15,35.9000015259,0
2009-06-16,35.5499992371,0
2009-06-17,35.8899993896,0
2009-06-18,35.8199996948,0
2009-06-19,36.1599998474,0.044
2009-06-22,35.0800018311,0
2009-06-23,35,0
2009-06-24,35.5900001526,0
2009-06-25,36.2900009155,0
2009-06-26,36.3699989319,0
2009-06-29,36.4500007629,0
2009-06-30,36.3800010681,0
2009-07-01,36.4000015259,0
2009-07-02,35.5999984741,0
2009-07-06,35.4099998474,0
2009-07-07,34.5299987793,0
2009-07-08,34.7099990845,0
2009-07-09,34.7700004578,0
2009-07-10,34.9199981689,0
2009-07-13,35.5900001526,0
2009-07-14,35.7200012207,0
2009-07-15,36.9199981689,0
2009-07-16,37.3600006104,0
2009-07-17,37.5600013733,0
2009-07-20,37.9199981689,0
2009-07-21,38.1800003052,0
2009-07-22,38.5,0
2009-07-23,39.3499984741,0
2009-07-24,39.0499992371,0
2009-07-27,39.3499984741,0
2009-07-28,39.0800018311,0
2009-07-29,39.3400001526,0
2009-07-30,39.5699996948,0
2009-07-31,39.4500007629,0
2009-08-03,40.0400009155,0
2009-08-04,40.0400009155,0
2009-08-05,39.7299995422,0
2009-08-06,39.3800010681,0
2009-08-07,39.8800010681,0
2009-08-10,39.5999984741,0
2009-08-11,39.2599983215,0
2009-08-12,39.8699989319,0
2009-08-13,40.0900001526,0
2009-08-14,39.6300010681,0
2009-08-17,38.4799995422,0
2009-08-18,39.0299987793,0
2009-08-19,39.2999992371,0
2009-08-20,39.7599983215,0
2009-08-21,40.2900009155,0
2009-08-24,40.25,0
2009-08-25,40.3699989319,0
2009-08-26,40.2999992371,0
2009-08-27,40.4000015259,0
2009-08-28,40.4399986267,0
2009-08-31,40.0299987793,0
2009-09-01,39.2799987793,0
2009-09-02,39.25,0
2009-09-03,39.5099983215,0
2009-09-04,40.3600006104,0
2009-09-08,40.7400016785,0
2009-09-09,41.0900001526,0
2009-09-10,41.4799995422,0
2009-09-11,41.5200004578,0
2009-09-14,41.6800003052,0
2009-09-15,41.8100013733,0
2009-09-16,42.4199981689,0
2009-09-17,42.4099998474,0
2009-09-18,42.4399986267,0.041
2009-09-21,42.5699996948,0
2009-09-22,42.6500015259,0
2009-09-23,42.4500007629,0
2009-09-24,42.0699996948,0
2009-09-25,41.7000007629,0
2009-09-28,42.4099998474,0
2009-09-29,42.2200012207,0
2009-09-30,42.25,0
2009-10-01,41,0
2009-10-02,40.8800010681,0
2009-10-05,41.2099990845,0
2009-10-06,41.9399986267,0
2009-10-07,42.0600013733,0
2009-10-08,42.2400016785,0
2009-10-09,42.4799995422,0
2009-10-12,42.5699996948,0
2009-10-13,42.5800018311,0
2009-10-14,43.1599998474,0
2009-10-15,43.0600013733,0
2009-10-16,42.7799987793,0
2009-10-19,43.2099990845,0
2009-10-20,43.2200012207,0
2009-10-21,43.1399993896,0
2009-10-22,43.3100013733,0
2009-10-23,43.1300010681,0
2009-10-26,42.9900016785,0
2009-10-27,42.3400001526,0
2009-10-28,41.3899993896,0
2009-10-29,42.0900001526,0
2009-10-30,40.9599990845,0
2009-11-02,41.1300010681,0
2009-11-03,41.2599983215,0
2009-11-04,41.3300018311,0
2009-11-05,42.3499984741,0
2009-11-06,42.5999984741,0
2009-11-09,43.5099983215,0
2009-11-10,43.6199989319,0
2009-11-11,43.9000015259,0
2009-11-12,43.6500015259,0
2009-11-13,44.0099983215,0
2009-11-16,44.4599990845,0
2009-11-17,44.5999984741,0
2009-11-18,44.3499984741,0
2009-11-19,43.6599998474,0
2009-11-20,43.4399986267,0
2009-11-23,44.1399993896,0
2009-11-24,43.9900016785,0
2009-11-25,44.1800003052,0
2009-11-27,43.5099983215,0
2009-11-30,43.5600013733,0
2009-12-01,44.0099983215,0
2009-12-02,44.0699996948,0
2009-12-03,43.8899993896,0
2009-12-04,44.1199989319,0
2009-12-07,43.9099998474,0
2009-12-08,43.6399993896,0
2009-12-09,44.0800018311,0
2009-12-10,44.2999992371,0
2009-12-11,44.1300010681,0
2009-12-14,44.5499992371,0
2009-12-15,44.2999992371,0
2009-12-16,44.3600006104,0
2009-12-17,43.8199996948,0
2009-12-18,44.4599990845,0.073
2009-12-21,44.9599990845,0
2009-12-22,45.2299995422,0
2009-12-23,45.5600013733,0
2009-12-24,45.9799995422,0
2009-12-28,46.2200012207,0
2009-12-29,46.0299987793,0
2009-12-30,46.1699981689,0
2009-12-31,45.75,0
2010-01-04,46.4199981689,0
2010-01-05,46.4199981689,0
2010-01-06,46.1399993896,0
2010-01-07,46.1699981689,0
2010-01-08,46.5499992371,0
2010-01-11,46.3600006104,0
2010-01-12,45.7799987793,0
2010-01-13,46.3499984741,0
2010-01-14,46.3899993896,0
2010-01-15,45.8499984741,0
2010-01-19,46.5900001526,0
2010-01-20,45.9199981689,0
2010-01-21,45.4900016785,0
2010-01-22,44.1599998474,0
2010-01-25,44.3100013733,0
2010-01-26,44.3499984741,0
2010-01-27,44.7000007629,0
2010-01-28,43.5499992371,0
2010-01-29,42.7900009155,0
2010-02-01,43.2599983215,0
2010-02-02,43.6500015259,0
2010-02-03,43.8899993896,0
2010-02-04,42.6199989319,0
2010-02-05,42.9799995422,0
2010-02-08,42.6699981689,0
2010-02-09,43.1100006104,0
2010-02-10,43.0200004578,0
2010-02-11,43.6699981689,0
2010-02-12,43.7599983215,0
2010-02-16,44.3199996948,0
2010-02-17,44.5699996948,0
2010-02-18,44.8499984741,0
2010-02-19,44.8300018311,0
2010-02-22,44.7400016785,0
2010-02-23,44.1599998474,0
2010-02-24,44.6100006104,0
2010-02-25,44.5999984741,0
2010-02-26,44.7599983215,0
2010-03-01,45.4099998474,0
2010-03-02,45.5499992371,0
2010-03-03,45.5999984741,0
2010-03-04,45.75,0
2010-03-05,46.4399986267,0
2010-03-08,46.5299987793,0
2010-03-09,46.7900009155,0
2010-03-10,47.1699981689,0
2010-03-11,47.3499984741,0
2010-03-12,47.3600006104,0
2010-03-15,47.2400016785,0
2010-03-16,47.5400009155,0
2010-03-17,47.6699981689,0
2010-03-18,47.8300018311,0
2010-03-19,47.4900016785,0.051
2010-03-22,47.9199981689,0
2010-03-23,48.25,0
2010-03-24,48.0200004578,0
2010-03-25,47.9500007629,0
2010-03-26,48,0
2010-03-29,48.2299995422,0
2010-03-30,48.3899993896,0
2010-03-31,48.1599998474,0
2010-04-01,48.1599998474,0
2010-04-05,48.6100006104,0
2010-04-06,48.75,0
2010-04-07,48.6300010681,0
2010-04-08,48.7400016785,0
2010-04-09,49.0299987793,0
2010-04-12,49.0699996948,0
2010-04-13,49.3199996948,0
2010-04-14,49.9099998474,0
2010-04-15,50.1300010681,0
2010-04-16,49.5299987793,0
2010-04-19,49.5,0
2010-04-20,49.75,0
2010-04-21,50.0299987793,0
2010-04-22,50.3100013733,0
2010-04-23,50.5200004578,0
2010-04-26,50.4099998474,0
2010-04-27,49.3400001526,0
2010-04-28,49.3699989319,0
2010-04-29,50.2299995422,0
2010-04-30,49.2400016785,0
2010-05-03,49.9300003052,0
2010-05-04,48.4300003052,0
2010-05-05,48.1800003052,0
2010-05-06,46.5699996948,0
2010-05-07,45.4099998474,0
2010-05-10,47.7700004578,0
2010-05-11,47.7200012207,0
2010-05-12,48.6199989319,0
2010-05-13,47.8499984741,0
2010-05-14,46.9300003052,0
2010-05-17,47.0800018311,0
2010-05-18,46.4300003052,0
2010-05-19,46.0600013733,0
2010-05-20,44.3499984741,0
2010-05-21,44.8400001526,0
2010-05-24,44.6599998474,0
2010-05-25,44.7000007629,0
2010-05-26,44.2000007629,0
2010-05-27,45.8699989319,0
2010-05-28,45.5999984741,0
2010-06-01,45.1800003052,0
2010-06-02,46.25,0
2010-06-03,46.6899986267,0
2010-06-04,45.0900001526,0
2010-06-07,44.2700004578,0
2010-06-08,44.1899986267,0
2010-06-09,43.8199996948,0
2010-06-10,45.0699996948,0
2010-06-11,45.5,0
2010-06-14,45.4900016785,0
2010-06-15,46.7099990845,0
2010-06-16,46.9000015259,0
2010-06-17,47.0499992371,0
2010-06-18,47,0.089
2010-06-21,46.5999984741,0
2010-06-22,46.2400016785,0
2010-06-23,46.0499992371,0
2010-06-24,45.3499984741,0
2010-06-25,45.2700004578,0.089
2010-06-28,45.1100006104,0
2010-06-29,43.3699989319,0
2010-06-30,42.7099990845,0
2010-07-01,42.5900001526,0
2010-07-02,42.4700012207,0
2010-07-06,42.5999984741,0
2010-07-07,43.9599990845,0
2010-07-08,44.2000007629,0
2010-07-09,44.6199989319,0
2010-07-12,44.75,0
2010-07-13,45.3300018311,0
2010-07-14,45.5600013733,0
2010-07-15,45.5999984741,0
2010-07-16,44.3400001526,0
2010-07-19,44.7200012207,0
2010-07-20,45.2599983215,0
2010-07-21,44.6399993896,0
2010-07-22,45.7700004578,0
2010-07-23,46.0600013733,0
2010-07-26,46.4399986267,0
2010-07-27,46.4199981689,0
2010-07-28,46.0499992371,0
2010-07-29,45.7099990845,0
2010-07-30,45.8100013733,0
2010-08-02,46.6699981689,0
2010-08-03,46.4700012207,0
2010-08-04,46.9399986267,0
2010-08-05,46.8300018311,0
2010-08-06,46.7599983215,0
2010-08-09,47.0800018311,0
2010-08-10,46.6699981689,0
2010-08-11,45.4000015259,0
2010-08-12,45.0400009155,0
2010-08-13,44.7200012207,0
2010-08-16,44.7999992371,0
2010-08-17,45.3699989319,0
2010-08-18,45.5499992371,0
2010-08-19,44.8600006104,0
2010-08-20,44.9199981689,0
2010-08-23,44.4799995422,0
2010-08-24,43.6500015259,0
2010-08-25,44.0699996948,0
2010-08-26,43.5400009155,0
2010-08-27,44.0699996948,0
2010-08-30,43.6100006104,0
2010-08-31,43.4599990845,0
2010-09-01,44.7599983215,0
2010-09-02,45.2599983215,0
2010-09-03,46.0099983215,0
2010-09-07,45.7000007629,0
2010-09-08,46.25,0
2010-09-09,46.4300003052,0
2010-09-10,46.5999984741,0
2010-09-13,47.25,0
2010-09-14,47.4500007629,0
2010-09-15,47.75,0
2010-09-16,47.9399986267,0
2010-09-17,47.9900016785,0.112
2010-09-20,48.8300018311,0
2010-09-21,48.8199996948,0
2010-09-22,48.6899986267,0
2010-09-23,48.6699981689,0
2010-09-24,49.6599998474,0
2010-09-27,49.3899993896,0
2010-09-28,49.3699989319,0
2010-09-29,49.2900009155,0
2010-09-30,49.0699996948,0
2010-10-01,49.0099983215,0
2010-10-04,48.4799995422,0
2010-10-05,49.6599998474,0
2010-10-06,49.2299995422,0
2010-10-07,49.4099998474,0
2010-10-08,49.75,0
2010-10-11,49.7700004578,0
2010-10-12,50.1100006104,0
2010-10-13,50.5200004578,0
2010-10-14,50.4199981689,0
2010-10-15,51.4900016785,0
2010-10-18,51.2999992371,0
2010-10-19,50.8199996948,0
2010-10-20,51.1899986267,0
2010-10-21,51.2900009155,0
2010-10-22,51.6399993896,0
2010-10-25,51.8899993896,0
2010-10-26,52.0299987793,0
2010-10-27,52.1899986267,0
2010-10-28,52.2999992371,0
2010-10-29,52.1800003052,0
2010-11-01,52.2200012207,0
2010-11-02,52.7799987793,0
2010-11-03,53.0200004578,0
2010-11-04,53.6699981689,0
2010-11-05,53.6699981689,0
2010-11-08,53.7400016785,0
2010-11-09,53.4500007629,0
2010-11-10,53.7200012207,0
2010-11-11,53.3800010681,0
2010-11-12,52.5099983215,0
2010-11-15,52.3100013733,0
2010-11-16,51.4500007629,0
2010-11-17,51.5999984741,0
2010-11-18,52.4300003052,0
2010-11-19,52.4700012207,0
2010-11-22,52.9099998474,0
2010-11-23,52.0699996948,0
2010-11-24,53.1199989319,0
2010-11-26,52.7700004578,0
2010-11-29,52.7299995422,0
2010-11-30,52.0900001526,0
2010-12-01,53.1899986267,0
2010-12-02,53.7299995422,0
2010-12-03,53.8699989319,0
2010-12-06,53.8499984741,0
2010-12-07,53.8800010681,0
2010-12-08,54.0800018311,0
2010-12-09,54.1300010681,0
2010-12-10,54.4900016785,0
2010-12-13,54.2999992371,0
2010-12-14,54.4000015259,0
2010-12-15,54.1599998474,0
2010-12-16,54.5800018311,0
2010-12-17,54.5200004578,0.108
2010-12-20,54.5600013733,0
2010-12-21,54.8899993896,0
2010-12-22,54.8800010681,0
2010-12-23,54.7400016785,0
2010-12-27,54.7700004578,0
2010-12-28,54.6699981689,0
2010-12-29,54.7900009155,0
2010-12-30,54.6599998474,0
2010-12-31,54.4599990845,0
2011-01-03,55.3100013733,0
2011-01-04,55.2700004578,0
2011-01-05,55.7400016785,0
2011-01-06,55.9199981689,0
2011-01-07,55.8699989319,0
2011-01-10,56.0800018311,0
2011-01-11,56.1599998474,0
2011-01-12,56.5600013733,0
2011-01-13,56.5800018311,0
2011-01-14,57,0
2011-01-18,57.1599998474,0
2011-01-19,56.5099983215,0
2011-01-20,56.1100006104,0
2011-01-21,55.6800003052,0
2011-01-24,56.4500007629,0
2011-01-25,56.5299987793,0
2011-01-26,56.8300018311,0
2011-01-27,57.1800003052,0
2011-01-28,55.7299995422,0
2011-01-31,56,0
2011-02-01,57.0499992371,0
2011-02-02,56.9599990845,0
2011-02-03,57.0600013733,0
2011-02-04,57.3800010681,0
2011-02-07,57.6500015259,0
2011-02-08,58.0299987793,0
2011-02-09,57.9300003052,0
2011-02-10,58.0200004578,0
2011-02-11,58.4399986267,0
2011-02-14,58.5800018311,0
2011-02-15,58.5,0
2011-02-16,58.8800010681,0
2011-02-17,58.8600006104,0
2011-02-18,58.7299995422,0
2011-02-22,57.0299987793,0
2011-02-23,56.5600013733,0
2011-02-24,56.8600006104,0
2011-02-25,57.6500015259,0
2011-02-28,57.7700004578,0
2011-03-01,56.8400001526,0
2011-03-02,57.1399993896,0
2011-03-03,58.2700004578,0
2011-03-04,57.9700012207,0
2011-03-07,57.1899986267,0
2011-03-08,57.4199981689,0
2011-03-09,57.0299987793,0
2011-03-10,56.1399993896,0
2011-03-11,56.4900016785,0
2011-03-14,56.2900009155,0
2011-03-15,55.4900016785,0
2011-03-16,54.1500015259,0
2011-03-17,54.6500015259,0
2011-03-18,54.4500007629,0.077
2011-03-21,55.5,0
2011-03-22,55.4000015259,0
2011-03-23,55.7099990845,0
2011-03-24,56.7000007629,0
2011-03-25,56.8400001526,0
2011-03-28,56.5299987793,0
2011-03-29,57.0800018311,0
2011-03-30,57.3499984741,0
2011-03-31,57.4300003052,0
2011-04-01,57.4599990845,0
2011-04-04,57.2700004578,0
2011-04-05,57.1199989319,0
2011-04-06,57.2599983215,0
2011-04-07,57.2200012207,0
2011-04-08,56.9500007629,0
2011-04-11,56.7599983215,0
2011-04-12,56.3699989319,0
2011-04-13,56.8499984741,0
2011-04-14,56.75,0
2011-04-15,56.6500015259,0
2011-04-18,56.25,0
2011-04-19,56.5999984741,0
2011-04-20,57.8800010681,0
2011-04-21,58.3400001526,0
2011-04-25,58.4900016785,0
2011-04-26,58.8199996948,0
2011-04-27,59.2200012207,0
2011-04-28,59.1300010681,0
2011-04-29,59.0800018311,0
2011-05-02,58.9700012207,0
2011-05-03,58.6899986267,0
2011-05-04,58.5999984741,0
2011-05-05,58.2799987793,0
2011-05-06,58.4700012207,0
2011-05-09,58.6899986267,0
2011-05-10,59.1899986267,0
2011-05-11,58.7599983215,0
2011-05-12,59.1100006104,0
2011-05-13,58.4099998474,0
2011-05-16,57.4000015259,0
2011-05-17,57.5600013733,0
2011-05-18,58.0400009155,0
2011-05-19,58.2099990845,0
2011-05-20,57.7700004578,0
2011-05-23,56.9199981689,0
2011-05-24,56.5699996948,0
2011-05-25,56.7900009155,0
2011-05-26,57.1399993896,0
2011-05-27,57.4300003052,0
2011-05-31,58.3600006104,0
2011-06-01,57.0900001526,0
2011-06-02,57.2099990845,0
2011-06-03,56.3499984741,0
2011-06-06,55.8899993896,0
2011-06-07,55.7900009155,0
2011-06-08,55.3899993896,0
2011-06-09,55.4900016785,0
2011-06-10,54.6399993896,0
2011-06-13,54.6399993896,0
2011-06-14,55.3400001526,0
2011-06-15,54.2900009155,0
2011-06-16,54.0800018311,0
2011-06-17,53.7900009155,0.121
2011-06-20,54.0699996948,0
2011-06-21,55.2299995422,0
2011-06-22,54.8300018311,0
2011-06-23,55.3400001526,0
2011-06-24,54.3800010681,0
2011-06-27,55.25,0
2011-06-28,56.0699996948,0
2011-06-29,56.2999992371,0
2011-06-30,57.0499992371,0
2011-07-01,57.9099998474,0
2011-07-05,58.2000007629,0
2011-07-06,58.3899993896,0
2011-07-07,59.1899986267,0
2011-07-08,59.0299987793,0
2011-07-11,57.9599990845,0
2011-07-12,57.5200004578,0
2011-07-13,57.7599983215,0
2011-07-14,57.0900001526,0
2011-07-15,57.8499984741,0
2011-07-18,57.5400009155,0
2011-07-19,58.8499984741,0
2011-07-20,58.5999984741,0
2011-07-21,58.9900016785,0
2011-07-22,59.5999984741,0
2011-07-25,59.4799995422,0
2011-07-26,59.6300010681,0
2011-07-27,58.0900001526,0
2011-07-28,58.1899986267,0
2011-07-29,58,0
2011-08-01,57.7299995422,0
2011-08-02,56.2700004578,0
2011-08-03,56.8100013733,0
2011-08-04,54.1699981689,0
2011-08-05,53.8300018311,0
2011-08-08,50.5900001526,0
2011-08-09,53.0299987793,0
2011-08-10,50.8600006104,0
2011-08-11,53.0999984741,0
2011-08-12,53.5699996948,0
2011-08-15,54.3600006104,0
2011-08-16,53.9000015259,0
2011-08-17,53.5800018311,0
2011-08-18,50.9500007629,0
2011-08-19,50.0299987793,0
2011-08-22,50.2099990845,0
2011-08-23,52.2799987793,0
2011-08-24,52.6899986267,0
2011-08-25,51.8300018311,0
2011-08-26,53.1300010681,0
2011-08-29,54.6100006104,0
2011-08-30,54.9700012207,0
2011-08-31,55.0600013733,0
2011-09-01,54.5600013733,0
2011-09-02,53.2799987793,0
2011-09-06,53.2900009155,0
2011-09-07,54.6399993896,0
2011-09-08,54.3899993896,0
2011-09-09,53.1800003052,0
2011-09-12,53.8600006104,0
2011-09-13,54.5800018311,0
2011-09-14,55.3600006104,0
2011-09-15,56.1800003052,0
2011-09-16,56.5900001526,0.104
2011-09-19,56.6100006104,0
2011-09-20,56.3600006104,0
2011-09-21,55.3800010681,0
2011-09-22,53.5800018311,0
2011-09-23,54.1500015259,0
2011-09-26,54.7799987793,0
2011-09-27,55.3499984741,0
2011-09-28,54.5299987793,0
2011-09-29,53.8800010681,0
2011-09-30,52.4900016785,0
2011-10-03,51.1399993896,0
2011-10-04,52.1899986267,0
2011-10-05,53.5299987793,0
2011-10-06,54.4300003052,0
2011-10-07,54.0699996948,0
2011-10-10,55.9399986267,0
2011-10-11,56.3199996948,0
2011-10-12,56.5999984741,0
2011-10-13,57.1199989319,0
2011-10-14,58.1800003052,0
2011-10-17,57.2799987793,0
2011-10-18,57.9900016785,0
2011-10-19,56.8699989319,0
2011-10-20,56.5900001526,0
2011-10-21,57.2999992371,0
2011-10-24,58.4900016785,0
2011-10-25,57.3400001526,0
2011-10-26,57.2700004578,0
2011-10-27,58.8499984741,0
2011-10-28,58.9399986267,0
2011-10-31,57.9500007629,0
2011-11-01,56.4399986267,0
2011-11-02,56.9199981689,0
2011-11-03,58.0999984741,0
2011-11-04,57.7999992371,0
2011-11-07,58.2099990845,0
2011-11-08,58.8800010681,0
2011-11-09,56.8100013733,0
2011-11-10,56.7799987793,0
2011-11-11,57.8499984741,0
2011-11-14,57.4900016785,0
2011-11-15,58.1300010681,0
2011-11-16,57.1699981689,0
2011-11-17,55.8300018311,0
2011-11-18,55.4000015259,0
2011-11-21,54.3400001526,0
2011-11-22,54.5200004578,0
2011-11-23,53.2900009155,0
2011-11-25,52.8800010681,0
2011-11-28,54.7200012207,0
2011-11-29,54.3800010681,0
2011-11-30,56.3899993896,0
2011-12-01,56.7799987793,0
2011-12-02,56.6199989319,0
2011-12-05,57.2400016785,0
2011-12-06,57.0800018311,0
2011-12-07,57.0800018311,0
2011-12-08,56.1199989319,0
2011-12-09,57.0200004578,0
2011-12-12,56.3800010681,0
2011-12-13,55.7599983215,0
2011-12-14,54.8899993896,0
2011-12-15,54.7400016785,0
2011-12-16,54.8600006104,0.161
2011-12-19,54.3199996948,0
2011-12-20,55.9300003052,0
2011-12-21,55.1300010681,0
2011-12-22,55.5999984741,0
2011-12-23,56.0800018311,0
2011-12-27,56.2400016785,0.049
2011-12-28,55.5900001526,0
2011-12-29,55.9900016785,0
2011-12-30,55.8300018311,0
2012-01-03,56.9000015259,0
2012-01-04,57.1399993896,0
2012-01-05,57.6100006104,0
2012-01-06,57.8100013733,0
2012-01-09,57.6199989319,0
2012-01-10,58.0400009155,0
2012-01-11,58.1599998474,0
2012-01-12,58.3899993896,0
2012-01-13,58.1800003052,0
2012-01-17,58.7099990845,0
2012-01-18,59.4900016785,0
2012-01-19,59.8600006104,0
2012-01-20,59.7700004578,0
2012-01-23,59.7900009155,0
2012-01-24,59.6800003052,0
2012-01-25,60.4300003052,0
2012-01-26,60.2200012207,0
2012-01-27,60.4000015259,0
2012-01-30,60.4500007629,0
2012-01-31,60.5299987793,0
2012-02-01,61.0200004578,0
2012-02-02,61.2099990845,0
2012-02-03,62.0499992371,0
2012-02-06,62,0
2012-02-07,62.1300010681,0
2012-02-08,62.4599990845,0
2012-02-09,62.9099998474,0
2012-02-10,62.4700012207,0
2012-02-13,63.0499992371,0
2012-02-14,63.2099990845,0
2012-02-15,62.7700004578,0
2012-02-16,63.6300010681,0
2012-02-17,63.4300003052,0
2012-02-21,63.6100006104,0
2012-02-22,63.3199996948,0
2012-02-23,63.7400016785,0
2012-02-24,63.9599990845,0
2012-02-27,64.0500030518,0
2012-02-28,64.6999969482,0
2012-02-29,64.4100036621,0
2012-03-01,64.9199981689,0
2012-03-02,64.8700027466,0
2012-03-05,64.1999969482,0
2012-03-06,63.5699996948,0
2012-03-07,64.0599975586,0
2012-03-08,64.75,0
2012-03-09,65.0199966431,0
2012-03-12,65.0500030518,0
2012-03-13,66.2600021362,0
2012-03-14,66.4899978638,0
2012-03-15,66.6800003052,0
2012-03-16,66.5199966431,0.113
2012-03-19,66.9899978638,0
2012-03-20,67.1100006104,0
2012-03-21,67.1200027466,0
2012-03-22,66.9800033569,0
2012-03-23,66.9400024414,0
2012-03-26,68.1100006104,0
2012-03-27,68.2099990845,0
2012-03-28,67.9400024414,0
2012-03-29,67.6800003052,0
2012-03-30,67.5500030518,0
2012-04-02,68.25,0
2012-04-03,68.2300033569,0
2012-04-04,67.3000030518,0
2012-04-05,67.7200012207,0
2012-04-09,67.2099990845,0
2012-04-10,66.1299972534,0
2012-04-11,66.4499969482,0
2012-04-12,67.2099990845,0
2012-04-13,66.1900024414,0
2012-04-16,65.4499969482,0
2012-04-17,66.7799987793,0
2012-04-18,66.6100006104,0
2012-04-19,65.8600006104,0
2012-04-20,65.6800003052,0
2012-04-23,65.0800018311,0
2012-04-24,64.7300033569,0
2012-04-25,66.4499969482,0
2012-04-26,66.8399963379,0
2012-04-27,67.2399978638,0
2012-04-30,66.7600021362,0
2012-05-01,66.8700027466,0
2012-05-02,67.0599975586,0
2012-05-03,66.3499984741,0
2012-05-04,64.6999969482,0
2012-05-07,64.7600021362,0
2012-05-08,64.5199966431,0
2012-05-09,64.3199996948,0
2012-05-10,64.1900024414,0
2012-05-11,64.1800003052,0
2012-05-14,63.5800018311,0
2012-05-15,63.3699989319,0
2012-05-16,62.9399986267,0
2012-05-17,61.6100006104,0
2012-05-18,60.8100013733,0
2012-05-21,62.5099983215,0
2012-05-22,62.4399986267,0
2012-05-23,62.5600013733,0
2012-05-24,62.1500015259,0
2012-05-25,62.0699996948,0
2012-05-29,62.8600006104,0
2012-05-30,62.3300018311,0
2012-05-31,62.0600013733,0
2012-06-01,60.4099998474,0
2012-06-04,60.8699989319,0
2012-06-05,61.1199989319,0
2012-06-06,62.5200004578,0
2012-06-07,62.2700004578,0
2012-06-08,62.8699989319,0
2012-06-11,61.8100013733,0
2012-06-12,62.5600013733,0
2012-06-13,62.1300010681,0
2012-06-14,62.3600006104,0
2012-06-15,62.9900016785,0.143
2012-06-18,63.5800018311,0
2012-06-19,64.2399978638,0
2012-06-20,64.2900009155,0
2012-06-21,62.6899986267,0
2012-06-22,63.3499984741,0
2012-06-25,62.1300010681,0
2012-06-26,62.5200004578,0
2012-06-27,62.9000015259,0
2012-06-28,62.2000007629,0
2012-06-29,64.1600036621,0
2012-07-02,64.3499984741,0
2012-07-03,64.8899993896,0
2012-07-05,64.9300003052,0
2012-07-06,64.1200027466,0
2012-07-09,64,0
2012-07-10,63.3699989319,0
2012-07-11,63.0200004578,0
2012-07-12,62.4300003052,0
2012-07-13,63.3800010681,0
2012-07-16,63.2000007629,0
2012-07-17,63.5299987793,0
2012-07-18,64.3899993896,0
2012-07-19,65.0999984741,0
2012-07-20,64.2399978638,0
2012-07-23,63.4599990845,0
2012-07-24,62.9599990845,0
2012-07-25,62.5400009155,0
2012-07-26,63.3699989319,0
2012-07-27,64.8700027466,0
2012-07-30,64.8199996948,0
2012-07-31,64.8000030518,0
2012-08-01,64.6100006104,0
2012-08-02,64.3799972534,0
2012-08-03,65.5999984741,0
2012-08-06,66.0999984741,0
2012-08-07,66.6500015259,0
2012-08-08,66.6200027466,0
2012-08-09,66.8199996948,0
2012-08-10,66.8600006104,0
2012-08-13,67.0199966431,0
2012-08-14,67.0500030518,0
2012-08-15,67.2200012207,0
2012-08-16,68.0199966431,0
2012-08-17,68.3199996948,0
2012-08-20,68.4199981689,0
2012-08-21,68.1500015259,0
2012-08-22,68.4300003052,0
2012-08-23,67.8700027466,0
2012-08-24,68.2900009155,0
2012-08-27,68.4000015259,0
2012-08-28,68.4000015259,0
2012-08-29,68.4000015259,0
2012-08-30,67.7099990845,0
2012-08-31,68.1600036621,0
2012-09-04,68.0899963379,0
2012-09-05,68.0199966431,0
2012-09-06,69.5299987793,0
2012-09-07,69.4300003052,0
2012-09-10,68.5400009155,0
2012-09-11,68.4300003052,0
2012-09-12,68.6299972534,0
2012-09-13,69.5599975586,0
2012-09-14,70.1800003052,0
2012-09-17,70.2099990845,0
2012-09-18,70.2699966431,0
2012-09-19,70.4000015259,0
2012-09-20,70.3300018311,0
2012-09-21,70.1500015259,0.2
2012-09-24,69.7399978638,0
2012-09-25,68.7600021362,0
2012-09-26,68.1999969482,0
2012-09-27,69.1399993896,0
2012-09-28,68.5699996948,0
2012-10-01,68.4700012207,0
2012-10-02,68.6699981689,0
2012-10-03,69.1100006104,0
2012-10-04,69.3499984741,0
2012-10-05,68.9800033569,0
2012-10-08,68.3499984741,0
2012-10-09,67.2600021362,0
2012-10-10,66.9199981689,0
2012-10-11,66.7099990845,0
2012-10-12,66.6800003052,0
2012-10-15,67.1699981689,0
2012-10-16,68.1200027466,0
2012-10-17,68.0800018311,0
2012-10-18,67.2900009155,0
2012-10-19,65.6800003052,0
2012-10-22,66.0199966431,0
2012-10-23,65.3899993896,0
2012-10-24,65.1600036621,0
2012-10-25,65.1600036621,0
2012-10-26,65.3499984741,0
2012-10-31,64.9499969482,0
2012-11-01,65.8700027466,0
2012-11-02,65.1699981689,0
2012-11-05,65.5999984741,0
2012-11-06,65.7200012207,0
2012-11-07,64.1699981689,0
2012-11-08,63.1599998474,0
2012-11-09,63.4300003052,0
2012-11-12,63.4199981689,0
2012-11-13,62.9799995422,0
2012-11-14,62.2400016785,0
2012-11-15,62.0299987793,0
2012-11-16,62.2999992371,0
2012-11-19,63.7799987793,0
2012-11-20,63.7999992371,0
2012-11-21,63.9300003052,0
2012-11-23,64.9000015259,0
2012-11-26,65.1800003052,0
2012-11-27,64.9599990845,0
2012-11-28,65.5199966431,0
2012-11-29,65.9100036621,0
2012-11-30,65.8000030518,0
2012-12-03,65.6699981689,0
2012-12-04,65.6299972534,0
2012-12-05,64.9000015259,0
2012-12-06,65.3199996948,0
2012-12-07,64.9300003052,0
2012-12-10,65.1200027466,0
2012-12-11,65.9700012207,0
2012-12-12,65.8300018311,0
2012-12-13,65.3099975586,0
2012-12-14,64.6900024414,0
2012-12-17,65.5500030518,0
2012-12-18,66.5500030518,0
2012-12-19,66.2600021362,0
2012-12-20,66.2600021362,0
2012-12-21,65.1999969482,0.367
2012-12-24,65.0699996948,0
2012-12-26,64.5,0
2012-12-27,64.4000015259,0
2012-12-28,63.7799987793,0
2012-12-31,65.1299972534,0
2013-01-02,67.1999969482,0
2013-01-03,66.8499984741,0
2013-01-04,66.6299972534,0
2013-01-07,66.6500015259,0
2013-01-08,66.5199966431,0
2013-01-09,66.7699966431,0
2013-01-10,67.1699981689,0
2013-01-11,67.2600021362,0
2013-01-14,66.9599990845,0
2013-01-15,66.6299972534,0
2013-01-16,66.9000015259,0
2013-01-17,67.2200012207,0
2013-01-18,67.0699996948,0
2013-01-22,67.1800003052,0
2013-01-23,67.5899963379,0
2013-01-24,66.6600036621,0
2013-01-25,67,0
2013-01-28,67.1500015259,0
2013-01-29,67.1600036621,0
2013-01-30,67.0199966431,0
2013-01-31,66.8700027466,0
2013-02-01,67.6600036621,0
2013-02-04,66.4800033569,0
2013-02-05,67.4599990845,0
2013-02-06,67.2399978638,0
2013-02-07,67.3000030518,0
2013-02-08,67.9899978638,0
2013-02-11,68.0100021362,0
2013-02-12,67.7300033569,0
2013-02-13,67.9700012207,0
2013-02-14,67.9499969482,0
2013-02-15,67.75,0
2013-02-19,68.2399978638,0
2013-02-20,67.1900024414,0
2013-02-21,66.4700012207,0
2013-02-22,67.1399993896,0
2013-02-25,66.3099975586,0
2013-02-26,66.5599975586,0
2013-02-27,67.2399978638,0
2013-02-28,67.0999984741,0
2013-03-01,67.3799972534,0
2013-03-04,67.6800003052,0
2013-03-05,68.6800003052,0
2013-03-06,68.5100021362,0
2013-03-07,68.6900024414,0
2013-03-08,68.7699966431,0
2013-03-11,68.9700012207,0
2013-03-12,68.7200012207,0
2013-03-13,68.6299972534,0
2013-03-14,68.8600006104,0
2013-03-15,68.5100021362,0.159
2013-03-18,68.3600006104,0
2013-03-19,68.2300033569,0
2013-03-20,68.7099990845,0
2013-03-21,67.9300003052,0
2013-03-22,68.5899963379,0
2013-03-25,68.3399963379,0
2013-03-26,68.7099990845,0
2013-03-27,68.8000030518,0
2013-03-28,68.9700012207,0
2013-04-01,68.5,0
2013-04-02,69.0400009155,0
2013-04-03,68.4100036621,0
2013-04-04,68.4300003052,0
2013-04-05,67.8600006104,0
2013-04-08,68.2200012207,0
2013-04-09,68.6800003052,0
2013-04-10,70.0199966431,0
2013-04-11,69.9899978638,0
2013-04-12,69.9400024414,0
2013-04-15,68.5599975586,0
2013-04-16,69.4700012207,0
2013-04-17,68.1100006104,0
2013-04-18,67.1699981689,0
2013-04-19,68.0899963379,0
2013-04-22,68.7900009155,0
2013-04-23,69.4499969482,0
2013-04-24,69.4199981689,0
2013-04-25,69.7900009155,0
2013-04-26,69.5699996948,0
2013-04-29,70.2099990845,0
2013-04-30,70.7200012207,0
2013-05-01,70.3899993896,0
2013-05-02,71.2799987793,0
2013-05-03,72.1200027466,0
2013-05-06,72.4000015259,0
2013-05-07,72.3600006104,0
2013-05-08,72.7099990845,0
2013-05-09,72.6100006104,0
2013-05-10,73.0500030518,0
2013-05-13,73.1399993896,0
2013-05-14,73.5199966431,0
2013-05-15,73.6699981689,0
2013-05-16,73.5899963379,0
2013-05-17,74.3000030518,0
2013-05-20,74.1900024414,0
2013-05-21,74.2699966431,0
2013-05-22,73.6200027466,0
2013-05-23,73.4499969482,0
2013-05-24,73.4100036621,0
2013-05-28,73.8899993896,0
2013-05-29,73.5400009155,0
2013-05-30,73.9300003052,0
2013-05-31,73.25,0
2013-06-03,73.3799972534,0
2013-06-04,73,0
2013-06-05,72.0500030518,0
2013-06-06,72.4000015259,0
2013-06-07,73.3899993896,0
2013-06-10,73.4199981689,0
2013-06-11,72.6900024414,0
2013-06-12,71.8499984741,0
2013-06-13,72.7600021362,0
2013-06-14,72.2799987793,0
2013-06-17,72.9800033569,0
2013-06-18,73.5800018311,0
2013-06-19,72.7600021362,0
2013-06-20,71.0299987793,0
2013-06-21,70.4300003052,0.224
2013-06-24,69.7300033569,0
2013-06-25,70.2399978638,0
2013-06-26,70.8700027466,0
2013-06-27,71.1699981689,0
2013-06-28,71.2699966431,0
2013-07-01,71.7099990845,0
2013-07-02,71.7399978638,0
2013-07-03,72.0299987793,0
2013-07-05,72.5800018311,0
2013-07-08,72.6500015259,0
2013-07-09,73.0899963379,0
2013-07-10,73.5100021362,0
2013-07-11,74.9700012207,0
2013-07-12,75.3000030518,0
2013-07-15,75.4700012207,0
2013-07-16,75.3700027466,0
2013-07-17,75.5599975586,0
2013-07-18,75.3700027466,0
2013-07-19,74.5899963379,0
2013-07-22,74.8099975586,0
2013-07-23,74.2600021362,0
2013-07-24,74.5,0
2013-07-25,74.9700012207,0
2013-07-26,75.3700027466,0
2013-07-29,75.2300033569,0
2013-07-30,75.6299972534,0
2013-07-31,75.7699966431,0
2013-08-01,76.5400009155,0
2013-08-02,76.9700012207,0
2013-08-05,77.0199966431,0
2013-08-06,76.5599975586,0
2013-08-07,76.4199981689,0
2013-08-08,76.8000030518,0
2013-08-09,76.4899978638,0
2013-08-12,76.6699981689,0
2013-08-13,77.0999984741,0
2013-08-14,76.8099975586,0
2013-08-15,75.5100021362,0
2013-08-16,75.4800033569,0
2013-08-19,75.3499984741,0
2013-08-20,75.6800003052,0
2013-08-21,75.4199981689,0
2013-08-22,76.1600036621,0
2013-08-23,76.6699981689,0
2013-08-26,76.7099990845,0
2013-08-27,75.1399993896,0
2013-08-28,75.4300003052,0
2013-08-29,75.9599990845,0
2013-08-30,75.4700012207,0
2013-09-03,75.9000015259,0
2013-09-04,76.7099990845,0
2013-09-05,76.8399963379,0
2013-09-06,76.9300003052,0
2013-09-09,77.8300018311,0
2013-09-10,78.2099990845,0
2013-09-11,78.0599975586,0
2013-09-12,78.0100021362,0
2013-09-13,78.0599975586,0
2013-09-16,77.8499984741,0
2013-09-17,78.3700027466,0
2013-09-18,79.3099975586,0
2013-09-19,79.5,0
2013-09-20,78.9899978638,0.238
2013-09-23,78.8300018311,0
2013-09-24,78.8300018311,0
2013-09-25,78.5599975586,0
2013-09-26,79.1699981689,0
2013-09-27,79.0699996948,0
2013-09-30,78.8799972534,0
2013-10-01,79.6800003052,0
2013-10-02,79.6500015259,0
2013-10-03,78.7200012207,0
2013-10-04,79.4000015259,0
2013-10-07,78.7399978638,0
2013-10-08,77.2200012207,0
2013-10-09,76.9800033569,0
2013-10-10,78.6100006104,0
2013-10-11,79.2300033569,0
2013-10-14,79.7900009155,0
2013-10-15,79.4800033569,0
2013-10-16,80.3799972534,0
2013-10-17,80.8399963379,0
2013-10-18,82.1500015259,0
2013-10-21,82.3300018311,0
2013-10-22,82.4499969482,0
2013-10-23,81.9499969482,0
2013-10-24,82.3099975586,0
2013-10-25,82.9000015259,0
2013-10-28,82.9199981689,0
2013-10-29,83.0599975586,0
2013-10-30,82.9800033569,0
2013-10-31,82.7900009155,0
2013-11-01,82.8099975586,0
2013-11-04,82.9300003052,0
2013-11-05,83.0199966431,0
2013-11-06,83,0
2013-11-07,81.4400024414,0
2013-11-08,82.5400009155,0
2013-11-11,82.4100036621,0
2013-11-12,82.5400009155,0
2013-11-13,83.5400009155,0
2013-11-14,83.8000030518,0
2013-11-15,83.9599990845,0
2013-11-18,83.1399993896,0
2013-11-19,82.9000015259,0
2013-11-20,82.6999969482,0
2013-11-21,83.5400009155,0
2013-11-22,83.9899978638,0
2013-11-25,84.1900024414,0
2013-11-26,84.6299972534,0
2013-11-27,85.2200012207,0
2013-11-29,85.7300033569,0
2013-12-02,85.4800033569,0
2013-12-03,85.4100036621,0
2013-12-04,85.4899978638,0
2013-12-05,85.3799972534,0
2013-12-06,86,0
2013-12-09,86.3499984741,0
2013-12-10,86.2900009155,0
2013-12-11,85.1800003052,0
2013-12-12,84.9599990845,0
2013-12-13,84.8499984741,0
2013-12-16,85.3199996948,0
2013-12-17,85.1500015259,0
2013-12-18,86.1399993896,0
2013-12-19,85.9000015259,0
2013-12-20,86.5,0.272
2013-12-23,87.4100036621,0
2013-12-24,87.4499969482,0
2013-12-26,87.7399978638,0
2013-12-27,87.5199966431,0
2013-12-30,87.3899993896,0
2013-12-31,87.9599990845,0
2014-01-02,87.2699966431,0
2014-01-03,86.6399993896,0
2014-01-06,86.3199996948,0
2014-01-07,87.1200027466,0
2014-01-08,87.3099975586,0
2014-01-09,87.0199966431,0
2014-01-10,87.3000030518,0
2014-01-13,86.0100021362,0
2014-01-14,87.6500015259,0
2014-01-15,88.3700027466,0
2014-01-16,88.3799972534,0
2014-01-17,87.8799972534,0
2014-01-21,88.5500030518,0
2014-01-22,88.7799987793,0
2014-01-23,88.4800033569,0
2014-01-24,86.7399978638,0
2014-01-27,85.9000015259,0
2014-01-28,85.8499984741,0
2014-01-29,84.9300003052,0
2014-01-30,86.5,0
2014-01-31,86.2699966431,0
2014-02-03,84.2900009155,0
2014-02-04,84.9100036621,0
2014-02-05,84.6900024414,0
2014-02-06,85.7699966431,0
2014-02-07,87.3000030518,0
2014-02-10,87.8000030518,0
2014-02-11,88.8000030518,0
2014-02-12,88.9700012207,0
2014-02-13,89.6299972534,0
2014-02-14,89.8099975586,0
2014-02-18,90.25,0
2014-02-19,89.6299972534,0
2014-02-20,90.0500030518,0
2014-02-21,89.9300003052,0
2014-02-24,90.4100036621,0
2014-02-25,90.3099975586,0
2014-02-26,90.2300033569,0
2014-02-27,90.4400024414,0.373
2014-02-28,90.3399963379,0
2014-03-03,89.6699981689,0
2014-03-04,90.8099975586,0
2014-03-05,91.0599975586,0
2014-03-06,90.9800033569,0
2014-03-07,90.5299987793,0
2014-03-10,90.6100006104,0
2014-03-11,90.2200012207,0
2014-03-12,90.5599975586,0
2014-03-13,89.2799987793,0
2014-03-14,88.6699981689,0
2014-03-17,89.4499969482,0
2014-03-18,90.5299987793,0
2014-03-19,90.0400009155,0
2014-03-20,90.2900009155,0
2014-03-21,89,0.206
2014-03-24,88.2200012207,0
2014-03-25,88.5100021362,0
2014-03-26,87.3700027466,0
2014-03-27,86.8799972534,0
2014-03-28,87.0500030518,0
2014-03-31,87.6699981689,0
2014-04-01,89.2099990845,0
2014-04-02,89.4400024414,0
2014-04-03,88.7300033569,0
2014-04-04,86.3700027466,0
2014-04-07,85.5500030518,0
2014-04-08,86.3399963379,0
2014-04-09,87.8199996948,0
2014-04-10,85.0999984741,0
2014-04-11,84.1100006104,0
2014-04-14,84.7699966431,0
2014-04-15,85.0500030518,0
2014-04-16,86.1800003052,0
2014-04-17,86.1999969482,0
2014-04-21,86.8399963379,0
2014-04-22,87.5299987793,0
2014-04-23,86.7600021362,0
2014-04-24,87.5899963379,0
2014-04-25,86.1900024414,0
2014-04-28,86.4700012207,0
2014-04-29,87.1600036621,0
2014-04-30,87.3899993896,0
2014-05-01,87.6500015259,0
2014-05-02,87.4899978638,0
2014-05-05,87.9499969482,0
2014-05-06,86.8099975586,0
2014-05-07,86.5599975586,0
2014-05-08,86.4800033569,0
2014-05-09,86.8000030518,0
2014-05-12,88.2300033569,0
2014-05-13,88.2900009155,0
2014-05-14,87.8300018311,0
2014-05-15,87.1399993896,0
2014-05-16,87.7099990845,0
2014-05-19,88.3199996948,0
2014-05-20,88,0
2014-05-21,88.8399963379,0
2014-05-22,89.2300033569,0
2014-05-23,89.8799972534,0
2014-05-27,91,0
2014-05-28,90.7200012207,0
2014-05-29,91.3000030518,0
2014-05-30,91.3099975586,0
2014-06-02,91.2200012207,0
2014-06-03,91.1800003052,0
2014-06-04,91.5199966431,0
2014-06-05,92.2900009155,0
2014-06-06,92.8199996948,0
2014-06-09,92.75,0
2014-06-10,92.9100036621,0
2014-06-11,92.8899993896,0
2014-06-12,92.0500030518,0
2014-06-13,92.3199996948,0
2014-06-16,92.4000015259,0
2014-06-17,92.4499969482,0
2014-06-18,92.9700012207,0
2014-06-19,92.9100036621,0
2014-06-20,92.7699966431,0.249
2014-06-23,92.7900009155,0
2014-06-24,92.6999969482,0
2014-06-25,93.2900009155,0
2014-06-26,93.3399963379,0
2014-06-27,93.75,0
2014-06-30,93.9100036621,0
2014-07-01,94.9400024414,0
2014-07-02,95.0999984741,0
2014-07-03,95.6999969482,0
2014-07-07,95.4100036621,0
2014-07-08,94.2600021362,0
2014-07-09,94.9599990845,0
2014-07-10,94.6600036621,0
2014-07-11,95.2699966431,0
2014-07-14,95.8399963379,0
2014-07-15,95.5100021362,0
2014-07-16,95.8899993896,0
2014-07-17,94.6200027466,0
2014-07-18,96.1200027466,0
2014-07-21,96,0
2014-07-22,96.6100006104,0
2014-07-23,97.2300033569,0
2014-07-24,97.1200027466,0
2014-07-25,96.7399978638,0
2014-07-28,96.7699966431,0
2014-07-29,96.5999984741,0
2014-07-30,96.9800033569,0
2014-07-31,95.0199966431,0
2014-08-01,94.6699981689,0
2014-08-04,95.3199996948,0
2014-08-05,94.5899963379,0
2014-08-06,94.5199966431,0
2014-08-07,94.2200012207,0
2014-08-08,94.9000015259,0
2014-08-11,95.4599990845,0
2014-08-12,95.4199981689,0
2014-08-13,96.4300003052,0
2014-08-14,96.9300003052,0
2014-08-15,97.4000015259,0
2014-08-18,98.1500015259,0
2014-08-19,98.6999969482,0
2014-08-20,98.6999969482,0
2014-08-21,98.9000015259,0
2014-08-22,99.0500030518,0
2014-08-25,99.4000015259,0
2014-08-26,99.5,0
2014-08-27,99.5199966431,0
2014-08-28,99.4100036621,0
2014-08-29,99.7799987793,0
2014-09-02,100.069999695,0
2014-09-03,99.4800033569,0
2014-09-04,99.3899993896,0
2014-09-05,99.8899993896,0
2014-09-08,100.080001831,0
2014-09-09,99.25,0
2014-09-10,100.069999695,0
2014-09-11,99.9899978638,0
2014-09-12,99.4800033569,0
2014-09-15,98.5199966431,0
2014-09-16,99.3799972534,0
2014-09-17,99.5299987793,0
2014-09-18,100.279998779,0
2014-09-19,99.9800033569,0.238
2014-09-22,99.0500030518,0
2014-09-23,98.7799987793,0
2014-09-24,99.8399963379,0
2014-09-25,97.7399978638,0
2014-09-26,98.7799987793,0
2014-09-29,98.6500015259,0
2014-09-30,98.7900009155,0
2014-10-01,97.2099990845,0
2014-10-02,97.2099990845,0
2014-10-03,98.1699981689,0
2014-10-06,97.9599990845,0
2014-10-07,96.5699996948,0
2014-10-08,98.4499969482,0
2014-10-09,96.8600006104,0
2014-10-10,94.4400024414,0
2014-10-13,92.9599990845,0
2014-10-14,92.9700012207,0
2014-10-15,92.3700027466,0
2014-10-16,91.7900009155,0
2014-10-17,93,0
2014-10-20,94.3899993896,0
2014-10-21,96.8700027466,0
2014-10-22,96.3700027466,0
2014-10-23,97.8199996948,0
2014-10-24,98.6200027466,0
2014-10-27,98.6900024414,0
2014-10-28,100.180000305,0
2014-10-29,99.8099975586,0
2014-10-30,100.019996643,0
2014-10-31,101.400001526,0
2014-11-03,101.699996948,0
2014-11-04,101.36000061,0
2014-11-05,101.370002747,0
2014-11-06,101.690002441,0
2014-11-07,101.599998474,0
2014-11-10,101.959999084,0
2014-11-11,102.279998779,0
2014-11-12,102.459999084,0
2014-11-13,102.900001526,0
2014-11-14,103.220001221,0
2014-11-17,102.910003662,0
2014-11-18,103.680000305,0
2014-11-19,103.209999084,0
2014-11-20,103.669998169,0
2014-11-21,103.870002747,0
2014-11-24,104.680000305,0
2014-11-25,104.839996338,0
2014-11-26,105.519996643,0
2014-11-28,106.010002136,0
2014-12-01,104.809997559,0
2014-12-02,105.230003357,0
2014-12-03,105.419998169,0
2014-12-04,105.370002747,0
2014-12-05,105.379997253,0
2014-12-08,104.629997253,0
2014-12-09,104.959999084,0
2014-12-10,103.309997559,0
2014-12-11,103.800003052,0
2014-12-12,102.669998169,0
2014-12-15,101.61000061,0
2014-12-16,99.9800033569,0
2014-12-17,101.800003052,0
2014-12-18,104.25,0
2014-12-19,104.319999695,0.387
2014-12-22,104.580001831,0
2014-12-23,104.209999084,0
2014-12-24,104.300003052,0
2014-12-26,105.040000916,0
2014-12-29,105.019996643,0
2014-12-30,104.319999695,0
2014-12-31,103.25,0
2015-01-02,102.940002441,0
2015-01-05,101.430000305,0
2015-01-06,100.069999695,0
2015-01-07,101.36000061,0
2015-01-08,103.300003052,0
2015-01-09,102.620002747,0
2015-01-12,101.550003052,0
2015-01-13,101.519996643,0
2015-01-14,100.959999084,0
2015-01-15,99.6500015259,0
2015-01-16,100.819999695,0
2015-01-20,101.620002747,0
2015-01-21,102.13999939,0
2015-01-22,104.029998779,0
2015-01-23,104.260002136,0
2015-01-26,104.13999939,0
2015-01-27,101.440002441,0
2015-01-28,100.919998169,0
2015-01-29,101.88999939,0
2015-01-30,101.099998474,0
2015-02-02,101.980003357,0
2015-02-03,102.959999084,0
2015-02-04,102.870002747,0
2015-02-05,103.760002136,0
2015-02-06,103.129997253,0
2015-02-09,102.800003052,0
2015-02-10,104.400001526,0
2015-02-11,104.779998779,0
2015-02-12,106,0
2015-02-13,106.910003662,0
2015-02-17,107.010002136,0
2015-02-18,107.160003662,0
2015-02-19,107.690002441,0
2015-02-20,108.410003662,0
2015-02-23,108.519996643,0
2015-02-24,108.599998474,0
2015-02-25,108.330001831,0
2015-02-26,108.879997253,0
2015-02-27,108.400001526,0
2015-03-02,109.379997253,0
2015-03-03,108.870002747,0
2015-03-04,108.449996948,0
2015-03-05,108.63999939,0
2015-03-06,107.410003662,0
2015-03-09,107.720001221,0
2015-03-10,105.720001221,0
2015-03-11,105.11000061,0
2015-03-12,105.800003052,0
2015-03-13,105.339996338,0
2015-03-16,106.699996948,0
2015-03-17,106.870002747,0
2015-03-18,107.919998169,0
2015-03-19,108.080001831,0
2015-03-20,108.529998779,0.248
2015-03-23,108.319999695,0
2015-03-24,107.930000305,0
2015-03-25,105.459999084,0
2015-03-26,105.099998474,0
2015-03-27,105.519996643,0
2015-03-30,106.730003357,0
2015-03-31,105.599998474,0
2015-04-01,105.050003052,0
2015-04-02,105.120002747,0
2015-04-06,105.980003357,0
2015-04-07,105.800003052,0
2015-04-08,106.63999939,0
2015-04-09,107.309997559,0
2015-04-10,107.75,0
2015-04-13,107.480003357,0
2015-04-14,107.169998169,0
2015-04-15,107.839996338,0
2015-04-16,107.690002441,0
2015-04-17,106.010002136,0
2015-04-20,107.599998474,0
2015-04-21,108.059997559,0
2015-04-22,108.650001526,0
2015-04-23,109.059997559,0
2015-04-24,110.540000916,0
2015-04-27,110.260002136,0
2015-04-28,110.040000916,0
2015-04-29,109.349998474,0
2015-04-30,107.629997253,0
2015-05-01,109.050003052,0
2015-05-04,109.230003357,0
2015-05-05,107.449996948,0
2015-05-06,106.709999084,0
2015-05-07,107.349998474,0
2015-05-08,108.690002441,0
2015-05-11,108.269996643,0
2015-05-12,107.779998779,0
2015-05-13,108,0
2015-05-14,109.580001831,0
2015-05-15,109.580001831,0
2015-05-18,110.059997559,0
2015-05-19,109.940002441,0
2015-05-20,110.010002136,0
2015-05-21,110.580001831,0
2015-05-22,110.470001221,0
2015-05-26,109.199996948,0
2015-05-27,110.959999084,0
2015-05-28,110.709999084,0
2015-05-29,110.050003052,0
2015-06-01,110.419998169,0
2015-06-02,110.069999695,0
2015-06-03,110.400001526,0
2015-06-04,109.559997559,0
2015-06-05,109.300003052,0
2015-06-08,108.190002441,0
2015-06-09,108.010002136,0
2015-06-10,109.489997864,0
2015-06-11,109.650001526,0
2015-06-12,108.75,0
2015-06-15,108.209999084,0
2015-06-16,108.800003052,0
2015-06-17,109.099998474,0
2015-06-18,110.690002441,0
2015-06-19,109.88999939,0.254
2015-06-22,110.699996948,0
2015-06-23,110.790000916,0
2015-06-24,110.220001221,0
2015-06-25,110,0
2015-06-26,109.269996643,0
2015-06-29,106.690002441,0
2015-06-30,107.069999695,0
2015-07-01,107.919998169,0
2015-07-02,107.949996948,0
2015-07-06,107.699996948,0
2015-07-07,107.970001221,0
2015-07-08,106.089996338,0
2015-07-09,106.029998779,0
2015-07-10,107.650001526,0
2015-07-13,109.540000916,0
2015-07-14,110.260002136,0
2015-07-15,110.379997253,0
2015-07-16,111.940002441,0
2015-07-17,113.589996338,0
2015-07-20,113.980003357,0
2015-07-21,113.910003662,0
2015-07-22,112.620002747,0
2015-07-23,112.199996948,0
2015-07-24,111.099998474,0
2015-07-27,110.180000305,0
2015-07-28,111.129997253,0
2015-07-29,111.550003052,0
2015-07-30,112.080001831,0
2015-07-31,111.949996948,0
2015-08-03,111.599998474,0
2015-08-04,111.38999939,0
2015-08-05,112.25,0
2015-08-06,110.449996948,0
2015-08-07,110.309997559,0
2015-08-10,111.569999695,0
2015-08-11,110.13999939,0
2015-08-12,110.519996643,0
2015-08-13,110.339996338,0
2015-08-14,110.510002136,0
2015-08-17,111.430000305,0
2015-08-18,110.86000061,0
2015-08-19,110.129997253,0
2015-08-20,107.080001831,0
2015-08-21,102.400001526,0
2015-08-24,98.4599990845,0
2015-08-25,98.0899963379,0
2015-08-26,103.029998779,0
2015-08-27,105.63999939,0
2015-08-28,105.620002747,0
2015-08-31,104.309997559,0
2015-09-01,101.050003052,0
2015-09-02,103.900001526,0
2015-09-03,103.38999939,0
2015-09-04,102.160003662,0
2015-09-08,105.040000916,0
2015-09-09,103.86000061,0
2015-09-10,104.989997864,0
2015-09-11,105.569999695,0
2015-09-14,105.25,0
2015-09-15,106.489997864,0
2015-09-16,107.089996338,0
2015-09-17,107.129997253,0
2015-09-18,105.349998474,0.26
2015-09-21,105.680000305,0
2015-09-22,104.099998474,0
2015-09-23,104.180000305,0
2015-09-24,103.800003052,0
2015-09-25,102.919998169,0
2015-09-28,99.9899978638,0
2015-09-29,99.4700012207,0
2015-09-30,101.760002136,0
2015-10-01,102.220001221,0
2015-10-02,104.010002136,0
2015-10-05,105.5,0
2015-10-06,105,0
2015-10-07,105.629997253,0
2015-10-08,106.050003052,0
2015-10-09,106.529998779,0
2015-10-12,106.790000916,0
2015-10-13,106.099998474,0
2015-10-14,105.930000305,0
2015-10-15,107.669998169,0
2015-10-16,108.120002747,0
2015-10-19,108.739997864,0
2015-10-20,108.180000305,0
2015-10-21,107.519996643,0
2015-10-22,109.709999084,0
2015-10-23,112.779998779,0
2015-10-26,112.849998474,0
2015-10-27,113.080001831,0
2015-10-28,114.019996643,0
2015-10-29,113.839996338,0
2015-10-30,113.330001831,0
2015-11-02,114.61000061,0
2015-11-03,115.010002136,0
2015-11-04,115.019996643,0
2015-11-05,114.709999084,0
2015-11-06,114.790000916,0
2015-11-09,113.569999695,0
2015-11-10,113.279998779,0
2015-11-11,113.13999939,0
2015-11-12,112.040000916,0
2015-11-13,109.839996338,0
2015-11-16,111.419998169,0
2015-11-17,111.489997864,0
2015-11-18,113.629997253,0
2015-11-19,113.709999084,0
2015-11-20,114.480003357,0
2015-11-23,114.150001526,0
2015-11-24,114.050003052,0
2015-11-25,114.150001526,0
2015-11-27,114.309997559,0
2015-11-30,114.019996643,0
2015-12-01,115.160003662,0
2015-12-02,114.449996948,0
2015-12-03,112.510002136,0
2015-12-04,115.13999939,0
2015-12-07,114.620002747,0
2015-12-08,114.629997253,0
2015-12-09,112.88999939,0
2015-12-10,113.400001526,0
2015-12-11,110.790000916,0
2015-12-14,111.629997253,0
2015-12-15,112.309997559,0
2015-12-16,113.980003357,0
2015-12-17,112.319999695,0
2015-12-18,109.830001831,0.342
2015-12-21,111.050003052,0
2015-12-22,111.779998779,0
2015-12-23,112.61000061,0
2015-12-24,112.589996338,0
2015-12-28,112.529998779,0
2015-12-29,114.300003052,0
2015-12-30,113.269996643,0
2015-12-31,111.86000061,0
2016-01-04,109.5,0
2016-01-05,109.309997559,0
2016-01-06,108.260002136,0
2016-01-07,104.870002747,0
2016-01-08,104.010002136,0
2016-01-11,104.330001831,0
2016-01-12,105.540000916,0
2016-01-13,101.900001526,0
2016-01-14,104.069999695,0
2016-01-15,100.839996338,0
2016-01-19,101.059997559,0
2016-01-20,100.75,0
2016-01-21,100.849998474,0
2016-01-22,103.769996643,0
2016-01-25,102.230003357,0
2016-01-26,103.150001526,0
2016-01-27,100.580001831,0
2016-01-28,102,0
2016-01-29,104.129997253,0
2016-02-01,104.410003662,0
2016-02-02,102.150001526,0
2016-02-03,101.660003662,0
2016-02-04,101.650001526,0
2016-02-05,98.1200027466,0
2016-02-08,96.6200027466,0
2016-02-09,96.3199996948,0
2016-02-10,96.6900024414,0
2016-02-11,96.5500030518,0
2016-02-12,98.0199966431,0
2016-02-16,100.230003357,0
2016-02-17,102.5,0
2016-02-18,101.330001831,0
2016-02-19,101.629997253,0
2016-02-22,103.279998779,0
2016-02-23,101.580001831,0
2016-02-24,102.550003052,0
2016-02-25,103.559997559,0
2016-02-26,103.430000305,0
2016-02-29,102.5,0
2016-03-01,105.790000916,0
2016-03-02,105.830001831,0
2016-03-03,105.629997253,0
2016-03-04,105.669998169,0
2016-03-07,105.019996643,0
2016-03-08,104.150001526,0
2016-03-09,104.819999695,0
2016-03-10,104.660003662,0
2016-03-11,106.489997864,0
2016-03-14,106.669998169,0
2016-03-15,106.629997253,0
2016-03-16,107.580001831,0
2016-03-17,107.519996643,0
2016-03-18,107.370002747,0.318
2016-03-21,107.790000916,0
2016-03-22,108.120002747,0
2016-03-23,107.230003357,0
2016-03-24,107.260002136,0
2016-03-28,107.11000061,0
2016-03-29,108.830001831,0
2016-03-30,109.36000061,0
2016-03-31,109.199996948,0
2016-04-01,110.36000061,0
2016-04-04,109.940002441,0
2016-04-05,108.879997253,0
2016-04-06,110.669998169,0
2016-04-07,109.080001831,0
2016-04-08,109,0
2016-04-11,108.599998474,0
2016-04-12,109.510002136,0
2016-04-13,110.910003662,0
2016-04-14,110.919998169,0
2016-04-15,110.63999939,0
2016-04-18,111.230003357,0
2016-04-19,110.550003052,0
2016-04-20,110.63999939,0
2016-04-21,110.650001526,0
2016-04-22,108.980003357,0
2016-04-25,108.980003357,0
2016-04-26,108.449996948,0
2016-04-27,107.580001831,0
2016-04-28,106.279998779,0
2016-04-29,105.720001221,0
2016-05-02,106.720001221,0
2016-05-03,105.730003357,0
2016-05-04,105.050003052,0
2016-05-05,105.019996643,0
2016-05-06,105.580001831,0
2016-05-09,105.879997253,0
2016-05-10,107.330001831,0
2016-05-11,106.36000061,0
2016-05-12,105.88999939,0
2016-05-13,105.5,0
2016-05-16,106.819999695,0
2016-05-17,105.480003357,0
2016-05-18,105.86000061,0
2016-05-19,105.309997559,0
2016-05-20,106.470001221,0
2016-05-23,106.330001831,0
2016-05-24,108.459999084,0
2016-05-25,109.239997864,0
2016-05-26,109.559997559,0
2016-05-27,110.129997253,0
2016-05-31,110.339996338,0
2016-06-01,110.349998474,0
2016-06-02,110.580001831,0
2016-06-03,110.059997559,0
2016-06-06,110.459999084,0
2016-06-07,110.180000305,0
2016-06-08,110.370002747,0
2016-06-09,110.190002441,0
2016-06-10,108.940002441,0
2016-06-13,108.029998779,0
2016-06-14,108.029998779,0
2016-06-15,107.720001221,0
2016-06-16,108.040000916,0
2016-06-17,106.489997864,0.287
2016-06-20,107.160003662,0
2016-06-21,107.5,0
2016-06-22,107.239997864,0
2016-06-23,108.769996643,0
2016-06-24,104.290000916,0
2016-06-27,102.220001221,0
2016-06-28,104.459999084,0
2016-06-29,106.309997559,0
2016-06-30,107.540000916,0
2016-07-01,108.080001831,0
2016-07-05,107.419998169,0
2016-07-06,108.300003052,0
2016-07-07,108.620002747,0
2016-07-08,110.300003052,0
2016-07-11,110.930000305,0
2016-07-12,111.489997864,0
2016-07-13,111.220001221,0
2016-07-14,111.980003357,0
2016-07-15,111.800003052,0
2016-07-18,112.540000916,0
2016-07-19,112.129997253,0
2016-07-20,113.440002441,0
2016-07-21,113.180000305,0
2016-07-22,113.650001526,0
2016-07-25,113.660003662,0
2016-07-26,113.790000916,0
2016-07-27,114.580001831,0
2016-07-28,114.980003357,0
2016-07-29,115.230003357,0
2016-08-01,115.839996338,0
2016-08-02,114.959999084,0
2016-08-03,115.339996338,0
2016-08-04,115.669998169,0
2016-08-05,116.779998779,0
2016-08-08,116.650001526,0
2016-08-09,116.919998169,0
2016-08-10,116.620002747,0
2016-08-11,117.120002747,0
2016-08-12,117.199996948,0
2016-08-15,117.699996948,0
2016-08-16,117.050003052,0
2016-08-17,117.260002136,0
2016-08-18,117.290000916,0
2016-08-19,117.260002136,0
2016-08-22,117.349998474,0
2016-08-23,117.559997559,0
2016-08-24,116.800003052,0
2016-08-25,116.61000061,0
2016-08-26,116.779998779,0
2016-08-29,116.940002441,0
2016-08-30,116.559997559,0
2016-08-31,116.440002441,0
2016-09-01,116.739997864,0
2016-09-02,117.120002747,0
2016-09-06,117.849998474,0
2016-09-07,117.919998169,0
2016-09-08,117.230003357,0
2016-09-09,114.279998779,0
2016-09-12,116.330001831,0
2016-09-13,115.290000916,0
2016-09-14,115.839996338,0
2016-09-15,117.63999939,0
2016-09-16,117.290000916,0.294
2016-09-19,116.779998779,0
2016-09-20,117,0
2016-09-21,118.150001526,0
2016-09-22,119.089996338,0
2016-09-23,118.330001831,0
2016-09-26,117.339996338,0
2016-09-27,118.5,0
2016-09-28,118.699996948,0
2016-09-29,117.839996338,0
2016-09-30,118.720001221,0
2016-10-03,118.550003052,0
2016-10-04,118.370002747,0
2016-10-05,118.790000916,0
2016-10-06,118.730003357,0
2016-10-07,118.470001221,0
2016-10-10,119.220001221,0
2016-10-11,117.519996643,0
2016-10-12,117.419998169,0
2016-10-13,117,0
2016-10-14,117.13999939,0
2016-10-17,116.819999695,0
2016-10-18,117.86000061,0
2016-10-19,117.849998474,0
2016-10-20,117.709999084,0
2016-10-21,118.150001526,0
2016-10-24,119.569999695,0
2016-10-25,119.190002441,0
2016-10-26,118.379997253,0
2016-10-27,117.839996338,0
2016-10-28,117.099998474,0
2016-10-31,116.989997864,0
2016-11-01,116.11000061,0
2016-11-02,115.180000305,0
2016-11-03,114.050003052,0
2016-11-04,113.650001526,0
2016-11-07,116.349998474,0
2016-11-08,117.11000061,0
2016-11-09,117.650001526,0
2016-11-10,115.75,0
2016-11-11,115.800003052,0
2016-11-14,114.629997253,0
2016-11-15,116.220001221,0
2016-11-16,116.910003662,0
2016-11-17,117.760002136,0
2016-11-18,117.319999695,0
2016-11-21,118.540000916,0
2016-11-22,118.900001526,0
2016-11-23,118.419998169,0
2016-11-25,118.800003052,0
2016-11-28,118.529998779,0
2016-11-29,118.940002441,0
2016-11-30,117.5,0
2016-12-01,115.470001221,0
2016-12-02,115.699996948,0
2016-12-05,116.599998474,0
2016-12-06,116.879997253,0
2016-12-07,118.36000061,0
2016-12-08,118.569999695,0
2016-12-09,119.5,0
2016-12-12,118.959999084,0
2016-12-13,120.459999084,0
2016-12-14,120.209999084,0
2016-12-15,120.400001526,0
2016-12-16,119.599998474,0.355
2016-12-19,120.089996338,0
2016-12-20,120.550003052,0
2016-12-21,120.459999084,0
2016-12-22,120.120002747,0
2016-12-23,120.199996948,0
2016-12-27,120.819999695,0
2016-12-28,119.879997253,0
2016-12-29,119.709999084,0
2016-12-30,118.480003357,0
2017-01-03,119.540000916,0
2017-01-04,120.190002441,0
2017-01-05,120.870002747,0
2017-01-06,121.930000305,0
2017-01-09,122.330001831,0
2017-01-10,122.599998474,0
2017-01-11,122.930000305,0
2017-01-12,122.739997864,0
2017-01-13,123.160003662,0
2017-01-17,122.790000916,0
2017-01-18,123.040000916,0
2017-01-19,122.980003357,0
2017-01-20,123.25,0
2017-01-23,123.349998474,0
2017-01-24,124.180000305,0
2017-01-25,125.430000305,0
2017-01-26,125.559997559,0
2017-01-27,125.800003052,0
2017-01-30,124.819999695,0
2017-01-31,124.569999695,0
2017-02-01,125.430000305,0
2017-02-02,125.319999695,0
2017-02-03,125.680000305,0
2017-02-06,125.830001831,0
2017-02-07,126.290000916,0
2017-02-08,126.5,0
2017-02-09,126.959999084,0
2017-02-10,127.379997253,0
2017-02-13,128.100006104,0
2017-02-14,128.529998779,0
2017-02-15,129.289993286,0
2017-02-16,129.25,0
2017-02-17,129.809997559,0
2017-02-21,130.449996948,0
2017-02-22,130.5,0
2017-02-23,130.009994507,0
2017-02-24,130.259994507,0
2017-02-27,130.419998169,0
2017-02-28,130.020004272,0
2017-03-01,131.440002441,0
2017-03-02,130.779998779,0
2017-03-03,131.020004272,0
2017-03-06,130.729995728,0
2017-03-07,130.509994507,0
2017-03-08,130.740005493,0
2017-03-09,130.839996338,0
2017-03-10,131.38999939,0
2017-03-13,131.61000061,0
2017-03-14,131.289993286,0
2017-03-15,132.100006104,0
2017-03-16,132.009994507,0
2017-03-17,131.690002441,0.274
2017-03-20,131.809997559,0
2017-03-21,129.809997559,0
2017-03-22,130.690002441,0
2017-03-23,130.36000061,0
2017-03-24,130.630004883,0
2017-03-27,130.839996338,0
2017-03-28,131.63999939,0
2017-03-29,132.25,0
2017-03-30,132.470001221,0
2017-03-31,132.380004883,0
2017-04-03,132.300003052,0
2017-04-04,132.509994507,0
2017-04-05,131.970001221,0
2017-04-06,132.039993286,0
2017-04-07,131.970001221,0
2017-04-10,132.020004272,0
2017-04-11,131.449996948,0
2017-04-12,130.919998169,0
2017-04-13,130.399993896,0
2017-04-17,131.479995728,0
2017-04-18,131.279998779,0
2017-04-19,131.490005493,0
2017-04-20,132.589996338,0
2017-04-21,132.559997559,0
2017-04-24,134.160003662,0
2017-04-25,135.130004883,0
2017-04-26,134.940002441,0
2017-04-27,135.75,0
2017-04-28,135.990005493,0
2017-05-01,137.199996948,0
2017-05-02,137.429992676,0
2017-05-03,136.990005493,0
2017-05-04,137.039993286,0
2017-05-05,137.539993286,0
2017-05-08,137.839996338,0
2017-05-09,138.320007324,0
2017-05-10,138.399993896,0
2017-05-11,138.289993286,0
2017-05-12,138.600006104,0
2017-05-15,139.039993286,0
2017-05-16,139.619995117,0
2017-05-17,136.070007324,0
2017-05-18,137.259994507,0
2017-05-19,137.839996338,0
2017-05-22,139,0
2017-05-23,139.13999939,0
2017-05-24,139.779998779,0
2017-05-25,140.970001221,0
2017-05-26,141.220001221,0
2017-05-30,141.339996338,0
2017-05-31,141.289993286,0
2017-06-01,141.839996338,0
2017-06-02,143.460006714,0
2017-06-05,143.429992676,0
2017-06-06,142.86000061,0
2017-06-07,143.419998169,0
2017-06-08,143.570007324,0
2017-06-09,139.979995728,0
2017-06-12,139.229995728,0
2017-06-13,140.36000061,0
2017-06-14,139.75,0
2017-06-15,139.130004883,0
2017-06-16,138.149993896,0.378
2017-06-19,140.460006714,0
2017-06-20,139.36000061,0
2017-06-21,140.740005493,0
2017-06-22,140.699996948,0
2017-06-23,141.240005493,0
2017-06-26,140.580001831,0
2017-06-27,138.029998779,0
2017-06-28,140.020004272,0
2017-06-29,137.589996338,0
2017-06-30,137.63999939,0
2017-07-03,136.190002441,0
2017-07-05,137.529998779,0
2017-07-06,136.289993286,0
2017-07-07,137.759994507,0
2017-07-10,138.660003662,0
2017-07-11,139.050003052,0
2017-07-12,140.699996948,0
2017-07-13,141.009994507,0
2017-07-14,142.119995117,0
2017-07-17,142.190002441,0
2017-07-18,143.13999939,0
2017-07-19,143.979995728,0
2017-07-20,144.169998169,0
2017-07-21,144.11000061,0
2017-07-24,144.770004272,0
2017-07-25,144.399993896,0
2017-07-26,144.869995117,0
2017-07-27,143.960006714,0
2017-07-28,143.839996338,0
2017-07-31,143.229995728,0
2017-08-01,143.559997559,0
2017-08-02,143.949996948,0
2017-08-03,143.38999939,0
2017-08-04,143.649993896,0
2017-08-07,144.559997559,0
2017-08-08,144.309997559,0
2017-08-09,144.119995117,0
2017-08-10,141.029998779,0
2017-08-11,142.100006104,0
2017-08-14,143.929992676,0
2017-08-15,144.029998779,0
2017-08-16,144.279998779,0
2017-08-17,141.330001831,0
2017-08-18,141.229995728,0
2017-08-21,141.050003052,0
2017-08-22,143.199996948,0
2017-08-23,142.690002441,0
2017-08-24,142.270004272,0
2017-08-25,141.970001221,0
2017-08-28,142.410003662,0
2017-08-29,142.970001221,0
2017-08-30,144.649993896,0
2017-08-31,146.199996948,0
2017-09-01,146,0
2017-09-05,144.690002441,0
2017-09-06,145.130004883,0
2017-09-07,145.470001221,0
2017-09-08,144.210006714,0
2017-09-11,145.869995117,0
2017-09-12,146.220001221,0
2017-09-13,146.419998169,0
2017-09-14,145.559997559,0
2017-09-15,146.059997559,0
2017-09-18,145.550003052,0.319
2017-09-19,145.800003052,0
2017-09-20,145.350006104,0
2017-09-21,144.460006714,0
2017-09-22,144.320007324,0
2017-09-25,142.800003052,0
2017-09-26,143.169998169,0
2017-09-27,144.460006714,0
2017-09-28,144.410003662,0
2017-09-29,145.449996948,0
2017-10-02,145.580001831,0
2017-10-03,145.88999939,0
2017-10-04,146.029998779,0
2017-10-05,147.460006714,0
2017-10-06,147.660003662,0
2017-10-09,147.490005493,0
2017-10-10,147.600006104,0
2017-10-11,148.039993286,0
2017-10-12,147.770004272,0
2017-10-13,148.339996338,0
2017-10-16,148.850006104,0
2017-10-17,149.039993286,0
2017-10-18,148.86000061,0
2017-10-19,148.309997559,0
2017-10-20,148.710006714,0
2017-10-23,147.740005493,0
2017-10-24,147.990005493,0
2017-10-25,147.429992676,0
2017-10-26,146.960006714,0
2017-10-27,151.240005493,0
2017-10-30,151.580001831,0
2017-10-31,152.149993896,0
2017-11-01,152.100006104,0
2017-11-02,151.809997559,0
2017-11-03,153.270004272,0
2017-11-06,153.789993286,0
2017-11-07,153.880004883,0
2017-11-08,154.5,0
2017-11-09,153.690002441,0
2017-11-10,153.679992676,0
2017-11-13,153.869995117,0
2017-11-14,153.309997559,0
2017-11-15,152.589996338,0
2017-11-16,154.539993286,0
2017-11-17,153.949996948,0
2017-11-20,153.830001831,0
2017-11-21,155.5,0
2017-11-22,155.690002441,0
2017-11-24,156.259994507,0
2017-11-27,156.190002441,0
2017-11-28,156.589996338,0
2017-11-29,153.86000061,0
2017-11-30,155.149993896,0
2017-12-01,154.490005493,0
2017-12-04,152.710006714,0
2017-12-05,152.809997559,0
2017-12-06,153.5,0
2017-12-07,154.020004272,0
2017-12-08,154.699996948,0
2017-12-11,155.899993896,0
2017-12-12,155.690002441,0
2017-12-13,155.990005493,0
2017-12-14,155.880004883,0
2017-12-15,157.649993896,0
2017-12-18,158.63999939,0.329
2017-12-19,157.699996948,0
2017-12-20,157.529998779,0
2017-12-21,157.550003052,0
2017-12-22,157.369995117,0
2017-12-26,156.520004272,0
2017-12-27,156.539993286,0
2017-12-28,156.729995728,0
2017-12-29,155.759994507,0
2018-01-02,158.490005493,0
2018-01-03,160.029998779,0
2018-01-04,160.309997559,0
2018-01-05,161.919998169,0
2018-01-08,162.550003052,0
2018-01-09,162.559997559,0
2018-01-10,162.179992676,0
2018-01-11,163.289993286,0
2018-01-12,164.490005493,0
2018-01-16,164.020004272,0
2018-01-17,165.789993286,0
2018-01-18,165.820007324,0
2018-01-19,166.339996338,0
2018-01-22,168.119995117,0
2018-01-23,169.509994507,0
2018-01-24,168.410003662,0
2018-01-25,168.350006104,0
2018-01-26,170.929992676,0
2018-01-29,170.100006104,0
2018-01-30,168.699996948,0
2018-01-31,169.399993896,0
2018-02-01,167.960006714,0
2018-02-02,164.61000061,0
2018-02-05,158.119995117,0
2018-02-06,162.309997559,0
2018-02-07,160.210006714,0
2018-02-08,153.449996948,0
2018-02-09,156.100006104,0
2018-02-12,158.869995117,0
2018-02-13,159.690002441,0
2018-02-14,162.679992676,0
2018-02-15,165.699996948,0
2018-02-16,164.960006714,0
2018-02-20,165.289993286,0
2018-02-21,164.820007324,0
2018-02-22,164.800003052,0
2018-02-23,168.169998169,0
2018-02-26,170.399993896,0
2018-02-27,168.289993286,0
2018-02-28,167.210006714,0
2018-03-01,164.479995728,0
2018-03-02,165.990005493,0
2018-03-05,167.830001831,0
2018-03-06,168.539993286,0
2018-03-07,168.929992676,0
2018-03-08,169.86000061,0
2018-03-09,173.160003662,0
2018-03-12,174.080001831,0
2018-03-13,171.710006714,0
2018-03-14,171.679992676,0
2018-03-15,171.529998779,0
2018-03-16,171.020004272,0
2018-03-19,167.100006104,0.277
2018-03-20,167.649993896,0
2018-03-21,166.919998169,0
2018-03-22,162.800003052,0
2018-03-23,158.509994507,0
2018-03-26,164.399993896,0
2018-03-27,159.080001831,0
2018-03-28,157.25,0
2018-03-29,160.130004883,0
2018-04-02,155.509994507,0
2018-04-03,157.259994507,0
2018-04-04,159.740005493,0
2018-04-05,160.649993896,0
2018-04-06,156.630004883,0
2018-04-09,157.729995728,0
2018-04-10,161.210006714,0
2018-04-11,160.279998779,0
2018-04-12,162.210006714,0
2018-04-13,161.369995117,0
2018-04-16,162.600006104,0
2018-04-17,166.100006104,0
2018-04-18,166.440002441,0
2018-04-19,164.910003662,0
2018-04-20,162.300003052,0
2018-04-23,161.88999939,0
2018-04-24,158.460006714,0
2018-04-25,158.649993896,0
2018-04-26,161.990005493,0
2018-04-27,162.089996338,0
2018-04-30,160.940002441,0
2018-05-01,162.779998779,0
2018-05-02,161.820007324,0
2018-05-03,161.800003052,0
2018-05-04,164.869995117,0
2018-05-07,166.240005493,0
2018-05-08,166.070007324,0
2018-05-09,167.880004883,0
2018-05-10,169.619995117,0
2018-05-11,169.460006714,0
2018-05-14,169.75,0
2018-05-15,167.869995117,0
2018-05-16,168.979995728,0
2018-05-17,168.330001831,0
2018-05-18,167.460006714,0
2018-05-21,168.399993896,0
2018-05-22,168.179992676,0
2018-05-23,169.600006104,0
2018-05-24,169.550003052,0
2018-05-25,169.720001221,0
2018-05-29,168.970001221,0
2018-05-30,170.179992676,0
2018-05-31,170.070007324,0
2018-06-01,172.740005493,0
2018-06-04,174.300003052,0
2018-06-05,174.839996338,0
2018-06-06,175.86000061,0
2018-06-07,174.429992676,0
2018-06-08,174.440002441,0
2018-06-11,174.910003662,0
2018-06-12,175.830001831,0
2018-06-13,175.820007324,0
2018-06-14,177.600006104,0
2018-06-15,176.979995728,0
2018-06-18,176.5,0.378
2018-06-19,176,0
2018-06-20,177.25,0
2018-06-21,175.710006714,0
2018-06-22,175.320007324,0
2018-06-25,171.369995117,0
2018-06-26,172.070007324,0
2018-06-27,169.729995728,0
2018-06-28,171.190002441,0
2018-06-29,171.649993896,0
2018-07-02,172.800003052,0
2018-07-03,170.800003052,0
2018-07-05,172.919998169,0
2018-07-06,175.61000061,0
2018-07-09,177.190002441,0
2018-07-10,177.320007324,0
2018-07-11,176.419998169,0
2018-07-12,179.460006714,0
2018-07-13,179.61000061,0
2018-07-16,179.179992676,0
2018-07-17,180.270004272,0
2018-07-18,179.929992676,0
2018-07-19,179.029998779,0
2018-07-20,178.990005493,0
2018-07-23,179.559997559,0
2018-07-24,180.300003052,0
2018-07-25,182.820007324,0
2018-07-26,180.050003052,0
2018-07-27,177.619995117,0
2018-07-30,175.11000061,0
2018-07-31,176.449996948,0
2018-08-01,177.119995117,0
2018-08-02,179.529998779,0
2018-08-03,180.080001831,0
2018-08-06,181.13999939,0
2018-08-07,181.800003052,0
2018-08-08,182.020004272,0
2018-08-09,181.910003662,0
2018-08-10,180.520004272,0
2018-08-13,180.320007324,0
2018-08-14,181.449996948,0
2018-08-15,179.229995728,0
2018-08-16,179.820007324,0
2018-08-17,179.86000061,0
2018-08-20,179.699996948,0
2018-08-21,180.36000061,0
2018-08-22,181.059997559,0
2018-08-23,180.800003052,0
2018-08-24,182.479995728,0
2018-08-27,184.339996338,0
2018-08-28,184.61000061,0
2018-08-29,186.740005493,0
2018-08-30,186.410003662,0
2018-08-31,186.649993896,0
2018-09-04,185.850006104,0
2018-09-05,183.449996948,0
2018-09-06,181.809997559,0
2018-09-07,181.11000061,0
2018-09-10,181.720001221,0
2018-09-11,183.119995117,0
2018-09-12,182.580001831,0
2018-09-13,184.529998779,0
2018-09-14,183.990005493,0
2018-09-17,181.339996338,0
2018-09-18,182.839996338,0
2018-09-19,182.699996948,0
2018-09-20,184.720001221,0
2018-09-21,183.710006714,0
2018-09-24,183.88999939,0.33
2018-09-25,184.13999939,0
2018-09-26,184.270004272,0
2018-09-27,185.830001831,0
2018-09-28,185.789993286,0
2018-10-01,186.169998169,0
2018-10-02,185.75,0
2018-10-03,185.949996948,0
2018-10-04,182.380004883,0
2018-10-05,180.149993896,0
2018-10-08,179.050003052,0
2018-10-09,179.630004883,0
2018-10-10,171.729995728,0
2018-10-11,169.600006104,0
2018-10-12,174.320007324,0
2018-10-15,172.210006714,0
2018-10-16,177.220001221,0
2018-10-17,177.289993286,0
2018-10-18,173.179992676,0
2018-10-19,173.020004272,0
2018-10-22,173.910003662,0
2018-10-23,173.270004272,0
2018-10-24,165.339996338,0
2018-10-25,171.059997559,0
2018-10-26,166.660003662,0
2018-10-29,163.229995728,0
2018-10-30,165.919998169,0
2018-10-31,169.820007324,0
2018-11-01,172.059997559,0
2018-11-02,169.380004883,0
2018-11-05,168.960006714,0
2018-11-06,170.240005493,0
2018-11-07,175.580001831,0
2018-11-08,174.460006714,0
2018-11-09,171.520004272,0
2018-11-12,166.330001831,0
2018-11-13,166.470001221,0
2018-11-14,165.199996948,0
2018-11-15,168.089996338,0
2018-11-16,167.5,0
2018-11-19,162.059997559,0
2018-11-20,159.160003662,0
2018-11-21,160.369995117,0
2018-11-23,159.210006714,0
2018-11-26,162.88999939,0
2018-11-27,163.440002441,0
2018-11-28,168.699996948,0
2018-11-29,168.149993896,0
2018-11-30,169.369995117,0
2018-12-03,172.330001831,0
2018-12-04,165.720001221,0
2018-12-06,166.88999939,0
2018-12-07,161.380004883,0
2018-12-10,163.070007324,0
2018-12-11,163.61000061,0
2018-12-12,165.050003052,0
2018-12-13,165.100006104,0
2018-12-14,161.080001831,0
2018-12-17,157.429992676,0
2018-12-18,158.419998169,0
2018-12-19,154.529998779,0
2018-12-20,152.289993286,0
2018-12-21,147.570007324,0
2018-12-24,143.5,0.421
2018-12-26,152.460006714,0
2018-12-27,153.050003052,0
2018-12-28,152.970001221,0
2018-12-31,154.259994507,0
2019-01-02,154.880004883,0
2019-01-03,149.820007324,0
2019-01-04,156.229995728,0
2019-01-07,158.089996338,0
2019-01-08,159.520004272,0
2019-01-09,160.820007324,0
2019-01-10,161.279998779,0
2019-01-11,160.690002441,0
2019-01-14,159.270004272,0
2019-01-15,162.380004883,0
2019-01-16,162.350006104,0
2019-01-17,163.630004883,0
2019-01-18,165.25,0
2019-01-22,161.940002441,0
2019-01-23,162.149993896,0
2019-01-24,163.199996948,0
2019-01-25,165.149993896,0
2019-01-28,163.11000061,0
2019-01-29,161.570007324,0
2019-01-30,165.679992676,0
2019-01-31,168.160003662,0
2019-02-01,167.449996948,0
2019-02-04,169.529998779,0
2019-02-05,171.029998779,0
2019-02-06,170.520004272,0
2019-02-07,168.229995728,0
2019-02-08,168.559997559,0
2019-02-11,168.399993896,0
2019-02-12,170.88999939,0
2019-02-13,171.009994507,0
2019-02-14,171.220001221,0
2019-02-15,171.940002441,0
2019-02-19,172.279998779,0
2019-02-20,172.25,0
2019-02-21,171.619995117,0
2019-02-22,172.88999939,0
2019-02-25,173.520004272,0
2019-02-26,173.699996948,0
2019-02-27,173.589996338,0
2019-02-28,173.190002441,0
2019-03-01,174.38999939,0
2019-03-04,174.419998169,0
2019-03-05,174.550003052,0
2019-03-06,173.559997559,0
2019-03-07,171.429992676,0
2019-03-08,171.169998169,0
2019-03-11,174.729995728,0
2019-03-12,175.690002441,0
2019-03-13,177.009994507,0
2019-03-14,176.710006714,0
2019-03-15,178.350006104,0
2019-03-18,178.449996948,0.324
2019-03-19,179.050003052,0
2019-03-20,179.759994507,0
2019-03-21,182.570007324,0
2019-03-22,178.559997559,0
2019-03-25,178.220001221,0
2019-03-26,179.050003052,0
2019-03-27,177.899993896,0
2019-03-28,178.309997559,0
2019-03-29,179.660003662,0
2019-04-01,182.039993286,0
2019-04-02,182.729995728,0
2019-04-03,183.779998779,0
2019-04-04,183.710006714,0
2019-04-05,184.660003662,0
2019-04-08,185.130004883,0
2019-04-09,184.479995728,0
2019-04-10,185.470001221,0
2019-04-11,185.029998779,0
2019-04-12,185.830001831,0
2019-04-15,185.86000061,0
2019-04-16,186.5,0
2019-04-17,187.149993896,0
2019-04-18,187.38999939,0
2019-04-22,187.919998169,0
2019-04-23,190.309997559,0
2019-04-24,189.710006714,0
2019-04-25,190.479995728,0
2019-04-26,190.649993896,0
2019-04-29,191.020004272,0
2019-04-30,189.539993286,0
2019-05-01,188.929992676,0
2019-05-02,188.11000061,0
2019-05-03,191.11000061,0
2019-05-06,189.940002441,0
2019-05-07,186.240005493,0
2019-05-08,185.770004272,0
2019-05-09,184.770004272,0
2019-05-10,185,0
2019-05-13,178.580001831,0
2019-05-14,180.539993286,0
2019-05-15,183.089996338,0
2019-05-16,184.929992676,0
2019-05-17,183.039993286,0
2019-05-20,179.949996948,0
2019-05-21,181.830001831,0
2019-05-22,181.020004272,0
2019-05-23,178.25,0
2019-05-24,178.160003662,0
2019-05-28,177.490005493,0
2019-05-29,176.029998779,0
2019-05-30,176.770004272,0
2019-05-31,173.949996948,0
2019-06-03,170.119995117,0
2019-06-04,174.910003662,0
2019-06-05,176.210006714,0
2019-06-06,177.61000061,0
2019-06-07,181.039993286,0
2019-06-10,183.149993896,0
2019-06-11,183.399993896,0
2019-06-12,182.339996338,0
2019-06-13,183.419998169,0
2019-06-14,182.63999939,0
2019-06-17,183.740005493,0
2019-06-18,186.410003662,0
2019-06-19,187.11000061,0
2019-06-20,188.850006104,0
2019-06-21,188.570007324,0
2019-06-24,188.160003662,0.416
2019-06-25,184.929992676,0
2019-06-26,185.789993286,0
2019-06-27,186.5,0
2019-06-28,186.740005493,0
2019-07-01,189.259994507,0
2019-07-02,190.009994507,0
2019-07-03,191.440002441,0
2019-07-05,191.050003052,0
2019-07-08,189.710006714,0
2019-07-09,190.660003662,0
2019-07-10,192.559997559,0
2019-07-11,192.419998169,0
2019-07-12,193.529998779,0
2019-07-15,194.149993896,0
2019-07-16,193.149993896,0
2019-07-17,192.199996948,0
2019-07-18,192.419998169,0
2019-07-19,191.009994507,0
2019-07-22,192.529998779,0
2019-07-23,193.789993286,0
2019-07-24,195.149993896,0
2019-07-25,193.300003052,0
2019-07-26,195.289993286,0
2019-07-29,194.619995117,0
2019-07-30,193.779998779,0
2019-07-31,191.100006104,0
2019-08-01,190.149993896,0
2019-08-02,187.350006104,0
2019-08-05,180.729995728,0
2019-08-06,183.259994507,0
2019-08-07,184.25,0
2019-08-08,188.259994507,0
2019-08-09,186.490005493,0
2019-08-12,184.350006104,0
2019-08-13,188.38999939,0
2019-08-14,182.759994507,0
2019-08-15,182.550003052,0
2019-08-16,185.479995728,0
2019-08-19,188.429992676,0
2019-08-20,186.970001221,0
2019-08-21,188.630004883,0
2019-08-22,188.020004272,0
2019-08-23,182.070007324,0
2019-08-26,184.820007324,0
2019-08-27,184.429992676,0
2019-08-28,185.089996338,0
2019-08-29,187.919998169,0
2019-08-30,187.470001221,0
2019-09-03,185.649993896,0
2019-09-04,188.330001831,0
2019-09-05,191.779998779,0
2019-09-06,191.589996338,0
2019-09-09,191.190002441,0
2019-09-10,190.63999939,0
2019-09-11,192.429992676,0
2019-09-12,193.229995728,0
2019-09-13,192.539993286,0
2019-09-16,191.679992676,0
2019-09-17,192.600006104,0
2019-09-18,192.520004272,0
2019-09-19,192.839996338,0
2019-09-20,190.800003052,0
2019-09-23,190.5,0.384
2019-09-24,187.970001221,0
2019-09-25,190.080001831,0
2019-09-26,189.380004883,0
2019-09-27,187.029998779,0
2019-09-30,188.809997559,0
2019-10-01,187.270004272,0
2019-10-02,184.050003052,0
2019-10-03,186.070007324,0
2019-10-04,188.809997559,0
2019-10-07,188.240005493,0
2019-10-08,185.419998169,0
2019-10-09,187.229995728,0
2019-10-10,188.679992676,0
2019-10-11,191.11000061,0
2019-10-14,191.089996338,0
2019-10-15,193.520004272,0
2019-10-16,193.039993286,0
2019-10-17,193.550003052,0
2019-10-18,191.690002441,0
2019-10-21,193.38999939,0
2019-10-22,191.850006104,0
2019-10-23,192.220001221,0
2019-10-24,194.089996338,0
2019-10-25,195.63999939,0
2019-10-28,197.570007324,0
2019-10-29,196.039993286,0
2019-10-30,196.990005493,0
2019-10-31,197.080001831,0
2019-11-01,198.869995117,0
2019-11-04,200.100006104,0
2019-11-05,200.210006714,0
2019-11-06,199.759994507,0
2019-11-07,200.429992676,0
2019-11-08,201.229995728,0
2019-11-11,200.960006714,0
2019-11-12,201.539993286,0
2019-11-13,201.589996338,0
2019-11-14,201.429992676,0
2019-11-15,202.910003662,0
2019-11-18,203.070007324,0
2019-11-19,203.369995117,0
2019-11-20,202.149993896,0
2019-11-21,201.699996948,0
2019-11-22,201.830001831,0
2019-11-25,204.220001221,0
2019-11-26,204.61000061,0
2019-11-27,206.039993286,0
2019-11-29,205.100006104,0
2019-12-02,203,0
2019-12-03,201.410003662,0
2019-12-04,202.429992676,0
2019-12-05,202.830001831,0
2019-12-06,205,0
2019-12-09,204.070007324,0
2019-12-10,203.899993896,0
2019-12-11,204.979995728,0
2019-12-12,206.509994507,0
2019-12-13,207.190002441,0
2019-12-16,209.270004272,0
2019-12-17,209.38999939,0
2019-12-18,209.550003052,0
2019-12-19,210.86000061,0
2019-12-20,211.710006714,0
2019-12-23,211.809997559,0.458
2019-12-24,211.919998169,0
2019-12-26,213.789993286,0
2019-12-27,213.61000061,0
2019-12-30,212.210006714,0
2019-12-31,212.61000061,0
2020-01-02,216.160003662,0
2020-01-03,214.179992676,0
2020-01-06,215.559997559,0
2020-01-07,215.529998779,0
2020-01-08,217.149993896,0
2020-01-09,218.990005493,0
2020-01-10,218.429992676,0
2020-01-13,220.949996948,0
2020-01-14,220.080001831,0
2020-01-15,220.169998169,0
2020-01-16,222.279998779,0
2020-01-17,223.380004883,0
2020-01-21,223.279998779,0
2020-01-22,223.869995117,0
2020-01-23,224.589996338,0
2020-01-24,222.699996948,0
2020-01-27,218.100006104,0
2020-01-28,221.449996948,0
2020-01-29,221.809997559,0
2020-01-30,222.600006104,0
2020-01-31,219.070007324,0
2020-02-03,222.380004883,0
2020-02-04,227.470001221,0
2020-02-05,228.220001221,0
2020-02-06,230.190002441,0
2020-02-07,229.199996948,0
2020-02-10,231.970001221,0
2020-02-11,232.009994507,0
2020-02-12,234.270004272,0
2020-02-13,233.970001221,0
2020-02-14,234.63999939,0
2020-02-18,234.729995728,0
2020-02-19,236.979995728,0
2020-02-20,234.779998779,0
2020-02-21,230.270004272,0
2020-02-24,221.38999939,0
2020-02-25,215.369995117,0
2020-02-26,216.479995728,0
2020-02-27,205.63999939,0
2020-02-28,205.800003052,0
2020-03-02,216.419998169,0
2020-03-03,209.479995728,0
2020-03-04,218.220001221,0
2020-03-05,211.589996338,0
2020-03-06,208.020004272,0
2020-03-09,193.570007324,0
2020-03-10,204.11000061,0
2020-03-11,195.220001221,0
2020-03-12,177.320007324,0
2020-03-13,192.339996338,0
2020-03-16,169.300003052,0
2020-03-17,182.13999939,0
2020-03-18,176.600006104,0
2020-03-19,177.660003662,0
2020-03-20,170.699996948,0
2020-03-23,170.460006714,0.363
2020-03-24,183.660003662,0
2020-03-25,182.300003052,0
2020-03-26,191.899993896,0
2020-03-27,185.300003052,0
2020-03-30,192.039993286,0
2020-03-31,190.399993896,0
2020-04-01,182.309997559,0
2020-04-02,186.009994507,0
2020-04-03,183.369995117,0
2020-04-06,196.479995728,0
2020-04-07,196.399993896,0
2020-04-08,200.570007324,0
2020-04-09,200.86000061,0
2020-04-13,203.029998779,0
2020-04-14,211.86000061,0
2020-04-15,209.429992676,0
2020-04-16,213.25,0
2020-04-17,215.289993286,0
2020-04-20,212.740005493,0
2020-04-21,204.88999939,0
2020-04-22,210.970001221,0
2020-04-23,210.520004272,0
2020-04-24,213.839996338,0
2020-04-27,215.559997559,0
2020-04-28,211.5,0
2020-04-29,219,0
2020-04-30,218.910003662,0
2020-05-01,212.740005493,0
2020-05-04,215.220001221,0
2020-05-05,217.660003662,0
2020-05-06,219,0
2020-05-07,221.820007324,0
2020-05-08,224.86000061,0
2020-05-11,226.869995117,0
2020-05-12,222.119995117,0
2020-05-13,219.339996338,0
2020-05-14,221.830001831,0
2020-05-15,223.270004272,0
2020-05-18,227.429992676,0
2020-05-19,226.86000061,0
2020-05-20,231.38999939,0
2020-05-21,228.869995117,0
2020-05-22,229.660003662,0
2020-05-26,229.039993286,0
2020-05-27,230.289993286,0
2020-05-28,229.990005493,0
2020-05-29,233.36000061,0
2020-06-01,234.059997559,0
2020-06-02,235.630004883,0
2020-06-03,236.690002441,0
2020-06-04,235.029998779,0
2020-06-05,239.690002441,0
2020-06-08,241.550003052,0
2020-06-09,243.300003052,0
2020-06-10,246.220001221,0
2020-06-11,234.020004272,0
2020-06-12,235.880004883,0
2020-06-15,238.75,0
2020-06-16,242.850006104,0
2020-06-17,243.619995117,0
2020-06-18,244.279998779,0
2020-06-19,244.240005493,0
2020-06-22,246.740005493,0.424
2020-06-23,248.839996338,0
2020-06-24,243.710006714,0
2020-06-25,246.029998779,0
2020-06-26,240.220001221,0
2020-06-29,242.839996338,0
2020-06-30,247.600006104,0
2020-07-01,250.490005493,0
2020-07-02,252.190002441,0
2020-07-06,258.390014648,0
2020-07-07,256.609985352,0
2020-07-08,259.989990234,0
2020-07-09,262.179992676,0
2020-07-10,263.970001221,0
2020-07-13,258.540008545,0
2020-07-14,260.369995117,0
2020-07-15,260.899993896,0
2020-07-16,259.119995117,0
2020-07-17,259.420013428,0
2020-07-20,266.779998779,0
2020-07-21,264,0
2020-07-22,264.929992676,0
2020-07-23,258.010009766,0
2020-07-24,255.559997559,0
2020-07-27,260.119995117,0
2020-07-28,256.809997559,0
2020-07-29,259.769989014,0
2020-07-30,261.130004883,0
2020-07-31,265.790008545,0
2020-08-03,269.380004883,0
2020-08-04,270.380004883,0
2020-08-05,271.049987793,0
2020-08-06,274.640014648,0
2020-08-07,271.470001221,0
2020-08-10,270.309997559,0
2020-08-11,265.190002441,0
2020-08-12,271.859985352,0
2020-08-13,272.480010986,0
2020-08-14,272.160003662,0
2020-08-17,275.320007324,0
2020-08-18,277.970001221,0
2020-08-19,276.100006104,0
2020-08-20,279.929992676,0
2020-08-21,281.869995117,0
2020-08-24,283.630004883,0
2020-08-25,285.859985352,0
2020-08-26,291.959991455,0
2020-08-27,291.049987793,0
2020-08-28,292.529998779,0
2020-08-31,294.880004883,0
2020-09-01,299.920013428,0
2020-09-02,302.760009766,0
2020-09-03,287.410003662,0
2020-09-04,283.579986572,0
2020-09-08,269.950012207,0
2020-09-09,277.880004883,0
2020-09-10,272.339996338,0
2020-09-11,270.450012207,0
2020-09-14,275.160003662,0
2020-09-15,279.059997559,0
2020-09-16,274.609985352,0
2020-09-17,270.320007324,0
2020-09-18,266.869995117,0
2020-09-21,267.510009766,0
2020-09-22,272.480010986,0
2020-09-23,264.160003662,0
2020-09-24,265.390014648,0
2020-09-25,271.559997559,0
2020-09-28,277.200012207,0
2020-09-29,275.950012207,0
2020-09-30,277.839996338,0
2020-10-01,282.25,0
2020-10-02,274.309997559,0
2020-10-05,280.160003662,0
2020-10-06,275.160003662,0
2020-10-07,279.920013428,0
2020-10-08,281.410003662,0
2020-10-09,285.709991455,0
2020-10-12,294.529998779,0
2020-10-13,294.519989014,0
2020-10-14,292.059997559,0
2020-10-15,290.100006104,0
2020-10-16,288.510009766,0
2020-10-19,283.799987793,0
2020-10-20,284.410003662,0
2020-10-21,284.190002441,0
2020-10-22,284.179992676,0
2020-10-23,284.739990234,0
2020-10-26,280.470001221,0
2020-10-27,282.660003662,0
2020-10-28,271.640014648,0
2020-10-29,276.390014648,0
2020-10-30,269.380004883,0
2020-11-02,269.980010986,0
2020-11-03,274.649993896,0
2020-11-04,286.910003662,0
2020-11-05,294.390014648,0
2020-11-06,294.609985352,0
2020-11-09,288.589996338,0
2020-11-10,283.420013428,0
2020-11-11,289.760009766,0
2020-11-12,288.399993896,0
2020-11-13,290.929992676,0
2020-11-16,293.200012207,0
2020-11-17,292.269989014,0
2020-11-18,290.109985352,0
2020-11-19,292.380004883,0
2020-11-20,290.380004883,0
2020-11-23,290.390014648,0
2020-11-24,294.470001221,0
2020-11-25,296.279998779,0
2020-11-27,299.010009766,0
2020-11-30,299.619995117,0
2020-12-01,303.459991455,0
2020-12-02,303.850006104,0
2020-12-03,304.279998779,0
2020-12-04,305.519989014,0
2020-12-07,307.25,0
2020-12-08,308.290008545,0
2020-12-09,301.309997559,0
2020-12-10,302.519989014,0
2020-12-11,301.850006104,0
2020-12-14,304.040008545,0
2020-12-15,307.290008545,0
2020-12-16,308.980010986,0
2020-12-17,311,0
2020-12-18,310.059997559,0
2020-12-21,308.920013428,0.561
2020-12-22,309.760009766,0
2020-12-23,308.200012207,0
2020-12-24,309.559997559,0
2020-12-28,312.679992676,0
2020-12-29,312.959991455,0
2020-12-30,312.970001221,0
2020-12-31,313.739990234,0
2021-01-04,309.309997559,0
2021-01-05,311.859985352,0
2021-01-06,307.540008545,0
2021-01-07,314.980010986,0
2021-01-08,319.029998779,0
2021-01-11,314.420013428,0
2021-01-12,313.920013428,0
2021-01-13,316.040008545,0
2021-01-14,314.350006104,0
2021-01-15,311.859985352,0
2021-01-19,316.410003662,0
2021-01-20,323.769989014,0
2021-01-21,326.359985352,0
2021-01-22,325.420013428,0
2021-01-25,328.109985352,0
2021-01-26,328.589996338,0
2021-01-27,319.429992676,0
2021-01-28,321.320007324,0
2021-01-29,314.559997559,0
2021-02-01,322.420013428,0
2021-02-02,327.679992676,0
2021-02-03,326.380004883,0
2021-02-04,330.239990234,0
2021-02-05,331.359985352,0
2021-02-08,333.579986572,0
2021-02-09,333.510009766,0
2021-02-10,332.75,0
2021-02-11,334.579986572,0
2021-02-12,336.450012207,0
2021-02-16,335.540008545,0
2021-02-17,333.929992676,0
2021-02-18,332.470001221,0
2021-02-19,331.019989014,0
2021-02-22,322.440002441,0
2021-02-23,321.480010986,0
2021-02-24,324.130004883,0
2021-02-25,312.829986572,0
2021-02-26,314.140014648,0
2021-03-01,323.589996338,0
2021-03-02,318.399993896,0
2021-03-03,309.160003662,0
2021-03-04,304.100006104,0
2021-03-05,308.679992676,0
2021-03-08,299.940002441,0
2021-03-09,311.769989014,0
2021-03-10,310.880004883,0
2021-03-11,318.040008545,0
2021-03-12,315.459991455,0
2021-03-15,318.829986572,0
2021-03-16,320.579986572,0
2021-03-17,321.899993896,0
2021-03-18,312.040008545,0
2021-03-19,313.140014648,0
2021-03-22,318.609985352,0.395
2021-03-23,317.220001221,0
2021-03-24,311.869995117,0
2021-03-25,311.329986572,0
2021-03-26,316,0
2021-03-29,315.910003662,0
2021-03-30,314.320007324,0
2021-03-31,319.130004883,0
2021-04-01,324.570007324,0
2021-04-05,331.049987793,0
2021-04-06,330.820007324,0
2021-04-07,331.619995117,0
2021-04-08,335.079986572,0
2021-04-09,337.109985352,0
2021-04-12,336.670013428,0
2021-04-13,340.600006104,0
2021-04-14,336.510009766,0
2021-04-15,341.609985352,0
2021-04-16,342.010009766,0
2021-04-19,338.880004883,0
2021-04-20,336.410003662,0
2021-04-21,339.290008545,0
2021-04-22,335.200012207,0
2021-04-23,339.420013428,0
2021-04-26,341.630004883,0
2021-04-27,340.149993896,0
2021-04-28,339,0
2021-04-29,340.220001221,0
2021-04-30,337.989990234,0
2021-05-03,336.190002441,0
2021-05-04,330.140014648,0
2021-05-05,329.029998779,0
2021-05-06,331.510009766,0
2021-05-07,334.200012207,0
2021-05-10,325.760009766,0
2021-05-11,325.309997559,0
2021-05-12,316.890014648,0
2021-05-13,319.339996338,0
2021-05-14,326.390014648,0
2021-05-17,324.410003662,0
2021-05-18,322.220001221,0
2021-05-19,322.589996338,0
2021-05-20,328.829986572,0
2021-05-21,327.010009766,0
2021-05-24,332.510009766,0
2021-05-25,332.970001221,0
2021-05-26,334.130004883,0
2021-05-27,332.880004883,0
2021-05-28,333.929992676,0
2021-06-01,332.820007324,0
2021-06-02,333.470001221,0
2021-06-03,330,0
2021-06-04,335.600006104,0
2021-06-07,336.600006104,0
2021-06-08,336.760009766,0
2021-06-09,336.839996338,0
2021-06-10,340.350006104,0
2021-06-11,341.239990234,0
2021-06-14,344.510009766,0
2021-06-15,342.260009766,0
2021-06-16,341.010009766,0
2021-06-17,345.339996338,0
2021-06-18,342.630004883,0
2021-06-21,344.359985352,0.397
2021-06-22,347.570007324,0
2021-06-23,347.739990234,0
2021-06-24,349.890014648,0
2021-06-25,349.459991455,0
2021-06-28,353.709991455,0
2021-06-29,354.989990234,0
2021-06-30,354.429992676,0
2021-07-01,354.570007324,0
2021-07-02,358.640014648,0
2021-07-06,360.190002441,0
2021-07-07,360.950012207,0
2021-07-08,358.769989014,0
2021-07-09,361.010009766,0
2021-07-12,362.420013428,0
2021-07-13,362.420013428,0
2021-07-14,363.070007324,0
2021-07-15,360.519989014,0
2021-07-16,357.600006104,0
2021-07-19,354.670013428,0
2021-07-20,358.790008545,0
2021-07-21,361.559997559,0
2021-07-22,363.950012207,0
2021-07-23,368.200012207,0
2021-07-26,368.489990234,0
2021-07-27,364.429992676,0
2021-07-28,365.829986572,0
2021-07-29,366.480010986,0
2021-07-30,364.570007324,0
2021-08-02,364.600006104,0
2021-08-03,366.809997559,0
2021-08-04,367.339996338,0
2021-08-05,369.670013428,0
2021-08-06,368.049987793,0
2021-08-09,368.730010986,0
2021-08-10,366.839996338,0
2021-08-11,366.209991455,0
2021-08-12,367.529998779,0
2021-08-13,368.820007324,0
2021-08-16,368.980010986,0
2021-08-17,365.730010986,0
2021-08-18,362.209991455,0
2021-08-19,363.959991455,0
2021-08-20,367.730010986,0
2021-08-23,373.230010986,0
2021-08-24,374.369995117,0
2021-08-25,374.799987793,0
2021-08-26,372.420013428,0
2021-08-27,376.040008545,0
2021-08-30,380.260009766,0
2021-08-31,379.950012207,0
2021-09-01,380.579986572,0
2021-09-02,380.399993896,0
2021-09-03,381.570007324,0
2021-09-07,382.109985352,0
2021-09-08,380.779998779,0
2021-09-09,379.470001221,0
2021-09-10,376.589996338,0
2021-09-13,376.329986572,0
2021-09-14,375.260009766,0
2021-09-15,378.049987793,0
2021-09-16,378.309997559,0
2021-09-17,373.829986572,0
2021-09-20,365.700012207,0.414
2021-09-21,366.149993896,0
2021-09-22,369.570007324,0
2021-09-23,372.980010986,0
2021-09-24,373.329986572,0
2021-09-27,370.350006104,0
2021-09-28,359.869995117,0
2021-09-29,359.279998779,0
2021-09-30,357.959991455,0
2021-10-01,360.179992676,0
2021-10-04,352.619995117,0
2021-10-05,357.380004883,0
2021-10-06,359.670013428,0
2021-10-07,362.970001221,0
2021-10-08,361.160003662,0
2021-10-11,358.390014648,0
2021-10-12,357.140014648,0
2021-10-13,360,0
2021-10-14,366.630004883,0
2021-10-15,368.940002441,0
2021-10-18,372.649993896,0
2021-10-19,375.470001221,0
2021-10-20,374.980010986,0
2021-10-21,377.269989014,0
2021-10-22,374.100006104,0
2021-10-25,377.929992676,0
2021-10-26,379.119995117,0
2021-10-27,380,0
2021-10-28,384.220001221,0
2021-10-29,386.109985352,0
2021-11-01,387.429992676,0
2021-11-02,389.049987793,0
2021-11-03,393.179992676,0
2021-11-04,398.220001221,0
2021-11-05,398.600006104,0
2021-11-08,398.059997559,0
2021-11-09,395.320007324,0
2021-11-10,389.510009766,0
2021-11-11,390.589996338,0
2021-11-12,394.700012207,0
2021-11-15,394.609985352,0
2021-11-16,397.420013428,0
2021-11-17,397.630004883,0
2021-11-18,401.75,0
2021-11-19,403.989990234,0
2021-11-22,399.299987793,0
2021-11-23,397.480010986,0
2021-11-24,398.760009766,0
2021-11-26,391.200012207,0
2021-11-29,399.690002441,0
2021-11-30,393.820007324,0
2021-12-01,387.119995117,0
2021-12-02,389.910003662,0
2021-12-03,383.130004883,0
2021-12-06,386.200012207,0
2021-12-07,397.829986572,0
2021-12-08,399.609985352,0
2021-12-09,393.730010986,0
2021-12-10,398.010009766,0
2021-12-13,392.260009766,0
2021-12-14,388.200012207,0
2021-12-15,397.049987793,0
2021-12-16,386.839996338,0
2021-12-17,384.910003662,0
2021-12-20,380.690002441,0.491
2021-12-21,389.209991455,0
2021-12-22,393.950012207,0
2021-12-23,396.920013428,0
2021-12-27,403.480010986,0
2021-12-28,401.609985352,0
2021-12-29,401.549987793,0
2021-12-30,400.350006104,0
2021-12-31,397.850006104,0
2022-01-03,401.679992676,0
2022-01-04,396.470001221,0
2022-01-05,384.290008545,0
2022-01-06,384.019989014,0
2022-01-07,379.859985352,0
2022-01-10,380.109985352,0
2022-01-11,385.820007324,0
2022-01-12,387.350006104,0
2022-01-13,377.660003662,0
2022-01-14,380.010009766,0
2022-01-18,370.549987793,0
2022-01-19,366.480010986,0
2022-01-20,361.720001221,0
2022-01-21,351.690002441,0
2022-01-24,353.299987793,0
2022-01-25,345.109985352,0
2022-01-26,344.570007324,0
2022-01-27,341.100006104,0
2022-01-28,351.799987793,0
2022-01-31,363.049987793,0
2022-02-01,365.519989014,0
2022-02-02,368.489990234,0
2022-02-03,353.549987793,0
2022-02-04,358.010009766,0
2022-02-07,355.130004883,0
2022-02-08,359.119995117,0
2022-02-09,366.730010986,0
2022-02-10,358.429992676,0
2022-02-11,347.059997559,0
2022-02-14,347.489990234,0
2022-02-15,356.130004883,0
2022-02-16,356.040008545,0
2022-02-17,345.450012207,0
2022-02-18,341.510009766,0
2022-02-22,338.079986572,0
2022-02-23,329.420013428,0
2022-02-24,340.489990234,0
2022-02-25,345.769989014,0
2022-02-28,346.799987793,0
2022-03-01,341.489990234,0
2022-03-02,347.220001221,0
2022-03-03,342.260009766,0
2022-03-04,337.299987793,0
2022-03-07,324.859985352,0
2022-03-08,323.350006104,0
2022-03-09,334.989990234,0
2022-03-10,331.269989014,0
2022-03-11,324.399993896,0
2022-03-14,318.170013428,0
2022-03-15,328.149993896,0
2022-03-16,340.320007324,0
2022-03-17,344.440002441,0
2022-03-18,351.489990234,0
2022-03-21,350.079986572,0.434
2022-03-22,356.959991455,0
2022-03-23,351.829986572,0
2022-03-24,359.649993896,0
2022-03-25,359.350006104,0
2022-03-28,364.910003662,0
2022-03-29,371.190002441,0
2022-03-30,367.089996338,0
2022-03-31,362.540008545,0
2022-04-01,361.850006104,0
2022-04-04,369.299987793,0
2022-04-05,361.100006104,0
2022-04-06,353.260009766,0
2022-04-07,354.100006104,0
2022-04-08,349.149993896,0
2022-04-11,340.890014648,0
2022-04-12,339.450012207,0
2022-04-13,346.350006104,0
2022-04-14,338.429992676,0
2022-04-18,338.690002441,0
2022-04-19,346.260009766,0
2022-04-20,341.209991455,0
2022-04-21,334.149993896,0
2022-04-22,325.399993896,0
2022-04-25,329.579986572,0
2022-04-26,317.140014648,0
2022-04-27,316.760009766,0
2022-04-28,328.010009766,0
2022-04-29,313.25,0
2022-05-02,318.480010986,0
2022-05-03,318.820007324,0
2022-05-04,329.600006104,0
2022-05-05,313,0
2022-05-06,309.25,0
2022-05-09,297.149993896,0
2022-05-10,300.760009766,0
2022-05-11,291.839996338,0
2022-05-12,291.149993896,0
2022-05-13,301.940002441,0
2022-05-16,298.440002441,0
2022-05-17,306.170013428,0
2022-05-18,291.140014648,0
2022-05-19,289.579986572,0
2022-05-20,288.679992676,0
2022-05-23,293.480010986,0
2022-05-24,287.239990234,0
2022-05-25,291.260009766,0
2022-05-26,299.329986572,0
2022-05-27,309.100006104,0
2022-05-31,308.279998779,0
2022-06-01,306,0
2022-06-02,314.380004883,0
2022-06-03,306.200012207,0
2022-06-06,307.220001221,0
2022-06-07,309.869995117,0
2022-06-08,307.640014648,0
2022-06-09,299.399993896,0
2022-06-10,288.839996338,0
2022-06-13,275.410003662,0
2022-06-14,275.910003662,0
2022-06-15,282.799987793,0
2022-06-16,271.390014648,0
2022-06-17,274.690002441,0
2022-06-21,281.079986572,0.527
2022-06-22,280.670013428,0
2022-06-23,284.850006104,0
2022-06-24,294.609985352,0
2022-06-27,292.450012207,0
2022-06-28,283.540008545,0
2022-06-29,283.799987793,0
2022-06-30,280.279998779,0
2022-07-01,282.130004883,0
2022-07-05,286.959991455,0
2022-07-06,288.799987793,0
2022-07-07,294.980010986,0
2022-07-08,295.350006104,0
2022-07-11,289.040008545,0
2022-07-12,286.239990234,0
2022-07-13,285.649993896,0
2022-07-14,286.670013428,0
2022-07-15,291.869995117,0
2022-07-18,289.399993896,0
2022-07-19,298.299987793,0
2022-07-20,303.029998779,0
2022-07-21,307.380004883,0
2022-07-22,301.989990234,0
2022-07-25,300.269989014,0
2022-07-26,294.369995117,0
2022-07-27,306.809997559,0
2022-07-28,309.809997559,0
2022-07-29,315.459991455,0
2022-08-01,315.269989014,0
2022-08-02,314.329986572,0
2022-08-03,322.890014648,0
2022-08-04,324.399993896,0
2022-08-05,321.75,0
2022-08-08,320.709991455,0
2022-08-09,317.079986572,0
2022-08-10,325.929992676,0
2022-08-11,324.079986572,0
2022-08-12,330.390014648,0
2022-08-15,333.059997559,0
2022-08-16,332.279998779,0
2022-08-17,328.489990234,0
2022-08-18,329.279998779,0
2022-08-19,322.859985352,0
2022-08-22,314.359985352,0
2022-08-23,314.100006104,0
2022-08-24,315.010009766,0
2022-08-25,320.579986572,0
2022-08-26,307.440002441,0
2022-08-29,304.410003662,0
2022-08-30,301.019989014,0
2022-08-31,299.269989014,0
2022-09-01,299.399993896,0
2022-09-02,295.170013428,0
2022-09-06,293.049987793,0
2022-09-07,298.970001221,0
2022-09-08,300.519989014,0
2022-09-09,307.089996338,0
2022-09-12,310.739990234,0
2022-09-13,293.700012207,0
2022-09-14,296.029998779,0
2022-09-15,291.100006104,0
2022-09-16,289.320007324,0
2022-09-19,291.049987793,0.519
2022-09-20,288.730010986,0
2022-09-21,283.559997559,0
2022-09-22,280.070007324,0
2022-09-23,275.510009766,0
2022-09-26,274.369995117,0
2022-09-27,274.480010986,0
2022-09-28,279.940002441,0
2022-09-29,271.869995117,0
2022-09-30,267.260009766,0
2022-10-03,273.529998779,0
2022-10-04,282.130004883,0
2022-10-05,281.980010986,0
2022-10-06,279.760009766,0
2022-10-07,269.100006104,0
2022-10-10,266.410003662,0
2022-10-11,262.75,0
2022-10-12,262.660003662,0
2022-10-13,268.820007324,0
2022-10-14,260.739990234,0
2022-10-17,269.350006104,0
2022-10-18,271.480010986,0
2022-10-19,270.489990234,0
2022-10-20,269.109985352,0
2022-10-21,275.420013428,0
2022-10-24,278.450012207,0
2022-10-25,284.209991455,0
2022-10-26,277.929992676,0
2022-10-27,272.869995117,0
2022-10-28,281.220001221,0
2022-10-31,277.950012207,0
2022-11-01,275.109985352,0
2022-11-02,265.679992676,0
2022-11-03,260.489990234,0
2022-11-04,264.679992676,0
2022-11-07,267.589996338,0
2022-11-08,269.540008545,0
2022-11-09,263.320007324,0
2022-11-10,282.75,0
2022-11-11,287.959991455,0
2022-11-14,285.440002441,0
2022-11-15,289.390014648,0
2022-11-16,285.440002441,0
2022-11-17,284.809997559,0
2022-11-18,284.820007324,0
2022-11-21,281.890014648,0
2022-11-22,285.950012207,0
2022-11-23,288.820007324,0
2022-11-25,286.920013428,0
2022-11-28,282.709991455,0
2022-11-29,280.570007324,0
2022-11-30,293.359985352,0
2022-12-01,293.720001221,0
2022-12-02,292.549987793,0
2022-12-05,287.640014648,0
2022-12-06,281.679992676,0
2022-12-07,280.529998779,0
2022-12-08,283.850006104,0
2022-12-09,282.040008545,0
2022-12-12,285.579986572,0
2022-12-13,288.649993896,0
2022-12-14,286.510009766,0
2022-12-15,276.890014648,0
2022-12-16,274.25,0
2022-12-19,269.75,0.655
2022-12-20,269.540008545,0
2022-12-21,273.450012207,0
2022-12-22,266.760009766,0
2022-12-23,267.359985352,0
2022-12-27,263.579986572,0
2022-12-28,260.100006104,0
2022-12-29,266.440002441,0
2022-12-30,266.279998779,0
2023-01-03,264.480010986,0
2023-01-04,265.739990234,0
2023-01-05,261.579986572,0
2023-01-06,268.799987793,0
2023-01-09,270.540008545,0
2023-01-10,272.829986572,0
2023-01-11,277.549987793,0
2023-01-12,279.049987793,0
2023-01-13,280.970001221,0
2023-01-17,281.540008545,0
2023-01-18,277.880004883,0
2023-01-19,275.149993896,0
2023-01-20,282.679992676,0
2023-01-23,288.959991455,0
2023-01-24,288.369995117,0
2023-01-25,287.730010986,0
2023-01-26,293.339996338,0
2023-01-27,296.260009766,0
2023-01-30,290.269989014,0
2023-01-31,294.619995117,0
2023-02-01,300.920013428,0
2023-02-02,311.720001221,0
2023-02-03,306.179992676,0
2023-02-06,303.589996338,0
2023-02-07,309.880004883,0
2023-02-08,304.369995117,0
2023-02-09,301.679992676,0
2023-02-10,299.700012207,0
2023-02-13,304.5,0
2023-02-14,306.75,0
2023-02-15,309.100006104,0
2023-02-16,303.299987793,0
2023-02-17,301.160003662,0
2023-02-21,294.029998779,0
2023-02-22,294.25,0
2023-02-23,296.820007324,0
2023-02-24,291.850006104,0
2023-02-27,293.940002441,0
2023-02-28,293.559997559,0
2023-03-01,291.200012207,0
2023-03-02,293.609985352,0
2023-03-03,299.679992676,0
2023-03-06,300.019989014,0
2023-03-07,296.339996338,0
2023-03-08,297.820007324,0
2023-03-09,292.660003662,0
2023-03-10,288.549987793,0
2023-03-13,290.690002441,0
2023-03-14,297.369995117,0
2023-03-15,298.929992676,0
2023-03-16,306.809997559,0
2023-03-17,305.359985352,0
2023-03-20,305.970001221,0.472
2023-03-21,310.339996338,0
2023-03-22,306.119995117,0
2023-03-23,309.75,0
2023-03-24,310.890014648,0
2023-03-27,308.760009766,0
2023-03-28,307.119995117,0
2023-03-29,312.720001221,0
2023-03-30,315.679992676,0
2023-03-31,320.929992676,0
2023-04-03,320.149993896,0
2023-04-04,319.070007324,0
2023-04-05,315.920013428,0
2023-04-06,318.049987793,0
2023-04-10,317.869995117,0
2023-04-11,315.829986572,0
2023-04-12,313.040008545,0
2023-04-13,319.170013428,0
2023-04-14,318.570007324,0
2023-04-17,318.839996338,0
2023-04-18,318.859985352,0
2023-04-19,318.709991455,0
2023-04-20,316.279998779,0
2023-04-21,316.609985352,0
2023-04-24,315.950012207,0
2023-04-25,309.989990234,0
2023-04-26,311.869995117,0
2023-04-27,320.350006104,0
2023-04-28,322.559997559,0
2023-05-01,322.190002441,0
2023-05-02,319.380004883,0
2023-05-03,317.290008545,0
2023-05-04,316.170013428,0
2023-05-05,322.890014648,0
2023-05-08,323.690002441,0
2023-05-09,321.640014648,0
2023-05-10,325.140014648,0
2023-05-11,326.200012207,0
2023-05-12,325.029998779,0
2023-05-15,326.790008545,0
2023-05-16,327.160003662,0
2023-05-17,331.119995117,0
2023-05-18,337.269989014,0
2023-05-19,336.510009766,0
2023-05-22,337.640014648,0
2023-05-23,333.359985352,0
2023-05-24,331.649993896,0
2023-05-25,339.720001221,0
2023-05-26,348.399993896,0
2023-05-30,349.980010986,0
2023-05-31,347.989990234,0
2023-06-01,352.010009766,0
2023-06-02,354.649993896,0
2023-06-05,354.899993896,0
2023-06-06,354.839996338,0
2023-06-07,348.820007324,0
2023-06-08,353.149993896,0
2023-06-09,354.5,0
2023-06-12,360.489990234,0
2023-06-13,363.260009766,0
2023-06-14,365.899993896,0
2023-06-15,370.260009766,0
2023-06-16,367.929992676,0
2023-06-20,366.899993896,0.504
2023-06-21,361.899993896,0
2023-06-22,366.170013428,0
2023-06-23,362.540008545,0
2023-06-26,357.679992676,0
2023-06-27,363.829986572,0
2023-06-28,364.540008545,0
2023-06-29,363.809997559,0
2023-06-30,369.420013428,0
2023-07-03,370.290008545,0
2023-07-05,370.279998779,0
2023-07-06,367.459991455,0
2023-07-07,366.239990234,0
2023-07-10,366.359985352,0
2023-07-11,368.170013428,0
2023-07-12,372.820007324,0
2023-07-13,379.149993896,0
2023-07-14,379.070007324,0
2023-07-17,382.609985352,0
2023-07-18,385.739990234,0
2023-07-19,385.649993896,0
2023-07-20,376.760009766,0
2023-07-21,375.630004883,0
2023-07-24,376.230010986,0
2023-07-25,378.779998779,0
2023-07-26,377.519989014,0
2023-07-27,376.619995117,0
2023-07-28,383.480010986,0
2023-07-31,383.679992676,0
2023-08-01,382.790008545,0
2023-08-02,374.390014648,0
2023-08-03,373.790008545,0
2023-08-04,372.040008545,0
2023-08-07,375.190002441,0
2023-08-08,372,0
2023-08-09,367.910003662,0
2023-08-10,368.589996338,0
2023-08-11,366.239990234,0
2023-08-14,370.350006104,0
2023-08-15,366.420013428,0
2023-08-16,362.540008545,0
2023-08-17,358.579986572,0
2023-08-18,358.130004883,0
2023-08-21,363.899993896,0
2023-08-22,363.380004883,0
2023-08-23,369.109985352,0
2023-08-24,361.220001221,0
2023-08-25,364.019989014,0
2023-08-28,366.760009766,0
2023-08-29,374.769989014,0
2023-08-30,376.859985352,0
2023-08-31,377.989990234,0
2023-09-01,377.589996338,0
2023-09-05,378.070007324,0
2023-09-06,374.739990234,0
2023-09-07,372.059997559,0
2023-09-08,372.579986572,0
2023-09-11,376.970001221,0
2023-09-12,372.790008545,0
2023-09-13,374.209991455,0
2023-09-14,377.269989014,0
2023-09-15,370.809997559,0
2023-09-18,370.660003662,0.536
2023-09-19,369.869995117,0
2023-09-20,364.540008545,0
2023-09-21,357.859985352,0
2023-09-22,357.910003662,0
2023-09-25,359.609985352,0
2023-09-26,354.209991455,0
2023-09-27,355.040008545,0
2023-09-28,358.010009766,0
2023-09-29,358.269989014,0
2023-10-02,361.260009766,0
2023-10-03,354.920013428,0
2023-10-04,359.75,0
2023-10-05,358.690002441,0
2023-10-06,364.700012207,0
2023-10-09,366.559997559,0
2023-10-10,368.589996338,0
2023-10-11,371.220001221,0
2023-10-12,369.929992676,0
2023-10-13,365.279998779,0
2023-10-16,369.410003662,0
2023-10-17,368.200012207,0
2023-10-18,363.369995117,0
2023-10-19,359.970001221,0
2023-10-20,354.600006104,0
2023-10-23,355.670013428,0
2023-10-24,359.130004883,0
2023-10-25,350.339996338,0
2023-10-26,343.660003662,0
2023-10-27,345.309997559,0
2023-10-30,349.200012207,0
2023-10-31,350.869995117,0
2023-11-01,356.959991455,0
2023-11-02,363.440002441,0
2023-11-03,367.709991455,0
2023-11-06,369.209991455,0
2023-11-07,372.700012207,0
2023-11-08,372.940002441,0
2023-11-09,370.070007324,0
2023-11-10,378.390014648,0
2023-11-13,377.209991455,0
2023-11-14,385.329986572,0
2023-11-15,385.619995117,0
2023-11-16,385.950012207,0
2023-11-17,386.040008545,0
2023-11-20,390.739990234,0
2023-11-21,388.470001221,0
2023-11-22,390.059997559,0
2023-11-24,389.510009766,0
2023-11-27,389.170013428,0
2023-11-28,390.190002441,0
2023-11-29,389.809997559,0
2023-11-30,388.829986572,0
2023-12-01,389.940002441,0
2023-12-04,386.320007324,0
2023-12-05,387.290008545,0
2023-12-06,385.049987793,0
2023-12-07,390.429992676,0
2023-12-08,392.170013428,0
2023-12-11,395.519989014,0
2023-12-12,398.670013428,0
2023-12-13,403.739990234,0
2023-12-14,403.390014648,0
2023-12-15,405.339996338,0
2023-12-18,407.079986572,0.808
2023-12-19,409.160003662,0
2023-12-20,403.079986572,0
2023-12-21,407.769989014,0
2023-12-22,408.380004883,0
2023-12-26,410.880004883,0
2023-12-27,411.5,0.216
2023-12-28,411.299987793,0
2023-12-29,409.519989014,0
2024-01-02,402.589996338,0
2024-01-03,398.329986572,0
2024-01-04,396.279998779,0
2024-01-05,396.75,0
2024-01-08,404.950012207,0
2024-01-09,405.75,0
2024-01-10,408.5,0
2024-01-11,409.350006104,0
2024-01-12,409.559997559,0
2024-01-16,409.519989014,0
2024-01-17,407.209991455,0
2024-01-18,412.989990234,0
2024-01-19,421.179992676,0
2024-01-22,421.730010986,0
2024-01-23,423.480010986,0
2024-01-24,425.829986572,0
2024-01-25,426.350006104,0
2024-01-26,423.809997559,0
2024-01-29,428.149993896,0
2024-01-30,425.299987793,0
2024-01-31,416.970001221,0
2024-02-01,421.880004883,0
2024-02-02,429.010009766,0
2024-02-05,428.450012207,0
2024-02-06,427.589996338,0
2024-02-07,431.989990234,0
2024-02-08,432.790008545,0
2024-02-09,437.049987793,0
2024-02-12,435.339996338,0
2024-02-13,428.549987793,0
2024-02-14,433.220001221,0
2024-02-15,434.510009766,0
2024-02-16,430.570007324,0
2024-02-20,427.320007324,0
2024-02-21,425.609985352,0
2024-02-22,438.070007324,0
2024-02-23,436.779998779,0
2024-02-26,436.549987793,0
2024-02-27,437.600006104,0
2024-02-28,435.269989014,0
2024-02-29,439,0
2024-03-01,445.609985352,0
2024-03-04,444.019989014,0
2024-03-05,436.049987793,0
2024-03-06,438.790008545,0
2024-03-07,445.450012207,0
2024-03-08,439.019989014,0
2024-03-11,437.390014648,0
2024-03-12,443.660003662,0
2024-03-13,440.25,0
2024-03-14,439.140014648,0
2024-03-15,433.920013428,0
2024-03-18,437.480010986,0.573
2024-03-19,438.570007324,0
2024-03-20,443.769989014,0
2024-03-21,445.869995117,0
2024-03-22,446.380004883,0
2024-03-25,444.760009766,0
2024-03-26,443.320007324,0
2024-03-27,444.829986572,0
2024-03-28,444.010009766,0
2024-04-01,444.950012207,0
2024-04-02,441.109985352,0
2024-04-03,442.100006104,0
2024-04-04,435.339996338,0
2024-04-05,440.470001221,0
2024-04-08,440.600006104,0
2024-04-09,442.230010986,0
2024-04-10,438.369995117,0
2024-04-11,445.369995117,0
2024-04-12,438.269989014,0
2024-04-15,431.059997559,0
2024-04-16,431.100006104,0
2024-04-17,425.839996338,0
2024-04-18,423.410003662,0
2024-04-19,414.649993896,0
2024-04-22,418.820007324,0
2024-04-23,425.070007324,0
2024-04-24,426.510009766,0
2024-04-25,424.450012207,0
2024-04-26,431,0
2024-04-29,432.75,0
2024-04-30,424.589996338,0
2024-05-01,421.519989014,0
2024-05-02,426.899993896,0
2024-05-03,435.480010986,0
2024-05-06,440.25,0
2024-05-07,440.320007324,0
2024-05-08,440.059997559,0
2024-05-09,441.019989014,0
2024-05-10,442.059997559,0
2024-05-13,443.079986572,0
2024-05-14,445.929992676,0
2024-05-15,452.899993896,0
2024-05-16,451.980010986,0
2024-05-17,451.760009766,0
2024-05-20,454.910003662,0
2024-05-21,455.799987793,0
2024-05-22,455.709991455,0
2024-05-23,453.660003662,0
2024-05-24,457.950012207,0
2024-05-28,459.679992676,0
2024-05-29,456.440002441,0
2024-05-30,451.549987793,0
2024-05-31,450.709991455,0
2024-06-03,453.130004883,0
2024-06-04,454.369995117,0
2024-06-05,463.529998779,0
2024-06-06,463.369995117,0
2024-06-07,462.959991455,0
2024-06-10,464.829986572,0
2024-06-11,468.019989014,0
2024-06-12,474.149993896,0
2024-06-13,476.720001221,0
2024-06-14,479.190002441,0
2024-06-17,485.059997559,0
2024-06-18,485.209991455,0
2024-06-20,481.470001221,0
2024-06-21,480.179992676,0
2024-06-24,473.959991455,0.762
2024-06-25,479.380004883,0
2024-06-26,480.369995117,0
2024-06-27,481.609985352,0
2024-06-28,479.109985352,0
2024-07-01,481.920013428,0
2024-07-02,486.980010986,0
2024-07-03,491.040008545,0
2024-07-05,496.160003662,0
2024-07-08,497.339996338,0
2024-07-09,497.769989014,0
2024-07-10,502.959991455,0
2024-07-11,491.929992676,0
2024-07-12,494.820007324,0
2024-07-15,496.149993896,0
2024-07-16,496.339996338,0
2024-07-17,481.769989014,0
2024-07-18,479.489990234,0
2024-07-19,475.239990234,0
2024-07-22,482.320007324,0
2024-07-23,480.619995117,0
2024-07-24,463.380004883,0
2024-07-25,458.269989014,0
2024-07-26,462.970001221,0
2024-07-29,463.899993896,0
2024-07-30,457.529998779,0
2024-07-31,471.070007324,0
2024-08-01,459.660003662,0
2024-08-02,448.75,0
2024-08-05,435.369995117,0
2024-08-06,439.529998779,0
2024-08-07,434.769989014,0
2024-08-08,448.070007324,0
2024-08-09,450.410003662,0
2024-08-12,451.380004883,0
2024-08-13,462.579986572,0
2024-08-14,462.730010986,0
2024-08-15,474.420013428,0
2024-08-16,475.029998779,0
2024-08-19,481.269989014,0
2024-08-20,480.260009766,0
2024-08-21,482.5,0
2024-08-22,474.850006104,0
2024-08-23,480,0
2024-08-26,475.339996338,0
2024-08-27,476.760009766,0
2024-08-28,471.350006104,0
2024-08-29,470.660003662,0
2024-08-30,476.269989014,0
2024-09-03,461.809997559,0
2024-09-04,460.609985352,0
2024-09-05,461.040008545,0
2024-09-06,448.690002441,0
2024-09-09,454.459991455,0
2024-09-10,458.660003662,0
2024-09-11,468.619995117,0
2024-09-12,473.220001221,0
2024-09-13,475.339996338,0
2024-09-16,473.239990234,0
2024-09-17,473.489990234,0
2024-09-18,471.440002441,0
2024-09-19,483.359985352,0
2024-09-20,482.440002441,0
2024-09-23,483.040008545,0.677
2024-09-24,485.369995117,0
2024-09-25,485.820007324,0
2024-09-26,489.470001221,0
2024-09-27,486.75,0
2024-09-30,488.070007324,0
2024-10-01,481.269989014,0
2024-10-02,481.950012207,0
2024-10-03,481.589996338,0
2024-10-04,487.320007324,0
2024-10-07,482.100006104,0
2024-10-08,489.299987793,0
2024-10-09,493.149993896,0
2024-10-10,492.589996338,0
2024-10-11,493.359985352,0
2024-10-14,497.5,0
2024-10-15,490.850006104,0
2024-10-16,490.910003662,0
2024-10-17,491.25,0
2024-10-18,494.470001221,0
2024-10-21,495.420013428,0
2024-10-22,495.959991455,0
2024-10-23,488.359985352,0
2024-10-24,492.320007324,0
2024-10-25,495.320007324,0
2024-10-28,495.399993896,0
2024-10-29,500.160003662,0
2024-10-30,496.380004883,0
2024-10-31,483.850006104,0
2024-11-01,487.429992676,0
2024-11-04,486.010009766,0
2024-11-05,492.209991455,0
2024-11-06,505.579986572,0
2024-11-07,513.539978027,0
2024-11-08,514.140014648,0
2024-11-11,513.840026855,0
2024-11-12,512.909973145,0
2024-11-13,512.25,0
2024-11-14,508.690002441,0
2024-11-15,496.570007324,0
2024-11-18,500.019989014,0
2024-11-19,503.459991455,0
2024-11-20,503.170013428,0
2024-11-21,504.980010986,0
2024-11-22,505.790008545,0
2024-11-25,506.589996338,0
2024-11-26,509.309997559,0
2024-11-27,505.299987793,0
2024-11-29,509.739990234,0
2024-12-02,515.289978027,0
2024-12-03,516.869995117,0
2024-12-04,523.260009766,0
2024-12-05,521.809997559,0
2024-12-06,526.479980469,0
2024-12-09,522.380004883,0
2024-12-10,520.599975586,0
2024-12-11,529.91998291,0
2024-12-12,526.5,0
2024-12-13,530.530029297,0
2024-12-16,538.16998291,0
2024-12-17,535.799987793,0
2024-12-18,516.469970703,0
2024-12-19,514.16998291,0
2024-12-20,518.659973145,0
2024-12-23,522.869995117,0.835
2024-12-24,529.960021973,0
2024-12-26,529.599975586,0
2024-12-27,522.559997559,0
2024-12-30,515.609985352,0
2024-12-31,511.230010986,0
2025-01-02,510.230010986,0
2025-01-03,518.58001709,0
2025-01-06,524.539978027,0
2025-01-07,515.179992676,0
2025-01-08,515.270019531,0
2025-01-10,507.190002441,0
2025-01-13,505.559997559,0
2025-01-14,505.079986572,0
2025-01-15,516.700012207,0
2025-01-16,513.08001709,0
2025-01-17,521.739990234,0
2025-01-21,524.799987793,0
2025-01-22,531.510009766,0
2025-01-23,532.640014648,0
2025-01-24,529.630004883,0
2025-01-27,514.210021973,0
2025-01-28,521.809997559,0
2025-01-29,520.83001709,0
2025-01-30,523.049987793,0
2025-01-31,522.289978027,0
2025-02-03,518.109985352,0
2025-02-04,524.469970703,0
2025-02-05,526.849975586,0
2025-02-06,529.599975586,0
2025-02-07,522.91998291,0
2025-02-10,529.25,0
2025-02-11,527.989990234,0
2025-02-12,528.299987793,0
2025-02-13,535.900024414,0
2025-02-14,538.150024414,0
2025-02-18,539.369995117,0
2025-02-19,539.520019531,0
2025-02-20,537.229980469,0
2025-02-21,526.08001709,0
2025-02-24,519.869995117,0
2025-02-25,513.320007324,0
2025-02-26,514.559997559,0
2025-02-27,500.269989014,0
2025-02-28,508.170013428,0
2025-03-03,497.049987793,0
2025-03-04,495.549987793,0
2025-03-05,502.010009766,0
2025-03-06,488.200012207,0
2025-03-07,491.790008545,0
2025-03-10,472.730010986,0
2025-03-11,471.600006104,0
2025-03-12,476.920013428,0
2025-03-13,468.339996338,0
2025-03-14,479.660003662,0
2025-03-17,482.769989014,0
2025-03-18,474.540008545,0
2025-03-19,480.890014648,0
2025-03-20,479.260009766,0
2025-03-21,480.839996338,0
2025-03-24,490.660003662,0.716
2025-03-25,493.459991455,0
2025-03-26,484.380004883,0
2025-03-27,481.619995117,0
2025-03-28,468.940002441,0
2025-03-31,468.920013428,0
2025-04-01,472.700012207,0
2025-04-02,476.149993896,0
2025-04-03,450.660003662,0
2025-04-04,422.670013428,0
2025-04-07,423.690002441,0
2025-04-08,416.059997559,0
2025-04-09,466,0
2025-04-10,446.179992676,0
2025-04-11,454.399993896,0
2025-04-14,457.480010986,0
2025-04-15,457.989990234,0
2025-04-16,444.179992676,0
2025-04-17,444.100006104,0
2025-04-21,433.109985352,0
2025-04-22,444.480010986,0
2025-04-23,454.559997559,0
2025-04-24,467.350006104,0
2025-04-25,472.559997559,0
2025-04-28,472.410003662,0
2025-04-29,475.529998779,0
2025-04-30,475.470001221,0
2025-05-01,481.679992676,0
2025-05-02,488.829986572,0
2025-05-05,485.929992676,0
2025-05-06,481.410003662,0
2025-05-07,483.299987793,0
2025-05-08,488.290008545,0
2025-05-09,487.970001221,0
2025-05-12,507.850006104,0
2025-05-13,515.590026855,0
2025-05-14,518.679992676,0
2025-05-15,519.25,0
2025-05-16,521.510009766,0
2025-05-19,522.010009766,0
2025-05-20,520.270019531,0
2025-05-21,513.039978027,0
2025-05-22,514,0
2025-05-23,509.239990234,0
2025-05-27,521.219970703,0
2025-05-28,518.909973145,0
2025-05-29,519.929992676,0
2025-05-30,519.109985352,0
2025-06-02,523.210021973,0
2025-06-03,527.299987793,0
2025-06-04,528.770019531,0
2025-06-05,524.789978027,0
2025-06-06,529.91998291,0
2025-06-09,530.700012207,0
2025-06-10,534.210021973,0
2025-06-11,532.409973145,0
2025-06-12,533.659973145,0
2025-06-13,526.960021973,0
2025-06-16,534.289978027,0
2025-06-17,529.08001709,0
2025-06-18,528.989990234,0
2025-06-20,526.83001709,0
2025-06-23,531.650024414,0.591
2025-06-24,539.780029297,0
2025-06-25,541.159973145,0
2025-06-26,546.219970703,0
2025-06-27,548.090026855,0
2025-06-30,551.640014648,0
2025-07-01,546.989990234,0
2025-07-02,550.799987793,0
2025-07-03,556.219970703,0
2025-07-07,552.030029297,0
2025-07-08,552.340026855,0
2025-07-09,556.25,0
2025-07-10,555.450012207,0
2025-07-11,554.200012207,0
2025-07-14,556.210021973,0
2025-07-15,556.719970703,0
2025-07-16,557.289978027,0
2025-07-17,561.799987793,0
2025-07-18,561.260009766,0
2025-07-21,564.16998291,0
2025-07-22,561.25,0
2025-07-23,563.809997559,0
2025-07-24,565.010009766,0
2025-07-25,566.369995117,0
2025-07-28,568.140014648,0
2025-07-29,567.260009766,0
2025-07-30,568.020019531,0
2025-07-31,565.010009766,0
2025-08-01,553.880004883,0
2025-08-04,564.099975586,0
2025-08-05,560.270019531,0
2025-08-06,567.320007324,0
2025-08-07,569.239990234,0
2025-08-08,574.549987793,0
2025-08-11,572.849975586,0
2025-08-12,580.049987793,0
2025-08-13,580.340026855,0
2025-08-14,579.890014648,0
2025-08-15,577.340026855,0
2025-08-18,577.109985352,0
2025-08-19,569.280029297,0
2025-08-20,565.900024414,0
2025-08-21,563.280029297,0
2025-08-22,571.969970703,0
2025-08-25,570.320007324,0
2025-08-26,572.609985352,0
2025-08-27,573.489990234,0
2025-08-28,577.08001709,0
2025-08-29,570.400024414,0
2025-09-02,565.619995117,0
2025-09-03,570.070007324,0
2025-09-04,575.229980469,0
2025-09-05,576.059997559,0
2025-09-08,578.869995117,0
2025-09-09,580.510009766,0
2025-09-10,580.700012207,0
2025-09-11,584.08001709,0
2025-09-12,586.659973145,0
2025-09-15,591.679992676,0
2025-09-16,591.179992676,0
2025-09-17,590,0
2025-09-18,595.320007324,0
2025-09-19,599.349975586,0
2025-09-22,602.200012207,0.694
2025-09-23,598.200012207,0
2025-09-24,596.099975586,0
2025-09-25,593.530029297,0
2025-09-26,595.969970703,0
2025-09-29,598.729980469,0
2025-09-30,600.369995117,0
2025-10-01,603.25,0
2025-10-02,605.729980469,0
2025-10-03,603.179992676,0
2025-10-06,607.710021973,0
2025-10-07,604.510009766,0
2025-10-08,611.440002441,0
2025-10-09,610.700012207,0
2025-10-10,589.5,0
2025-10-13,602.010009766,0
2025-10-14,598,0
2025-10-15,602.219970703,0
2025-10-16,599.989990234,0
2025-10-17,603.929992676,0
2025-10-20,611.539978027,0
2025-10-21,611.380004883,0
2025-10-22,605.489990234,0
2025-10-23,610.58001709,0
2025-10-24,617.099975586,0
2025-10-27,628.090026855,0
2025-10-28,632.91998291,0
2025-10-29,635.770019531,0
2025-10-30,626.049987793,0
2025-10-31,629.070007324,0
2025-11-03,632.08001709,0
2025-11-04,619.25,0
2025-11-05,623.280029297,0
2025-11-06,611.66998291,0
2025-11-07,609.739990234,0
2025-11-10,623.229980469,0
2025-11-11,621.570007324,0
2025-11-12,621.08001709,0
2025-11-13,608.400024414,0
2025-11-14,608.859985352,0
2025-11-17,603.659973145,0
2025-11-18,596.309997559,0
2025-11-19,599.869995117,0
2025-11-20,585.66998291,0
2025-11-21,590.070007324,0
2025-11-24,605.159973145,0
2025-11-25,608.890014648,0
2025-11-26,614.270019531,0
2025-11-28,619.25,0
2025-12-01,617.16998291,0
2025-12-02,622,0
2025-12-03,623.520019531,0
2025-12-04,622.940002441,0
2025-12-05,625.479980469,0
2025-12-08,624.280029297,0
2025-12-09,625.049987793,0
2025-12-10,627.609985352,0
2025-12-11,625.58001709,0
2025-12-12,613.619995117,0
2025-12-15,610.539978027,0
2025-12-16,611.75,0
2025-12-17,600.409973145,0
2025-12-18,609.109985352,0
2025-12-19,617.049987793,0
2025-12-22,619.210021973,0.794
2025-12-23,622.109985352,0
2025-12-24,623.929992676,0
2025-12-26,623.890014648,0
2025-12-29,620.869995117,0
2025-12-30,619.429992676,0
2025-12-31,614.309997559,0
2026-01-02,613.119995117,0
2026-01-05,617.989990234,0
2026-01-06,623.41998291,0
2026-01-07,624.020019531,0
2026-01-08,620.469970703,0
2026-01-09,626.650024414,0
2026-01-12,627.16998291,0
2026-01-13,626.239990234,0
2026-01-14,619.549987793,0
2026-01-15,621.780029297,0
2026-01-16,621.260009766,0
2026-01-20,608.059997559,0
2026-01-21,616.280029297,0
2026-01-22,620.760009766,0
2026-01-23,622.719970703,0
2026-01-26,625.460021973,0
2026-01-27,631.130004883,0
2026-01-28,633.219970703,0
2026-01-29,629.429992676,0
2026-01-30,621.869995117,0
2026-02-02,626.140014648,0
2026-02-03,616.520019531,0
2026-02-04,605.75,0
2026-02-05,597.030029297,0
2026-02-06,609.650024414,0
2026-02-09,614.320007324,0
2026-02-10,611.469970703,0
2026-02-11,613.109985352,0
2026-02-12,600.640014648,0
2026-02-13,601.91998291,0
2026-02-17,601.299987793,0
2026-02-18,605.789978027,0
2026-02-19,603.469970703,0
2026-02-20,608.809997559,0
2026-02-23,601.409973145,0
2026-02-24,607.869995117,0
2026-02-25,616.679992676,0
2026-02-26,609.239990234,0
2026-02-27,607.289978027,0
2026-03-02,608.090026855,0
2026-03-03,601.58001709,0
2026-03-04,610.75,0
2026-03-05,608.909973145,0
2026-03-06,599.75,0
2026-03-09,607.760009766,0
2026-03-10,607.770019531,0
2026-03-11,607.690002441,0
2026-03-12,597.260009766,0
2026-03-13,593.719970703,0
2026-03-16,600.380004883,0
2026-03-17,603.309997559,0
2026-03-18,594.900024414,0
2026-03-19,593.020019531,0
2026-03-20,582.059997559,0
2026-03-23,588,0.733
2026-03-24,583.979980469,0
2026-03-25,587.820007324,0
2026-03-26,573.789978027,0
2026-03-27,562.58001709,0
2026-03-30,558.280029297,0
2026-03-31,577.179992676,0
2026-04-01,584.309997559,0
2026-04-02,584.979980469,0
2026-04-06,588.5,0
2026-04-07,588.590026855,0
2026-04-08,606.090026855,0
2026-04-09,610.190002441,0
2026-04-10,611.070007324,0
2026-04-13,617.390014648,0
2026-04-14,628.599975586,0
2026-04-15,637.400024414,0
2026-04-16,640.469970703,0
2026-04-17,648.849975586,0
2026-04-20,646.789978027,0
2026-04-21,644.33001709,0
2026-04-22,655.109985352,0
2026-04-23,651.41998291,0
2026-04-24,663.880004883,0
2026-04-27,664.229980469,0
2026-04-28,657.549987793,0
2026-04-29,661.570007324,0
2026-04-30,667.739990234,0
2026-05-01,674.150024414,0
2026-05-04,672.880004883,0
2026-05-05,681.609985352,0
2026-05-06,695.770019531,0
2026-05-07,694.940002441,0
2026-05-08,711.229980469,0
2026-05-11,713.289978027,0
2026-05-12,707.239990234,0
2026-05-13,714.710021973,0
2026-05-14,719.789978027,0
2026-05-15,708.929992676,0
2026-05-18,705.880004883,0
2026-05-19,701.530029297,0
2026-05-20,713.150024414,0
2026-05-21,714.510009766,0
2026-05-22,717.539978027,0
2026-05-26,730.280029297,0
2026-05-27,729.450012207,0
2026-05-28,735.599975586,0
2026-05-29,738.309997559,0
2026-06-01,742.739990234,0
2026-06-02,746.159973145,0
2026-06-03,744.210021973,0
2026-06-04,740.609985352,0
2026-06-05,705.059997559,0
2026-06-08,716.070007324,0
2026-06-09,707.83001709,0
2026-06-10,693.690002441,0
2026-06-11,717.119995117,0
2026-06-12,721.340026855,0
2026-06-15,744,0
2026-06-16,729.859985352,0
2026-06-17,722.510009766,0
2026-06-18,740.619995117,0
2026-06-22,737.950012207,0.813
2026-06-23,713.650024414,0
2026-06-24,710.619995117,0
2026-06-25,716.380004883,0
2026-06-26,706.520019531,0
2026-06-29,724.08001709,0
2026-06-30,736.400024414,0
2026-07-01,725.16998291,0
2026-07-02,712.599975586,0
2026-07-06,722.820007324,0
2026-07-07,709.429992676,0
2026-07-08,711.440002441,0
2026-07-09,723.280029297,0
2026-07-10,725.510009766,0
2026-07-13,711.739990234,0
2026-07-14,719.690002441,0
2026-07-15,717.739990234,0
2026-07-16,705.940002441,0
2026-07-17,695.33001709,0
2026-07-20,696.059997559,0
2026-07-21,708.969970703,0
2026-07-22,705.349975586,0
2026-07-23,691.960021973,0
2026-07-24,684.229980469,0
2026-07-27,682.119995117,0
2026-07-28,675.489990234,0
2026-07-29,661.729980469,0
2026-07-30,683.549987793,0
2026-07-31,687.989990234,0
2026-08-03,700.070007324,0
2026-08-04,723.849975586,0
2026-08-05,717.299987793,0
2026-08-06,714.650024414,0
2026-08-07,723.030029297,0
2026-08-10,720.869995117,0
2026-08-11,718.450012207,0
2026-08-12,723.700012207,0
2026-08-13,732.070007324,0
2026-08-14,731.070007324,0
2026-08-17,729.869995117,0
2026-08-18,717.510009766,0
2026-08-19,716.08001709,0
2026-08-20,710.929992676,0
2026-08-21,713.440002441,0
2026-08-24,706.320007324,0
2026-08-25,710.719970703,0
2026-08-26,711.369995117,0
2026-08-27,721.109985352,0
2026-08-28,716.429992676,0
2026-08-31,716.760009766,0
2026-09-01,707.640014648,0
2026-09-02,709.239990234,0
2026-09-03,717.66998291,0
2026-09-04,718.960021973,0
