date,close,dividend
2011-10-20,8.32666683197,0
2011-10-21,8.48999977112,0
2011-10-24,8.53666687012,0
2011-10-25,8.39666652679,0
2011-10-26,8.48333263397,0
2011-10-27,8.67666721344,0
2011-10-28,8.67000007629,0
2011-10-31,8.5,0
2011-11-01,8.30666732788,0
2011-11-02,8.41666698456,0
2011-11-03,8.55000019073,0
2011-11-04,8.51333332062,0
2011-11-07,8.56333255768,0
2011-11-08,8.67000007629,0
2011-11-09,8.40999984741,0
2011-11-10,8.49333286285,0
2011-11-11,8.64999961853,0
2011-11-14,8.59000015259,0
2011-11-15,8.62333297729,0
2011-11-16,8.49666690826,0
2011-11-17,8.39333343506,0
2011-11-18,8.42666721344,0
2011-11-21,8.27000045776,0
2011-11-22,8.23999977112,0
2011-11-23,8.09666728973,0
2011-11-25,8.08333301544,0
2011-11-28,8.27333259583,0
2011-11-29,8.32999992371,0
2011-11-30,8.64000034332,0
2011-12-01,8.62666702271,0
2011-12-02,8.60666656494,0
2011-12-05,8.67000007629,0
2011-12-06,8.69666671753,0
2011-12-07,8.72666740417,0
2011-12-08,8.58333301544,0
2011-12-09,8.69999980927,0
2011-12-12,8.58666706085,0
2011-12-13,8.52666664124,0
2011-12-14,8.46000003815,0
2011-12-15,8.49666690826,0
2011-12-16,8.5,0
2011-12-19,8.39999961853,0.040667
2011-12-20,8.60999965668,0
2011-12-21,8.64333343506,0
2011-12-22,8.68333339691,0
2011-12-23,8.76000022888,0
2011-12-27,8.78666687012,0
2011-12-28,8.69333267212,0
2011-12-29,8.77666664124,0
2011-12-30,8.72666740417,0
2012-01-03,8.80666732788,0
2012-01-04,8.80666732788,0
2012-01-05,8.80000019073,0
2012-01-06,8.76000022888,0
2012-01-09,8.77999973297,0
2012-01-10,8.84000015259,0
2012-01-11,8.80666732788,0
2012-01-12,8.81333255768,0
2012-01-13,8.76666736603,0
2012-01-17,8.81666660309,0
2012-01-18,8.89333343506,0
2012-01-19,8.93000030518,0
2012-01-20,8.94666671753,0
2012-01-23,8.94666671753,0
2012-01-24,8.93666744232,0
2012-01-25,8.98999977112,0
2012-01-26,8.95666694641,0
2012-01-27,8.91666698456,0
2012-01-30,8.88666725159,0
2012-01-31,8.86999988556,0
2012-02-01,8.92666721344,0
2012-02-02,8.93000030518,0
2012-02-03,9.02333259583,0
2012-02-06,9.01666736603,0
2012-02-07,9.03333282471,0
2012-02-08,9.03333282471,0
2012-02-09,9.02999973297,0
2012-02-10,8.97999954224,0
2012-02-13,9.02000045776,0
2012-02-14,9.02000045776,0
2012-02-15,8.97333335876,0
2012-02-16,9.046667099,0
2012-02-17,9.10333347321,0
2012-02-21,9.07666683197,0
2012-02-22,9.06333255768,0
2012-02-23,9.10000038147,0
2012-02-24,9.12333297729,0
2012-02-27,9.12666702271,0
2012-02-28,9.15666675568,0
2012-02-29,9.12333297729,0
2012-03-01,9.14666652679,0
2012-03-02,9.12666702271,0
2012-03-05,9.11666679382,0
2012-03-06,9.01000022888,0
2012-03-07,9.05666732788,0
2012-03-08,9.11333274841,0
2012-03-09,9.13333320618,0
2012-03-12,9.17333316803,0
2012-03-13,9.27999973297,0
2012-03-14,9.26000022888,0
2012-03-15,9.28666687012,0
2012-03-16,9.28666687012,0
2012-03-19,9.26000022888,0.046
2012-03-20,9.22999954224,0
2012-03-21,9.21666717529,0
2012-03-22,9.17333316803,0
2012-03-23,9.19333267212,0
2012-03-26,9.30000019073,0
2012-03-27,9.29333305359,0
2012-03-28,9.25,0
2012-03-29,9.26666736603,0
2012-03-30,9.296667099,0
2012-04-02,9.35666656494,0
2012-04-03,9.31333255768,0
2012-04-04,9.26333332062,0
2012-04-05,9.25,0
2012-04-09,9.15333271027,0
2012-04-10,9.02333259583,0
2012-04-11,9.07999992371,0
2012-04-12,9.16666698456,0
2012-04-13,9.09666728973,0
2012-04-16,9.13666725159,0
2012-04-17,9.23666667938,0
2012-04-18,9.21333312988,0
2012-04-19,9.17000007629,0
2012-04-20,9.21333312988,0
2012-04-23,9.13000011444,0
2012-04-24,9.15333271027,0
2012-04-25,9.23999977112,0
2012-04-26,9.296667099,0
2012-04-27,9.30666732788,0
2012-04-30,9.28666687012,0
2012-05-01,9.32999992371,0
2012-05-02,9.31666660309,0
2012-05-03,9.28999996185,0
2012-05-04,9.18999958038,0
2012-05-07,9.18666744232,0
2012-05-08,9.16333293915,0
2012-05-09,9.09000015259,0
2012-05-10,9.11999988556,0
2012-05-11,9.11999988556,0
2012-05-14,9.05666732788,0
2012-05-15,9.02666664124,0
2012-05-16,9.02666664124,0
2012-05-17,8.92333316803,0
2012-05-18,8.85666656494,0
2012-05-21,8.94333267212,0
2012-05-22,8.94999980927,0
2012-05-23,8.93999958038,0
2012-05-24,9,0
2012-05-25,8.96333312988,0
2012-05-29,9.03999996185,0
2012-05-30,8.93666744232,0
2012-05-31,8.93333339691,0
2012-06-01,8.76333332062,0
2012-06-04,8.76333332062,0
2012-06-05,8.78999996185,0
2012-06-06,8.94666671753,0
2012-06-07,8.99666690826,0
2012-06-08,9.05000019073,0
2012-06-11,8.98666667938,0
2012-06-12,9.07333278656,0
2012-06-13,9.03333282471,0
2012-06-14,9.12666702271,0
2012-06-15,9.19666671753,0
2012-06-18,9.14000034332,0.068667
2012-06-19,9.19999980927,0
2012-06-20,9.15666675568,0
2012-06-21,9.01000022888,0
2012-06-22,9.05666732788,0
2012-06-25,8.94666671753,0
2012-06-26,8.98333263397,0
2012-06-27,9.05666732788,0
2012-06-28,9.05333328247,0
2012-06-29,9.25333309174,0
2012-07-02,9.25333309174,0
2012-07-03,9.30000019073,0
2012-07-05,9.28333282471,0
2012-07-06,9.22666740417,0
2012-07-09,9.21333312988,0
2012-07-10,9.18333339691,0
2012-07-11,9.17333316803,0
2012-07-12,9.16333293915,0
2012-07-13,9.28666687012,0
2012-07-16,9.27000045776,0
2012-07-17,9.33333301544,0
2012-07-18,9.40333271027,0
2012-07-19,9.43666744232,0
2012-07-20,9.36666679382,0
2012-07-23,9.28333282471,0
2012-07-24,9.203332901,0
2012-07-25,9.22999954224,0
2012-07-26,9.37666702271,0
2012-07-27,9.50333309174,0
2012-07-30,9.52000045776,0
2012-07-31,9.47999954224,0
2012-08-01,9.46333312988,0
2012-08-02,9.37666702271,0
2012-08-03,9.51666736603,0
2012-08-06,9.50333309174,0
2012-08-07,9.52000045776,0
2012-08-08,9.53999996185,0
2012-08-09,9.52666664124,0
2012-08-10,9.56000041962,0
2012-08-13,9.546667099,0
2012-08-14,9.56999969482,0
2012-08-15,9.57333278656,0
2012-08-16,9.61333274841,0
2012-08-17,9.61333274841,0
2012-08-20,9.60666656494,0
2012-08-21,9.56666660309,0
2012-08-22,9.53999996185,0
2012-08-23,9.48333263397,0
2012-08-24,9.55000019073,0
2012-08-27,9.546667099,0
2012-08-28,9.55000019073,0
2012-08-29,9.53666687012,0
2012-08-30,9.48999977112,0
2012-08-31,9.53666687012,0
2012-09-04,9.50666713715,0
2012-09-05,9.49333286285,0
2012-09-06,9.64999961853,0
2012-09-07,9.63666725159,0
2012-09-10,9.59000015259,0
2012-09-11,9.60999965668,0
2012-09-12,9.59333324432,0
2012-09-13,9.71666717529,0
2012-09-14,9.72666740417,0
2012-09-17,9.64999961853,0.069333
2012-09-18,9.65333271027,0
2012-09-19,9.64999961853,0
2012-09-20,9.65333271027,0
2012-09-21,9.65333271027,0
2012-09-24,9.67000007629,0
2012-09-25,9.60666656494,0
2012-09-26,9.57333278656,0
2012-09-27,9.62333297729,0
2012-09-28,9.58333301544,0
2012-10-01,9.61666679382,0
2012-10-02,9.60666656494,0
2012-10-03,9.62666702271,0
2012-10-04,9.67666721344,0
2012-10-05,9.72333335876,0
2012-10-08,9.71000003815,0
2012-10-09,9.63666725159,0
2012-10-10,9.55333328247,0
2012-10-11,9.55333328247,0
2012-10-12,9.546667099,0
2012-10-15,9.63666725159,0
2012-10-16,9.71666717529,0
2012-10-17,9.74333286285,0
2012-10-18,9.75333309174,0
2012-10-19,9.61999988556,0
2012-10-22,9.60666656494,0
2012-10-23,9.47666740417,0
2012-10-24,9.453332901,0
2012-10-25,9.5,0
2012-10-26,9.47999954224,0
2012-10-31,9.49333286285,0
2012-11-01,9.56333255768,0
2012-11-02,9.47999954224,0
2012-11-05,9.48333263397,0
2012-11-06,9.55666732788,0
2012-11-07,9.39333343506,0
2012-11-08,9.28666687012,0
2012-11-09,9.296667099,0
2012-11-12,9.30000019073,0
2012-11-13,9.29333305359,0
2012-11-14,9.18000030518,0
2012-11-15,9.14666652679,0
2012-11-16,9.18999958038,0
2012-11-19,9.31333255768,0
2012-11-20,9.31999969482,0
2012-11-21,9.34000015259,0
2012-11-23,9.45666694641,0
2012-11-26,9.43666744232,0
2012-11-27,9.40999984741,0
2012-11-28,9.48333263397,0
2012-11-29,9.50333309174,0
2012-11-30,9.53666687012,0
2012-12-03,9.47000026703,0
2012-12-04,9.47000026703,0
2012-12-05,9.5,0
2012-12-06,9.53999996185,0
2012-12-07,9.58666706085,0
2012-12-10,9.59333324432,0
2012-12-11,9.64000034332,0
2012-12-12,9.61999988556,0
2012-12-13,9.56999969482,0
2012-12-14,9.56000041962,0
2012-12-17,9.61999988556,0
2012-12-18,9.69999980927,0
2012-12-19,9.63666725159,0
2012-12-20,9.68000030518,0
2012-12-21,9.60999965668,0
2012-12-24,9.48666667938,0.086
2012-12-26,9.43999958038,0
2012-12-27,9.43000030518,0
2012-12-28,9.31999969482,0
2012-12-31,9.44666671753,0
2013-01-02,9.64999961853,0
2013-01-03,9.64333343506,0
2013-01-04,9.69333267212,0
2013-01-07,9.65999984741,0
2013-01-08,9.62666702271,0
2013-01-09,9.67000007629,0
2013-01-10,9.72999954224,0
2013-01-11,9.73666667938,0
2013-01-14,9.76333332062,0
2013-01-15,9.78333282471,0
2013-01-16,9.77000045776,0
2013-01-17,9.86666679382,0
2013-01-18,9.88333320618,0
2013-01-22,9.90333271027,0
2013-01-23,9.91666698456,0
2013-01-24,9.95666694641,0
2013-01-25,10,0
2013-01-28,10,0
2013-01-29,10.0566673279,0
2013-01-30,10.016667366,0
2013-01-31,9.97000026703,0
2013-02-01,10.0666666031,0
2013-02-04,9.97000026703,0
2013-02-05,10.046667099,0
2013-02-06,10.0633325577,0
2013-02-07,10.0600004196,0
2013-02-08,10.0833330154,0
2013-02-11,10.0799999237,0
2013-02-12,10.0966672897,0
2013-02-13,10.0900001526,0
2013-02-14,10.0966672897,0
2013-02-15,10.1066665649,0
2013-02-19,10.1766672134,0
2013-02-20,10.1099996567,0
2013-02-21,10.0866670609,0
2013-02-22,10.1599998474,0
2013-02-25,10.0266666412,0
2013-02-26,10.0966672897,0
2013-02-27,10.203332901,0
2013-02-28,10.1800003052,0
2013-03-01,10.2166671753,0
2013-03-04,10.266667366,0
2013-03-05,10.3400001526,0
2013-03-06,10.3500003815,0
2013-03-07,10.3566665649,0
2013-03-08,10.3999996185,0
2013-03-11,10.4300003052,0
2013-03-12,10.4266672134,0
2013-03-13,10.4499998093,0
2013-03-14,10.4799995422,0
2013-03-15,10.4566669464,0
2013-03-18,10.3500003815,0.066333
2013-03-19,10.3733329773,0
2013-03-20,10.453332901,0
2013-03-21,10.4066667557,0
2013-03-22,10.4933328629,0
2013-03-25,10.4566669464,0
2013-03-26,10.5533332825,0
2013-03-27,10.5533332825,0
2013-03-28,10.5966672897,0
2013-04-01,10.5733327866,0
2013-04-02,10.6166667938,0
2013-04-03,10.529999733,0
2013-04-04,10.5666666031,0
2013-04-05,10.5266666412,0
2013-04-08,10.5833330154,0
2013-04-09,10.6366672516,0
2013-04-10,10.733332634,0
2013-04-11,10.75,0
2013-04-12,10.7466669083,0
2013-04-15,10.5433330536,0
2013-04-16,10.6766672134,0
2013-04-17,10.5933332443,0
2013-04-18,10.5699996948,0
2013-04-19,10.6999998093,0
2013-04-22,10.7566671371,0
2013-04-23,10.8466672897,0
2013-04-24,10.8199996948,0
2013-04-25,10.8366670609,0
2013-04-26,10.8299999237,0
2013-04-29,10.8966665268,0
2013-04-30,10.9133329391,0
2013-05-01,10.8366670609,0
2013-05-02,10.9333333969,0
2013-05-03,11.0266666412,0
2013-05-06,11.016667366,0
2013-05-07,11.0633325577,0
2013-05-08,11.0699996948,0
2013-05-09,11.0566673279,0
2013-05-10,11.0833330154,0
2013-05-13,11.0933332443,0
2013-05-14,11.2100000381,0
2013-05-15,11.296667099,0
2013-05-16,11.2233333588,0
2013-05-17,11.3233327866,0
2013-05-20,11.3133325577,0
2013-05-21,11.3400001526,0
2013-05-22,11.279999733,0
2013-05-23,11.25,0
2013-05-24,11.2733325958,0
2013-05-28,11.3366670609,0
2013-05-29,11.203332901,0
2013-05-30,11.220000267,0
2013-05-31,11.0666666031,0
2013-06-03,11.173333168,0
2013-06-04,11.1199998856,0
2013-06-05,10.9799995422,0
2013-06-06,11.0433330536,0
2013-06-07,11.1933326721,0
2013-06-10,11.1899995804,0
2013-06-11,11.1099996567,0
2013-06-12,11.0266666412,0
2013-06-13,11.1499996185,0
2013-06-14,11.1066665649,0
2013-06-17,11.1866674423,0
2013-06-18,11.2633333206,0
2013-06-19,11.0933332443,0
2013-06-20,10.8233327866,0
2013-06-21,10.8933334351,0
2013-06-24,10.7299995422,0.075
2013-06-25,10.7866668701,0
2013-06-26,10.9200000763,0
2013-06-27,10.9600000381,0
2013-06-28,10.8999996185,0
2013-07-01,10.9666671753,0
2013-07-02,10.9499998093,0
2013-07-03,10.9499998093,0
2013-07-05,11.0333328247,0
2013-07-08,11.1066665649,0
2013-07-09,11.1966667175,0
2013-07-10,11.203332901,0
2013-07-11,11.3666667938,0
2013-07-12,11.3666667938,0
2013-07-15,11.4033327103,0
2013-07-16,11.3633327484,0
2013-07-17,11.3866672516,0
2013-07-18,11.4133329391,0
2013-07-19,11.4099998474,0
2013-07-22,11.4066667557,0
2013-07-23,11.423333168,0
2013-07-24,11.3866672516,0
2013-07-25,11.3966665268,0
2013-07-26,11.4066667557,0
2013-07-29,11.3766670227,0
2013-07-30,11.3933334351,0
2013-07-31,11.3999996185,0
2013-08-01,11.4966669083,0
2013-08-02,11.5033330917,0
2013-08-05,11.483332634,0
2013-08-06,11.4566669464,0
2013-08-07,11.4300003052,0
2013-08-08,11.4666671753,0
2013-08-09,11.423333168,0
2013-08-12,11.3933334351,0
2013-08-13,11.4166669846,0
2013-08-14,11.3366670609,0
2013-08-15,11.1633329391,0
2013-08-16,11.1300001144,0
2013-08-19,11.0933332443,0
2013-08-20,11.0966672897,0
2013-08-21,11.016667366,0
2013-08-22,11.0966672897,0
2013-08-23,11.1833333969,0
2013-08-26,11.1166667938,0
2013-08-27,10.9799995422,0
2013-08-28,11.016667366,0
2013-08-29,11.0200004578,0
2013-08-30,10.9966669083,0
2013-09-03,10.9933328629,0
2013-09-04,11.0799999237,0
2013-09-05,11.0733327866,0
2013-09-06,11.0733327866,0
2013-09-09,11.173333168,0
2013-09-10,11.2600002289,0
2013-09-11,11.3133325577,0
2013-09-12,11.2899999619,0
2013-09-13,11.3599996567,0
2013-09-16,11.4466667175,0
2013-09-17,11.4866666794,0
2013-09-18,11.6199998856,0
2013-09-19,11.6266670227,0
2013-09-20,11.5233325958,0
2013-09-23,11.4033327103,0.077
2013-09-24,11.3766670227,0
2013-09-25,11.3166666031,0
2013-09-26,11.3466672897,0
2013-09-27,11.2833328247,0
2013-09-30,11.2166671753,0
2013-10-01,11.2700004578,0
2013-10-02,11.233332634,0
2013-10-03,11.1366672516,0
2013-10-04,11.1833333969,0
2013-10-07,11.1199998856,0
2013-10-08,11.0399999619,0
2013-10-09,11.046667099,0
2013-10-10,11.279999733,0
2013-10-11,11.3533334732,0
2013-10-14,11.3966665268,0
2013-10-15,11.3133325577,0
2013-10-16,11.4433326721,0
2013-10-17,11.5399999619,0
2013-10-18,11.5433330536,0
2013-10-21,11.5266666412,0
2013-10-22,11.6099996567,0
2013-10-23,11.5966672897,0
2013-10-24,11.6366672516,0
2013-10-25,11.7133331299,0
2013-10-28,11.7733325958,0
2013-10-29,11.8599996567,0
2013-10-30,11.779999733,0
2013-10-31,11.7766666412,0
2013-11-01,11.8000001907,0
2013-11-04,11.8400001526,0
2013-11-05,11.8299999237,0
2013-11-06,11.9433326721,0
2013-11-07,11.8066673279,0
2013-11-08,11.9133329391,0
2013-11-11,11.9133329391,0
2013-11-12,11.8966665268,0
2013-11-13,11.9666671753,0
2013-11-14,12.0433330536,0
2013-11-15,12.076666832,0
2013-11-18,12.0533332825,0
2013-11-19,12.0366668701,0
2013-11-20,11.9966669083,0
2013-11-21,12.0666666031,0
2013-11-22,12.1166667938,0
2013-11-25,12.0966672897,0
2013-11-26,12.0733327866,0
2013-11-27,12.0866670609,0
2013-11-29,12.076666832,0
2013-12-02,12.0200004578,0
2013-12-03,12.0033330917,0
2013-12-04,11.9666671753,0
2013-12-05,11.9166669846,0
2013-12-06,12.0866670609,0
2013-12-09,12.1000003815,0
2013-12-10,12.029999733,0
2013-12-11,11.9333333969,0
2013-12-12,11.8466672897,0
2013-12-13,11.8400001526,0
2013-12-16,11.8999996185,0
2013-12-17,11.8699998856,0
2013-12-18,12.0666666031,0
2013-12-19,12.0533332825,0
2013-12-20,12.1233329773,0
2013-12-23,12.0533332825,0.083
2013-12-24,12.0933332443,0
2013-12-26,12.1800003052,0
2013-12-27,12.1833333969,0
2013-12-30,12.1866674423,0
2013-12-31,12.220000267,0
2014-01-02,12.1000003815,0
2014-01-03,12.1166667938,0
2014-01-06,12.0733327866,0
2014-01-07,12.1400003433,0
2014-01-08,12.0966672897,0
2014-01-09,12.1166667938,0
2014-01-10,12.1533327103,0
2014-01-13,12.0066671371,0
2014-01-14,12.1099996567,0
2014-01-15,12.1366672516,0
2014-01-16,12.1400003433,0
2014-01-17,12.0799999237,0
2014-01-21,12.0900001526,0
2014-01-22,12.1099996567,0
2014-01-23,11.9866666794,0
2014-01-24,11.779999733,0
2014-01-27,11.7466669083,0
2014-01-28,11.8166666031,0
2014-01-29,11.6933326721,0
2014-01-30,11.7399997711,0
2014-01-31,11.6766672134,0
2014-02-03,11.4033327103,0
2014-02-04,11.423333168,0
2014-02-05,11.4200000763,0
2014-02-06,11.5366668701,0
2014-02-07,11.6766672134,0
2014-02-10,11.703332901,0
2014-02-11,11.8333330154,0
2014-02-12,11.8400001526,0
2014-02-13,11.8833332062,0
2014-02-14,11.970000267,0
2014-02-18,11.9366674423,0
2014-02-19,11.8766670227,0
2014-02-20,11.9666671753,0
2014-02-21,11.9366674423,0
2014-02-24,12,0
2014-02-25,12.0133333206,0
2014-02-26,12.0133333206,0
2014-02-27,12.0733327866,0
2014-02-28,12.1300001144,0
2014-03-03,12.0433330536,0
2014-03-04,12.2100000381,0
2014-03-05,12.173333168,0
2014-03-06,12.1766672134,0
2014-03-07,12.2100000381,0
2014-03-10,12.203332901,0
2014-03-11,12.1666669846,0
2014-03-12,12.1866674423,0
2014-03-13,12.0566673279,0
2014-03-14,12.046667099,0
2014-03-17,12.1533327103,0
2014-03-18,12.2133331299,0
2014-03-19,12.1366672516,0
2014-03-20,12.1933326721,0
2014-03-21,12.1766672134,0
2014-03-24,12.0833330154,0.082667
2014-03-25,12.1633329391,0
2014-03-26,12.1166667938,0
2014-03-27,12.1300001144,0
2014-03-28,12.1999998093,0
2014-03-31,12.2833328247,0
2014-04-01,12.3166666031,0
2014-04-02,12.3566665649,0
2014-04-03,12.3699998856,0
2014-04-04,12.2733325958,0
2014-04-07,12.203332901,0
2014-04-08,12.2466669083,0
2014-04-09,12.3333330154,0
2014-04-10,12.1599998474,0
2014-04-11,12.0833330154,0
2014-04-14,12.1599998474,0
2014-04-15,12.25,0
2014-04-16,12.3566665649,0
2014-04-17,12.423333168,0
2014-04-21,12.453332901,0
2014-04-22,12.4499998093,0
2014-04-23,12.423333168,0
2014-04-24,12.3999996185,0
2014-04-25,12.3533334732,0
2014-04-28,12.4766674042,0
2014-04-29,12.4799995422,0
2014-04-30,12.5066671371,0
2014-05-01,12.4633331299,0
2014-05-02,12.4666671753,0
2014-05-05,12.4633331299,0
2014-05-06,12.3866672516,0
2014-05-07,12.4866666794,0
2014-05-08,12.4933328629,0
2014-05-09,12.5200004578,0
2014-05-12,12.5799999237,0
2014-05-13,12.6000003815,0
2014-05-14,12.5600004196,0
2014-05-15,12.4399995804,0
2014-05-16,12.483332634,0
2014-05-19,12.4799995422,0
2014-05-20,12.4133329391,0
2014-05-21,12.5066671371,0
2014-05-22,12.5133333206,0
2014-05-23,12.5399999619,0
2014-05-27,12.5699996948,0
2014-05-28,12.5666666031,0
2014-05-29,12.6199998856,0
2014-05-30,12.673333168,0
2014-06-02,12.6700000763,0
2014-06-03,12.6466665268,0
2014-06-04,12.6400003433,0
2014-06-05,12.720000267,0
2014-06-06,12.7566671371,0
2014-06-09,12.7766666412,0
2014-06-10,12.7833328247,0
2014-06-11,12.7299995422,0
2014-06-12,12.6566667557,0
2014-06-13,12.7233333588,0
2014-06-16,12.7833328247,0
2014-06-17,12.7899999619,0
2014-06-18,12.8733329773,0
2014-06-19,12.9099998474,0
2014-06-20,12.9466667175,0
2014-06-23,12.8433332443,0.089667
2014-06-24,12.766667366,0
2014-06-25,12.8000001907,0
2014-06-26,12.7733325958,0
2014-06-27,12.7933330536,0
2014-06-30,12.7566671371,0
2014-07-01,12.8166666031,0
2014-07-02,12.8366670609,0
2014-07-03,12.8999996185,0
2014-07-07,12.8800001144,0
2014-07-08,12.8333330154,0
2014-07-09,12.8699998856,0
2014-07-10,12.8500003815,0
2014-07-11,12.8533334732,0
2014-07-14,12.9099998474,0
2014-07-15,12.8933334351,0
2014-07-16,13,0
2014-07-17,12.8666667938,0
2014-07-18,12.9566669464,0
2014-07-21,12.9399995804,0
2014-07-22,12.9633331299,0
2014-07-23,12.9633331299,0
2014-07-24,12.9566669464,0
2014-07-25,12.9066667557,0
2014-07-28,12.8866672516,0
2014-07-29,12.8299999237,0
2014-07-30,12.7766666412,0
2014-07-31,12.5366668701,0
2014-08-01,12.5066671371,0
2014-08-04,12.5699996948,0
2014-08-05,12.453332901,0
2014-08-06,12.4766674042,0
2014-08-07,12.4200000763,0
2014-08-08,12.5533332825,0
2014-08-11,12.5799999237,0
2014-08-12,12.5733327866,0
2014-08-13,12.6499996185,0
2014-08-14,12.6866674423,0
2014-08-15,12.6933326721,0
2014-08-18,12.779999733,0
2014-08-19,12.8366670609,0
2014-08-20,12.8800001144,0
2014-08-21,12.9200000763,0
2014-08-22,12.8800001144,0
2014-08-25,12.923333168,0
2014-08-26,12.9300003052,0
2014-08-27,12.9399995804,0
2014-08-28,12.9366674423,0
2014-08-29,12.9666671753,0
2014-09-02,12.9266672134,0
2014-09-03,12.9466667175,0
2014-09-04,12.9566669464,0
2014-09-05,13.016667366,0
2014-09-08,12.9766674042,0
2014-09-09,12.9166669846,0
2014-09-10,12.9433326721,0
2014-09-11,12.953332901,0
2014-09-12,12.8733329773,0
2014-09-15,12.9166669846,0
2014-09-16,13.0100002289,0
2014-09-17,13.0266666412,0
2014-09-18,13.0933332443,0
2014-09-19,13.1366672516,0
2014-09-22,12.9799995422,0.084667
2014-09-23,12.8900003433,0
2014-09-24,12.9933328629,0
2014-09-25,12.826666832,0
2014-09-26,12.9033327103,0
2014-09-29,12.8966665268,0
2014-09-30,12.8533334732,0
2014-10-01,12.6899995804,0
2014-10-02,12.6666669846,0
2014-10-03,12.7833328247,0
2014-10-06,12.7933330536,0
2014-10-07,12.6233329773,0
2014-10-08,12.8199996948,0
2014-10-09,12.5900001526,0
2014-10-10,12.4799995422,0
2014-10-13,12.3066673279,0
2014-10-14,12.3166666031,0
2014-10-15,12.2433328629,0
2014-10-16,12.203332901,0
2014-10-17,12.3533334732,0
2014-10-20,12.4600000381,0
2014-10-21,12.6333332062,0
2014-10-22,12.5666666031,0
2014-10-23,12.6533327103,0
2014-10-24,12.7700004578,0
2014-10-27,12.7766666412,0
2014-10-28,12.8866672516,0
2014-10-29,12.9066667557,0
2014-10-30,12.9466667175,0
2014-10-31,13.1066665649,0
2014-11-03,13.0933332443,0
2014-11-04,13.1133327484,0
2014-11-05,13.1700000763,0
2014-11-06,13.2266674042,0
2014-11-07,13.2433328629,0
2014-11-10,13.2766666412,0
2014-11-11,13.279999733,0
2014-11-12,13.2933330536,0
2014-11-13,13.3199996948,0
2014-11-14,13.3233327866,0
2014-11-17,13.3366670609,0
2014-11-18,13.3833332062,0
2014-11-19,13.3966665268,0
2014-11-20,13.4300003052,0
2014-11-21,13.4866666794,0
2014-11-24,13.453332901,0
2014-11-25,13.4433326721,0
2014-11-26,13.4933328629,0
2014-11-28,13.4966669083,0
2014-12-01,13.4566669464,0
2014-12-02,13.5233325958,0
2014-12-03,13.5399999619,0
2014-12-04,13.516667366,0
2014-12-05,13.5266666412,0
2014-12-08,13.4266672134,0
2014-12-09,13.3500003815,0
2014-12-10,13.1566667557,0
2014-12-11,13.2100000381,0
2014-12-12,12.9966669083,0
2014-12-15,12.9399995804,0
2014-12-16,12.8900003433,0
2014-12-17,13.1166667938,0
2014-12-18,13.4133329391,0
2014-12-19,13.4499998093,0
2014-12-22,13.4399995804,0.091667
2014-12-23,13.4966669083,0
2014-12-24,13.4799995422,0
2014-12-26,13.5,0
2014-12-29,13.4733333588,0
2014-12-30,13.4133329391,0
2014-12-31,13.2833328247,0
2015-01-02,13.2700004578,0
2015-01-05,13.0833330154,0
2015-01-06,13.0033330917,0
2015-01-07,13.1566667557,0
2015-01-08,13.3999996185,0
2015-01-09,13.296667099,0
2015-01-12,13.2233333588,0
2015-01-13,13.1933326721,0
2015-01-14,13.1300001144,0
2015-01-15,13.0799999237,0
2015-01-16,13.2566671371,0
2015-01-20,13.2700004578,0
2015-01-21,13.326666832,0
2015-01-22,13.483332634,0
2015-01-23,13.3133325577,0
2015-01-26,13.326666832,0
2015-01-27,13.1233329773,0
2015-01-28,12.953332901,0
2015-01-29,13.0799999237,0
2015-01-30,12.8699998856,0
2015-02-02,13.0500001907,0
2015-02-03,13.2533330917,0
2015-02-04,13.220000267,0
2015-02-05,13.3500003815,0
2015-02-06,13.3333330154,0
2015-02-09,13.2700004578,0
2015-02-10,13.4066667557,0
2015-02-11,13.4066667557,0
2015-02-12,13.5133333206,0
2015-02-13,13.5633325577,0
2015-02-17,13.5566673279,0
2015-02-18,13.5266666412,0
2015-02-19,13.5033330917,0
2015-02-20,13.5500001907,0
2015-02-23,13.5233325958,0
2015-02-24,13.5900001526,0
2015-02-25,13.5900001526,0
2015-02-26,13.5666666031,0
2015-02-27,13.5433330536,0
2015-03-02,13.6066665649,0
2015-03-03,13.5366668701,0
2015-03-04,13.4633331299,0
2015-03-05,13.4600000381,0
2015-03-06,13.2466669083,0
2015-03-09,13.3000001907,0
2015-03-10,13.1000003815,0
2015-03-11,13.0600004196,0
2015-03-12,13.173333168,0
2015-03-13,13.1099996567,0
2015-03-16,13.2600002289,0
2015-03-17,13.1933326721,0
2015-03-18,13.3400001526,0
2015-03-19,13.2566671371,0
2015-03-20,13.3900003433,0
2015-03-23,13.3166666031,0.09
2015-03-24,13.2299995422,0
2015-03-25,13.0533332825,0
2015-03-26,13.029999733,0
2015-03-27,13.076666832,0
2015-03-30,13.233332634,0
2015-03-31,13.1366672516,0
2015-04-01,13.0633325577,0
2015-04-02,13.0866670609,0
2015-04-06,13.1899995804,0
2015-04-07,13.1866674423,0
2015-04-08,13.1866674423,0
2015-04-09,13.2366666794,0
2015-04-10,13.2933330536,0
2015-04-13,13.2266674042,0
2015-04-14,13.266667366,0
2015-04-15,13.3400001526,0
2015-04-16,13.3166666031,0
2015-04-17,13.173333168,0
2015-04-20,13.3133325577,0
2015-04-21,13.2866668701,0
2015-04-22,13.3433332443,0
2015-04-23,13.3433332443,0
2015-04-24,13.3800001144,0
2015-04-27,13.3433332443,0
2015-04-28,13.4066667557,0
2015-04-29,13.3433332443,0
2015-04-30,13.2366666794,0
2015-05-01,13.3533334732,0
2015-05-04,13.3666667938,0
2015-05-05,13.2466669083,0
2015-05-06,13.1933326721,0
2015-05-07,13.233332634,0
2015-05-08,13.4033327103,0
2015-05-11,13.3433332443,0
2015-05-12,13.3033332825,0
2015-05-13,13.3166666031,0
2015-05-14,13.4600000381,0
2015-05-15,13.483332634,0
2015-05-18,13.4766674042,0
2015-05-19,13.4433326721,0
2015-05-20,13.4433326721,0
2015-05-21,13.4633331299,0
2015-05-22,13.3966665268,0
2015-05-26,13.279999733,0
2015-05-27,13.3699998856,0
2015-05-28,13.3599996567,0
2015-05-29,13.3033332825,0
2015-06-01,13.2933330536,0
2015-06-02,13.2766666412,0
2015-06-03,13.2733325958,0
2015-06-04,13.1466665268,0
2015-06-05,13.0699996948,0
2015-06-08,13.0133333206,0
2015-06-09,13.0200004578,0
2015-06-10,13.1599998474,0
2015-06-11,13.1999998093,0
2015-06-12,13.0933332443,0
2015-06-15,13.0100002289,0
2015-06-16,13.0833330154,0
2015-06-17,13.1266670227,0
2015-06-18,13.2566671371,0
2015-06-19,13.1899995804,0
2015-06-22,13.1766672134,0.102
2015-06-23,13.1533327103,0
2015-06-24,13.0566673279,0
2015-06-25,13.016667366,0
2015-06-26,13.0133333206,0
2015-06-29,12.7733325958,0
2015-06-30,12.7633333206,0
2015-07-01,12.8500003815,0
2015-07-02,12.8466672897,0
2015-07-06,12.8000001907,0
2015-07-07,12.9266672134,0
2015-07-08,12.7600002289,0
2015-07-09,12.7600002289,0
2015-07-10,12.8900003433,0
2015-07-13,13.029999733,0
2015-07-14,13.0633325577,0
2015-07-15,13.0233325958,0
2015-07-16,13.1066665649,0
2015-07-17,13.046667099,0
2015-07-20,13.0399999619,0
2015-07-21,12.9433326721,0
2015-07-22,12.8833332062,0
2015-07-23,12.826666832,0
2015-07-24,12.6866674423,0
2015-07-27,12.6333332062,0
2015-07-28,12.8166666031,0
2015-07-29,12.9099998474,0
2015-07-30,12.8999996185,0
2015-07-31,12.8533334732,0
2015-08-03,12.8100004196,0
2015-08-04,12.8066673279,0
2015-08-05,12.8666667938,0
2015-08-06,12.7899999619,0
2015-08-07,12.733332634,0
2015-08-10,12.8966665268,0
2015-08-11,12.8100004196,0
2015-08-12,12.8500003815,0
2015-08-13,12.8100004196,0
2015-08-14,12.8566665649,0
2015-08-17,12.8966665268,0
2015-08-18,12.8533334732,0
2015-08-19,12.733332634,0
2015-08-20,12.5533332825,0
2015-08-21,12.1966667175,0
2015-08-24,11.7433328629,0
2015-08-25,11.5433330536,0
2015-08-26,11.9633331299,0
2015-08-27,12.2233333588,0
2015-08-28,12.2366666794,0
2015-08-31,12.1700000763,0
2015-09-01,11.8366670609,0
2015-09-02,12.0433330536,0
2015-09-03,12.0900001526,0
2015-09-04,11.8966665268,0
2015-09-08,12.1866674423,0
2015-09-09,11.9966669083,0
2015-09-10,12.0333328247,0
2015-09-11,12.0833330154,0
2015-09-14,12.0233325958,0
2015-09-15,12.1899995804,0
2015-09-16,12.3000001907,0
2015-09-17,12.296667099,0
2015-09-18,12.1000003815,0
2015-09-21,12.0699996948,0.099667
2015-09-22,11.9466667175,0
2015-09-23,11.9166669846,0
2015-09-24,11.9133329391,0
2015-09-25,11.9466667175,0
2015-09-28,11.7566671371,0
2015-09-29,11.8000001907,0
2015-09-30,11.983332634,0
2015-10-01,11.9666671753,0
2015-10-02,12.1633329391,0
2015-10-05,12.3966665268,0
2015-10-06,12.4266672134,0
2015-10-07,12.5399999619,0
2015-10-08,12.6766672134,0
2015-10-09,12.6766672134,0
2015-10-12,12.6499996185,0
2015-10-13,12.5833330154,0
2015-10-14,12.5399999619,0
2015-10-15,12.6633329391,0
2015-10-16,12.733332634,0
2015-10-19,12.7133331299,0
2015-10-20,12.6899995804,0
2015-10-21,12.6566667557,0
2015-10-22,12.9666671753,0
2015-10-23,13.0900001526,0
2015-10-26,13.0566673279,0
2015-10-27,13.0066671371,0
2015-10-28,13.1233329773,0
2015-10-29,13.0866670609,0
2015-10-30,13.0333328247,0
2015-11-02,13.173333168,0
2015-11-03,13.2166671753,0
2015-11-04,13.173333168,0
2015-11-05,13.1133327484,0
2015-11-06,13.0799999237,0
2015-11-09,12.9399995804,0
2015-11-10,12.953332901,0
2015-11-11,12.9466667175,0
2015-11-12,12.766667366,0
2015-11-13,12.6533327103,0
2015-11-16,12.8599996567,0
2015-11-17,12.8666667938,0
2015-11-18,12.9933328629,0
2015-11-19,13.0233325958,0
2015-11-20,13.029999733,0
2015-11-23,13.0500001907,0
2015-11-24,13.1066665649,0
2015-11-25,13.0900001526,0
2015-11-27,13.1000003815,0
2015-11-30,13.0699996948,0
2015-12-01,13.1800003052,0
2015-12-02,13.0633325577,0
2015-12-03,12.9066667557,0
2015-12-04,13.1400003433,0
2015-12-07,13.076666832,0
2015-12-08,12.9566669464,0
2015-12-09,12.9166669846,0
2015-12-10,12.9600000381,0
2015-12-11,12.75,0
2015-12-14,12.8466672897,0
2015-12-15,12.9666671753,0
2015-12-16,13.1133327484,0
2015-12-17,12.9300003052,0
2015-12-18,12.7100000381,0
2015-12-21,12.7166671753,0.090667
2015-12-22,12.8500003815,0
2015-12-23,13.0133333206,0
2015-12-24,12.9799995422,0
2015-12-28,12.9433326721,0
2015-12-29,13.0733327866,0
2015-12-30,13,0
2015-12-31,12.8533334732,0
2016-01-04,12.7066669464,0
2016-01-05,12.779999733,0
2016-01-06,12.6266670227,0
2016-01-07,12.3633327484,0
2016-01-08,12.2299995422,0
2016-01-11,12.2533330917,0
2016-01-12,12.326666832,0
2016-01-13,12.0900001526,0
2016-01-14,12.2933330536,0
2016-01-15,12.0366668701,0
2016-01-19,12.0500001907,0
2016-01-20,11.8666667938,0
2016-01-21,11.970000267,0
2016-01-22,12.1933326721,0
2016-01-25,12.0600004196,0
2016-01-26,12.2633333206,0
2016-01-27,12.1933326721,0
2016-01-28,12.279999733,0
2016-01-29,12.5600004196,0
2016-02-01,12.5533332825,0
2016-02-02,12.3533334732,0
2016-02-03,12.4600000381,0
2016-02-04,12.4633331299,0
2016-02-05,12.3299999237,0
2016-02-08,12.3066673279,0
2016-02-09,12.2866668701,0
2016-02-10,12.220000267,0
2016-02-11,12.0933332443,0
2016-02-12,12.2866668701,0
2016-02-16,12.4366674423,0
2016-02-17,12.6166667938,0
2016-02-18,12.6199998856,0
2016-02-19,12.6000003815,0
2016-02-22,12.7399997711,0
2016-02-23,12.6366672516,0
2016-02-24,12.6933326721,0
2016-02-25,12.8366670609,0
2016-02-26,12.7533330917,0
2016-02-29,12.6533327103,0
2016-03-01,12.8800001144,0
2016-03-02,12.9433326721,0
2016-03-03,12.9733333588,0
2016-03-04,13.0233325958,0
2016-03-07,13.0666666031,0
2016-03-08,12.9866666794,0
2016-03-09,13.076666832,0
2016-03-10,13.076666832,0
2016-03-11,13.2166671753,0
2016-03-14,13.1933326721,0
2016-03-15,13.1966667175,0
2016-03-16,13.2700004578,0
2016-03-17,13.3866672516,0
2016-03-18,13.4099998474,0
2016-03-21,13.3299999237,0.099333
2016-03-22,13.3033332825,0
2016-03-23,13.2299995422,0
2016-03-24,13.2399997711,0
2016-03-28,13.2433328629,0
2016-03-29,13.3599996567,0
2016-03-30,13.3900003433,0
2016-03-31,13.3633327484,0
2016-04-01,13.4166669846,0
2016-04-04,13.3833332062,0
2016-04-05,13.3199996948,0
2016-04-06,13.4266672134,0
2016-04-07,13.3033332825,0
2016-04-08,13.3533334732,0
2016-04-11,13.3033332825,0
2016-04-12,13.4133329391,0
2016-04-13,13.470000267,0
2016-04-14,13.4466667175,0
2016-04-15,13.4499998093,0
2016-04-18,13.5399999619,0
2016-04-19,13.5600004196,0
2016-04-20,13.516667366,0
2016-04-21,13.4300003052,0
2016-04-22,13.4266672134,0
2016-04-25,13.4333333969,0
2016-04-26,13.453332901,0
2016-04-27,13.5433330536,0
2016-04-28,13.423333168,0
2016-04-29,13.3400001526,0
2016-05-02,13.4200000763,0
2016-05-03,13.3500003815,0
2016-05-04,13.3000001907,0
2016-05-05,13.3066673279,0
2016-05-06,13.3800001144,0
2016-05-09,13.3800001144,0
2016-05-10,13.529999733,0
2016-05-11,13.4266672134,0
2016-05-12,13.4633331299,0
2016-05-13,13.326666832,0
2016-05-16,13.4466667175,0
2016-05-17,13.3166666031,0
2016-05-18,13.2366666794,0
2016-05-19,13.2233333588,0
2016-05-20,13.2733325958,0
2016-05-23,13.2600002289,0
2016-05-24,13.4166669846,0
2016-05-25,13.5,0
2016-05-26,13.516667366,0
2016-05-27,13.5533332825,0
2016-05-31,13.5266666412,0
2016-06-01,13.5566673279,0
2016-06-02,13.5699996948,0
2016-06-03,13.5900001526,0
2016-06-06,13.6666669846,0
2016-06-07,13.7166671753,0
2016-06-08,13.7600002289,0
2016-06-09,13.766667366,0
2016-06-10,13.7066669464,0
2016-06-13,13.6000003815,0
2016-06-14,13.6066665649,0
2016-06-15,13.5833330154,0
2016-06-16,13.6599998474,0
2016-06-17,13.6300001144,0
2016-06-20,13.6266670227,0.105667
2016-06-21,13.6599998474,0
2016-06-22,13.6266670227,0
2016-06-23,13.7899999619,0
2016-06-24,13.3999996185,0
2016-06-27,13.2233333588,0
2016-06-28,13.3900003433,0
2016-06-29,13.5799999237,0
2016-06-30,13.8133325577,0
2016-07-01,13.826666832,0
2016-07-05,13.779999733,0
2016-07-06,13.826666832,0
2016-07-07,13.8066673279,0
2016-07-08,13.9899997711,0
2016-07-11,14.0533332825,0
2016-07-12,14.1266670227,0
2016-07-13,14.1599998474,0
2016-07-14,14.2166671753,0
2016-07-15,14.2100000381,0
2016-07-18,14.2233333588,0
2016-07-19,14.2266674042,0
2016-07-20,14.2766666412,0
2016-07-21,14.2266674042,0
2016-07-22,14.3100004196,0
2016-07-25,14.279999733,0
2016-07-26,14.2899999619,0
2016-07-27,14.2133331299,0
2016-07-28,14.1833333969,0
2016-07-29,14.2066669464,0
2016-08-01,14.1633329391,0
2016-08-02,14.0733327866,0
2016-08-03,14.0799999237,0
2016-08-04,14.1033334732,0
2016-08-05,14.1833333969,0
2016-08-08,14.1833333969,0
2016-08-09,14.1899995804,0
2016-08-10,14.1866674423,0
2016-08-11,14.2633333206,0
2016-08-12,14.2533330917,0
2016-08-15,14.2933330536,0
2016-08-16,14.2100000381,0
2016-08-17,14.233332634,0
2016-08-18,14.2766666412,0
2016-08-19,14.2266674042,0
2016-08-22,14.2100000381,0
2016-08-23,14.2433328629,0
2016-08-24,14.2066669464,0
2016-08-25,14.1999998093,0
2016-08-26,14.1599998474,0
2016-08-29,14.2399997711,0
2016-08-30,14.1866674423,0
2016-08-31,14.1599998474,0
2016-09-01,14.1866674423,0
2016-09-02,14.2466669083,0
2016-09-06,14.2866668701,0
2016-09-07,14.2633333206,0
2016-09-08,14.233332634,0
2016-09-09,13.8800001144,0
2016-09-12,14.076666832,0
2016-09-13,13.8833332062,0
2016-09-14,13.8500003815,0
2016-09-15,13.9933328629,0
2016-09-16,13.953332901,0
2016-09-19,13.8699998856,0.081333
2016-09-20,13.8633327484,0
2016-09-21,14.0033330917,0
2016-09-22,14.0699996948,0
2016-09-23,13.9966669083,0
2016-09-26,13.8833332062,0
2016-09-27,13.9899997711,0
2016-09-28,14.0666666031,0
2016-09-29,13.9899997711,0
2016-09-30,14.1033334732,0
2016-10-03,14.0533332825,0
2016-10-04,13.9433326721,0
2016-10-05,14.0033330917,0
2016-10-06,14.0133333206,0
2016-10-07,13.9866666794,0
2016-10-10,14.0066671371,0
2016-10-11,13.8666667938,0
2016-10-12,13.8766670227,0
2016-10-13,13.8333330154,0
2016-10-14,13.8533334732,0
2016-10-17,13.8166666031,0
2016-10-18,13.826666832,0
2016-10-19,13.796667099,0
2016-10-20,13.75,0
2016-10-21,13.796667099,0
2016-10-24,13.8666667938,0
2016-10-25,13.8733329773,0
2016-10-26,13.8966665268,0
2016-10-27,13.8533334732,0
2016-10-28,13.8666667938,0
2016-10-31,13.8833332062,0
2016-11-01,13.7899999619,0
2016-11-02,13.7399997711,0
2016-11-03,13.6999998093,0
2016-11-04,13.6466665268,0
2016-11-07,13.9033327103,0
2016-11-08,13.983332634,0
2016-11-09,14.1099996567,0
2016-11-10,14.0933332443,0
2016-11-11,14.0833330154,0
2016-11-14,14.0633325577,0
2016-11-15,14.1766672134,0
2016-11-16,14.1766672134,0
2016-11-17,14.1899995804,0
2016-11-18,14.173333168,0
2016-11-21,14.2700004578,0
2016-11-22,14.3433332443,0
2016-11-23,14.3500003815,0
2016-11-25,14.4133329391,0
2016-11-28,14.3933334351,0
2016-11-29,14.3900003433,0
2016-11-30,14.3366670609,0
2016-12-01,14.2399997711,0
2016-12-02,14.2866668701,0
2016-12-05,14.3466672897,0
2016-12-06,14.3866672516,0
2016-12-07,14.5900001526,0
2016-12-08,14.5966672897,0
2016-12-09,14.6766672134,0
2016-12-12,14.75,0
2016-12-13,14.8433332443,0
2016-12-14,14.6933326721,0
2016-12-15,14.7366666794,0
2016-12-16,14.7433328629,0
2016-12-19,14.6466665268,0.133
2016-12-20,14.6833333969,0
2016-12-21,14.6499996185,0
2016-12-22,14.6366672516,0
2016-12-23,14.6466665268,0
2016-12-27,14.6700000763,0
2016-12-28,14.5600004196,0
2016-12-29,14.5733327866,0
2016-12-30,14.5233325958,0
2017-01-03,14.6000003815,0
2017-01-04,14.6233329773,0
2017-01-05,14.6099996567,0
2017-01-06,14.6099996567,0
2017-01-09,14.5333328247,0
2017-01-10,14.483332634,0
2017-01-11,14.5233325958,0
2017-01-12,14.4933328629,0
2017-01-13,14.5033330917,0
2017-01-17,14.5033330917,0
2017-01-18,14.5100002289,0
2017-01-19,14.4566669464,0
2017-01-20,14.5333328247,0
2017-01-23,14.470000267,0
2017-01-24,14.5566673279,0
2017-01-25,14.6533327103,0
2017-01-26,14.6000003815,0
2017-01-27,14.6033334732,0
2017-01-30,14.5233325958,0
2017-01-31,14.453332901,0
2017-02-01,14.3866672516,0
2017-02-02,14.4033327103,0
2017-02-03,14.470000267,0
2017-02-06,14.453332901,0
2017-02-07,14.483332634,0
2017-02-08,14.5033330917,0
2017-02-09,14.5633325577,0
2017-02-10,14.5966672897,0
2017-02-13,14.6700000763,0
2017-02-14,14.6999998093,0
2017-02-15,14.7833328247,0
2017-02-16,14.8100004196,0
2017-02-17,14.8299999237,0
2017-02-21,14.9099998474,0
2017-02-22,14.8966665268,0
2017-02-23,14.9600000381,0
2017-02-24,15,0
2017-02-27,15.0033330917,0
2017-02-28,14.9466667175,0
2017-03-01,15.1033334732,0
2017-03-02,15.0533332825,0
2017-03-03,15.0366668701,0
2017-03-06,15.0133333206,0
2017-03-07,14.9666671753,0
2017-03-08,14.9499998093,0
2017-03-09,14.9566669464,0
2017-03-10,15.016667366,0
2017-03-13,15.0100002289,0
2017-03-14,14.9633331299,0
2017-03-15,15.076666832,0
2017-03-16,15.0633325577,0
2017-03-17,15.0733327866,0
2017-03-20,14.9433326721,0.108667
2017-03-21,14.8333330154,0
2017-03-22,14.8466672897,0
2017-03-23,14.826666832,0
2017-03-24,14.7933330536,0
2017-03-27,14.779999733,0
2017-03-28,14.8566665649,0
2017-03-29,14.8533334732,0
2017-03-30,14.8733329773,0
2017-03-31,14.8599996567,0
2017-04-03,14.8166666031,0
2017-04-04,14.8533334732,0
2017-04-05,14.8133325577,0
2017-04-06,14.8199996948,0
2017-04-07,14.826666832,0
2017-04-10,14.826666832,0
2017-04-11,14.8299999237,0
2017-04-12,14.7866668701,0
2017-04-13,14.6966667175,0
2017-04-17,14.7933330536,0
2017-04-18,14.7899999619,0
2017-04-19,14.7299995422,0
2017-04-20,14.8033332825,0
2017-04-21,14.779999733,0
2017-04-24,14.9099998474,0
2017-04-25,14.9899997711,0
2017-04-26,14.9566669464,0
2017-04-27,14.9666671753,0
2017-04-28,14.8966665268,0
2017-05-01,14.8733329773,0
2017-05-02,14.8800001144,0
2017-05-03,14.8900003433,0
2017-05-04,14.9033327103,0
2017-05-05,14.9566669464,0
2017-05-08,14.9399995804,0
2017-05-09,14.9266672134,0
2017-05-10,14.9366674423,0
2017-05-11,14.8733329773,0
2017-05-12,14.8466672897,0
2017-05-15,14.9266672134,0
2017-05-16,14.9399995804,0
2017-05-17,14.7566671371,0
2017-05-18,14.7733325958,0
2017-05-19,14.8866672516,0
2017-05-22,14.9633331299,0
2017-05-23,14.953332901,0
2017-05-24,14.983332634,0
2017-05-25,15.0833330154,0
2017-05-26,15.076666832,0
2017-05-30,15.1133327484,0
2017-05-31,15.1566667557,0
2017-06-01,15.233332634,0
2017-06-02,15.2600002289,0
2017-06-05,15.266667366,0
2017-06-06,15.2233333588,0
2017-06-07,15.2100000381,0
2017-06-08,15.1999998093,0
2017-06-09,15.233332634,0
2017-06-12,15.2600002289,0
2017-06-13,15.3066673279,0
2017-06-14,15.326666832,0
2017-06-15,15.3233327866,0
2017-06-16,15.3500003815,0
2017-06-19,15.3233327866,0.110333
2017-06-20,15.2399997711,0
2017-06-21,15.1800003052,0
2017-06-22,15.1633329391,0
2017-06-23,15.1933326721,0
2017-06-26,15.1800003052,0
2017-06-27,15.076666832,0
2017-06-28,15.1433334351,0
2017-06-29,14.9866666794,0
2017-06-30,15.0333328247,0
2017-07-03,15.0699996948,0
2017-07-05,15.0799999237,0
2017-07-06,14.9666671753,0
2017-07-07,15.0333328247,0
2017-07-10,15,0
2017-07-11,14.9866666794,0
2017-07-12,15.0866670609,0
2017-07-13,15.1000003815,0
2017-07-14,15.1866674423,0
2017-07-17,15.1800003052,0
2017-07-18,15.1566667557,0
2017-07-19,15.2066669464,0
2017-07-20,15.2066669464,0
2017-07-21,15.1866674423,0
2017-07-24,15.0933332443,0
2017-07-25,15.173333168,0
2017-07-26,15.1999998093,0
2017-07-27,15.3233327866,0
2017-07-28,15.25,0
2017-07-31,15.2833328247,0
2017-08-01,15.2933330536,0
2017-08-02,15.279999733,0
2017-08-03,15.3066673279,0
2017-08-04,15.326666832,0
2017-08-07,15.3533334732,0
2017-08-08,15.3166666031,0
2017-08-09,15.3233327866,0
2017-08-10,15.220000267,0
2017-08-11,15.2133331299,0
2017-08-14,15.326666832,0
2017-08-15,15.326666832,0
2017-08-16,15.3633327484,0
2017-08-17,15.1499996185,0
2017-08-18,15.0966672897,0
2017-08-21,15.1466665268,0
2017-08-22,15.233332634,0
2017-08-23,15.1800003052,0
2017-08-24,15.1566667557,0
2017-08-25,15.1999998093,0
2017-08-28,15.1833333969,0
2017-08-29,15.1999998093,0
2017-08-30,15.2299995422,0
2017-08-31,15.279999733,0
2017-09-01,15.3033332825,0
2017-09-05,15.2366666794,0
2017-09-06,15.3033332825,0
2017-09-07,15.326666832,0
2017-09-08,15.3033332825,0
2017-09-11,15.4333333969,0
2017-09-12,15.5066671371,0
2017-09-13,15.5399999619,0
2017-09-14,15.5866670609,0
2017-09-15,15.6466665268,0
2017-09-18,15.5666666031,0.114667
2017-09-19,15.5833330154,0
2017-09-20,15.5866670609,0
2017-09-21,15.5266666412,0
2017-09-22,15.5566673279,0
2017-09-25,15.5733327866,0
2017-09-26,15.5533332825,0
2017-09-27,15.5500001907,0
2017-09-28,15.5900001526,0
2017-09-29,15.6000003815,0
2017-10-02,15.6666669846,0
2017-10-03,15.7166671753,0
2017-10-04,15.7566671371,0
2017-10-05,15.8233327866,0
2017-10-06,15.8000001907,0
2017-10-09,15.8233327866,0
2017-10-10,15.9133329391,0
2017-10-11,15.9499998093,0
2017-10-12,15.970000267,0
2017-10-13,16.0033321381,0
2017-10-16,16.0033321381,0
2017-10-17,16.0100002289,0
2017-10-18,16.0633335114,0
2017-10-19,16.1000003815,0
2017-10-20,16.1533336639,0
2017-10-23,16.1666679382,0
2017-10-24,16.1866664886,0
2017-10-25,16.1100006104,0
2017-10-26,16.1633338928,0
2017-10-27,16.2700004578,0
2017-10-30,16.1566677094,0
2017-10-31,16.1633338928,0
2017-11-01,16.2233333588,0
2017-11-02,16.2366676331,0
2017-11-03,16.2566661835,0
2017-11-06,16.2066669464,0
2017-11-07,16.2466678619,0
2017-11-08,16.296667099,0
2017-11-09,16.2233333588,0
2017-11-10,16.2266674042,0
2017-11-13,16.2900009155,0
2017-11-14,16.3099994659,0
2017-11-15,16.1866664886,0
2017-11-16,16.3500003815,0
2017-11-17,16.2900009155,0
2017-11-20,16.3433322906,0
2017-11-21,16.4366664886,0
2017-11-22,16.3999996185,0
2017-11-24,16.4300003052,0
2017-11-27,16.4466667175,0
2017-11-28,16.6200008392,0
2017-11-29,16.6866664886,0
2017-11-30,16.8433322906,0
2017-12-01,16.8166675568,0
2017-12-04,16.8833332062,0
2017-12-05,16.8099994659,0
2017-12-06,16.8233337402,0
2017-12-07,16.8133335114,0
2017-12-08,16.8733329773,0
2017-12-11,16.9233322144,0
2017-12-12,16.9433326721,0
2017-12-13,16.9966678619,0
2017-12-14,16.9266662598,0
2017-12-15,17.0533332825,0
2017-12-18,17.0566673279,0.115
2017-12-19,17.0666675568,0
2017-12-20,17.0666675568,0
2017-12-21,17.0366668701,0
2017-12-22,17.0566673279,0
2017-12-26,17.0666675568,0
2017-12-27,17.0900001526,0
2017-12-28,17.1000003815,0
2017-12-29,17.0566673279,0
2018-01-02,17.1100006104,0
2018-01-03,17.1599998474,0
2018-01-04,17.2433338165,0
2018-01-05,17.3500003815,0
2018-01-08,17.3866672516,0
2018-01-09,17.3899993896,0
2018-01-10,17.3400001526,0
2018-01-11,17.4633331299,0
2018-01-12,17.5633335114,0
2018-01-16,17.5333328247,0
2018-01-17,17.796667099,0
2018-01-18,17.7466678619,0
2018-01-19,17.8033332825,0
2018-01-22,17.9466667175,0
2018-01-23,17.9033336639,0
2018-01-24,17.8600006104,0
2018-01-25,17.8899993896,0
2018-01-26,18.1933326721,0
2018-01-29,18.0633335114,0
2018-01-30,17.8333320618,0
2018-01-31,17.8333320618,0
2018-02-01,17.7766666412,0
2018-02-02,17.3899993896,0
2018-02-05,16.6333332062,0
2018-02-06,16.9133338928,0
2018-02-07,16.8766670227,0
2018-02-08,16.2600002289,0
2018-02-09,16.4799995422,0
2018-02-12,16.7066669464,0
2018-02-13,16.7199993134,0
2018-02-14,16.8166675568,0
2018-02-15,17.0133323669,0
2018-02-16,17.0333328247,0
2018-02-20,16.8333320618,0
2018-02-21,16.6833324432,0
2018-02-22,16.75,0
2018-02-23,16.9899997711,0
2018-02-26,17.2233333588,0
2018-02-27,17.046667099,0
2018-02-28,16.8299999237,0
2018-03-01,16.6233329773,0
2018-03-02,16.6733322144,0
2018-03-05,16.8466663361,0
2018-03-06,16.8600006104,0
2018-03-07,16.8233337402,0
2018-03-08,16.8933334351,0
2018-03-09,17.1333332062,0
2018-03-12,17.0366668701,0
2018-03-13,16.9699993134,0
2018-03-14,16.8133335114,0
2018-03-15,16.8199996948,0
2018-03-16,16.796667099,0.087333
2018-03-19,16.5900001526,0
2018-03-20,16.5933322906,0
2018-03-21,16.5333328247,0
2018-03-22,16.1733322144,0
2018-03-23,15.8599996567,0
2018-03-26,16.2466678619,0
2018-03-27,16.0833320618,0
2018-03-28,16.1399993896,0
2018-03-29,16.3433322906,0
2018-04-02,15.9566669464,0
2018-04-03,16.1766662598,0
2018-04-04,16.3666667938,0
2018-04-05,16.4500007629,0
2018-04-06,16.1200008392,0
2018-04-09,16.1233329773,0
2018-04-10,16.3633327484,0
2018-04-11,16.3099994659,0
2018-04-12,16.3999996185,0
2018-04-13,16.3799991608,0
2018-04-16,16.546667099,0
2018-04-17,16.6466674805,0
2018-04-18,16.5900001526,0
2018-04-19,16.3766670227,0
2018-04-20,16.2166671753,0
2018-04-23,16.2266674042,0
2018-04-24,16.0699996948,0
2018-04-25,16.1533336639,0
2018-04-26,16.2866668701,0
2018-04-27,16.3133335114,0
2018-04-30,16.1599998474,0
2018-05-01,16.0733337402,0
2018-05-02,15.9099998474,0
2018-05-03,15.8699998856,0
2018-05-04,16.0799999237,0
2018-05-07,16.0599994659,0
2018-05-08,16.0599994659,0
2018-05-09,16.1666679382,0
2018-05-10,16.3299999237,0
2018-05-11,16.3999996185,0
2018-05-14,16.4666671753,0
2018-05-15,16.3666667938,0
2018-05-16,16.4833335876,0
2018-05-17,16.5133323669,0
2018-05-18,16.4633331299,0
2018-05-21,16.6166667938,0
2018-05-22,16.5333328247,0
2018-05-23,16.5666675568,0
2018-05-24,16.546667099,0
2018-05-25,16.5333328247,0
2018-05-29,16.4066677094,0
2018-05-30,16.6399993896,0
2018-05-31,16.4500007629,0
2018-06-01,16.6066665649,0
2018-06-04,16.6933326721,0
2018-06-05,16.7333335876,0
2018-06-06,16.8366661072,0
2018-06-07,16.8833332062,0
2018-06-08,16.9599990845,0
2018-06-11,16.9933338165,0
2018-06-12,17.0033321381,0
2018-06-13,16.9133338928,0
2018-06-14,16.9133338928,0
2018-06-15,16.9733333588,0
2018-06-18,16.8266677856,0
2018-06-19,16.7833328247,0
2018-06-20,16.7800006866,0
2018-06-21,16.703332901,0
2018-06-22,16.7800006866,0
2018-06-25,16.6533336639,0
2018-06-26,16.4799995422,0.135333
2018-06-27,16.3600006104,0
2018-06-28,16.4233322144,0
2018-06-29,16.4300003052,0
2018-07-02,16.4033336639,0
2018-07-03,16.3733329773,0
2018-07-05,16.546667099,0
2018-07-06,16.6166667938,0
2018-07-09,16.7199993134,0
2018-07-10,16.8566665649,0
2018-07-11,16.7066669464,0
2018-07-12,16.7900009155,0
2018-07-13,16.8600006104,0
2018-07-16,16.8133335114,0
2018-07-17,16.8633327484,0
2018-07-18,16.8799991608,0
2018-07-19,16.8899993896,0
2018-07-20,16.8666667938,0
2018-07-23,16.8566665649,0
2018-07-24,16.9099998474,0
2018-07-25,17.0100002289,0
2018-07-26,17.1133327484,0
2018-07-27,17.0333328247,0
2018-07-30,17.0233325958,0
2018-07-31,17.1766662598,0
2018-08-01,17.0333328247,0
2018-08-02,17.1133327484,0
2018-08-03,17.2399997711,0
2018-08-06,17.2666664124,0
2018-08-07,17.3233337402,0
2018-08-08,17.3099994659,0
2018-08-09,17.2666664124,0
2018-08-10,17.1566677094,0
2018-08-13,17.0833320618,0
2018-08-14,17.1833324432,0
2018-08-15,17.1599998474,0
2018-08-16,17.3600006104,0
2018-08-17,17.453332901,0
2018-08-20,17.4966678619,0
2018-08-21,17.5333328247,0
2018-08-22,17.4733333588,0
2018-08-23,17.4599990845,0
2018-08-24,17.5200004578,0
2018-08-27,17.6100006104,0
2018-08-28,17.6133327484,0
2018-08-29,17.6433334351,0
2018-08-30,17.5499992371,0
2018-08-31,17.5699996948,0
2018-09-04,17.5633335114,0
2018-09-05,17.6966667175,0
2018-09-06,17.7000007629,0
2018-09-07,17.6533336639,0
2018-09-10,17.7199993134,0
2018-09-11,17.6933326721,0
2018-09-12,17.7333335876,0
2018-09-13,17.7999992371,0
2018-09-14,17.8199996948,0
2018-09-17,17.8066673279,0
2018-09-18,17.8966674805,0
2018-09-19,17.8799991608,0
2018-09-20,18.0133323669,0
2018-09-21,18.0499992371,0
2018-09-24,17.9033336639,0
2018-09-25,17.6666679382,0.122333
2018-09-26,17.6433334351,0
2018-09-27,17.6366672516,0
2018-09-28,17.6666679382,0
2018-10-01,17.7166671753,0
2018-10-02,17.7700004578,0
2018-10-03,17.7600002289,0
2018-10-04,17.6733322144,0
2018-10-05,17.5633335114,0
2018-10-08,17.6499996185,0
2018-10-09,17.5866661072,0
2018-10-10,17.1466674805,0
2018-10-11,16.7099990845,0
2018-10-12,16.8333320618,0
2018-10-15,16.8133335114,0
2018-10-16,17.0799999237,0
2018-10-17,16.9966678619,0
2018-10-18,16.8133335114,0
2018-10-19,16.8533325195,0
2018-10-22,16.8033332825,0
2018-10-23,16.7333335876,0
2018-10-24,16.3500003815,0
2018-10-25,16.5200004578,0
2018-10-26,16.3233337402,0
2018-10-29,16.3666667938,0
2018-10-30,16.6900005341,0
2018-10-31,16.6233329773,0
2018-11-01,16.8166675568,0
2018-11-02,16.7633323669,0
2018-11-05,16.953332901,0
2018-11-06,17.0666675568,0
2018-11-07,17.2800006866,0
2018-11-08,17.2733325958,0
2018-11-09,17.1733322144,0
2018-11-12,16.9366664886,0
2018-11-13,16.9233322144,0
2018-11-14,16.8433322906,0
2018-11-15,16.9633331299,0
2018-11-16,17.0100002289,0
2018-11-19,16.8666667938,0
2018-11-20,16.5266666412,0
2018-11-21,16.546667099,0
2018-11-23,16.4699993134,0
2018-11-26,16.6466674805,0
2018-11-27,16.7700004578,0
2018-11-28,17.0333328247,0
2018-11-29,17,0
2018-11-30,17.1833324432,0
2018-12-03,17.2666664124,0
2018-12-04,16.8066673279,0
2018-12-06,16.7433338165,0
2018-12-07,16.4133338928,0
2018-12-10,16.4400005341,0
2018-12-11,16.4666671753,0
2018-12-12,16.3466663361,0.135
2018-12-13,16.3700008392,0
2018-12-14,16.1566677094,0
2018-12-17,15.8166666031,0
2018-12-18,15.7933330536,0
2018-12-19,15.5533332825,0
2018-12-20,15.3466672897,0
2018-12-21,15.1700000763,0
2018-12-24,14.7433328629,0
2018-12-26,15.3766670227,0
2018-12-27,15.5633325577,0
2018-12-28,15.5266666412,0
2018-12-31,15.6566667557,0
2019-01-02,15.6566667557,0
2019-01-03,15.3500003815,0
2019-01-04,15.7733325958,0
2019-01-07,15.8800001144,0
2019-01-08,16.0300006866,0
2019-01-09,16.0433330536,0
2019-01-10,16.1133327484,0
2019-01-11,16.1333332062,0
2019-01-14,16.0599994659,0
2019-01-15,16.0900001526,0
2019-01-16,16.0333328247,0
2019-01-17,16.1466674805,0
2019-01-18,16.4133338928,0
2019-01-22,16.1933326721,0
2019-01-23,16.2566661835,0
2019-01-24,16.3066673279,0
2019-01-25,16.3666667938,0
2019-01-28,16.2733325958,0
2019-01-29,16.2933330536,0
2019-01-30,16.4466667175,0
2019-01-31,16.6033325195,0
2019-02-01,16.6433334351,0
2019-02-04,16.7399997711,0
2019-02-05,16.7833328247,0
2019-02-06,16.8433322906,0
2019-02-07,16.7266674042,0
2019-02-08,16.7266674042,0
2019-02-11,16.7600002289,0
2019-02-12,17,0
2019-02-13,17.0966663361,0
2019-02-14,17.0433330536,0
2019-02-15,17.2399997711,0
2019-02-19,17.3066673279,0
2019-02-20,17.3033332825,0
2019-02-21,17.2399997711,0
2019-02-22,17.3633327484,0
2019-02-25,17.3633327484,0
2019-02-26,17.3233337402,0
2019-02-27,17.2800006866,0
2019-02-28,17.2766666412,0
2019-03-01,17.3466663361,0
2019-03-04,17.2800006866,0
2019-03-05,17.2399997711,0
2019-03-06,17.1733322144,0
2019-03-07,17.0566673279,0
2019-03-08,17.0066661835,0
2019-03-11,17.2466678619,0
2019-03-12,17.2700004578,0
2019-03-13,17.3799991608,0
2019-03-14,17.3299999237,0
2019-03-15,17.4233322144,0
2019-03-18,17.5100002289,0
2019-03-19,17.4899997711,0
2019-03-20,17.2633323669,0.117333
2019-03-21,17.453332901,0
2019-03-22,17.203332901,0
2019-03-25,17.1666679382,0
2019-03-26,17.3633327484,0
2019-03-27,17.296667099,0
2019-03-28,17.3333320618,0
2019-03-29,17.4266662598,0
2019-04-01,17.6266670227,0
2019-04-02,17.5733337402,0
2019-04-03,17.6033325195,0
2019-04-04,17.7000007629,0
2019-04-05,17.7666664124,0
2019-04-08,17.8299999237,0
2019-04-09,17.6766662598,0
2019-04-10,17.7000007629,0
2019-04-11,17.7533321381,0
2019-04-12,17.8666667938,0
2019-04-15,17.8833332062,0
2019-04-16,18.0233325958,0
2019-04-17,18.0733337402,0
2019-04-18,18.0699996948,0
2019-04-22,18.0766677856,0
2019-04-23,18.2000007629,0
2019-04-24,18.1833324432,0
2019-04-25,17.9066677094,0
2019-04-26,17.9133338928,0
2019-04-29,17.8833332062,0
2019-04-30,17.9866676331,0
2019-05-01,17.8299999237,0
2019-05-02,17.8500003815,0
2019-05-03,17.9966678619,0
2019-05-06,17.8866672516,0
2019-05-07,17.5900001526,0
2019-05-08,17.5533332825,0
2019-05-09,17.4633331299,0
2019-05-10,17.5566673279,0
2019-05-13,17.1833324432,0
2019-05-14,17.3033332825,0
2019-05-15,17.3933334351,0
2019-05-16,17.4433326721,0
2019-05-17,17.3466663361,0
2019-05-20,17.25,0
2019-05-21,17.3766670227,0
2019-05-22,17.3099994659,0
2019-05-23,17.1433334351,0
2019-05-24,17.1333332062,0
2019-05-28,16.8666667938,0
2019-05-29,16.8266677856,0
2019-05-30,16.8633327484,0
2019-05-31,16.6200008392,0
2019-06-03,16.8133335114,0
2019-06-04,17.1566677094,0
2019-06-05,17.2233333588,0
2019-06-06,17.3500003815,0
2019-06-07,17.4633331299,0
2019-06-10,17.5300006866,0
2019-06-11,17.5666675568,0
2019-06-12,17.5166664124,0
2019-06-13,17.6333332062,0
2019-06-14,17.5733337402,0
2019-06-17,17.5266666412,0
2019-06-18,17.6866664886,0
2019-06-19,17.7233333588,0
2019-06-20,17.8999996185,0
2019-06-21,17.8799991608,0
2019-06-24,17.8166675568,0
2019-06-25,17.7166671753,0
2019-06-26,17.5766677856,0.140333
2019-06-27,17.6233329773,0
2019-06-28,17.6900005341,0
2019-07-01,17.8366661072,0
2019-07-02,17.8299999237,0
2019-07-03,17.9699993134,0
2019-07-05,17.9166679382,0
2019-07-08,17.8466663361,0
2019-07-09,17.7700004578,0
2019-07-10,17.8199996948,0
2019-07-11,17.8733329773,0
2019-07-12,18.0233325958,0
2019-07-15,18.0499992371,0
2019-07-16,18.0400009155,0
2019-07-17,17.8966674805,0
2019-07-18,17.9566669464,0
2019-07-19,17.9166679382,0
2019-07-22,17.9066677094,0
2019-07-23,18.1000003815,0
2019-07-24,18.2800006866,0
2019-07-25,18.2600002289,0
2019-07-26,18.3466663361,0
2019-07-29,18.3400001526,0
2019-07-30,18.2700004578,0
2019-07-31,17.9833335876,0
2019-08-01,17.7266674042,0
2019-08-02,17.6333332062,0
2019-08-05,17.1366672516,0
2019-08-06,17.2833328247,0
2019-08-07,17.3366661072,0
2019-08-08,17.6366672516,0
2019-08-09,17.4333324432,0
2019-08-12,17.25,0
2019-08-13,17.4866676331,0
2019-08-14,17.0433330536,0
2019-08-15,17.0799999237,0
2019-08-16,17.3799991608,0
2019-08-19,17.6066665649,0
2019-08-20,17.5,0
2019-08-21,17.6566677094,0
2019-08-22,17.7099990845,0
2019-08-23,17.2366676331,0
2019-08-26,17.4033336639,0
2019-08-27,17.3500003815,0
2019-08-28,17.5333328247,0
2019-08-29,17.7099990845,0
2019-08-30,17.75,0
2019-09-03,17.6533336639,0
2019-09-04,17.8666667938,0
2019-09-05,18.0933322906,0
2019-09-06,18.1566677094,0
2019-09-09,18.2766666412,0
2019-09-10,18.3866672516,0
2019-09-11,18.5133323669,0
2019-09-12,18.5866661072,0
2019-09-13,18.5499992371,0
2019-09-16,18.4366664886,0
2019-09-17,18.4433326721,0
2019-09-18,18.4333324432,0
2019-09-19,18.3799991608,0
2019-09-20,18.2900009155,0
2019-09-23,18.3366661072,0
2019-09-24,18.2066669464,0
2019-09-25,18.1299991608,0.162
2019-09-26,18.1433334351,0
2019-09-27,18.1700000763,0
2019-09-30,18.2600002289,0
2019-10-01,18.0233325958,0
2019-10-02,17.6566677094,0
2019-10-03,17.796667099,0
2019-10-04,18.0433330536,0
2019-10-07,17.9099998474,0
2019-10-08,17.6233329773,0
2019-10-09,17.7766666412,0
2019-10-10,17.9200000763,0
2019-10-11,18.1566677094,0
2019-10-14,18.1166667938,0
2019-10-15,18.25,0
2019-10-16,18.2066669464,0
2019-10-17,18.2533321381,0
2019-10-18,18.2466678619,0
2019-10-21,18.3733329773,0
2019-10-22,18.4033336639,0
2019-10-23,18.3766670227,0
2019-10-24,18.3600006104,0
2019-10-25,18.5,0
2019-10-28,18.5933322906,0
2019-10-29,18.5966663361,0
2019-10-30,18.6266670227,0
2019-10-31,18.5066661835,0
2019-11-01,18.6966667175,0
2019-11-04,18.7999992371,0
2019-11-05,18.7933330536,0
2019-11-06,18.8533325195,0
2019-11-07,18.9466667175,0
2019-11-08,18.9833335876,0
2019-11-11,18.8833332062,0
2019-11-12,18.8866672516,0
2019-11-13,18.8633327484,0
2019-11-14,18.8933334351,0
2019-11-15,19.0033321381,0
2019-11-18,19.0033321381,0
2019-11-19,18.8866672516,0
2019-11-20,18.8233337402,0
2019-11-21,18.8266677856,0
2019-11-22,18.8700008392,0
2019-11-25,18.9833335876,0
2019-11-26,19.0400009155,0
2019-11-27,19.1100006104,0
2019-11-29,19.0300006866,0
2019-12-02,18.9433326721,0
2019-12-03,18.7600002289,0
2019-12-04,18.9133338928,0
2019-12-05,18.9366664886,0
2019-12-06,19.1133327484,0
2019-12-09,19.1399993896,0
2019-12-10,19.0766677856,0
2019-12-11,19.1366672516,0
2019-12-12,19.1700000763,0.155333
2019-12-13,19.1266670227,0
2019-12-16,19.1933326721,0
2019-12-17,19.1966667175,0
2019-12-18,19.1599998474,0
2019-12-19,19.1900005341,0
2019-12-20,19.3533325195,0
2019-12-23,19.3366661072,0
2019-12-24,19.3233337402,0
2019-12-26,19.3600006104,0
2019-12-27,19.3833332062,0
2019-12-30,19.2633323669,0
2019-12-31,19.3066673279,0
2020-01-02,19.3566665649,0
2020-01-03,19.2166671753,0
2020-01-06,19.2133331299,0
2020-01-07,19.1866664886,0
2020-01-08,19.2600002289,0
2020-01-09,19.3833332062,0
2020-01-10,19.3299999237,0
2020-01-13,19.4733333588,0
2020-01-14,19.4666671753,0
2020-01-15,19.5,0
2020-01-16,19.6433334351,0
2020-01-17,19.7166671753,0
2020-01-21,19.6633338928,0
2020-01-22,19.7366676331,0
2020-01-23,19.7600002289,0
2020-01-24,19.6133327484,0
2020-01-27,19.3366661072,0
2020-01-28,19.4400005341,0
2020-01-29,19.3033332825,0
2020-01-30,19.3133335114,0
2020-01-31,18.9666671753,0
2020-02-03,19.0200004578,0
2020-02-04,19.25,0
2020-02-05,19.6266670227,0
2020-02-06,19.6599998474,0
2020-02-07,19.4933338165,0
2020-02-10,19.5833320618,0
2020-02-11,19.6533336639,0
2020-02-12,19.7066669464,0
2020-02-13,19.6433334351,0
2020-02-14,19.6166667938,0
2020-02-18,19.5,0
2020-02-19,19.5833320618,0
2020-02-20,19.5400009155,0
2020-02-21,19.3999996185,0
2020-02-24,18.7999992371,0
2020-02-25,18.2700004578,0
2020-02-26,18.1766662598,0
2020-02-27,17.3966674805,0
2020-02-28,17.1933326721,0
2020-03-02,17.9366664886,0
2020-03-03,17.4866676331,0
2020-03-04,18.2766666412,0
2020-03-05,17.703332901,0
2020-03-06,17.4066677094,0
2020-03-09,16.1533336639,0
2020-03-10,16.8966674805,0
2020-03-11,16.1200008392,0
2020-03-12,14.516667366,0
2020-03-13,15.7933330536,0
2020-03-16,14.2233333588,0
2020-03-17,15.3533334732,0
2020-03-18,14.6166667938,0
2020-03-19,14.3133325577,0
2020-03-20,13.5133333206,0
2020-03-23,13.1666669846,0
2020-03-24,14.2233333588,0
2020-03-25,14.2066669464,0.147333
2020-03-26,15.1566667557,0
2020-03-27,14.8033332825,0
2020-03-30,15.2466669083,0
2020-03-31,14.9933328629,0
2020-04-01,14.5200004578,0
2020-04-02,14.9266672134,0
2020-04-03,14.766667366,0
2020-04-06,15.5900001526,0
2020-04-07,15.6000003815,0
2020-04-08,16.0833320618,0
2020-04-09,16.2399997711,0
2020-04-13,16.0766677856,0
2020-04-14,16.5300006866,0
2020-04-15,16.0666675568,0
2020-04-16,16.1299991608,0
2020-04-17,16.6333332062,0
2020-04-20,16.3099994659,0
2020-04-21,15.9166669846,0
2020-04-22,16.2066669464,0
2020-04-23,16.2166671753,0
2020-04-24,16.5033321381,0
2020-04-27,16.8066673279,0
2020-04-28,16.9333324432,0
2020-04-29,17.2099990845,0
2020-04-30,16.8833332062,0
2020-05-01,16.4400005341,0
2020-05-04,16.4699993134,0
2020-05-05,16.6066665649,0
2020-05-06,16.4799995422,0
2020-05-07,16.546667099,0
2020-05-08,16.9366664886,0
2020-05-11,16.9266662598,0
2020-05-12,16.5866661072,0
2020-05-13,16.2900009155,0
2020-05-14,16.4866676331,0
2020-05-15,16.5200004578,0
2020-05-18,17.0966663361,0
2020-05-19,16.8199996948,0
2020-05-20,17.0266666412,0
2020-05-21,16.8833332062,0
2020-05-22,16.9033336639,0
2020-05-26,17.203332901,0
2020-05-27,17.5799999237,0
2020-05-28,17.4833335876,0
2020-05-29,17.5066661835,0
2020-06-01,17.4866676331,0
2020-06-02,17.7466678619,0
2020-06-03,18.0333328247,0
2020-06-04,18.0866661072,0
2020-06-05,18.5666675568,0
2020-06-08,18.8333320618,0
2020-06-09,18.5900001526,0
2020-06-10,18.3533325195,0
2020-06-11,17.2266674042,0
2020-06-12,17.3866672516,0
2020-06-15,17.5133323669,0
2020-06-16,17.8666667938,0
2020-06-17,17.7733325958,0
2020-06-18,17.7566661835,0
2020-06-19,17.6466674805,0
2020-06-22,17.5433330536,0
2020-06-23,17.5966663361,0
2020-06-24,16.8899993896,0.147333
2020-06-25,17.1133327484,0
2020-06-26,16.6766662598,0
2020-06-29,17.0300006866,0
2020-06-30,17.25,0
2020-07-01,17.0866661072,0
2020-07-02,17.2299995422,0
2020-07-06,17.4033336639,0
2020-07-07,17.1266670227,0
2020-07-08,17.1566677094,0
2020-07-09,16.7900009155,0
2020-07-10,17.1633338928,0
2020-07-13,17.2333335876,0
2020-07-14,17.4433326721,0
2020-07-15,17.7766666412,0
2020-07-16,17.8099994659,0
2020-07-17,17.7833328247,0
2020-07-20,17.6266670227,0
2020-07-21,17.8933334351,0
2020-07-22,18.0066661835,0
2020-07-23,18.0266666412,0
2020-07-24,17.9466667175,0
2020-07-27,18.0733337402,0
2020-07-28,17.9666671753,0
2020-07-29,18.2299995422,0
2020-07-30,18.2199993134,0
2020-07-31,18.1633338928,0
2020-08-03,18.2399997711,0
2020-08-04,18.3066673279,0
2020-08-05,18.5066661835,0
2020-08-06,18.4799995422,0
2020-08-07,18.7466678619,0
2020-08-10,18.9866676331,0
2020-08-11,19.0866661072,0
2020-08-12,19.1966667175,0
2020-08-13,19.0699996948,0
2020-08-14,19.1433334351,0
2020-08-17,19.0566673279,0
2020-08-18,18.9733333588,0
2020-08-19,18.9166679382,0
2020-08-20,18.7999992371,0
2020-08-21,18.7833328247,0
2020-08-24,19.1733322144,0
2020-08-25,19.0733337402,0
2020-08-26,19.0066661835,0
2020-08-27,19.1233329773,0
2020-08-28,19.2900009155,0
2020-08-31,19.0933322906,0
2020-09-01,19.1533336639,0
2020-09-02,19.5133323669,0
2020-09-03,19.0766677856,0
2020-09-04,19.1100006104,0
2020-09-08,18.6466674805,0
2020-09-09,18.8666667938,0
2020-09-10,18.5866661072,0
2020-09-11,18.7166671753,0
2020-09-14,18.9966678619,0
2020-09-15,18.9666671753,0
2020-09-16,19.0866661072,0
2020-09-17,19.0400009155,0
2020-09-18,18.8666667938,0
2020-09-21,18.3799991608,0
2020-09-22,18.3799991608,0
2020-09-23,17.8433322906,0.181
2020-09-24,17.9033336639,0
2020-09-25,18.0900001526,0
2020-09-28,18.4866676331,0
2020-09-29,18.3066673279,0
2020-09-30,18.4333324432,0
2020-10-01,18.4233322144,0
2020-10-02,18.5066661835,0
2020-10-05,18.9099998474,0
2020-10-06,18.7866668701,0
2020-10-07,19.1700000763,0
2020-10-08,19.4566669464,0
2020-10-09,19.4933338165,0
2020-10-12,19.6166667938,0
2020-10-13,19.453332901,0
2020-10-14,19.4433326721,0
2020-10-15,19.5433330536,0
2020-10-16,19.5766677856,0
2020-10-19,19.3266677856,0
2020-10-20,19.3799991608,0
2020-10-21,19.2399997711,0
2020-10-22,19.4599990845,0
2020-10-23,19.5666675568,0
2020-10-26,19.1200008392,0
2020-10-27,18.8466663361,0
2020-10-28,18.2666664124,0
2020-10-29,18.5066661835,0
2020-10-30,18.5033321381,0
2020-11-02,18.9166679382,0
2020-11-03,19.2533321381,0
2020-11-04,19.0233325958,0
2020-11-05,19.4766674042,0
2020-11-06,19.3433322906,0
2020-11-09,20.2633323669,0
2020-11-10,20.4766674042,0
2020-11-11,20.4733333588,0
2020-11-12,20.1200008392,0
2020-11-13,20.5033321381,0
2020-11-16,20.9599990845,0
2020-11-17,20.9166679382,0
2020-11-18,20.7000007629,0
2020-11-19,20.7633323669,0
2020-11-20,20.6200008392,0
2020-11-23,20.9500007629,0
2020-11-24,21.4699993134,0
2020-11-25,21.2700004578,0
2020-11-27,21.2266674042,0
2020-11-30,20.9400005341,0
2020-12-01,21.2133331299,0
2020-12-02,21.3099994659,0
2020-12-03,21.3566665649,0
2020-12-04,21.7066669464,0
2020-12-07,21.5633335114,0
2020-12-08,21.7000007629,0
2020-12-09,21.7199993134,0
2020-12-10,21.4200000763,0.200667
2020-12-11,21.2999992371,0
2020-12-14,21.0266666412,0
2020-12-15,21.3066673279,0
2020-12-16,21.3299999237,0
2020-12-17,21.3766670227,0
2020-12-18,21.3133335114,0
2020-12-21,21.1666679382,0
2020-12-22,21.0499992371,0
2020-12-23,21.2399997711,0
2020-12-24,21.2766666412,0
2020-12-28,21.2866668701,0
2020-12-29,21.1633338928,0
2020-12-30,21.2566661835,0
2020-12-31,21.3799991608,0
2021-01-04,21.0766677856,0
2021-01-05,21.2466678619,0
2021-01-06,21.8333320618,0
2021-01-07,21.9799995422,0
2021-01-08,21.9133338928,0
2021-01-11,22.0033321381,0
2021-01-12,22.2000007629,0
2021-01-13,22.1166667938,0
2021-01-14,22.2233333588,0
2021-01-15,21.9566669464,0
2021-01-19,22.1000003815,0
2021-01-20,22.1299991608,0
2021-01-21,22.0699996948,0
2021-01-22,21.9066677094,0
2021-01-25,21.9466667175,0
2021-01-26,21.9200000763,0
2021-01-27,21.5,0
2021-01-28,21.6599998474,0
2021-01-29,21.1866664886,0
2021-02-01,21.4099998474,0
2021-02-02,21.6399993896,0
2021-02-03,21.7233333588,0
2021-02-04,21.9066677094,0
2021-02-05,22.0100002289,0
2021-02-08,22.2733325958,0
2021-02-09,22.296667099,0
2021-02-10,22.3133335114,0
2021-02-11,22.2333335876,0
2021-02-12,22.3400001526,0
2021-02-16,22.4566669464,0
2021-02-17,22.4866676331,0
2021-02-18,22.4099998474,0
2021-02-19,22.5966663361,0
2021-02-22,22.7866668701,0
2021-02-23,22.8400001526,0
2021-02-24,23.2333335876,0
2021-02-25,22.7633323669,0
2021-02-26,22.4699993134,0
2021-03-01,23.0333328247,0
2021-03-02,22.9500007629,0
2021-03-03,23.0100002289,0
2021-03-04,22.7800006866,0
2021-03-05,23.3899993896,0
2021-03-08,23.7000007629,0
2021-03-09,23.5666675568,0
2021-03-10,23.9566669464,0
2021-03-11,23.9599990845,0
2021-03-12,24.1833324432,0
2021-03-15,24.2099990845,0
2021-03-16,24.0100002289,0
2021-03-17,24.1166667938,0
2021-03-18,24.0833320618,0
2021-03-19,23.9933338165,0
2021-03-22,24.0766677856,0
2021-03-23,23.8099994659,0
2021-03-24,23.6900005341,0.167667
2021-03-25,24,0
2021-03-26,24.5566673279,0
2021-03-29,24.5133323669,0
2021-03-30,24.3999996185,0
2021-03-31,24.3066673279,0
2021-04-01,24.4400005341,0
2021-04-05,24.75,0
2021-04-06,24.6599998474,0
2021-04-07,24.6033325195,0
2021-04-08,24.6133327484,0
2021-04-09,24.7533321381,0
2021-04-12,24.8199996948,0
2021-04-13,24.6800003052,0
2021-04-14,24.7433338165,0
2021-04-15,24.8566665649,0
2021-04-16,25.0633335114,0
2021-04-19,24.9500007629,0
2021-04-20,24.7999992371,0
2021-04-21,25.0799999237,0
2021-04-22,24.7633323669,0
2021-04-23,24.9866676331,0
2021-04-26,24.9400005341,0
2021-04-27,24.9099998474,0
2021-04-28,24.7600002289,0
2021-04-29,24.9699993134,0
2021-04-30,24.8433322906,0
2021-05-03,25.0966663361,0
2021-05-04,25.25,0
2021-05-05,25.3733329773,0
2021-05-06,25.6933326721,0
2021-05-07,25.8033332825,0
2021-05-10,25.8299999237,0
2021-05-11,25.5633335114,0
2021-05-12,25.1100006104,0
2021-05-13,25.5533332825,0
2021-05-14,25.7866668701,0
2021-05-17,25.8033332825,0
2021-05-18,25.5200004578,0
2021-05-19,25.4166679382,0
2021-05-20,25.5666675568,0
2021-05-21,25.6033325195,0
2021-05-24,25.6833324432,0
2021-05-25,25.5033321381,0
2021-05-26,25.5,0
2021-05-27,25.6000003815,0
2021-05-28,25.6433334351,0
2021-06-01,25.6599998474,0
2021-06-02,25.7366676331,0
2021-06-03,25.7199993134,0
2021-06-04,25.8833332062,0
2021-06-07,25.7700004578,0
2021-06-08,25.7433338165,0
2021-06-09,25.6633338928,0
2021-06-10,25.7366676331,0
2021-06-11,25.7766666412,0
2021-06-14,25.6499996185,0
2021-06-15,25.6366672516,0
2021-06-16,25.4433326721,0
2021-06-17,25.1066665649,0
2021-06-18,24.6566677094,0
2021-06-21,25.1033325195,0
2021-06-22,25.1366672516,0
2021-06-23,24.8433322906,0.18
2021-06-24,25.0100002289,0
2021-06-25,25.1733322144,0
2021-06-28,25.1000003815,0
2021-06-29,25.0733337402,0
2021-06-30,25.2066669464,0
2021-07-01,25.3233337402,0
2021-07-02,25.3566665649,0
2021-07-06,25.0866661072,0
2021-07-07,25.2000007629,0
2021-07-08,24.9733333588,0
2021-07-09,25.3433322906,0
2021-07-12,25.4033336639,0
2021-07-13,25.2666664124,0
2021-07-14,25.296667099,0
2021-07-15,25.3466663361,0
2021-07-16,25.1499996185,0
2021-07-19,24.7433338165,0
2021-07-20,25.0733337402,0
2021-07-21,25.2666664124,0
2021-07-22,25.0733337402,0
2021-07-23,25.2700004578,0
2021-07-26,25.3333320618,0
2021-07-27,25.3133335114,0
2021-07-28,25.2800006866,0
2021-07-29,25.4366664886,0
2021-07-30,25.3700008392,0
2021-08-02,25.3266677856,0
2021-08-03,25.6233329773,0
2021-08-04,25.2999992371,0
2021-08-05,25.4400005341,0
2021-08-06,25.5200004578,0
2021-08-09,25.5,0
2021-08-10,25.7299995422,0
2021-08-11,25.8666667938,0
2021-08-12,25.8899993896,0
2021-08-13,25.9433326721,0
2021-08-16,26.0433330536,0
2021-08-17,25.8666667938,0
2021-08-18,25.4966678619,0
2021-08-19,25.5,0
2021-08-20,25.6399993896,0
2021-08-23,25.7999992371,0
2021-08-24,25.7800006866,0
2021-08-25,25.8299999237,0
2021-08-26,25.7000007629,0
2021-08-27,25.9133338928,0
2021-08-30,25.8799991608,0
2021-08-31,25.8999996185,0
2021-09-01,25.7800006866,0
2021-09-02,25.9433326721,0
2021-09-03,25.9300003052,0
2021-09-07,25.5866661072,0
2021-09-08,25.6000003815,0
2021-09-09,25.4633331299,0
2021-09-10,25.3433322906,0
2021-09-13,25.4666671753,0
2021-09-14,25.2900009155,0
2021-09-15,25.5166664124,0
2021-09-16,25.3466663361,0
2021-09-17,25.1833324432,0
2021-09-20,24.8333320618,0
2021-09-21,24.7433338165,0
2021-09-22,24.7633323669,0.195667
2021-09-23,25.0966663361,0
2021-09-24,25.1466674805,0
2021-09-27,25.3099994659,0
2021-09-28,25.0100002289,0
2021-09-29,25.1299991608,0
2021-09-30,24.7466678619,0
2021-10-01,25.0766677856,0
2021-10-04,24.9766674042,0
2021-10-05,25.1266670227,0
2021-10-06,25.1666679382,0
2021-10-07,25.3566665649,0
2021-10-08,25.3500003815,0
2021-10-11,25.2266674042,0
2021-10-12,25.1033325195,0
2021-10-13,25.1666679382,0
2021-10-14,25.5533332825,0
2021-10-15,25.6666679382,0
2021-10-18,25.5833320618,0
2021-10-19,25.8099994659,0
2021-10-20,26.0599994659,0
2021-10-21,25.9300003052,0
2021-10-22,26,0
2021-10-25,26.0633335114,0
2021-10-26,25.9933338165,0
2021-10-27,25.6366672516,0
2021-10-28,25.8466663361,0
2021-10-29,25.8366661072,0
2021-11-01,25.8933334351,0
2021-11-02,26.0699996948,0
2021-11-03,26.2233333588,0
2021-11-04,26.1366672516,0
2021-11-05,26.296667099,0
2021-11-08,26.2766666412,0
2021-11-09,26.2266674042,0
2021-11-10,26.2600002289,0
2021-11-11,26.3066673279,0
2021-11-12,26.3799991608,0
2021-11-15,26.3966674805,0
2021-11-16,26.4266662598,0
2021-11-17,26.3233337402,0
2021-11-18,26.2199993134,0
2021-11-19,26.0533332825,0
2021-11-22,26.1766662598,0
2021-11-23,26.3233337402,0
2021-11-24,26.2433338165,0
2021-11-26,25.7633323669,0
2021-11-29,25.8500003815,0
2021-11-30,25.3066673279,0
2021-12-01,25.1900005341,0
2021-12-02,25.5666675568,0
2021-12-03,25.6133327484,0
2021-12-06,25.8666667938,0
2021-12-07,26.1433334351,0
2021-12-08,25.8766670227,0.206667
2021-12-09,25.8199996948,0
2021-12-10,26.0933322906,0
2021-12-13,26.0066661835,0
2021-12-14,25.9899997711,0
2021-12-15,26.3299999237,0
2021-12-16,26.5200004578,0
2021-12-17,26.203332901,0
2021-12-20,26.0300006866,0
2021-12-21,26.2366676331,0
2021-12-22,26.3833332062,0
2021-12-23,26.5333328247,0
2021-12-27,26.8466663361,0
2021-12-28,26.8999996185,0
2021-12-29,26.953332901,0
2021-12-30,26.9033336639,0
2021-12-31,26.9433326721,0
2022-01-03,26.9366664886,0
2022-01-04,27.2633323669,0
2022-01-05,27.0900001526,0
2022-01-06,27.1700000763,0
2022-01-07,27.2166671753,0
2022-01-10,27.2166671753,0
2022-01-11,27.3133335114,0
2022-01-12,27.2999992371,0
2022-01-13,27.2633323669,0
2022-01-14,27.2366676331,0
2022-01-18,26.9200000763,0
2022-01-19,26.6100006104,0
2022-01-20,26.2366676331,0
2022-01-21,25.8866672516,0
2022-01-24,25.9933338165,0
2022-01-25,26.0100002289,0
2022-01-26,25.8033332825,0
2022-01-27,25.7000007629,0
2022-01-28,26.0233325958,0
2022-01-31,26.2066669464,0
2022-02-01,26.3633327484,0
2022-02-02,26.5766677856,0
2022-02-03,26.2833328247,0
2022-02-04,26.1800003052,0
2022-02-07,26.2466678619,0
2022-02-08,26.4599990845,0
2022-02-09,26.5833320618,0
2022-02-10,26.1366672516,0
2022-02-11,25.9566669464,0
2022-02-14,25.7566661835,0
2022-02-15,26.0133323669,0
2022-02-16,26.046667099,0
2022-02-17,25.7566661835,0
2022-02-18,25.7800006866,0
2022-02-22,25.546667099,0
2022-02-23,25.2233333588,0
2022-02-24,25.046667099,0
2022-02-25,25.8066673279,0
2022-02-28,25.7000007629,0
2022-03-01,25.2433338165,0
2022-03-02,25.8333320618,0
2022-03-03,25.9300003052,0
2022-03-04,25.8799991608,0
2022-03-07,25.4200000763,0
2022-03-08,25.1599998474,0
2022-03-09,25.546667099,0
2022-03-10,25.3766670227,0
2022-03-11,25.2333335876,0
2022-03-14,25.3766670227,0
2022-03-15,25.7066669464,0
2022-03-16,25.9666671753,0
2022-03-17,26.1966667175,0
2022-03-18,26.2533321381,0
2022-03-21,26.296667099,0
2022-03-22,26.4799995422,0
2022-03-23,25.9866676331,0.172667
2022-03-24,26.2333335876,0
2022-03-25,26.4866676331,0
2022-03-28,26.4333324432,0
2022-03-29,26.6866664886,0
2022-03-30,26.6166667938,0
2022-03-31,26.296667099,0
2022-04-01,26.4099998474,0
2022-04-04,26.4466667175,0
2022-04-05,26.2900009155,0
2022-04-06,26.3233337402,0
2022-04-07,26.4300003052,0
2022-04-08,26.4866676331,0
2022-04-11,26.2999992371,0
2022-04-12,26.2233333588,0
2022-04-13,26.3833332062,0
2022-04-14,26.2333335876,0
2022-04-18,26.1900005341,0
2022-04-19,26.4766674042,0
2022-04-20,26.7466678619,0
2022-04-21,26.5166664124,0
2022-04-22,25.9200000763,0
2022-04-25,25.9733333588,0
2022-04-26,25.5300006866,0
2022-04-27,25.5699996948,0
2022-04-28,25.9333324432,0
2022-04-29,25.2133331299,0
2022-05-02,25.3099994659,0
2022-05-03,25.5,0
2022-05-04,26.2700004578,0
2022-05-05,25.6166667938,0
2022-05-06,25.6766662598,0
2022-05-09,25.3299999237,0
2022-05-10,25.203332901,0
2022-05-11,25.0033321381,0
2022-05-12,25.1533336639,0
2022-05-13,25.4333324432,0
2022-05-16,25.5200004578,0
2022-05-17,25.9833335876,0
2022-05-18,25.1733322144,0
2022-05-19,24.7999992371,0
2022-05-20,24.9099998474,0
2022-05-23,25.2233333588,0
2022-05-24,25.3700008392,0
2022-05-25,25.6233329773,0
2022-05-26,25.9699993134,0
2022-05-27,26.3733329773,0
2022-05-31,26.1966667175,0
2022-06-01,25.9766674042,0
2022-06-02,26.1966667175,0
2022-06-03,26.0166664124,0
2022-06-06,26.0433330536,0
2022-06-07,26.2933330536,0
2022-06-08,25.8966674805,0
2022-06-09,25.4233322144,0
2022-06-10,24.8999996185,0
2022-06-13,24.1933326721,0
2022-06-14,24.0499992371,0
2022-06-15,24.1299991608,0
2022-06-16,23.5300006866,0
2022-06-17,23.4366664886,0
2022-06-21,23.9899997711,0
2022-06-22,23.6333332062,0.234667
2022-06-23,23.703332901,0
2022-06-24,24.3366661072,0
2022-06-27,24.3400001526,0
2022-06-28,24.0866661072,0
2022-06-29,23.9500007629,0
2022-06-30,23.8766670227,0
2022-07-01,24.0566673279,0
2022-07-05,23.8833332062,0
2022-07-06,23.9466667175,0
2022-07-07,24.2133331299,0
2022-07-08,24.1666679382,0
2022-07-11,24.0333328247,0
2022-07-12,23.9366664886,0
2022-07-13,23.7600002289,0
2022-07-14,23.5966663361,0
2022-07-15,23.9366664886,0
2022-07-18,23.75,0
2022-07-19,24.2000007629,0
2022-07-20,24.1433334351,0
2022-07-21,24.1633338928,0
2022-07-22,24.0599994659,0
2022-07-25,24.1733322144,0
2022-07-26,24.1033325195,0
2022-07-27,24.4466667175,0
2022-07-28,24.6100006104,0
2022-07-29,24.8099994659,0
2022-08-01,24.8333320618,0
2022-08-02,24.6100006104,0
2022-08-03,24.8666667938,0
2022-08-04,24.7999992371,0
2022-08-05,24.8700008392,0
2022-08-08,24.8966674805,0
2022-08-09,24.8866672516,0
2022-08-10,25.3166675568,0
2022-08-11,25.3633327484,0
2022-08-12,25.7466678619,0
2022-08-15,25.7999992371,0
2022-08-16,25.9566669464,0
2022-08-17,25.7900009155,0
2022-08-18,25.9466667175,0
2022-08-19,25.7433338165,0
2022-08-22,25.2666664124,0
2022-08-23,25.2166671753,0
2022-08-24,25.2266674042,0
2022-08-25,25.5066661835,0
2022-08-26,24.7566661835,0
2022-08-29,24.5966663361,0
2022-08-30,24.3366661072,0
2022-08-31,24.1333332062,0
2022-09-01,24.2299995422,0
2022-09-02,24.0100002289,0
2022-09-06,23.9266662598,0
2022-09-07,24.2766666412,0
2022-09-08,24.4699993134,0
2022-09-09,24.7566661835,0
2022-09-12,24.8566665649,0
2022-09-13,23.8999996185,0
2022-09-14,23.9200000763,0
2022-09-15,23.7299995422,0
2022-09-16,23.7299995422,0
2022-09-19,23.9200000763,0
2022-09-20,23.6700000763,0
2022-09-21,23.1366672516,0.212333
2022-09-22,23.0599994659,0
2022-09-23,22.6900005341,0
2022-09-26,22.4400005341,0
2022-09-27,22.3366661072,0
2022-09-28,22.7566661835,0
2022-09-29,22.4099998474,0
2022-09-30,22.1433334351,0
2022-10-03,22.7366676331,0
2022-10-04,23.3299999237,0
2022-10-05,23.2900009155,0
2022-10-06,22.9899997711,0
2022-10-07,22.5300006866,0
2022-10-10,22.4566669464,0
2022-10-11,22.4066677094,0
2022-10-12,22.3866672516,0
2022-10-13,23.0433330536,0
2022-10-14,22.6466674805,0
2022-10-17,23.0200004578,0
2022-10-18,23.3299999237,0
2022-10-19,23.0733337402,0
2022-10-20,22.8433322906,0
2022-10-21,23.3666667938,0
2022-10-24,23.7833328247,0
2022-10-25,24.0200004578,0
2022-10-26,24.1266670227,0
2022-10-27,24.1733322144,0
2022-10-28,24.7333335876,0
2022-10-31,24.6266670227,0
2022-11-01,24.6900005341,0
2022-11-02,24.2399997711,0
2022-11-03,24.046667099,0
2022-11-04,24.4899997711,0
2022-11-07,24.7466678619,0
2022-11-08,25.0166664124,0
2022-11-09,24.5900001526,0
2022-11-10,25.5733337402,0
2022-11-11,25.6399993896,0
2022-11-14,25.4899997711,0
2022-11-15,25.5766677856,0
2022-11-16,25.3899993896,0
2022-11-17,25.4799995422,0
2022-11-18,25.6466674805,0
2022-11-21,25.7166671753,0
2022-11-22,26.0966663361,0
2022-11-23,26.0866661072,0
2022-11-25,26.1466674805,0
2022-11-28,25.7733325958,0
2022-11-29,25.8500003815,0
2022-11-30,26.3099994659,0
2022-12-01,26.3533325195,0
2022-12-02,26.3366661072,0
2022-12-05,25.8833332062,0
2022-12-06,25.5733337402,0
2022-12-07,25.3433322906,0.234333
2022-12-08,25.4966678619,0
2022-12-09,25.3366661072,0
2022-12-12,25.6566677094,0
2022-12-13,25.7833328247,0
2022-12-14,25.6766662598,0
2022-12-15,25.1599998474,0
2022-12-16,24.9433326721,0
2022-12-19,24.8600006104,0
2022-12-20,24.8966674805,0
2022-12-21,25.2466678619,0
2022-12-22,25.0300006866,0
2022-12-23,25.1966667175,0
2022-12-27,25.2833328247,0
2022-12-28,24.9733333588,0
2022-12-29,25.2566661835,0
2022-12-30,25.1800003052,0
2023-01-03,25.1466674805,0
2023-01-04,25.3966674805,0
2023-01-05,25.2466678619,0
2023-01-06,25.8766670227,0
2023-01-09,25.6900005341,0
2023-01-10,25.8199996948,0
2023-01-11,25.9166679382,0
2023-01-12,25.9599990845,0
2023-01-13,25.9833335876,0
2023-01-17,25.7233333588,0
2023-01-18,25.2299995422,0
2023-01-19,25.0133323669,0
2023-01-20,25.3133335114,0
2023-01-23,25.5133323669,0
2023-01-24,25.4933338165,0
2023-01-25,25.4966678619,0
2023-01-26,25.4933338165,0
2023-01-27,25.453332901,0
2023-01-30,25.3500003815,0
2023-01-31,25.703332901,0
2023-02-01,25.8233337402,0
2023-02-02,26.0100002289,0
2023-02-03,25.8033332825,0
2023-02-06,25.6700000763,0
2023-02-07,25.8033332825,0
2023-02-08,25.5866661072,0
2023-02-09,25.3666667938,0
2023-02-10,25.6000003815,0
2023-02-13,25.8833332062,0
2023-02-14,25.7133331299,0
2023-02-15,25.7633323669,0
2023-02-16,25.5833320618,0
2023-02-17,25.6366672516,0
2023-02-21,25.1499996185,0
2023-02-22,25.046667099,0
2023-02-23,25.1233329773,0
2023-02-24,24.953332901,0
2023-02-27,24.9566669464,0
2023-02-28,24.8500003815,0
2023-03-01,24.8400001526,0
2023-03-02,24.9300003052,0
2023-03-03,25.1900005341,0
2023-03-06,25.1800003052,0
2023-03-07,24.7800006866,0
2023-03-08,24.7466678619,0
2023-03-09,24.2800006866,0
2023-03-10,23.9866676331,0
2023-03-13,23.6433334351,0
2023-03-14,23.8533325195,0
2023-03-15,23.6566677094,0
2023-03-16,23.8833332062,0
2023-03-17,23.5033321381,0
2023-03-20,23.8566665649,0
2023-03-21,24.1100006104,0
2023-03-22,23.4466667175,0.199
2023-03-23,23.4266662598,0
2023-03-24,23.6133327484,0
2023-03-27,23.7133331299,0
2023-03-28,23.75,0
2023-03-29,24.0300006866,0
2023-03-30,24.1000003815,0
2023-03-31,24.3866672516,0
2023-04-03,24.5200004578,0
2023-04-04,24.2833328247,0
2023-04-05,24.3400001526,0
2023-04-06,24.3199996948,0
2023-04-10,24.4099998474,0
2023-04-11,24.5133323669,0
2023-04-12,24.4099998474,0
2023-04-13,24.5799999237,0
2023-04-14,24.5266666412,0
2023-04-17,24.6399993896,0
2023-04-18,24.6466674805,0
2023-04-19,24.5900001526,0
2023-04-20,24.4366664886,0
2023-04-21,24.3866672516,0
2023-04-24,24.4366664886,0
2023-04-25,24.0533332825,0
2023-04-26,23.6966667175,0
2023-04-27,23.9400005341,0
2023-04-28,24.1900005341,0
2023-05-01,24.2099990845,0
2023-05-02,23.703332901,0
2023-05-03,23.4933338165,0
2023-05-04,23.2733325958,0
2023-05-05,23.6633338928,0
2023-05-08,23.5400009155,0
2023-05-09,23.453332901,0
2023-05-10,23.4066677094,0
2023-05-11,23.3033332825,0
2023-05-12,23.3500003815,0
2023-05-15,23.3999996185,0
2023-05-16,23.0599994659,0
2023-05-17,23.3899993896,0
2023-05-18,23.5066661835,0
2023-05-19,23.5300006866,0
2023-05-22,23.5333328247,0
2023-05-23,23.5266666412,0
2023-05-24,23.3033332825,0
2023-05-25,23.2133331299,0
2023-05-26,23.4766674042,0
2023-05-30,23.3899993896,0
2023-05-31,23.1966667175,0
2023-06-01,23.2900009155,0
2023-06-02,23.7466678619,0
2023-06-05,23.5966663361,0
2023-06-06,23.6633338928,0
2023-06-07,23.9333324432,0
2023-06-08,23.9699993134,0
2023-06-09,23.9099998474,0
2023-06-12,24.0433330536,0
2023-06-13,24.1933326721,0
2023-06-14,24.1399993896,0
2023-06-15,24.453332901,0
2023-06-16,24.4466667175,0
2023-06-20,24.2133331299,0
2023-06-21,23.9099998474,0.221667
2023-06-22,23.8066673279,0
2023-06-23,23.5699996948,0
2023-06-26,23.6900005341,0
2023-06-27,23.8933334351,0
2023-06-28,23.8400001526,0
2023-06-29,24.0033321381,0
2023-06-30,24.2066669464,0
2023-07-03,24.3500003815,0
2023-07-05,24.2433338165,0
2023-07-06,23.9799995422,0
2023-07-07,23.9366664886,0
2023-07-10,24.1266670227,0
2023-07-11,24.4066677094,0
2023-07-12,24.4799995422,0
2023-07-13,24.5933322906,0
2023-07-14,24.4599990845,0
2023-07-17,24.3966674805,0
2023-07-18,24.5933322906,0
2023-07-19,24.8333320618,0
2023-07-20,24.9333324432,0
2023-07-21,24.9899997711,0
2023-07-24,25.1366672516,0
2023-07-25,25.1100006104,0
2023-07-26,25.1566677094,0
2023-07-27,25.0533332825,0
2023-07-28,25.2099990845,0
2023-07-31,25.2199993134,0
2023-08-01,25.1066665649,0
2023-08-02,24.8466663361,0
2023-08-03,24.8199996948,0
2023-08-04,24.7199993134,0
2023-08-07,24.9366664886,0
2023-08-08,24.8466663361,0
2023-08-09,24.7833328247,0
2023-08-10,24.7866668701,0
2023-08-11,24.8566665649,0
2023-08-14,24.8166675568,0
2023-08-15,24.5233325958,0
2023-08-16,24.4233322144,0
2023-08-17,24.4599990845,0
2023-08-18,24.5200004578,0
2023-08-21,24.5066661835,0
2023-08-22,24.3199996948,0
2023-08-23,24.5266666412,0
2023-08-24,24.3366661072,0
2023-08-25,24.4466667175,0
2023-08-28,24.5866661072,0
2023-08-29,24.8199996948,0
2023-08-30,24.8633327484,0
2023-08-31,24.8433322906,0
2023-09-01,24.8899993896,0
2023-09-05,24.6700000763,0
2023-09-06,24.4766674042,0
2023-09-07,24.4599990845,0
2023-09-08,24.5566673279,0
2023-09-11,24.5933322906,0
2023-09-12,24.5866661072,0
2023-09-13,24.5166664124,0
2023-09-14,24.7800006866,0
2023-09-15,24.5433330536,0
2023-09-18,24.5400009155,0
2023-09-19,24.4766674042,0
2023-09-20,24.1599998474,0.218333
2023-09-21,23.8099994659,0
2023-09-22,23.7633323669,0
2023-09-25,23.8266677856,0
2023-09-26,23.5433330536,0
2023-09-27,23.546667099,0
2023-09-28,23.6700000763,0
2023-09-29,23.5866661072,0
2023-10-02,23.3933334351,0
2023-10-03,23.1399993896,0
2023-10-04,23.1499996185,0
2023-10-05,23.0699996948,0
2023-10-06,23.2099990845,0
2023-10-09,23.4666671753,0
2023-10-10,23.5833320618,0
2023-10-11,23.6200008392,0
2023-10-12,23.4899997711,0
2023-10-13,23.4400005341,0
2023-10-16,23.7166671753,0
2023-10-17,23.8099994659,0
2023-10-18,23.5400009155,0
2023-10-19,23.3266677856,0
2023-10-20,23.0966663361,0
2023-10-23,22.9166679382,0
2023-10-24,23.0933322906,0
2023-10-25,22.8466663361,0
2023-10-26,22.7266674042,0
2023-10-27,22.2999992371,0
2023-10-30,22.5633335114,0
2023-10-31,22.6866664886,0
2023-11-01,22.7166671753,0
2023-11-02,23.2233333588,0
2023-11-03,23.4166679382,0
2023-11-06,23.3133335114,0
2023-11-07,23.2333335876,0
2023-11-08,23.1900005341,0
2023-11-09,22.9233322144,0
2023-11-10,23.1466674805,0
2023-11-13,23.0900001526,0
2023-11-14,23.6000003815,0
2023-11-15,23.7800006866,0
2023-11-16,23.5900001526,0
2023-11-17,23.7133331299,0
2023-11-20,23.8299999237,0
2023-11-21,23.7666664124,0
2023-11-22,23.8433322906,0
2023-11-24,23.9333324432,0
2023-11-27,23.8133335114,0
2023-11-28,23.8466663361,0
2023-11-29,23.9433326721,0
2023-11-30,24.1166667938,0
2023-12-01,24.3833332062,0
2023-12-04,24.4799995422,0
2023-12-05,24.3366661072,0
2023-12-06,24.0433330536,0.247333
2023-12-07,24.1333332062,0
2023-12-08,24.1733322144,0
2023-12-11,24.4066677094,0
2023-12-12,24.4200000763,0
2023-12-13,24.8233337402,0
2023-12-14,25.2299995422,0
2023-12-15,25.1499996185,0
2023-12-18,25.1833324432,0
2023-12-19,25.3233337402,0
2023-12-20,24.9433326721,0
2023-12-21,25.1299991608,0
2023-12-22,25.2833328247,0
2023-12-26,25.4066677094,0
2023-12-27,25.4266662598,0
2023-12-28,25.4400005341,0
2023-12-29,25.3766670227,0
2024-01-02,25.5633335114,0
2024-01-03,25.4033336639,0
2024-01-04,25.3733329773,0
2024-01-05,25.4566669464,0
2024-01-08,25.6066665649,0
2024-01-09,25.4699993134,0
2024-01-10,25.4566669464,0
2024-01-11,25.3533325195,0
2024-01-12,25.4233322144,0
2024-01-16,25.2366676331,0
2024-01-17,25.0833320618,0
2024-01-18,25.2333335876,0
2024-01-19,25.5300006866,0
2024-01-22,25.6399993896,0
2024-01-23,25.6466674805,0
2024-01-24,25.4666671753,0
2024-01-25,25.6900005341,0
2024-01-26,25.6733322144,0
2024-01-29,25.7766666412,0
2024-01-30,25.7299995422,0
2024-01-31,25.4133338928,0
2024-02-01,25.6800003052,0
2024-02-02,25.6666679382,0
2024-02-05,25.4599990845,0
2024-02-06,25.5833320618,0
2024-02-07,25.6233329773,0
2024-02-08,25.6900005341,0
2024-02-09,25.5966663361,0
2024-02-12,25.7533321381,0
2024-02-13,25.3600006104,0
2024-02-14,25.4599990845,0
2024-02-15,25.7466678619,0
2024-02-16,25.6599998474,0
2024-02-20,25.6566677094,0
2024-02-21,25.7600002289,0
2024-02-22,25.9333324432,0
2024-02-23,25.9633331299,0
2024-02-26,25.8233337402,0
2024-02-27,25.8466663361,0
2024-02-28,25.8099994659,0
2024-02-29,25.8799991608,0
2024-03-01,26.0499992371,0
2024-03-04,26.1299991608,0
2024-03-05,26.0400009155,0
2024-03-06,26.1266670227,0
2024-03-07,26.2533321381,0
2024-03-08,26.1433334351,0
2024-03-11,26.2933330536,0
2024-03-12,26.3400001526,0
2024-03-13,26.4200000763,0
2024-03-14,26.2766666412,0
2024-03-15,26.1866664886,0
2024-03-18,26.2399997711,0
2024-03-19,26.3566665649,0
2024-03-20,26.4133338928,0.203667
2024-03-21,26.6233329773,0
2024-03-22,26.4599990845,0
2024-03-25,26.4666671753,0
2024-03-26,26.2900009155,0
2024-03-27,26.7433338165,0
2024-03-28,26.8766670227,0
2024-04-01,26.7133331299,0
2024-04-02,26.5766677856,0
2024-04-03,26.5100002289,0
2024-04-04,26.2433338165,0
2024-04-05,26.3366661072,0
2024-04-08,26.3666667938,0
2024-04-09,26.5166664124,0
2024-04-10,26.0433330536,0
2024-04-11,25.9766674042,0
2024-04-12,25.6033325195,0
2024-04-15,25.4733333588,0
2024-04-16,25.3099994659,0
2024-04-17,25.2700004578,0
2024-04-18,25.2700004578,0
2024-04-19,25.5499992371,0
2024-04-22,25.7466678619,0
2024-04-23,25.9233322144,0
2024-04-24,26.0433330536,0
2024-04-25,25.8533325195,0
2024-04-26,25.8266677856,0
2024-04-29,25.9733333588,0
2024-04-30,25.6633338928,0
2024-05-01,25.6299991608,0
2024-05-02,25.7566661835,0
2024-05-03,25.9899997711,0
2024-05-06,26.0433330536,0
2024-05-07,26.0833320618,0
2024-05-08,26.1700000763,0
2024-05-09,26.3866672516,0
2024-05-10,26.4333324432,0
2024-05-13,26.5200004578,0
2024-05-14,26.5633335114,0
2024-05-15,26.7166671753,0
2024-05-16,26.6666679382,0
2024-05-17,26.6933326721,0
2024-05-20,26.5599994659,0
2024-05-21,26.4866676331,0
2024-05-22,26.3999996185,0
2024-05-23,25.9933338165,0
2024-05-24,26.0333328247,0
2024-05-28,25.8133335114,0
2024-05-29,25.4733333588,0
2024-05-30,25.7166671753,0
2024-05-31,26.1900005341,0
2024-06-03,26.046667099,0
2024-06-04,26.0599994659,0
2024-06-05,26.0499992371,0
2024-06-06,26.0266666412,0
2024-06-07,25.9633331299,0
2024-06-10,25.9233322144,0
2024-06-11,25.8333320618,0
2024-06-12,25.8133335114,0
2024-06-13,25.703332901,0
2024-06-14,25.5966663361,0
2024-06-17,25.7666664124,0
2024-06-18,25.8799991608,0
2024-06-20,26.0200004578,0
2024-06-21,26.0400009155,0
2024-06-24,26.4033336639,0
2024-06-25,26.1933326721,0
2024-06-26,25.8099994659,0.274667
2024-06-27,25.7566661835,0
2024-06-28,25.9200000763,0
2024-07-01,25.8033332825,0
2024-07-02,25.8166675568,0
2024-07-03,25.7266674042,0
2024-07-05,25.6733322144,0
2024-07-08,25.6966667175,0
2024-07-09,25.703332901,0
2024-07-10,25.9566669464,0
2024-07-11,26.2733325958,0
2024-07-12,26.546667099,0
2024-07-15,26.6433334351,0
2024-07-16,27.0866661072,0
2024-07-17,27.4400005341,0
2024-07-18,27.203332901,0
2024-07-19,27.0366668701,0
2024-07-22,27.0599994659,0
2024-07-23,26.8266677856,0
2024-07-24,26.8999996185,0
2024-07-25,27.0599994659,0
2024-07-26,27.4899997711,0
2024-07-29,27.3833332062,0
2024-07-30,27.6000003815,0
2024-07-31,27.5266666412,0
2024-08-01,27.2533321381,0
2024-08-02,26.9333324432,0
2024-08-05,26.3266677856,0
2024-08-06,26.4599990845,0
2024-08-07,26.296667099,0
2024-08-08,26.7399997711,0
2024-08-09,26.7233333588,0
2024-08-12,26.5966663361,0
2024-08-13,26.8799991608,0
2024-08-14,26.9133338928,0
2024-08-15,27.1966667175,0
2024-08-16,27.3199996948,0
2024-08-19,27.4799995422,0
2024-08-20,27.4066677094,0
2024-08-21,27.5233325958,0
2024-08-22,27.4466667175,0
2024-08-23,27.8400001526,0
2024-08-26,27.8733329773,0
2024-08-27,27.8266677856,0
2024-08-28,27.8333320618,0
2024-08-29,27.953332901,0
2024-08-30,28.1766662598,0
2024-09-03,27.9266662598,0
2024-09-04,27.8333320618,0
2024-09-05,27.5699996948,0
2024-09-06,27.3333320618,0
2024-09-09,27.6633338928,0
2024-09-10,27.6866664886,0
2024-09-11,27.5166664124,0
2024-09-12,27.5433330536,0
2024-09-13,27.7866668701,0
2024-09-16,28.0499992371,0
2024-09-17,28.0300006866,0
2024-09-18,28.046667099,0
2024-09-19,28.2900009155,0
2024-09-20,28.1599998474,0
2024-09-23,28.3099994659,0
2024-09-24,28.3533325195,0
2024-09-25,27.7900009155,0.251667
2024-09-26,27.9133338928,0
2024-09-27,28.0866661072,0
2024-09-30,28.1766662598,0
2024-10-01,28.1599998474,0
2024-10-02,28.1800003052,0
2024-10-03,28.1066665649,0
2024-10-04,28.2166671753,0
2024-10-07,28.1000003815,0
2024-10-08,28.0533332825,0
2024-10-09,28.3166675568,0
2024-10-10,28.2066669464,0
2024-10-11,28.5400009155,0
2024-10-14,28.6900005341,0
2024-10-15,28.5699996948,0
2024-10-16,28.7999992371,0
2024-10-17,28.8099994659,0
2024-10-18,28.8099994659,0
2024-10-21,28.4699993134,0
2024-10-22,28.3299999237,0
2024-10-23,28.2800006866,0
2024-10-24,28.3299999237,0
2024-10-25,28.1499996185,0
2024-10-28,28.3199996948,0
2024-10-29,28.0900001526,0
2024-10-30,28.1800003052,0
2024-10-31,28.2299995422,0
2024-11-01,28.1000003815,0
2024-11-04,28.1299991608,0
2024-11-05,28.3799991608,0
2024-11-06,29.0400009155,0
2024-11-07,28.9099998474,0
2024-11-08,29.0799999237,0
2024-11-11,29.1599998474,0
2024-11-12,28.9099998474,0
2024-11-13,29.0100002289,0
2024-11-14,28.8799991608,0
2024-11-15,28.6299991608,0
2024-11-18,28.7900009155,0
2024-11-19,28.6399993896,0
2024-11-20,28.7099990845,0
2024-11-21,28.9799995422,0
2024-11-22,29.3500003815,0
2024-11-25,29.5100002289,0
2024-11-26,29.4500007629,0
2024-11-27,29.4400005341,0
2024-11-29,29.5300006866,0
2024-12-02,29.3400001526,0
2024-12-03,29.1800003052,0
2024-12-04,28.9400005341,0
2024-12-05,28.9500007629,0
2024-12-06,28.8199996948,0
2024-12-09,28.7900009155,0
2024-12-10,28.6800003052,0
2024-12-11,28.25,0.265
2024-12-12,28.2000007629,0
2024-12-13,28.1299991608,0
2024-12-16,27.8700008392,0
2024-12-17,27.8099994659,0
2024-12-18,27.0799999237,0
2024-12-19,26.9300003052,0
2024-12-20,27.2900009155,0
2024-12-23,27.3700008392,0
2024-12-24,27.5799999237,0
2024-12-26,27.5900001526,0
2024-12-27,27.4699993134,0
2024-12-30,27.2299995422,0
2024-12-31,27.3199996948,0
2025-01-02,27.2600002289,0
2025-01-03,27.4400005341,0
2025-01-06,27.2700004578,0
2025-01-07,27.2600002289,0
2025-01-08,27.3199996948,0
2025-01-10,27.0100002289,0
2025-01-13,27.2999992371,0
2025-01-14,27.5200004578,0
2025-01-15,27.8199996948,0
2025-01-16,27.8299999237,0
2025-01-17,27.9899997711,0
2025-01-21,28.2199993134,0
2025-01-22,27.9200000763,0
2025-01-23,28.0900001526,0
2025-01-24,28.0699996948,0
2025-01-27,28.4500007629,0
2025-01-28,28.0699996948,0
2025-01-29,28.0100002289,0
2025-01-30,27.9799995422,0
2025-01-31,27.8299999237,0
2025-02-03,27.7199993134,0
2025-02-04,27.7600002289,0
2025-02-05,27.9500007629,0
2025-02-06,27.75,0
2025-02-07,27.5599994659,0
2025-02-10,27.6800003052,0
2025-02-11,27.8700008392,0
2025-02-12,27.6499996185,0
2025-02-13,27.8500003815,0
2025-02-14,27.7900009155,0
2025-02-18,27.9899997711,0
2025-02-19,28.1800003052,0
2025-02-20,28.3199996948,0
2025-02-21,28.2099990845,0
2025-02-24,28.2600002289,0
2025-02-25,28.4500007629,0
2025-02-26,28.1499996185,0
2025-02-27,28.1700000763,0
2025-02-28,28.5400009155,0
2025-03-03,28.3999996185,0
2025-03-04,27.9200000763,0
2025-03-05,28.0499992371,0
2025-03-06,28.0699996948,0
2025-03-07,28.4599990845,0
2025-03-10,28.3799991608,0
2025-03-11,27.7399997711,0
2025-03-12,27.4400005341,0
2025-03-13,27.2900009155,0
2025-03-14,27.6399993896,0
2025-03-17,27.9599990845,0
2025-03-18,27.9200000763,0
2025-03-19,28.0300006866,0
2025-03-20,27.9500007629,0
2025-03-21,27.7600002289,0
2025-03-24,28.0900001526,0
2025-03-25,27.8400001526,0
2025-03-26,27.7999992371,0.249
2025-03-27,27.75,0
2025-03-28,27.5799999237,0
2025-03-31,27.9599990845,0
2025-04-01,27.8700008392,0
2025-04-02,27.8700008392,0
2025-04-03,26.7299995422,0
2025-04-04,25.2800006866,0
2025-04-07,24.9400005341,0
2025-04-08,24.3199996948,0
2025-04-09,25.8700008392,0
2025-04-10,24.9699993134,0
2025-04-11,25.2999992371,0
2025-04-14,25.6000003815,0
2025-04-15,25.4300003052,0
2025-04-16,25.1299991608,0
2025-04-17,25.4200000763,0
2025-04-21,25.0300006866,0
2025-04-22,25.4400005341,0
2025-04-23,25.4200000763,0
2025-04-24,25.7099990845,0
2025-04-25,25.6700000763,0
2025-04-28,25.7900009155,0
2025-04-29,25.8899993896,0
2025-04-30,25.8199996948,0
2025-05-01,25.7099990845,0
2025-05-02,26.0599994659,0
2025-05-05,25.7999992371,0
2025-05-06,25.5499992371,0
2025-05-07,25.6399993896,0
2025-05-08,25.7800006866,0
2025-05-09,25.7299995422,0
2025-05-12,26.4300003052,0
2025-05-13,26.3099994659,0
2025-05-14,26,0
2025-05-15,26.4200000763,0
2025-05-16,26.6000003815,0
2025-05-19,26.5799999237,0
2025-05-20,26.4799995422,0
2025-05-21,26.0100002289,0
2025-05-22,25.9599990845,0
2025-05-23,25.8899993896,0
2025-05-27,26.2700004578,0
2025-05-28,26.0400009155,0
2025-05-29,26.1900005341,0
2025-05-30,26.1700000763,0
2025-06-02,26.25,0
2025-06-03,26.4400005341,0
2025-06-04,26.2900009155,0
2025-06-05,26.2299995422,0
2025-06-06,26.5400009155,0
2025-06-09,26.6499996185,0
2025-06-10,26.9500007629,0
2025-06-11,26.8600006104,0
2025-06-12,27.0200004578,0
2025-06-13,26.8999996185,0
2025-06-16,26.9200000763,0
2025-06-17,26.7199993134,0
2025-06-18,26.6399993896,0
2025-06-20,26.7000007629,0
2025-06-23,26.7000007629,0
2025-06-24,26.7399997711,0
2025-06-25,26.2000007629,0.26
2025-06-26,26.3899993896,0
2025-06-27,26.3899993896,0
2025-06-30,26.5,0
2025-07-01,27.0499992371,0
2025-07-02,27.3099994659,0
2025-07-03,27.3500003815,0
2025-07-07,27.0599994659,0
2025-07-08,27.3199996948,0
2025-07-09,27.2900009155,0
2025-07-10,27.5100002289,0
2025-07-11,27.3299999237,0
2025-07-14,27.3099994659,0
2025-07-15,26.8700008392,0
2025-07-16,26.9300003052,0
2025-07-17,27.1399993896,0
2025-07-18,27.0200004578,0
2025-07-21,26.9500007629,0
2025-07-22,27.2399997711,0
2025-07-23,27.3799991608,0
2025-07-24,27.2800006866,0
2025-07-25,27.3199996948,0
2025-07-28,27.2000007629,0
2025-07-29,27.1700000763,0
2025-07-30,26.8400001526,0
2025-07-31,26.5,0
2025-08-01,26.3799991608,0
2025-08-04,26.6100006104,0
2025-08-05,26.7399997711,0
2025-08-06,26.6800003052,0
2025-08-07,26.75,0
2025-08-08,26.8799991608,0
2025-08-11,26.7900009155,0
2025-08-12,27.1000003815,0
2025-08-13,27.4599990845,0
2025-08-14,27.3400001526,0
2025-08-15,27.3299999237,0
2025-08-18,27.2600002289,0
2025-08-19,27.4500007629,0
2025-08-20,27.5100002289,0
2025-08-21,27.5200004578,0
2025-08-22,27.9500007629,0
2025-08-25,27.7700004578,0
2025-08-26,27.75,0
2025-08-27,27.8700008392,0
2025-08-28,27.8199996948,0
2025-08-29,27.9200000763,0
2025-09-02,27.8400001526,0
2025-09-03,27.6000003815,0
2025-09-04,27.6900005341,0
2025-09-05,27.6399993896,0
2025-09-08,27.4400005341,0
2025-09-09,27.4500007629,0
2025-09-10,27.5,0
2025-09-11,27.7199993134,0
2025-09-12,27.4799995422,0
2025-09-15,27.3400001526,0
2025-09-16,27.4200000763,0
2025-09-17,27.4699993134,0
2025-09-18,27.4500007629,0
2025-09-19,27.3299999237,0
2025-09-22,27.25,0
2025-09-23,27.3999996185,0
2025-09-24,27.1599998474,0.26
2025-09-25,26.9899997711,0
2025-09-26,27.2099990845,0
2025-09-29,27.1000003815,0
2025-09-30,27.2999992371,0
2025-10-01,27.5300006866,0
2025-10-02,27.3400001526,0
2025-10-03,27.4099998474,0
2025-10-06,27.3400001526,0
2025-10-07,27.2800006866,0
2025-10-08,27.1800003052,0
2025-10-09,27,0
2025-10-10,26.5400009155,0
2025-10-13,26.6299991608,0
2025-10-14,26.8700008392,0
2025-10-15,26.7800006866,0
2025-10-16,26.5699996948,0
2025-10-17,26.7900009155,0
2025-10-20,26.9899997711,0
2025-10-21,27.0699996948,0
2025-10-22,26.9899997711,0
2025-10-23,27.0300006866,0
2025-10-24,27.0300006866,0
2025-10-27,27.1200008392,0
2025-10-28,27,0
2025-10-29,26.7399997711,0
2025-10-30,26.6800003052,0
2025-10-31,26.75,0
2025-11-03,26.4699993134,0
2025-11-04,26.4400005341,0
2025-11-05,26.5699996948,0
2025-11-06,26.5200004578,0
2025-11-07,26.7199993134,0
2025-11-10,26.7700004578,0
2025-11-11,27.1800003052,0
2025-11-12,27.1900005341,0
2025-11-13,27.2199993134,0
2025-11-14,27.2399997711,0
2025-11-17,27,0
2025-11-18,27.1599998474,0
2025-11-19,26.9300003052,0
2025-11-20,26.6200008392,0
2025-11-21,27.1000003815,0
2025-11-24,26.9500007629,0
2025-11-25,27.3199996948,0
2025-11-26,27.4500007629,0
2025-11-28,27.5900001526,0
2025-12-01,27.5300006866,0
2025-12-02,27.3999996185,0
2025-12-03,27.7999992371,0
2025-12-04,27.75,0
2025-12-05,27.7099990845,0
2025-12-08,27.5799999237,0
2025-12-09,27.4599990845,0
2025-12-10,27.5699996948,0.278
2025-12-11,27.6800003052,0
2025-12-12,27.6800003052,0
2025-12-15,27.7600002289,0
2025-12-16,27.4699993134,0
2025-12-17,27.6000003815,0
2025-12-18,27.4799995422,0
2025-12-19,27.4599990845,0
2025-12-22,27.6200008392,0
2025-12-23,27.5400009155,0
2025-12-24,27.6599998474,0
2025-12-26,27.6399993896,0
2025-12-29,27.6200008392,0
2025-12-30,27.6299991608,0
2025-12-31,27.4300003052,0
2026-01-02,27.7299995422,0
2026-01-05,27.9099998474,0
2026-01-06,28.0900001526,0
2026-01-07,27.8999996185,0
2026-01-08,28.4200000763,0
2026-01-09,28.5499992371,0
2026-01-12,28.5,0
2026-01-13,28.6200008392,0
2026-01-14,29.0400009155,0
2026-01-15,29.0300006866,0
2026-01-16,28.8999996185,0
2026-01-20,28.7000007629,0
2026-01-21,29.1499996185,0
2026-01-22,29.1700000763,0
2026-01-23,29.1399993896,0
2026-01-26,29.1800003052,0
2026-01-27,29.3700008392,0
2026-01-28,29.2999992371,0
2026-01-29,29.3700008392,0
2026-01-30,29.8199996948,0
2026-02-02,30,0
2026-02-03,30.5,0
2026-02-04,31.0100002289,0
2026-02-05,30.9699993134,0
2026-02-06,31.4699993134,0
2026-02-09,31.3500003815,0
2026-02-10,31.2999992371,0
2026-02-11,31.6399993896,0
2026-02-12,31.3400001526,0
2026-02-13,31.6100006104,0
2026-02-17,31.4200000763,0
2026-02-18,31.5599994659,0
2026-02-19,31.5699996948,0
2026-02-20,31.6100006104,0
2026-02-23,31.5300006866,0
2026-02-24,31.6399993896,0
2026-02-25,31.5100002289,0
2026-02-26,31.5100002289,0
2026-02-27,31.7700004578,0
2026-03-02,31.8600006104,0
2026-03-03,31.5900001526,0
2026-03-04,31.5400009155,0
2026-03-05,31.2600002289,0
2026-03-06,31.1299991608,0
2026-03-09,31.0200004578,0
2026-03-10,30.8999996185,0
2026-03-11,31,0
2026-03-12,30.8199996948,0
2026-03-13,30.7999992371,0
2026-03-16,30.8700008392,0
2026-03-17,30.9500007629,0
2026-03-18,30.5799999237,0
2026-03-19,30.5900001526,0
2026-03-20,30.3899993896,0
2026-03-23,30.5400009155,0
2026-03-24,30.6399993896,0
2026-03-25,30.5400009155,0.257
2026-03-26,30.6200008392,0
2026-03-27,30.4400005341,0
2026-03-30,30.4799995422,0
2026-03-31,30.6800003052,0
2026-04-01,30.5100002289,0
2026-04-02,30.5599994659,0
2026-04-06,30.6399993896,0
2026-04-07,30.5599994659,0
2026-04-08,30.8600006104,0
2026-04-09,30.9400005341,0
2026-04-10,30.5599994659,0
2026-04-13,30.7399997711,0
2026-04-14,30.7099990845,0
2026-04-15,30.6499996185,0
2026-04-16,30.8099994659,0
2026-04-17,31.0499992371,0
2026-04-20,31.0300006866,0
2026-04-21,30.9799995422,0
2026-04-22,31.0100002289,0
2026-04-23,31.4200000763,0
2026-04-24,31.2000007629,0
2026-04-27,31.1299991608,0
2026-04-28,31.3099994659,0
2026-04-29,31.4500007629,0
2026-04-30,32.0699996948,0
2026-05-01,31.8600006104,0
2026-05-04,31.5200004578,0
2026-05-05,31.6900005341,0
2026-05-06,31.6599998474,0
2026-05-07,31.5400009155,0
2026-05-08,31.6200008392,0
2026-05-11,31.75,0
2026-05-12,31.7600002289,0
2026-05-13,31.75,0
2026-05-14,31.7999992371,0
2026-05-15,31.7199993134,0
2026-05-18,32.0400009155,0
2026-05-19,32.0999984741,0
2026-05-20,32.1199989319,0
2026-05-21,32.25,0
2026-05-22,32.8300018311,0
2026-05-26,32.6699981689,0
2026-05-27,32.5499992371,0
2026-05-28,32.6300010681,0
2026-05-29,32.5,0
2026-06-01,32.1800003052,0
2026-06-02,32.3699989319,0
2026-06-03,32.3699989319,0
2026-06-04,32.5900001526,0
2026-06-05,32.2999992371,0
2026-06-08,32.2900009155,0
2026-06-09,32.3899993896,0
2026-06-10,32.2599983215,0
2026-06-11,32.5299987793,0
2026-06-12,32.8199996948,0
2026-06-15,32.6300010681,0
2026-06-16,32.5299987793,0
2026-06-17,31.9300003052,0
2026-06-18,31.8600006104,0
2026-06-22,31.8899993896,0
2026-06-23,32.0200004578,0
2026-06-24,31.7199993134,0.253
2026-06-25,31.9599990845,0
2026-06-26,32.0900001526,0
2026-06-29,31.9300003052,0
2026-06-30,31.7099990845,0
2026-07-01,31.8500003815,0
2026-07-02,32.3899993896,0
2026-07-06,32.2400016785,0
2026-07-07,32.5400009155,0
2026-07-08,32.3400001526,0
2026-07-09,32.2599983215,0
2026-07-10,32.4000015259,0
2026-07-13,32.5600013733,0
2026-07-14,32.2000007629,0
2026-07-15,32.3400001526,0
2026-07-16,33.0400009155,0
2026-07-17,32.9099998474,0
2026-07-20,32.75,0
2026-07-21,32.8199996948,0
2026-07-22,32.9000015259,0
2026-07-23,32.7999992371,0
2026-07-24,33.2900009155,0
2026-07-27,33.4300003052,0
2026-07-28,33.8899993896,0
2026-07-29,33.8300018311,0
2026-07-30,33.4099998474,0
2026-07-31,33.4700012207,0
2026-08-03,33.5600013733,0
2026-08-04,33.8499984741,0
2026-08-05,33.6399993896,0
2026-08-06,33.7000007629,0
2026-08-07,33.9000015259,0
2026-08-10,34.1899986267,0
2026-08-11,34.2700004578,0
2026-08-12,34.2599983215,0
2026-08-13,34.4300003052,0
2026-08-14,34.5200004578,0
2026-08-17,34.2900009155,0
2026-08-18,34.5099983215,0
2026-08-19,35.0900001526,0
2026-08-20,34.8300018311,0
2026-08-21,35.1100006104,0
2026-08-24,35.2099990845,0
2026-08-25,35.1100006104,0
2026-08-26,35.0499992371,0
2026-08-27,34.8300018311,0
2026-08-28,34.9000015259,0
2026-08-31,34.8899993896,0
2026-09-01,34.8100013733,0
2026-09-02,35.0099983215,0
