date,close,dividend
2010-03-11,0.660499989986,0
2010-03-12,0.644167006016,0
2010-03-15,0.62383300066,0
2010-03-16,0.674499988556,0
2010-03-17,0.698832988739,0
2010-03-18,0.681833028793,0
2010-03-19,0.650833010674,0
2010-03-22,0.697833001614,0
2010-03-23,0.742833018303,0
2010-03-24,0.701667010784,0
2010-03-25,0.698167026043,0
2010-03-26,0.68716698885,0
2010-03-29,0.70566701889,0
2010-03-30,0.719166994095,0
2010-03-31,0.708000004292,0
2010-04-01,0.710332989693,0
2010-04-05,0.770500004292,0
2010-04-06,0.758832991123,0
2010-04-07,0.766332983971,0
2010-04-08,0.739166975021,0
2010-04-09,0.758832991123,0
2010-04-12,0.777832984924,0
2010-04-13,0.792832970619,0
2010-04-14,0.894833028316,0
2010-04-15,0.902499973774,0
2010-04-16,0.869166970253,0
2010-04-19,0.839833021164,0
2010-04-20,0.880500018597,0
2010-04-21,0.852999985218,0
2010-04-22,0.901166975498,0
2010-04-23,0.905166983604,0
2010-04-26,0.913166999817,0
2010-04-27,0.818666994572,0
2010-04-28,0.834999978542,0
2010-04-29,0.863667011261,0
2010-04-30,0.747166991234,0
2010-05-03,0.802166998386,0
2010-05-04,0.695999979973,0
2010-05-05,0.673667013645,0
2010-05-06,0.616333007812,0
2010-05-07,0.578832983971,0
2010-05-10,0.680000007153,0
2010-05-11,0.666999995708,0
2010-05-12,0.72116702795,0
2010-05-13,0.664667010307,0
2010-05-14,0.603999972343,0
2010-05-17,0.629000008106,0
2010-05-18,0.57766699791,0
2010-05-19,0.586833000183,0
2010-05-20,0.538999974728,0
2010-05-21,0.574167013168,0
2010-05-24,0.540332973003,0
2010-05-25,0.552500009537,0
2010-05-26,0.549667000771,0
2010-05-27,0.633333027363,0
2010-05-28,0.602832973003,0
2010-06-01,0.561833024025,0
2010-06-02,0.621833026409,0
2010-06-03,0.645667016506,0
2010-06-04,0.561667025089,0
2010-06-07,0.499000012875,0
2010-06-08,0.493499994278,0
2010-06-09,0.483666986227,0
2010-06-10,0.536832988262,0
2010-06-11,0.55983299017,0
2010-06-14,0.570500016212,0
2010-06-15,0.665499985218,0
2010-06-16,0.674667000771,0
2010-06-17,0.67033302784,0
2010-06-18,0.665832996368,0
2010-06-21,0.648167014122,0
2010-06-22,0.614000022411,0
2010-06-23,0.619333028793,0
2010-06-24,0.565333008766,0
2010-06-25,0.567166984081,0
2010-06-28,0.573832988739,0
2010-06-29,0.495667010546,0
2010-06-30,0.471666991711,0
2010-07-01,0.473500013351,0
2010-07-02,0.467667013407,0
2010-07-06,0.466832995415,0
2010-07-07,0.540166974068,0
2010-07-08,0.536167025566,0
2010-07-09,0.554666996002,0
2010-07-12,0.575833022594,0
2010-07-13,0.612833023071,0
2010-07-14,0.607167005539,0
2010-07-15,0.599332988262,0
2010-07-16,0.542333006859,0
2010-07-19,0.583333015442,0
2010-07-20,0.584999978542,0
2010-07-21,0.549499988556,0
2010-07-22,0.599833011627,0
2010-07-23,0.611333012581,0
2010-07-26,0.633333027363,0
2010-07-27,0.620333015919,0
2010-07-28,0.588167011738,0
2010-07-29,0.552500009537,0
2010-07-30,0.535166978836,0
2010-08-02,0.563499987125,0
2010-08-03,0.54650002718,0
2010-08-04,0.5625,0
2010-08-05,0.549000024796,0
2010-08-06,0.549667000771,0
2010-08-09,0.558667004108,0
2010-08-10,0.51583302021,0
2010-08-11,0.453667014837,0
2010-08-12,0.435499995947,0
2010-08-13,0.42233300209,0
2010-08-16,0.426667004824,0
2010-08-17,0.442999988794,0
2010-08-18,0.457832992077,0
2010-08-19,0.43483299017,0
2010-08-20,0.439832985401,0
2010-08-23,0.424333006144,0
2010-08-24,0.402833014727,0
2010-08-25,0.414999991655,0
2010-08-26,0.391333013773,0
2010-08-27,0.414667010307,0
2010-08-30,0.384667009115,0
2010-08-31,0.360166996717,0
2010-09-01,0.393667012453,0
2010-09-02,0.419833004475,0
2010-09-03,0.437999993563,0
2010-09-07,0.414332985878,0
2010-09-08,0.407499998808,0
2010-09-09,0.409166991711,0
2010-09-10,0.393166989088,0
2010-09-13,0.432166993618,0
2010-09-14,0.453332990408,0
2010-09-15,0.449833005667,0
2010-09-16,0.459333002567,0
2010-09-17,0.459666997194,0
2010-09-20,0.465166985989,0
2010-09-21,0.462000012398,0
2010-09-22,0.442833006382,0.000133
2010-09-23,0.451332986355,0
2010-09-24,0.504999995232,0
2010-09-27,0.496333003044,0
2010-09-28,0.519500017166,0
2010-09-29,0.53100001812,0
2010-09-30,0.519500017166,0
2010-10-01,0.513999998569,0
2010-10-04,0.493000000715,0
2010-10-05,0.523832976818,0
2010-10-06,0.505833029747,0
2010-10-07,0.505999982357,0
2010-10-08,0.522499978542,0
2010-10-11,0.532000005245,0
2010-10-12,0.543332993984,0
2010-10-13,0.5458329916,0
2010-10-14,0.541333019733,0
2010-10-15,0.553667008877,0
2010-10-18,0.540832996368,0
2010-10-19,0.51816701889,0
2010-10-20,0.526832997799,0
2010-10-21,0.518999993801,0
2010-10-22,0.549832999706,0
2010-10-25,0.567833006382,0
2010-10-26,0.560666978359,0
2010-10-27,0.612167000771,0
2010-10-28,0.613667011261,0
2010-10-29,0.625167012215,0
2010-11-01,0.618833005428,0
2010-11-02,0.630833029747,0
2010-11-03,0.651666998863,0
2010-11-04,0.711499989033,0
2010-11-05,0.726333022118,0
2010-11-08,0.727333009243,0
2010-11-09,0.699666976929,0
2010-11-10,0.700500011444,0
2010-11-11,0.675999999046,0
2010-11-12,0.674332976341,0
2010-11-15,0.659332990646,0
2010-11-16,0.631332993507,0
2010-11-17,0.629499971867,0
2010-11-18,0.664667010307,0
2010-11-19,0.697000026703,0
2010-11-22,0.722832977772,0
2010-11-23,0.70349997282,0
2010-11-24,0.759832978249,0
2010-11-26,0.747166991234,0
2010-11-29,0.741999983788,0
2010-11-30,0.714500010014,0
2010-12-01,0.782999992371,0
2010-12-02,0.827000021935,0
2010-12-03,0.838999986649,0
2010-12-06,0.834667026997,0
2010-12-07,0.833000004292,0
2010-12-08,0.855832993984,0
2010-12-09,0.861999988556,0
2010-12-10,0.864332973957,0
2010-12-13,0.848167002201,0
2010-12-14,0.826499998569,0
2010-12-15,0.800832986832,0
2010-12-16,0.814999997616,0
2010-12-17,0.831667006016,0
2010-12-20,0.822166979313,0
2010-12-21,0.839500010014,0
2010-12-22,0.840332984924,0
2010-12-23,0.833333015442,0
2010-12-27,0.835833013058,0
2010-12-28,0.825167000294,0
2010-12-29,0.82849997282,0
2010-12-30,0.835833013058,0
2010-12-31,0.833167016506,0
2011-01-03,0.851832985878,0
2011-01-04,0.854667007923,0
2011-01-05,0.862999975681,0
2011-01-06,0.910833001137,0
2011-01-07,0.916832983494,0
2011-01-10,0.945667028427,0
2011-01-11,0.956166982651,0
2011-01-12,1.00983297825,0
2011-01-13,1.0095000267,0
2011-01-14,1.09200000763,0
2011-01-18,1.0791670084,0
2011-01-19,1.0039999485,0
2011-01-20,0.96749997139,0
2011-01-21,0.950833022594,0
2011-01-24,1.01950001717,0
2011-01-25,0.998166978359,0
2011-01-26,1.02583301067,0
2011-01-27,1.08249998093,0
2011-01-28,0.994832992554,0
2011-01-31,1.00616705418,0
2011-02-01,1.07899999619,0
2011-02-02,1.09733295441,0
2011-02-03,1.09850001335,0
2011-02-04,1.16349995136,0
2011-02-07,1.15149998665,0
2011-02-08,1.14883303642,0
2011-02-09,1.12699997425,0
2011-02-10,1.13666701317,0
2011-02-11,1.16266703606,0
2011-02-14,1.18916702271,0
2011-02-15,1.1551669836,0
2011-02-16,1.19166696072,0
2011-02-17,1.24416697025,0
2011-02-18,1.22983300686,0
2011-02-22,1.08333301544,0
2011-02-23,1.02516698837,0
2011-02-24,1.07583296299,0
2011-02-25,1.15716695786,0
2011-02-28,1.12216699123,0
2011-03-01,1.05516695976,0
2011-03-02,1.10016703606,0
2011-03-03,1.16400003433,0
2011-03-04,1.12733304501,0
2011-03-07,1.0340000391,0
2011-03-08,1.03949999809,0
2011-03-09,0.946833014488,0
2011-03-10,0.875167012215,0
2011-03-11,0.898500025272,0
2011-03-14,0.894833028316,0
2011-03-15,0.862332999706,0
2011-03-16,0.806666970253,0
2011-03-17,0.836166977882,0
2011-03-18,0.844500005245,0
2011-03-21,0.888167023659,0
2011-03-22,0.867332994938,0
2011-03-23,0.89083302021,0
2011-03-24,0.956499993801,0
2011-03-25,0.948499977589,0
2011-03-28,0.95300000906,0
2011-03-29,0.979166984558,0
2011-03-30,0.982333004475,0
2011-03-31,0.957333028316,0
2011-04-01,0.923833012581,0
2011-04-04,0.899999976158,0
2011-04-05,0.958666980267,0
2011-04-06,1.00566697121,0
2011-04-07,0.990999996662,0
2011-04-08,0.966666996479,0
2011-04-11,0.940666973591,0
2011-04-12,0.883000016212,0
2011-04-13,0.89050000906,0
2011-04-14,0.892332971096,0
2011-04-15,0.910000026226,0
2011-04-18,0.861333012581,0
2011-04-19,0.871667027473,0
2011-04-20,0.9833329916,0
2011-04-21,0.980666995049,0
2011-04-25,0.983500003815,0
2011-04-26,1.03083300591,0
2011-04-27,1.03066694736,0
2011-04-28,1.01016700268,0
2011-04-29,1.02499997616,0
2011-05-02,0.992999970913,0
2011-05-03,0.956332981586,0
2011-05-04,0.958000004292,0
2011-05-05,0.963832974434,0
2011-05-06,0.985000014305,0
2011-05-09,0.976499974728,0
2011-05-10,0.989166975021,0
2011-05-11,0.966499984264,0
2011-05-12,1.00616705418,0
2011-05-13,0.967167019844,0
2011-05-16,0.926167011261,0
2011-05-17,0.892666995525,0
2011-05-18,0.943000018597,0
2011-05-19,0.919499993324,0
2011-05-20,0.911000013351,0
2011-05-23,0.855000019073,0
2011-05-24,0.835667014122,0
2011-05-25,0.857667028904,0
2011-05-26,0.881833016872,0
2011-05-27,0.913166999817,0
2011-05-31,0.9541670084,0
2011-06-01,0.867667019367,0
2011-06-02,0.867999970913,0
2011-06-03,0.821833014488,0
2011-06-06,0.801832973957,0
2011-06-07,0.81366699934,0
2011-06-08,0.76483297348,0
2011-06-09,0.767332971096,0
2011-06-10,0.730166971684,0
2011-06-13,0.708832979202,0
2011-06-14,0.74849998951,0
2011-06-15,0.70450001955,0
2011-06-16,0.680666983128,0
2011-06-17,0.651000022888,0
2011-06-20,0.652999997139,0
2011-06-21,0.702166974545,0
2011-06-22,0.691833019257,0
2011-06-23,0.722999989986,0
2011-06-24,0.671333014965,0
2011-06-27,0.682833015919,0
2011-06-28,0.708832979202,0
2011-06-29,0.711833000183,0
2011-06-30,0.763333022594,0
2011-07-01,0.813166975975,0
2011-07-05,0.791000008583,0
2011-07-06,0.772666990757,0
2011-07-07,0.818333029747,0
2011-07-08,0.781666994095,0
2011-07-11,0.741500020027,0
2011-07-12,0.678166985512,0
2011-07-13,0.671000003815,0
2011-07-14,0.64083302021,0
2011-07-15,0.651000022888,0
2011-07-18,0.623000025749,0
2011-07-19,0.684666991234,0
2011-07-20,0.675832986832,0
2011-07-21,0.694333016872,0
2011-07-22,0.741333007812,0
2011-07-25,0.712999999523,0
2011-07-26,0.730832993984,0
2011-07-27,0.650833010674,0
2011-07-28,0.646000027657,0
2011-07-29,0.630500018597,0
2011-08-01,0.629000008106,0
2011-08-02,0.573167026043,0
2011-08-03,0.59133297205,0
2011-08-04,0.494332998991,0
2011-08-05,0.45833298564,0
2011-08-08,0.386667013168,0
2011-08-09,0.43866699934,0
2011-08-10,0.412333011627,0
2011-08-11,0.473666995764,0
2011-08-12,0.469000011683,0
2011-08-15,0.496666997671,0
2011-08-16,0.468667000532,0
2011-08-17,0.458499997854,0
2011-08-18,0.379166990519,0
2011-08-19,0.356999993324,0
2011-08-22,0.36700001359,0
2011-08-23,0.42316699028,0
2011-08-24,0.422500014305,0
2011-08-25,0.388999998569,0
2011-08-26,0.419833004475,0
2011-08-29,0.466666996479,0
2011-08-30,0.466666996479,0
2011-08-31,0.456667006016,0
2011-09-01,0.433833003044,0
2011-09-02,0.404000014067,0
2011-09-06,0.395999997854,0
2011-09-07,0.446999996901,0
2011-09-08,0.440333008766,0
2011-09-09,0.425999999046,0
2011-09-12,0.464832991362,0
2011-09-13,0.493000000715,0
2011-09-14,0.52999997139,0
2011-09-15,0.554000020027,0
2011-09-16,0.555832982063,0
2011-09-19,0.537167012691,0
2011-09-20,0.519500017166,0
2011-09-21,0.486999988556,0
2011-09-22,0.438167005777,0
2011-09-23,0.46216699481,0
2011-09-26,0.46133300662,0
2011-09-27,0.486499994993,0
2011-09-28,0.444499999285,0
2011-09-29,0.426333010197,0
2011-09-30,0.383500009775,0
2011-10-03,0.340833008289,0
2011-10-04,0.383832991123,0
2011-10-05,0.419999986887,0
2011-10-06,0.434500008821,0
2011-10-07,0.441332995892,0
2011-10-10,0.47650000453,0
2011-10-11,0.473333001137,0
2011-10-12,0.485832989216,0
2011-10-13,0.516332983971,0
2011-10-14,0.534667015076,0
2011-10-17,0.490666985512,0
2011-10-18,0.522333025932,0
2011-10-19,0.488166987896,0
2011-10-20,0.464666992426,0
2011-10-21,0.493000000715,0
2011-10-24,0.544166982174,0
2011-10-25,0.51483297348,0
2011-10-26,0.522000014782,0
2011-10-27,0.588500022888,0
2011-10-28,0.593167006969,0
2011-10-31,0.547999978065,0
2011-11-01,0.495499998331,0
2011-11-02,0.503000020981,0
2011-11-03,0.54816699028,0
2011-11-04,0.567332983017,0
2011-11-07,0.564832985401,0
2011-11-08,0.573832988739,0
2011-11-09,0.495999991894,0
2011-11-10,0.509167015553,0
2011-11-11,0.561167001724,0
2011-11-14,0.541832983494,0
2011-11-15,0.563832998276,0
2011-11-16,0.554666996002,0
2011-11-17,0.491667002439,0
2011-11-18,0.476999998093,0
2011-11-21,0.449667006731,0
2011-11-22,0.433499991894,0
2011-11-23,0.392666995525,0
2011-11-25,0.376332998276,0
2011-11-28,0.414833009243,0
2011-11-29,0.405499994755,0
2011-11-30,0.474833011627,0
2011-12-01,0.483000010252,0
2011-12-02,0.479833006859,0
2011-12-05,0.494666993618,0
2011-12-06,0.491667002439,0
2011-12-07,0.509000003338,0
2011-12-08,0.465667009354,0
2011-12-09,0.482499986887,0
2011-12-12,0.443832993507,0
2011-12-13,0.412000000477,0
2011-12-14,0.392167001963,0
2011-12-15,0.391167014837,0
2011-12-16,0.400332987309,0
2011-12-19,0.366667002439,0
2011-12-20,0.414999991655,0
2011-12-21,0.402833014727,0
2011-12-22,0.442499995232,0
2011-12-23,0.448832988739,0
2011-12-27,0.447667002678,0
2011-12-28,0.425832986832,0
2011-12-29,0.438167005777,0
2011-12-30,0.432666987181,0
2012-01-03,0.448500007391,0
2012-01-04,0.448166996241,0
2012-01-05,0.467500001192,0
2012-01-06,0.471666991711,0
2012-01-09,0.497833013535,0
2012-01-10,0.513167023659,0
2012-01-11,0.519500017166,0
2012-01-12,0.537000000477,0
2012-01-13,0.501999974251,0
2012-01-17,0.508499979973,0
2012-01-18,0.583333015442,0
2012-01-19,0.619166970253,0
2012-01-20,0.628166973591,0
2012-01-23,0.623332977295,0
2012-01-24,0.62766700983,0
2012-01-25,0.635833024979,0
2012-01-26,0.616167008877,0
2012-01-27,0.62466698885,0
2012-01-30,0.602832973003,0
2012-01-31,0.605332970619,0
2012-02-01,0.645166993141,0
2012-02-02,0.65766698122,0
2012-02-03,0.685500025749,0
2012-02-06,0.663667023182,0
2012-02-07,0.664332985878,0
2012-02-08,0.689499974251,0
2012-02-09,0.695500016212,0
2012-02-10,0.652499973774,0
2012-02-13,0.659332990646,0
2012-02-14,0.668833017349,0
2012-02-15,0.677833020687,0
2012-02-16,0.727999985218,0
2012-02-17,0.711000025272,0
2012-02-21,0.682500004768,0
2012-02-22,0.672167003155,0
2012-02-23,0.676167011261,0
2012-02-24,0.671167016029,0
2012-02-27,0.671832978725,0
2012-02-28,0.705833017826,0
2012-02-29,0.67316699028,0
2012-03-01,0.673833012581,0
2012-03-02,0.653167009354,0
2012-03-05,0.604332983494,0
2012-03-06,0.586000025272,0
2012-03-07,0.614166975021,0
2012-03-08,0.640332996845,0
2012-03-09,0.661000013351,0
2012-03-12,0.643000006676,0
2012-03-13,0.684666991234,0
2012-03-14,0.678499996662,0
2012-03-15,0.716832995415,0
2012-03-16,0.718333005905,0
2012-03-19,0.73566699028,0
2012-03-20,0.721333026886,0
2012-03-21,0.728332996368,0
2012-03-22,0.715833008289,0
2012-03-23,0.721333026886,0
2012-03-26,0.751833021641,0
2012-03-27,0.75,0
2012-03-28,0.722999989986,0
2012-03-29,0.725332975388,0
2012-03-30,0.733667016029,0
2012-04-02,0.73299998045,0
2012-04-03,0.699167013168,0
2012-04-04,0.651499986649,0
2012-04-05,0.65766698122,0
2012-04-09,0.630333006382,0
2012-04-10,0.597333014011,0
2012-04-11,0.625167012215,0
2012-04-12,0.659500002861,0
2012-04-13,0.624167025089,0
2012-04-16,0.625167012215,0
2012-04-17,0.654166996479,0
2012-04-18,0.637832999229,0
2012-04-19,0.616999983788,0
2012-04-20,0.574167013168,0
2012-04-23,0.553166985512,0
2012-04-24,0.539833009243,0
2012-04-25,0.575833022594,0
2012-04-26,0.614666998386,0
2012-04-27,0.615167021751,0
2012-04-30,0.605166971684,0
2012-05-01,0.612332999706,0
2012-05-02,0.620832979679,0
2012-05-03,0.576332986355,0
2012-05-04,0.539166986942,0
2012-05-07,0.535833001137,0
2012-05-08,0.526499986649,0
2012-05-09,0.522000014782,0
2012-05-10,0.515332996845,0
2012-05-11,0.526332974434,0
2012-05-14,0.510833024979,0
2012-05-15,0.494666993618,0
2012-05-16,0.471832990646,0
2012-05-17,0.437667012215,0
2012-05-18,0.413500010967,0
2012-05-21,0.444833010435,0
2012-05-22,0.436167001724,0
2012-05-23,0.441332995892,0
2012-05-24,0.423999994993,0
2012-05-25,0.439332991838,0
2012-05-29,0.465166985989,0
2012-05-30,0.439999997616,0
2012-05-31,0.425332993269,0
2012-06-01,0.375499993563,0
2012-06-04,0.370332986116,0
2012-06-05,0.395332992077,0
2012-06-06,0.435333013535,0
2012-06-07,0.417667001486,0
2012-06-08,0.43599998951,0
2012-06-11,0.411166995764,0
2012-06-12,0.439166992903,0
2012-06-13,0.424167007208,0
2012-06-14,0.422832995653,0
2012-06-15,0.441832989454,0
2012-06-18,0.46250000596,0
2012-06-19,0.476666986942,0
2012-06-20,0.492832988501,0
2012-06-21,0.431167006493,0
2012-06-22,0.449000000954,0
2012-06-25,0.405667006969,0
2012-06-26,0.409332990646,0
2012-06-27,0.426167011261,0
2012-06-28,0.417667001486,0
2012-06-29,0.469999998808,0
2012-07-02,0.468167006969,0
2012-07-03,0.489499986172,0
2012-07-05,0.47616699338,0
2012-07-06,0.441332995892,0
2012-07-09,0.425999999046,0
2012-07-10,0.396167010069,0
2012-07-11,0.383832991123,0
2012-07-12,0.366499990225,0
2012-07-13,0.375833004713,0
2012-07-16,0.363332986832,0
2012-07-17,0.3583329916,0
2012-07-18,0.394666999578,0
2012-07-19,0.419833004475,0
2012-07-20,0.39883300662,0
2012-07-23,0.386999994516,0
2012-07-24,0.383332997561,0
2012-07-25,0.403667002916,0
2012-07-26,0.432000011206,0
2012-07-27,0.462000012398,0
2012-07-30,0.449833005667,0
2012-07-31,0.460500001907,0
2012-08-01,0.459666997194,0
2012-08-02,0.455332994461,0
2012-08-03,0.4833329916,0
2012-08-06,0.491833001375,0
2012-08-07,0.521499991417,0
2012-08-08,0.528500020504,0
2012-08-09,0.538166999817,0
2012-08-10,0.545167028904,0
2012-08-13,0.534667015076,0
2012-08-14,0.519999980927,0
2012-08-15,0.52883297205,0
2012-08-16,0.556333005428,0
2012-08-17,0.545167028904,0
2012-08-20,0.530833005905,0
2012-08-21,0.532000005245,0
2012-08-22,0.520833015442,0
2012-08-23,0.510333001614,0
2012-08-24,0.518666982651,0
2012-08-27,0.513999998569,0
2012-08-28,0.512667000294,0
2012-08-29,0.513666987419,0
2012-08-30,0.488166987896,0
2012-08-31,0.507332980633,0
2012-09-04,0.495667010546,0
2012-09-05,0.484667003155,0
2012-09-06,0.536333024502,0
2012-09-07,0.526332974434,0
2012-09-10,0.49883300066,0
2012-09-11,0.507332980633,0
2012-09-12,0.510500013828,0
2012-09-13,0.524667024612,0
2012-09-14,0.544833004475,0
2012-09-17,0.52983301878,0
2012-09-18,0.522499978542,0
2012-09-19,0.512499988079,0
2012-09-20,0.499166995287,0
2012-09-21,0.49966698885,0
2012-09-24,0.477167010307,0
2012-09-25,0.440667003393,0
2012-09-26,0.432999998331,0
2012-09-27,0.462000012398,0
2012-09-28,0.449333012104,0
2012-10-01,0.44549998641,0
2012-10-02,0.453500002623,0
2012-10-03,0.446000009775,0
2012-10-04,0.456333011389,0
2012-10-05,0.454499989748,0
2012-10-08,0.439332991838,0
2012-10-09,0.418666988611,0
2012-10-10,0.401333004236,0
2012-10-11,0.403833001852,0
2012-10-12,0.397000014782,0
2012-10-15,0.414332985878,0
2012-10-16,0.441000014544,0
2012-10-17,0.437999993563,0
2012-10-18,0.426999986172,0
2012-10-19,0.390332996845,0
2012-10-22,0.389667004347,0
2012-10-23,0.393332988024,0
2012-10-24,0.375167012215,0
2012-10-25,0.390332996845,0
2012-10-26,0.39583298564,0
2012-10-31,0.395332992077,0
2012-11-01,0.435667008162,0
2012-11-02,0.411332994699,0
2012-11-05,0.431832998991,0
2012-11-06,0.449000000954,0
2012-11-07,0.41516700387,0
2012-11-08,0.40000000596,0
2012-11-09,0.402833014727,0
2012-11-12,0.403167009354,0
2012-11-13,0.394499987364,0
2012-11-14,0.375167012215,0
2012-11-15,0.35983300209,0
2012-11-16,0.360332995653,0
2012-11-19,0.380832999945,0
2012-11-20,0.378333002329,0
2012-11-21,0.380167007446,0
2012-11-23,0.39966699481,0
2012-11-26,0.406332999468,0
2012-11-27,0.401499986649,0
2012-11-28,0.415499985218,0
2012-11-29,0.418999999762,0
2012-11-30,0.417333006859,0
2012-12-03,0.411832988262,0
2012-12-04,0.418832987547,0
2012-12-05,0.416166990995,0
2012-12-06,0.430999994278,0
2012-12-07,0.433833003044,0
2012-12-10,0.441832989454,0
2012-12-11,0.468499988317,0
2012-12-12,0.462999999523,0
2012-12-13,0.449999988079,0
2012-12-14,0.440667003393,0
2012-12-17,0.445832997561,0
2012-12-18,0.466500014067,0
2012-12-19,0.470167011023,0
2012-12-20,0.469332993031,0
2012-12-21,0.454499989748,0
2012-12-24,0.450500011444,0
2012-12-26,0.440333008766,0
2012-12-27,0.433333009481,0
2012-12-28,0.425832986832,0
2012-12-31,0.448166996241,0
2013-01-02,0.505167007446,0
2013-01-03,0.496167004108,0
2013-01-04,0.494500011206,0
2013-01-07,0.489499986172,0
2013-01-08,0.473333001137,0
2013-01-09,0.487332999706,0
2013-01-10,0.507000029087,0
2013-01-11,0.51583302021,0
2013-01-14,0.511500000954,0
2013-01-15,0.503832995892,0
2013-01-16,0.520166993141,0
2013-01-17,0.553166985512,0
2013-01-18,0.54433298111,0
2013-01-22,0.539499998093,0
2013-01-23,0.557166993618,0
2013-01-24,0.542333006859,0
2013-01-25,0.5625,0
2013-01-28,0.566332995892,0
2013-01-29,0.555832982063,0
2013-01-30,0.558667004108,0
2013-01-31,0.553667008877,0
2013-02-01,0.583167016506,0
2013-02-04,0.557833015919,0
2013-02-05,0.584167003632,0
2013-02-06,0.587333023548,0
2013-02-07,0.57966697216,0
2013-02-08,0.602167010307,0
2013-02-11,0.604833006859,0
2013-02-12,0.608667016029,0
2013-02-13,0.613499999046,0
2013-02-14,0.630999982357,0
2013-02-15,0.618833005428,0
2013-02-19,0.641166985035,0
2013-02-20,0.598167002201,0
2013-02-21,0.565500020981,0
2013-02-22,0.600832998753,0
2013-02-25,0.566500008106,0
2013-02-26,0.58066701889,0
2013-02-27,0.606666982174,0
2013-02-28,0.622166991234,0
2013-03-01,0.600166976452,0
2013-03-04,0.597666978836,0
2013-03-05,0.631667017937,0
2013-03-06,0.634500026703,0
2013-03-07,0.642666995525,0
2013-03-08,0.644167006016,0
2013-03-11,0.647167026997,0
2013-03-12,0.656832993031,0
2013-03-13,0.662666976452,0
2013-03-14,0.671832978725,0
2013-03-15,0.639167010784,0
2013-03-18,0.613332986832,0
2013-03-19,0.606167018414,0
2013-03-20,0.629999995232,0
2013-03-21,0.600166976452,0
2013-03-22,0.619000017643,0
2013-03-25,0.615832984447,0
2013-03-26,0.632833003998,0
2013-03-27,0.635500013828,0
2013-03-28,0.647000014782,0
2013-04-01,0.610499978065,0
2013-04-02,0.592999994755,0
2013-04-03,0.557332992554,0
2013-04-04,0.578666985035,0
2013-04-05,0.570333003998,0
2013-04-08,0.59133297205,0
2013-04-09,0.607500016689,0
2013-04-10,0.646499991417,0
2013-04-11,0.64016699791,0
2013-04-12,0.630666971207,0
2013-04-15,0.585667014122,0
2013-04-16,0.620832979679,0
2013-04-17,0.559666991234,0
2013-04-18,0.544499993324,0
2013-04-19,0.557500004768,0
2013-04-22,0.574500024319,0
2013-04-23,0.611500024796,0
2013-04-24,0.633499979973,0
2013-04-25,0.652000010014,0
2013-04-26,0.634167015553,0
2013-04-29,0.655833005905,0
2013-04-30,0.675333023071,0
2013-05-01,0.65633302927,0
2013-05-02,0.683499991894,0
2013-05-03,0.70333302021,0
2013-05-06,0.71749997139,0
2013-05-07,0.716499984264,0
2013-05-08,0.744666993618,0
2013-05-09,0.756500005722,0
2013-05-10,0.777167022228,0
2013-05-13,0.753832995892,0
2013-05-14,0.765332996845,0
2013-05-15,0.785667002201,0
2013-05-16,0.770667016506,0
2013-05-17,0.799667000771,0
2013-05-20,0.795167028904,0
2013-05-21,0.793500006199,0
2013-05-22,0.757166981697,0
2013-05-23,0.756332993507,0
2013-05-24,0.756166994572,0
2013-05-28,0.776332974434,0
2013-05-29,0.785833001137,0
2013-05-30,0.822000026703,0
2013-05-31,0.797999978065,0
2013-06-03,0.800000011921,0
2013-06-04,0.810666978359,0
2013-06-05,0.773000001907,0
2013-06-06,0.76700001955,0
2013-06-07,0.803667008877,0
2013-06-10,0.816332995892,0
2013-06-11,0.764167010784,0
2013-06-12,0.736167013645,0
2013-06-13,0.780667006969,0
2013-06-14,0.772167026997,0
2013-06-17,0.805333018303,0
2013-06-18,0.844500005245,0
2013-06-19,0.816999971867,0
2013-06-20,0.740832984447,0
2013-06-21,0.746500015259,0
2013-06-24,0.700167000294,0
2013-06-25,0.751999974251,0
2013-06-26,0.761667013168,0
2013-06-27,0.771667003632,0
2013-06-28,0.782000005245,0
2013-07-01,0.776166975498,0
2013-07-02,0.778167009354,0
2013-07-03,0.790499985218,0
2013-07-05,0.821332991123,0
2013-07-08,0.772499978542,0
2013-07-09,0.796333014965,0
2013-07-10,0.823666989803,0
2013-07-11,0.87616699934,0
2013-07-12,0.891166985035,0
2013-07-15,0.89099997282,0
2013-07-16,0.898333013058,0
2013-07-17,0.900667011738,0
2013-07-18,0.878332972527,0
2013-07-19,0.873000025749,0
2013-07-22,0.866666972637,0
2013-07-23,0.857167005539,0
2013-07-24,0.810167014599,0
2013-07-25,0.824666976929,0
2013-07-26,0.802332997322,0
2013-07-29,0.789166986942,0
2013-07-30,0.815500020981,0
2013-07-31,0.827166974545,0
2013-08-01,0.871999979019,0
2013-08-02,0.855499982834,0
2013-08-05,0.851499974728,0
2013-08-06,0.834167003632,0
2013-08-07,0.808166980743,0
2013-08-08,0.810666978359,0
2013-08-09,0.798667013645,0
2013-08-12,0.807500004768,0
2013-08-13,0.834500014782,0
2013-08-14,0.79733300209,0
2013-08-15,0.742667019367,0
2013-08-16,0.75,0
2013-08-19,0.73483300209,0
2013-08-20,0.749499976635,0
2013-08-21,0.73299998045,0
2013-08-22,0.757833003998,0
2013-08-23,0.758333027363,0
2013-08-26,0.753166973591,0
2013-08-27,0.697000026703,0
2013-08-28,0.72000002861,0
2013-08-29,0.747500002384,0
2013-08-30,0.726999998093,0
2013-09-03,0.744832992554,0
2013-09-04,0.801999986172,0
2013-09-05,0.820833027363,0
2013-09-06,0.810832977295,0
2013-09-09,0.843333005905,0
2013-09-10,0.89016699791,0
2013-09-11,0.882499992847,0
2013-09-12,0.867166996002,0
2013-09-13,0.878666996956,0
2013-09-16,0.889167010784,0
2013-09-17,0.90716701746,0
2013-09-18,0.930499970913,0
2013-09-19,0.9208329916,0
2013-09-20,0.90600001812,0
2013-09-23,0.894333004951,0
2013-09-24,0.912333011627,0
2013-09-25,0.914667010307,0
2013-09-26,0.913332998753,0
2013-09-27,0.892332971096,0
2013-09-30,0.893999993801,0
2013-10-01,0.917167007923,0
2013-10-02,0.915499985218,0
2013-10-03,0.908167004585,0
2013-10-04,0.928499996662,0
2013-10-07,0.914667010307,0
2013-10-08,0.871167004108,0
2013-10-09,0.860000014305,0
2013-10-10,0.918500006199,0
2013-10-11,0.926999986172,0
2013-10-14,0.945167005062,0
2013-10-15,0.921000003815,0
2013-10-16,0.947166979313,0
2013-10-17,0.967167019844,0
2013-10-18,0.973667025566,0
2013-10-21,0.98516702652,0
2013-10-22,0.978667020798,0
2013-10-23,0.882000029087,0
2013-10-24,0.903500020504,0
2013-10-25,0.913500010967,0
2013-10-28,0.932332992554,0
2013-10-29,0.973333001137,0
2013-10-30,0.958999991417,0
2013-10-31,0.975332975388,0
2013-11-01,0.964667022228,0
2013-11-04,0.962832987309,0
2013-11-05,0.9541670084,0
2013-11-06,0.964833021164,0
2013-11-07,0.909332990646,0
2013-11-08,0.939499974251,0
2013-11-11,0.938832998276,0
2013-11-12,0.95450001955,0
2013-11-13,0.981500029564,0
2013-11-14,0.96783298254,0
2013-11-15,0.986167013645,0
2013-11-18,0.959500014782,0
2013-11-19,0.925999999046,0
2013-11-20,0.912167012691,0
2013-11-21,0.960833013058,0
2013-11-22,0.962499976158,0
2013-11-25,0.959167003632,0
2013-11-26,0.983833014965,0
2013-11-27,0.996667027473,0
2013-11-29,0.996500015259,0
2013-12-02,0.991167008877,0
2013-12-03,1.00133299828,0
2013-12-04,0.988667011261,0
2013-12-05,0.995167016983,0
2013-12-06,1.02950000763,0
2013-12-09,1.03750002384,0
2013-12-10,1.02866697311,0
2013-12-11,0.998332977295,0
2013-12-12,0.973167002201,0
2013-12-13,0.967999994755,0
2013-12-16,1.00699996948,0
2013-12-17,1.03833305836,0
2013-12-18,1.05900001526,0
2013-12-19,1.03999996185,0
2013-12-20,1.0664999485,0
2013-12-23,1.09300005436,0
2013-12-24,1.10599994659,0
2013-12-26,1.11616694927,0
2013-12-27,1.1131670475,0
2013-12-30,1.12166702747,0
2013-12-31,1.15033304691,0
2014-01-02,1.09866702557,0
2014-01-03,1.09466695786,0
2014-01-06,1.07400000095,0
2014-01-07,1.09899997711,0
2014-01-08,1.14750003815,0
2014-01-09,1.12316703796,0
2014-01-10,1.1368329525,0
2014-01-13,1.09633302689,0
2014-01-14,1.17166697979,0
2014-01-15,1.20133304596,0
2014-01-16,1.18133294582,0
2014-01-17,1.16100001335,0
2014-01-21,1.18383300304,0
2014-01-22,1.22433304787,0
2014-01-23,1.18266701698,0
2014-01-24,1.09966695309,0
2014-01-27,1.07866704464,0
2014-01-28,1.09183299541,0
2014-01-29,1.07650005817,0
2014-01-30,1.11833298206,0
2014-01-31,1.10099995136,0
2014-02-03,1.03149998188,0
2014-02-04,1.03316700459,0
2014-02-05,1.03733301163,0
2014-02-06,1.08666694164,0
2014-02-07,1.13916695118,0
2014-02-10,1.15666699409,0
2014-02-11,1.20083296299,0
2014-02-12,1.23466694355,0
2014-02-13,1.27900004387,0
2014-02-14,1.30016696453,0
2014-02-18,1.31066703796,0
2014-02-19,1.30766701698,0
2014-02-20,1.33850002289,0
2014-02-21,1.31816697121,0
2014-02-24,1.33333301544,0
2014-02-25,1.31383299828,0
2014-02-26,1.3393330574,0
2014-02-27,1.33749997616,0
2014-02-28,1.33333301544,0
2014-03-03,1.31149995327,0
2014-03-04,1.37950003147,0
2014-03-05,1.38816702366,0
2014-03-06,1.41983294487,0
2014-03-07,1.41316699982,0
2014-03-10,1.40416705608,0
2014-03-11,1.38183295727,0
2014-03-12,1.41666698456,0
2014-03-13,1.34583294392,0
2014-03-14,1.32449996471,0
2014-03-17,1.37199997902,0
2014-03-18,1.43050003052,0
2014-03-19,1.42733299732,0
2014-03-20,1.50766694546,0
2014-03-21,1.46800005436,0
2014-03-24,1.44983303547,0
2014-03-25,1.47983300686,0
2014-03-26,1.43499994278,0
2014-03-27,1.3995000124,0
2014-03-28,1.429666996,0
2014-03-31,1.49849998951,0
2014-04-01,1.56850004196,0
2014-04-02,1.5586669445,0
2014-04-03,1.56799995899,0
2014-04-04,1.43616700172,0
2014-04-07,1.39649999142,0
2014-04-08,1.44883298874,0
2014-04-09,1.49549996853,0
2014-04-10,1.3576669693,0
2014-04-11,1.29283297062,0
2014-04-14,1.32316696644,0
2014-04-15,1.3504999876,0
2014-04-16,1.3426669836,0
2014-04-17,1.4201669693,0
2014-04-21,1.45766699314,0
2014-04-22,1.49933302402,0
2014-04-23,1.49316704273,0
2014-04-24,1.51633298397,0
2014-04-25,1.36966705322,0
2014-04-28,1.34466695786,0
2014-04-29,1.36916697025,0
2014-04-30,1.39683294296,0
2014-05-01,1.38300001621,0
2014-05-02,1.39133298397,0
2014-05-05,1.39800000191,0
2014-05-06,1.38133299351,0
2014-05-07,1.38399994373,0
2014-05-08,1.41233301163,0
2014-05-09,1.40083301067,0
2014-05-12,1.47666704655,0
2014-05-13,1.44400000572,0
2014-05-14,1.40716695786,0
2014-05-15,1.35783302784,0
2014-05-16,1.39800000191,0
2014-05-19,1.44283294678,0
2014-05-20,1.42250001431,0
2014-05-21,1.44299995899,0
2014-05-22,1.46416699886,0
2014-05-23,1.50349998474,0
2014-05-27,1.56099998951,0
2014-05-28,1.56599998474,0
2014-05-29,1.57566702366,0
2014-05-30,1.58216702938,0
2014-06-02,1.60783302784,0
2014-06-03,1.65316700935,0
2014-06-04,1.6756670475,0
2014-06-05,1.69883298874,0
2014-06-06,1.72416698933,0
2014-06-09,1.7365000248,0
2014-06-10,1.7538330555,0
2014-06-11,1.77933299541,0
2014-06-12,1.76083302498,0
2014-06-13,1.81083297729,0
2014-06-16,1.84466695786,0
2014-06-17,1.88616704941,0
2014-06-18,1.86349999905,0
2014-06-19,1.86866700649,0
2014-06-20,1.88499999046,0
2014-06-23,1.86416697502,0
2014-06-24,1.82266700268,0
2014-06-25,1.84233295918,0
2014-06-26,1.81883299351,0
2014-06-27,1.82749998569,0
2014-06-30,1.88466703892,0
2014-07-01,1.96233296394,0
2014-07-02,1.97716701031,0
2014-07-03,2.01699995995,0
2014-07-07,1.97483301163,0
2014-07-08,1.94500005245,0
2014-07-09,1.97883296013,0
2014-07-10,1.95033299923,0
2014-07-11,1.9541670084,0
2014-07-14,1.98049998283,0
2014-07-15,1.96483302116,0
2014-07-16,2.03283309937,0
2014-07-17,1.87583303452,0
2014-07-18,1.9493329525,0
2014-07-21,1.96533298492,0
2014-07-22,2.00283288956,0
2014-07-23,1.86450004578,0
2014-07-24,1.81733298302,0
2014-07-25,1.70799994469,0
2014-07-28,1.70249998569,0
2014-07-29,1.6946669817,0
2014-07-30,1.74466705322,0
2014-07-31,1.62633299828,0
2014-08-01,1.65066695213,0
2014-08-04,1.67133295536,0
2014-08-05,1.62150001526,0
2014-08-06,1.63600003719,0
2014-08-07,1.57183301449,0
2014-08-08,1.62450003624,0
2014-08-11,1.67349994183,0
2014-08-12,1.66716694832,0
2014-08-13,1.71516704559,0
2014-08-14,1.72433304787,0
2014-08-15,1.77633297443,0
2014-08-18,1.79983305931,0
2014-08-19,1.83833301067,0
2014-08-20,1.88349997997,0
2014-08-21,1.90849995613,0
2014-08-22,1.91266703606,0
2014-08-25,1.88950002193,0
2014-08-26,1.89116704464,0
2014-08-27,1.90149998665,0
2014-08-28,1.94216704369,0
2014-08-29,1.9636670351,0
2014-09-02,1.93716704845,0
2014-09-03,1.9541670084,0
2014-09-04,1.96916699409,0
2014-09-05,2.01866698265,0
2014-09-08,2.03116703033,0
2014-09-09,1.97733294964,0
2014-09-10,1.97533297539,0
2014-09-11,1.99033296108,0
2014-09-12,1.91333305836,0
2014-09-15,1.84350001812,0
2014-09-16,1.93916702271,0
2014-09-17,1.98500001431,0
2014-09-18,2.070333004,0
2014-09-19,1.99633300304,0
2014-09-22,1.92333304882,0
2014-09-23,1.90833294392,0
2014-09-24,1.97683298588,0
2014-09-25,1.86983299255,0
2014-09-26,1.93483304977,0
2014-09-29,1.94299995899,0
2014-09-30,1.89450001717,0
2014-10-01,1.75633299351,0
2014-10-02,1.72716701031,0
2014-10-03,1.75333297253,0
2014-10-06,1.71099996567,0
2014-10-07,1.61483299732,0
2014-10-08,1.72133302689,0
2014-10-09,1.58350002766,0
2014-10-10,1.25533294678,0
2014-10-13,1.17416703701,0
2014-10-14,1.2404999733,0
2014-10-15,1.25683295727,0
2014-10-16,1.31133294106,0
2014-10-17,1.34333300591,0
2014-10-20,1.40683305264,0
2014-10-21,1.55983304977,0
2014-10-22,1.49500000477,0
2014-10-23,1.55966699123,0
2014-10-24,1.61000001431,0
2014-10-27,1.62650001049,0
2014-10-28,1.69733297825,0
2014-10-29,1.70749998093,0
2014-10-30,1.64983296394,0
2014-10-31,1.84166705608,0
2014-11-03,1.87583303452,0
2014-11-04,1.86016702652,0
2014-11-05,1.91499996185,0
2014-11-06,1.86616694927,0
2014-11-07,1.81133294106,0
2014-11-10,1.85233294964,0
2014-11-11,1.83616697788,0
2014-11-12,1.83283305168,0
2014-11-13,1.83599996567,0
2014-11-14,1.88116705418,0
2014-11-17,1.85683298111,0
2014-11-18,1.96416699886,0
2014-11-19,1.92633295059,0
2014-11-20,1.98000001907,0
2014-11-21,2.03949999809,0
2014-11-24,2.10249996185,0
2014-11-25,2.10166692734,0
2014-11-26,2.23716688156,0
2014-11-28,2.25,0
2014-12-01,2.17149996758,0
2014-12-02,2.2128329277,0
2014-12-03,2.35033297539,0
2014-12-04,2.36050009727,0
2014-12-05,2.43300008774,0
2014-12-08,2.32816696167,0
2014-12-09,2.32183289528,0
2014-12-10,2.19183301926,0
2014-12-11,2.22300004959,0
2014-12-12,2.11299991608,0
2014-12-15,2.0529999733,0
2014-12-16,2.01799988747,0
2014-12-17,2.14816689491,0
2014-12-18,2.26666688919,0
2014-12-19,2.24900007248,0
2014-12-22,2.34883308411,0
2014-12-23,2.33550000191,8.3e-05
2014-12-24,2.34366703033,0
2014-12-26,2.35283303261,0
2014-12-29,2.33183288574,0
2014-12-30,2.29166698456,0
2014-12-31,2.24699997902,0
2015-01-02,2.24716711044,0
2015-01-05,2.11999988556,0
2015-01-06,1.97566699982,0
2015-01-07,2.03550004959,0
2015-01-08,2.21866703033,0
2015-01-09,2.22416710854,0
2015-01-12,2.09050011635,0
2015-01-13,2.02816700935,0
2015-01-14,1.99566698074,0
2015-01-15,1.9470000267,0
2015-01-16,2.0134999752,0
2015-01-20,2.07716703415,0
2015-01-21,2.14533305168,0
2015-01-22,2.18566703796,0
2015-01-23,2.16650009155,0
2015-01-26,2.18916702271,0
2015-01-27,2.06333303452,0
2015-01-28,2.03250002861,0
2015-01-29,2.03833293915,0
2015-01-30,1.9129999876,0
2015-02-02,1.93050003052,0
2015-02-03,2.03466701508,0
2015-02-04,2.05900001526,0
2015-02-05,2.11533308029,0
2015-02-06,2.08333301544,0
2015-02-09,2.01516699791,0
2015-02-10,2.21933293343,0
2015-02-11,2.24166703224,0
2015-02-12,2.34983301163,0
2015-02-13,2.39983296394,0
2015-02-17,2.42383289337,0
2015-02-18,2.40000009537,0
2015-02-19,2.42199993134,0
2015-02-20,2.46516704559,0
2015-02-23,2.4161670208,0
2015-02-24,2.51399993896,0
2015-02-25,2.47183299065,0
2015-02-26,2.52200007439,0
2015-02-27,2.5038330555,0
2015-03-02,2.71183300018,0
2015-03-03,2.55516695976,0
2015-03-04,2.55100011826,0
2015-03-05,2.55333304405,0
2015-03-06,2.47633290291,0
2015-03-09,2.49799990654,0
2015-03-10,2.35700011253,0
2015-03-11,2.37683296204,0
2015-03-12,2.37383294106,0
2015-03-13,2.42283296585,0
2015-03-16,2.52950000763,0
2015-03-17,2.47566699982,0
2015-03-18,2.52999997139,0
2015-03-19,2.54850006104,0
2015-03-20,2.66033291817,0
2015-03-23,2.58583307266,0
2015-03-24,2.51966691017,0
2015-03-25,2.17449998856,0
2015-03-26,2.08483290672,0
2015-03-27,2.25600004196,0
2015-03-30,2.34999990463,0
2015-03-31,2.2673330307,0
2015-04-01,2.2246670723,0
2015-04-02,2.20233297348,0
2015-04-06,2.23383307457,0
2015-04-07,2.23950004578,0
2015-04-08,2.27983307838,0
2015-04-09,2.36833310127,0
2015-04-10,2.39483308792,0
2015-04-13,2.34833288193,0
2015-04-14,2.27983307838,0
2015-04-15,2.39499998093,0
2015-04-16,2.36483311653,0
2015-04-17,2.2634999752,0
2015-04-20,2.31883311272,0
2015-04-21,2.3694999218,0
2015-04-22,2.46766710281,0
2015-04-23,2.35183310509,0
2015-04-24,2.23683309555,0
2015-04-27,2.26016688347,0
2015-04-28,2.26300001144,0
2015-04-29,2.22499990463,0
2015-04-30,2.1741669178,0
2015-05-01,2.34366703033,0
2015-05-04,2.328332901,0
2015-05-05,2.18116688728,0
2015-05-06,2.17300009727,0
2015-05-07,2.2461669445,0
2015-05-08,2.31049990654,0
2015-05-11,2.31116700172,0
2015-05-12,2.25583291054,0
2015-05-13,2.29266691208,0
2015-05-14,2.3773329258,0
2015-05-15,2.38899993896,0
2015-05-18,2.45300006866,0
2015-05-19,2.43066692352,0
2015-05-20,2.44333291054,0
2015-05-21,2.48000001907,0
2015-05-22,2.49799990654,0
2015-05-26,2.44400000572,0
2015-05-27,2.72933292389,0
2015-05-28,2.7366669178,0
2015-05-29,2.76066708565,0
2015-06-01,2.77333307266,0
2015-06-02,2.67533302307,0
2015-06-03,2.62199997902,0
2015-06-04,2.55333304405,0
2015-06-05,2.55733299255,0
2015-06-08,2.41666698456,0
2015-06-09,2.40400004387,0
2015-06-10,2.49399995804,0
2015-06-11,2.49266695976,0
2015-06-12,2.42466688156,0
2015-06-15,2.40666699409,0
2015-06-16,2.4319999218,0
2015-06-17,2.43733310699,0
2015-06-18,2.54066705704,0
2015-06-19,2.51799988747,0
2015-06-22,2.56533288956,0
2015-06-23,2.5213329792,0
2015-06-24,2.44666695595,0
2015-06-25,2.4413330555,0
2015-06-26,2.2633330822,0
2015-06-29,2.06999993324,0
2015-06-30,2.09466695786,0
2015-07-01,2.1099998951,0
2015-07-02,2.13599991798,0
2015-07-06,2.0506670475,0
2015-07-07,2.02333307266,0
2015-07-08,1.87533295155,0
2015-07-09,1.78600001335,0
2015-07-10,1.88733303547,0
2015-07-13,1.93266701698,0
2015-07-14,1.99933302402,0
2015-07-15,1.95866703987,0
2015-07-16,1.97133302689,0
2015-07-17,1.95466697216,0
2015-07-20,1.91466701031,0
2015-07-21,1.91999995708,0
2015-07-22,1.77799999714,0
2015-07-23,1.85599994659,0
2015-07-24,1.74399995804,0
2015-07-27,1.70266699791,0
2015-07-28,1.8086669445,0
2015-07-29,1.81799995899,0
2015-07-30,1.8386670351,0
2015-07-31,1.77400004864,0
2015-08-03,1.75666701794,0
2015-08-04,1.69799995422,0
2015-08-05,1.76133298874,0
2015-08-06,1.66933298111,0
2015-08-07,1.69666695595,0
2015-08-10,1.82400000095,0
2015-08-11,1.70000004768,0
2015-08-12,1.7286670208,0
2015-08-13,1.67599999905,0
2015-08-14,1.64666700363,0
2015-08-17,1.69599997997,0
2015-08-18,1.59133303165,0
2015-08-19,1.54666697979,0
2015-08-20,1.37466704845,0
2015-08-21,1.27733302116,0
2015-08-24,1.17933297157,0
2015-08-25,1.14066696167,0
2015-08-26,1.30999994278,0
2015-08-27,1.45733296871,0
2015-08-28,1.48533296585,0
2015-08-31,1.46733295918,0
2015-09-01,1.31599998474,0
2015-09-02,1.40866696835,0
2015-09-03,1.4413330555,0
2015-09-04,1.36466705799,0
2015-09-08,1.54333305359,0
2015-09-09,1.4620000124,0
2015-09-10,1.4826669693,0
2015-09-11,1.48199999332,0
2015-09-14,1.49666702747,0
2015-09-15,1.54799997807,0
2015-09-16,1.56066703796,0
2015-09-17,1.51866698265,0
2015-09-18,1.44266700745,0
2015-09-21,1.4279999733,0
2015-09-22,1.33466696739,0
2015-09-23,1.30400002003,0
2015-09-24,1.29866695404,0
2015-09-25,1.31866705418,0
2015-09-28,1.20866703987,0
2015-09-29,1.23533296585,0
2015-09-30,1.37333297729,0
2015-10-01,1.32799994946,0
2015-10-02,1.41333305836,0
2015-10-05,1.49199998379,0
2015-10-06,1.50733304024,0
2015-10-07,1.57533299923,0
2015-10-08,1.60466694832,0
2015-10-09,1.56200003624,0
2015-10-12,1.56866705418,0
2015-10-13,1.50533294678,0
2015-10-14,1.67533302307,0
2015-10-15,1.72533297539,0
2015-10-16,1.73199999332,0
2015-10-19,1.73133301735,0
2015-10-20,1.72333300114,0
2015-10-21,1.7326669693,0
2015-10-22,1.90866696835,0
2015-10-23,1.9833329916,0
2015-10-26,1.86466705799,0
2015-10-27,1.8259999752,0
2015-10-28,1.92066705227,0
2015-10-29,1.75199997425,0
2015-10-30,1.79666697979,0
2015-11-02,1.84200000763,0
2015-11-03,1.86933302879,0
2015-11-04,1.88933300972,0
2015-11-05,1.7713329792,0
2015-11-06,1.90466701984,0
2015-11-09,1.85066699982,0
2015-11-10,1.75,0
2015-11-11,1.7539999485,0
2015-11-12,1.68933296204,0
2015-11-13,1.64199995995,0
2015-11-16,1.70333302021,0
2015-11-17,1.73666703701,0
2015-11-18,1.7879999876,0
2015-11-19,1.8006670475,0
2015-11-20,1.81933295727,0
2015-11-23,1.74666702747,0
2015-11-24,1.81400001049,0
2015-11-25,1.81866705418,0
2015-11-27,1.85933303833,0
2015-11-30,1.91600000858,0
2015-12-01,1.99066698551,0
2015-12-02,1.96266698837,0
2015-12-03,1.92599999905,0
2015-12-04,2.03266692162,0
2015-12-07,1.97466695309,0
2015-12-08,1.92666697502,0
2015-12-09,1.85000002384,0
2015-12-10,1.88199996948,0
2015-12-11,1.7713329792,0
2015-12-14,1.73733305931,0
2015-12-15,1.81733298302,0
2015-12-16,1.85933303833,0
2015-12-17,1.77733302116,0
2015-12-18,1.71466696262,0
2015-12-21,1.80999994278,0
2015-12-22,1.81666696072,0
2015-12-23,1.85599994659,0
2015-12-24,1.87533295155,0
2015-12-28,1.85333299637,0
2015-12-29,1.92066705227,0
2015-12-30,1.86133301258,0
2015-12-31,1.78466701508,0
2016-01-04,1.72399997711,0
2016-01-05,1.67066705227,0
2016-01-06,1.53600001335,0
2016-01-07,1.37866699696,0
2016-01-08,1.31066703796,0
2016-01-11,1.33066701889,0
2016-01-12,1.36399996281,0
2016-01-13,1.23466694355,0
2016-01-14,1.31066703796,0
2016-01-15,1.13399994373,0
2016-01-19,1.13800001144,0
2016-01-20,1.15999996662,0
2016-01-21,1.20799994469,0
2016-01-22,1.27866697311,0
2016-01-25,1.22399997711,0
2016-01-26,1.25999999046,0
2016-01-27,1.21533298492,0
2016-01-28,1.20466697216,0
2016-01-29,1.36733305454,0
2016-02-01,1.38800001144,0
2016-02-02,1.25066697598,0
2016-02-03,1.26066696644,0
2016-02-04,1.32266700268,0
2016-02-05,1.18866705894,0
2016-02-08,1.09666705132,0
2016-02-09,1.07533299923,0
2016-02-10,1.05200004578,0
2016-02-11,1.02799999714,0
2016-02-12,1.09599995613,0
2016-02-16,1.2120000124,0
2016-02-17,1.29866695404,0
2016-02-18,1.27799999714,0
2016-02-19,1.29533302784,0
2016-02-22,1.35666704178,0
2016-02-23,1.29066705704,0
2016-02-24,1.34466695786,0
2016-02-25,1.39666700363,0
2016-02-26,1.41799998283,0
2016-02-29,1.4106669426,0
2016-03-01,1.52799999714,0
2016-03-02,1.55400002003,0
2016-03-03,1.55733299255,0
2016-03-04,1.60666704178,0
2016-03-07,1.62466704845,0
2016-03-08,1.51400005817,0
2016-03-09,1.55133295059,0
2016-03-10,1.5720000267,0
2016-03-11,1.66533303261,0
2016-03-14,1.64600002766,0
2016-03-15,1.63666701317,0
2016-03-16,1.68200004101,0
2016-03-17,1.71866703033,0
2016-03-18,1.78733301163,0
2016-03-21,1.79600000381,0
2016-03-22,1.79133296013,0
2016-03-23,1.71933305264,0
2016-03-24,1.71533298492,0
2016-03-28,1.71333301067,0
2016-03-29,1.77866697311,0
2016-03-30,1.83200001717,0
2016-03-31,1.8006670475,0
2016-04-01,1.83599996567,0
2016-04-04,1.78533303738,0
2016-04-05,1.75333297253,0
2016-04-06,1.80666697025,0
2016-04-07,1.72200000286,0
2016-04-08,1.74800002575,0
2016-04-11,1.74533295631,0
2016-04-12,1.74000000954,0
2016-04-13,1.85866701603,0
2016-04-14,1.81333303452,0
2016-04-15,1.76466703415,0
2016-04-18,1.7673330307,0
2016-04-19,1.70000004768,0
2016-04-20,1.75,0
2016-04-21,1.71933305264,0
2016-04-22,1.7286670208,0
2016-04-25,1.69733297825,0
2016-04-26,1.76533305645,0
2016-04-27,1.8220000267,0
2016-04-28,1.67533302307,0
2016-04-29,1.54666697979,0
2016-05-02,1.57866704464,0
2016-05-03,1.52600002289,0
2016-05-04,1.47133302689,0
2016-05-05,1.4826669693,0
2016-05-06,1.48866701126,0
2016-05-09,1.48199999332,0
2016-05-10,1.53733301163,0
2016-05-11,1.52333295345,0
2016-05-12,1.44266700745,0
2016-05-13,1.46000003815,0
2016-05-16,1.52799999714,0
2016-05-17,1.49800002575,0
2016-05-18,1.57066702843,0
2016-05-19,1.53999996185,0
2016-05-20,1.68333303928,0
2016-05-23,1.72000002861,0
2016-05-24,1.84466695786,0
2016-05-25,1.87733304501,0
2016-05-26,1.89600002766,0
2016-05-27,1.93066704273,0
2016-05-31,1.9620000124,0
2016-06-01,1.9960000515,0
2016-06-02,1.99466705322,0
2016-06-03,2.0133330822,0
2016-06-06,1.99800002575,0
2016-06-07,2.05666708946,0
2016-06-08,2.05133295059,0
2016-06-09,2.05933308601,0
2016-06-10,1.95599997044,0
2016-06-13,1.92933297157,0
2016-06-14,1.9240000248,0
2016-06-15,1.92466700077,0
2016-06-16,1.92266702652,0
2016-06-17,1.87466704845,0
2016-06-20,1.93799996376,0
2016-06-21,1.95799994469,0
2016-06-22,1.9493329525,0
2016-06-23,2.10133290291,0
2016-06-24,1.74666702747,0
2016-06-27,1.53866696358,0
2016-06-28,1.66199994087,0
2016-06-29,1.76199996471,0
2016-06-30,1.85800004005,0
2016-07-01,1.79799997807,0
2016-07-05,1.70733296871,0
2016-07-06,1.71466696262,0
2016-07-07,1.77733302116,0
2016-07-08,1.92666697502,0
2016-07-11,1.99000000954,0
2016-07-12,2.07133293152,0
2016-07-13,2.07666707039,0
2016-07-14,2.12199997902,0
2016-07-15,2.11733293533,0
2016-07-18,2.21266698837,0
2016-07-19,2.18666696548,0
2016-07-20,2.29200005531,0
2016-07-21,2.24399995804,0
2016-07-22,2.27933311462,0
2016-07-25,2.31599998474,0
2016-07-26,2.59866690636,0
2016-07-27,2.58266711235,0
2016-07-28,2.54200005531,0
2016-07-29,2.50333309174,0
2016-08-01,2.51666688919,0
2016-08-02,2.39599990845,0
2016-08-03,2.41266703606,0
2016-08-04,2.47533297539,0
2016-08-05,2.56999993324,0
2016-08-08,2.55933308601,0
2016-08-09,2.62533307076,0
2016-08-10,2.56466698647,0
2016-08-11,2.60133290291,0
2016-08-12,2.63466691971,0
2016-08-15,2.74399995804,0
2016-08-16,2.68533301353,0
2016-08-17,2.68400001526,0
2016-08-18,2.74333310127,0
2016-08-19,2.81466698647,0
2016-08-22,2.8180000782,0
2016-08-23,2.86333298683,0
2016-08-24,2.78933310509,0
2016-08-25,2.82333302498,0
2016-08-26,2.86266708374,0
2016-08-29,2.89199995995,0
2016-08-30,2.86666703224,0
2016-08-31,2.86866688728,0
2016-09-01,2.94400000572,0
2016-09-02,2.9279999733,0
2016-09-06,2.90333294868,0
2016-09-07,2.8393330574,0
2016-09-08,2.82666707039,0
2016-09-09,2.51533293724,0
2016-09-12,2.66599988937,0
2016-09-13,2.58866691589,0
2016-09-14,2.66266703606,0
2016-09-15,2.84666705132,0
2016-09-16,2.84800004959,0
2016-09-19,2.86199998856,0
2016-09-20,2.8259999752,0
2016-09-21,2.93666696548,0
2016-09-22,2.97066688538,0
2016-09-23,2.87599992752,0
2016-09-26,2.78666710854,0
2016-09-27,2.93666696548,0
2016-09-28,2.95600008965,0
2016-09-29,3.06466698647,0
2016-09-30,3.20733308792,0
2016-10-03,3.14066696167,0
2016-10-04,3.11666703224,0
2016-10-05,3.18933296204,0
2016-10-06,3.24466705322,0
2016-10-07,3.22600007057,0
2016-10-10,3.1779999733,0
2016-10-11,2.97933292389,0
2016-10-12,2.94600009918,0
2016-10-13,2.8393330574,0
2016-10-14,2.90866708755,0
2016-10-17,2.85933303833,0
2016-10-18,2.96399998665,0
2016-10-19,2.92000007629,0
2016-10-20,2.9826669693,0
2016-10-21,2.95866703987,0
2016-10-24,3.12333297729,0
2016-10-25,3.11599993706,0
2016-10-26,3.09800004959,0
2016-10-27,3.05666708946,0
2016-10-28,3.0039999485,0
2016-10-31,3.05133295059,0
2016-11-01,2.96533298492,0
2016-11-02,2.90599989891,0
2016-11-03,2.88666701317,0
2016-11-04,2.83599996567,0
2016-11-07,3.08133292198,0
2016-11-08,3.10133290291,0
2016-11-09,3.05200004578,0
2016-11-10,2.86066699028,0
2016-11-11,3.18333292007,0
2016-11-14,3.13000011444,0
2016-11-15,3.31066703796,0
2016-11-16,3.42533302307,0
2016-11-17,3.53733301163,0
2016-11-18,3.6099998951,0
2016-11-21,3.65799999237,0
2016-11-22,3.804666996,0
2016-11-23,3.81999993324,0
2016-11-25,3.83599996567,0
2016-11-28,3.80399990082,0
2016-11-29,3.78200006485,0
2016-11-30,3.71399998665,0
2016-12-01,3.1646668911,0
2016-12-02,3.28733301163,0
2016-12-05,3.40733289719,0
2016-12-06,3.54866695404,0
2016-12-07,3.77333307266,0
2016-12-08,3.86999988556,0
2016-12-09,3.82133293152,0
2016-12-12,3.73466706276,0
2016-12-13,3.86066699028,0
2016-12-14,3.85199999809,0
2016-12-15,4.054666996,0
2016-12-16,3.92266702652,0
2016-12-19,4.04466676712,0
2016-12-20,3.96866703033,0.184267
2016-12-21,3.96866703033,0
2016-12-22,4.03266716003,0
2016-12-23,4.09266710281,0
2016-12-27,4.242000103,0
2016-12-28,3.99533295631,0
2016-12-29,3.99466705322,0
2016-12-30,3.80666708946,0
2017-01-03,3.81266689301,0
2017-01-04,3.84733295441,0
2017-01-05,3.74133300781,0
2017-01-06,3.83133292198,0
2017-01-09,3.95466709137,0
2017-01-10,4.01466703415,0
2017-01-11,4.05266714096,0
2017-01-12,3.94799995422,0
2017-01-13,4.02266693115,0
2017-01-17,3.82933306694,0
2017-01-18,3.98933291435,0
2017-01-19,3.93466711044,0
2017-01-20,4.08733320236,0
2017-01-23,4.00666713715,0
2017-01-24,4.24466705322,0
2017-01-25,4.43133306503,0
2017-01-26,4.35400009155,0
2017-01-27,4.51933288574,0
2017-01-30,4.44733285904,0
2017-01-31,4.27400016785,0
2017-02-01,4.47733306885,0
2017-02-02,4.46600008011,0
2017-02-03,4.54333305359,0
2017-02-06,4.59066677094,0
2017-02-07,4.64133310318,0
2017-02-08,4.66400003433,0
2017-02-09,4.54199981689,0
2017-02-10,4.53133296967,0
2017-02-13,4.56333303452,0
2017-02-14,4.51533317566,0
2017-02-15,4.62799978256,0
2017-02-16,4.64533281326,0
2017-02-17,4.71999979019,0
2017-02-21,4.92266702652,0
2017-02-22,4.92333316803,0
2017-02-23,4.67866706848,0
2017-02-24,4.67066717148,0
2017-02-27,4.80533313751,0
2017-02-28,4.61933279037,0
2017-03-01,4.83599996567,0
2017-03-02,4.6859998703,0
2017-03-03,4.67733287811,0
2017-03-06,4.68466711044,0
2017-03-07,4.71733283997,0
2017-03-08,4.75199985504,0
2017-03-09,4.77466678619,0
2017-03-10,4.93933296204,0
2017-03-13,5.05399990082,0
2017-03-14,5.00733280182,0
2017-03-15,5.12866687775,0
2017-03-16,5.10866689682,0
2017-03-17,5.13666677475,0
2017-03-20,5.25133323669,0
2017-03-21,4.8860001564,0
2017-03-22,5.04199981689,0
2017-03-23,5.00333309174,0
2017-03-24,5.10866689682,0
2017-03-27,5.13533306122,0
2017-03-28,5.18666696548,0
2017-03-29,5.14333295822,0
2017-03-30,5.23133277893,0
2017-03-31,5.22133302689,0
2017-04-03,5.13066720963,0
2017-04-04,5.05200004578,0
2017-04-05,4.94266700745,0
2017-04-06,4.961332798,0
2017-04-07,5.02733278275,0
2017-04-10,4.9106669426,0
2017-04-11,4.79133319855,0
2017-04-12,4.538667202,0
2017-04-13,4.45133304596,0
2017-04-17,4.62533283234,0
2017-04-18,4.68066692352,0
2017-04-19,4.75733280182,0
2017-04-20,4.98533296585,0
2017-04-21,4.91533279419,0
2017-04-24,5.12666702271,0
2017-04-25,5.28666687012,0
2017-04-26,5.15066719055,0
2017-04-27,5.36999988556,0
2017-04-28,5.09600019455,0
2017-05-01,5.24466705322,0
2017-05-02,5.07600021362,0
2017-05-03,5.13199996948,0
2017-05-04,5.11933279037,0
2017-05-05,5.17399978638,0
2017-05-08,5.11666679382,0
2017-05-09,5.27199983597,0
2017-05-10,5.60599994659,0
2017-05-11,5.66266679764,0
2017-05-12,5.71400022507,0
2017-05-15,5.97599983215,0
2017-05-16,6.24266719818,0
2017-05-17,5.42333316803,0
2017-05-18,5.73400020599,0
2017-05-19,5.92266702652,0
2017-05-22,6.11199998856,0
2017-05-23,6.04133319855,0
2017-05-24,6.15399980545,0
2017-05-25,6.25733280182,0
2017-05-26,6.33266687393,0
2017-05-30,6.45933294296,0
2017-05-31,6.45733308792,0
2017-06-01,6.47333288193,0
2017-06-02,6.66599988937,0
2017-06-05,6.72399997711,0
2017-06-06,6.79066705704,0
2017-06-07,6.94999980927,0
2017-06-08,7.3140001297,0
2017-06-09,6.39200019836,0
2017-06-12,6.28466701508,0
2017-06-13,6.40600013733,0
2017-06-14,6.19933319092,0
2017-06-15,6.05000019073,0
2017-06-16,5.98000001907,0
2017-06-19,6.32066679001,0
2017-06-20,6.1106672287,0
2017-06-21,6.31866693497,0
2017-06-22,6.27133321762,0
2017-06-23,6.32933282852,0
2017-06-26,6.17199993134,0
2017-06-27,5.67333316803,0
2017-06-28,5.96333312988,0
2017-06-29,5.51599979401,0
2017-06-30,5.43333292007,0
2017-07-03,5.19999980927,0
2017-07-05,5.53000020981,0
2017-07-06,5.45666694641,0
2017-07-07,5.7246670723,0
2017-07-10,5.92999982834,0
2017-07-11,6.06933307648,0
2017-07-12,6.35866689682,0
2017-07-13,6.30533313751,0
2017-07-14,6.55733299255,0
2017-07-17,6.47333288193,0
2017-07-18,6.53399991989,0
2017-07-19,6.70933294296,0
2017-07-20,6.7673330307,0
2017-07-21,6.59399986267,0
2017-07-24,6.52933311462,0
2017-07-25,6.5253329277,0
2017-07-26,6.71999979019,0
2017-07-27,6.41666698456,0
2017-07-28,6.35400009155,0
2017-07-31,6.211332798,0
2017-08-01,6.31533288956,0
2017-08-02,6.18066692352,0
2017-08-03,6.10733318329,0
2017-08-04,6.1139998436,0
2017-08-07,6.43200016022,0
2017-08-08,6.36466693878,0
2017-08-09,6.30200004578,0
2017-08-10,5.77600002289,0
2017-08-11,5.87133312225,0
2017-08-14,6.32600021362,0
2017-08-15,6.37266683578,0
2017-08-16,6.40133285522,0
2017-08-17,5.89133310318,0
2017-08-18,5.945333004,0
2017-08-21,5.81799983978,0
2017-08-22,6.09399986267,0
2017-08-23,6.17466688156,0
2017-08-24,6.16733312607,0
2017-08-25,6.07533311844,0
2017-08-28,6.12266683578,0
2017-08-29,6.16599988937,0
2017-08-30,6.48000001907,0
2017-08-31,6.67000007629,0
2017-09-01,6.75733280182,0
2017-09-05,6.47133302689,0
2017-09-06,6.51000022888,0
2017-09-07,6.53999996185,0
2017-09-08,6.29799985886,0
2017-09-11,6.66733312607,0
2017-09-12,6.75666713715,0
2017-09-13,6.78399991989,0
2017-09-14,6.87866687775,0
2017-09-15,7.22733306885,0
2017-09-18,7.51399993896,0
2017-09-19,7.59200000763,0
2017-09-20,7.27199983597,0
2017-09-21,7.18333292007,0
2017-09-22,7.28599977493,0
2017-09-25,6.86199998856,0
2017-09-26,6.84999990463,0
2017-09-27,7.32999992371,0
2017-09-28,7.49466705322,0
2017-09-29,7.68400001526,0
2017-10-02,7.81733322144,0
2017-10-03,7.89466714859,0
2017-10-04,7.94666719437,0
2017-10-05,7.96333312988,0
2017-10-06,8.06666660309,0
2017-10-09,8.23533344269,0
2017-10-10,8.3953332901,0
2017-10-11,8.56000041962,0
2017-10-12,8.47333335876,0
2017-10-13,8.64000034332,0
2017-10-16,8.76399993896,0
2017-10-17,8.74466705322,0
2017-10-18,8.83066654205,0
2017-10-19,8.75333309174,0
2017-10-20,8.87933254242,0
2017-10-23,9.02200031281,0
2017-10-24,9.20600032806,0
2017-10-25,8.84666728973,0
2017-10-26,9.00533294678,0
2017-10-27,9.55733299255,0
2017-10-30,9.64733314514,0
2017-10-31,9.86400032043,0
2017-11-01,9.77200031281,0
2017-11-02,9.90133285522,0
2017-11-03,10.4293327332,0
2017-11-06,10.8733329773,0
2017-11-07,10.8433332443,0
2017-11-08,10.9526672363,0
2017-11-09,10.2860002518,0
2017-11-10,10.4813327789,0
2017-11-13,10.5666666031,0
2017-11-14,10.5373325348,0
2017-11-15,10.2580003738,0
2017-11-16,10.720000267,0
2017-11-17,10.5780000687,0
2017-11-20,10.951333046,0
2017-11-21,11.3439998627,0
2017-11-22,11.1226673126,0
2017-11-24,11.4200000763,0
2017-11-27,10.9899997711,0
2017-11-28,10.9799995422,0
2017-11-29,9.53666687012,0
2017-11-30,9.71333312988,0
2017-12-01,9.38066673279,0
2017-12-04,8.69999980927,0
2017-12-05,8.71133327484,0
2017-12-06,8.79933261871,0
2017-12-07,9.05666732788,0
2017-12-08,8.91666698456,0
2017-12-11,9.07199954987,0
2017-12-12,8.80000019073,0
2017-12-13,8.79866695404,0
2017-12-14,8.77866744995,0
2017-12-15,9.16933345795,0
2017-12-18,9.78733253479,0
2017-12-19,9.74400043488,0.008067
2017-12-20,9.94799995422,0
2017-12-21,9.62600040436,0
2017-12-22,9.60066699982,0
2017-12-26,9.32333278656,0
2017-12-27,9.41733264923,0
2017-12-28,9.47733306885,0
2017-12-29,9.19333267212,0
2018-01-02,9.95133304596,0
2018-01-03,10.4466667175,0
2018-01-04,10.6300001144,0
2018-01-05,10.8219995499,0
2018-01-08,11.0653333664,0
2018-01-09,10.7473325729,0
2018-01-10,10.3500003815,0
2018-01-11,10.5333328247,0
2018-01-12,10.6966667175,0
2018-01-16,10.8113327026,0
2018-01-17,11.7413330078,0
2018-01-18,11.9086666107,0
2018-01-19,11.9406671524,0
2018-01-22,12.21733284,0
2018-01-23,12.4946670532,0
2018-01-24,11.6346673965,0
2018-01-25,11.0293331146,0
2018-01-26,12.0753326416,0
2018-01-29,12.0366668701,0
2018-01-30,11.3039999008,0
2018-01-31,11.5939998627,0
2018-02-01,11.4226665497,0
2018-02-02,10.4686670303,0
2018-02-05,9.06799983978,0
2018-02-06,10,0
2018-02-07,9.33466720581,0
2018-02-08,8.15333271027,0
2018-02-09,8.89599990845,0
2018-02-12,9.36533260345,0
2018-02-13,9.35133266449,0
2018-02-14,9.97933292389,0
2018-02-15,10.3479995728,0
2018-02-16,10.2306671143,0
2018-02-20,10.7606668472,0
2018-02-21,10.3959999084,0
2018-02-22,10.3186674118,0
2018-02-23,10.9886665344,0
2018-02-26,11.6879997253,0
2018-02-27,11.5799999237,0
2018-02-28,11.2613334656,0
2018-03-01,10.718000412,0
2018-03-02,11.2720003128,0
2018-03-05,11.5793333054,0
2018-03-06,12.1026668549,0
2018-03-07,12.1979999542,0
2018-03-08,12.25,0
2018-03-09,13.0133333206,0
2018-03-12,13.4186668396,0
2018-03-13,12.7919998169,0
2018-03-14,12.7866668701,0
2018-03-15,12.7493333817,0
2018-03-16,12.7393331528,0
2018-03-19,12.0013332367,0
2018-03-20,12.281999588,0
2018-03-21,12.3653326035,0
2018-03-22,11.3500003815,0
2018-03-23,10.2146673203,0
2018-03-26,11.4993333817,0
2018-03-27,10.21733284,0
2018-03-28,9.56933307648,0
2018-03-29,10.1879997253,0
2018-04-02,9.00800037384,0
2018-04-03,9.52400016785,0
2018-04-04,9.88733291626,0
2018-04-05,9.58333301544,0
2018-04-06,8.70866680145,0
2018-04-09,8.86800003052,0
2018-04-10,9.72066688538,0
2018-04-11,9.72466659546,0
2018-04-12,10.27866745,0
2018-04-13,10.0373325348,0
2018-04-16,10.1020002365,0
2018-04-17,10.671333313,0
2018-04-18,10.3406667709,0
2018-04-19,9.00533294678,0
2018-04-20,8.68200016022,0
2018-04-23,8.33266735077,0
2018-04-24,8.13000011444,0
2018-04-25,8.10133266449,0
2018-04-26,8.59599971771,0
2018-04-27,8.40600013733,0
2018-04-30,8.12733268738,0
2018-05-01,8.52933311462,0
2018-05-02,8.41199970245,0
2018-05-03,8.5640001297,0
2018-05-04,9.1813325882,0
2018-05-07,9.43266677856,0
2018-05-08,9.63333320618,0
2018-05-09,10.0493326187,0
2018-05-10,10.5860004425,0
2018-05-11,10.3333330154,0
2018-05-14,10.7399997711,0
2018-05-15,10.3599996567,0
2018-05-16,10.7779998779,0
2018-05-17,10.6520004272,0
2018-05-18,10.204000473,0
2018-05-21,10.5226669312,0
2018-05-22,10.6999998093,0
2018-05-23,10.8713331223,0
2018-05-24,10.984000206,0
2018-05-25,11.2546672821,0
2018-05-29,11.0393333435,0
2018-05-30,11.2580003738,0
2018-05-31,11.013999939,0
2018-06-01,11.751999855,0
2018-06-04,12.0393333435,0
2018-06-05,12.1993331909,0
2018-06-06,12.4346666336,0
2018-06-07,12.1046667099,0
2018-06-08,11.7853326797,0
2018-06-11,11.6979999542,0
2018-06-12,11.8773326874,0
2018-06-13,11.8366670609,0
2018-06-14,12.0393333435,0
2018-06-15,12.015999794,0
2018-06-18,11.6466665268,0
2018-06-19,11.2393331528,0.0234
2018-06-20,11.4160003662,0
2018-06-21,10.9879999161,0
2018-06-22,10.733332634,0
2018-06-25,9.78533267975,0
2018-06-26,9.88799953461,0
2018-06-27,9.16066741943,0
2018-06-28,9.39200019836,0
2018-06-29,9.43333339691,0
2018-07-02,9.60733318329,0
2018-07-03,9.0640001297,0
2018-07-05,9.79733276367,0
2018-07-06,10.1673326492,0
2018-07-09,10.3573331833,0
2018-07-10,10.6813325882,0
2018-07-11,9.85200023651,0
2018-07-12,10.0633325577,0
2018-07-13,9.93466663361,0
2018-07-16,9.89400005341,0
2018-07-17,10.3326673508,0
2018-07-18,10.5559997559,0
2018-07-19,10.4786672592,0
2018-07-20,10.3253326416,0
2018-07-23,10.3686666489,0
2018-07-24,10.0340003967,0
2018-07-25,10.1913328171,0
2018-07-26,10.7453327179,0
2018-07-27,10.5906667709,0
2018-07-30,10.2893333435,0
2018-07-31,10.4813327789,0
2018-08-01,10.4239997864,0
2018-08-02,10.7473325729,0
2018-08-03,10.8000001907,0
2018-08-06,10.9946670532,0
2018-08-07,11.263999939,0
2018-08-08,11.3500003815,0
2018-08-09,10.9986667633,0
2018-08-10,10.1700000763,0
2018-08-13,10.2100000381,0
2018-08-14,10.1793327332,0
2018-08-15,9.76000022888,0
2018-08-16,9.6920003891,0
2018-08-17,9.47066688538,0
2018-08-20,9.44866657257,0
2018-08-21,10.0080003738,0
2018-08-22,10.1393327713,0
2018-08-23,10.1739997864,0
2018-08-24,10.6113328934,0
2018-08-27,11.1086673737,0
2018-08-28,11.2373332977,0
2018-08-29,11.3306665421,0
2018-08-30,11.0120000839,0
2018-08-31,11.1999998093,0
2018-09-04,11.4573326111,0
2018-09-05,11.2926673889,0
2018-09-06,10.3866672516,0
2018-09-07,10.2606668472,0
2018-09-10,10.5953330994,0
2018-09-11,10.27866745,0
2018-09-12,9.92599964142,0
2018-09-13,10.2753334045,0
2018-09-14,10.6086673737,0
2018-09-17,10.1333332062,0
2018-09-18,10.4180002213,0
2018-09-19,10.4773330688,0
2018-09-20,10.8380002975,0
2018-09-21,10.7406673431,0
2018-09-24,10.8546667099,0
2018-09-25,10.2846670151,0.030133
2018-09-26,9.99466705322,0
2018-09-27,10.1239995956,0
2018-09-28,10.3073329926,0
2018-10-01,10.3933334351,0
2018-10-02,10.4099998474,0
2018-10-03,10.4273328781,0
2018-10-04,9.86666679382,0
2018-10-05,9.17000007629,0
2018-10-08,8.84466743469,0
2018-10-09,8.83733272552,0
2018-10-10,7.66466712952,0
2018-10-11,7.42066717148,0
2018-10-12,7.83400011063,0
2018-10-15,7.62466716766,0
2018-10-16,8.37133312225,0
2018-10-17,8.26533317566,0
2018-10-18,7.64666700363,0
2018-10-19,7.28599977493,0
2018-10-22,7.4279999733,0
2018-10-23,7.30866718292,0
2018-10-24,5.86333322525,0
2018-10-25,6.26200008392,0
2018-10-26,5.92866706848,0
2018-10-29,5.75400018692,0
2018-10-30,6.46999979019,0
2018-10-31,6.70266723633,0
2018-11-01,7.62533283234,0
2018-11-02,7.28333282471,0
2018-11-05,7.09600019455,0
2018-11-06,7.35333299637,0
2018-11-07,7.61733293533,0
2018-11-08,7.5173330307,0
2018-11-09,7.09800004959,0
2018-11-12,6.16800022125,0
2018-11-13,6.39599990845,0
2018-11-14,6.47066688538,0
2018-11-15,7.12533283234,0
2018-11-16,6.87066698074,0
2018-11-19,6.07133293152,0
2018-11-20,6.09999990463,0
2018-11-21,6.17266702652,0
2018-11-23,6.17000007629,0
2018-11-26,6.51866722107,0
2018-11-27,6.56066703796,0
2018-11-28,7.01133298874,0
2018-11-29,6.84466695786,0
2018-11-30,7.12599992752,0
2018-12-03,7.70200014114,0
2018-12-04,6.57866716385,0
2018-12-06,6.47066688538,0
2018-12-07,5.74599981308,0
2018-12-10,5.98933315277,0
2018-12-11,6.09533309937,0
2018-12-12,6.36533308029,0
2018-12-13,6.29466676712,0
2018-12-14,6.02600002289,0
2018-12-17,5.80000019073,0
2018-12-18,6.02933311462,0
2018-12-19,5.2673330307,0
2018-12-20,5.13266706467,0
2018-12-21,4.89733314514,0
2018-12-24,4.47200012207,0
2018-12-26,5.2406668663,0
2018-12-27,5.33866691589,0.018867
2018-12-28,5.45133304596,0
2018-12-31,5.554666996,0
2019-01-02,5.70200014114,0
2019-01-03,4.68866682053,0
2019-01-04,5.29466676712,0
2019-01-07,5.60533285141,0
2019-01-08,5.51933288574,0
2019-01-09,5.94600009918,0
2019-01-10,6.11333322525,0
2019-01-11,6.28399991989,0
2019-01-14,5.98666715622,0
2019-01-15,6.02600002289,0
2019-01-16,5.87866687775,0
2019-01-17,6.08199977875,0
2019-01-18,6.49933290482,0
2019-01-22,5.95266723633,0
2019-01-23,5.82866716385,0
2019-01-24,6.82533311844,0
2019-01-25,7.26133298874,0
2019-01-28,6.81866693497,0
2019-01-29,6.52400016785,0
2019-01-30,7.09000015259,0
2019-01-31,7.09533309937,0
2019-02-01,7.34333276749,0
2019-02-04,7.45399999619,0
2019-02-05,7.55800008774,0
2019-02-06,8.16533279419,0
2019-02-07,7.61999988556,0
2019-02-08,7.58866691589,0
2019-02-11,7.69733285904,0
2019-02-12,8.18266677856,0
2019-02-13,8.25399971008,0
2019-02-14,8.3186674118,0
2019-02-15,8.453332901,0
2019-02-19,8.39866733551,0
2019-02-20,8.63000011444,0
2019-02-21,8.43999958038,0
2019-02-22,8.703332901,0
2019-02-25,8.92199993134,0
2019-02-26,8.73733329773,0
2019-02-27,8.42866706848,0
2019-02-28,8.44933319092,0
2019-03-01,8.67000007629,0
2019-03-04,8.67399978638,0
2019-03-05,8.55000019073,0
2019-03-06,8.13199996948,0
2019-03-07,7.85533285141,0
2019-03-08,7.84266710281,0
2019-03-11,8.40200042725,0
2019-03-12,8.5,0
2019-03-13,8.60400009155,0
2019-03-14,8.45733261108,0
2019-03-15,9.1859998703,0
2019-03-18,9.12600040436,0
2019-03-19,9.47866725922,0.0162
2019-03-20,9.20866680145,0
2019-03-21,10.1633329391,0
2019-03-22,9.29866695404,0
2019-03-25,8.94400024414,0
2019-03-26,9.21599960327,0
2019-03-27,8.81200027466,0
2019-03-28,8.76599979401,0
2019-03-29,9.16933345795,0
2019-04-01,9.84466743469,0
2019-04-02,9.87600040436,0
2019-04-03,10.548666954,0
2019-04-04,10.5886669159,0
2019-04-05,10.8306665421,0
2019-04-08,10.9086666107,0
2019-04-09,10.5406665802,0
2019-04-10,10.8113327026,0
2019-04-11,10.7846670151,0
2019-04-12,11.233332634,0
2019-04-15,10.9940004349,0
2019-04-16,12.0413331985,0
2019-04-17,12.5893325806,0
2019-04-18,12.6133327484,0
2019-04-22,12.6186666489,0
2019-04-23,12.9973325729,0
2019-04-24,13.3739995956,0
2019-04-25,12.6459999084,0
2019-04-26,12.3293333054,0
2019-04-29,12.2646665573,0
2019-04-30,12.5366668701,0
2019-05-01,12.2293329239,0
2019-05-02,12.6366672516,0
2019-05-03,12.8900003433,0
2019-05-06,12.2566671371,0
2019-05-07,11.3620004654,0
2019-05-08,11.0893325806,0
2019-05-09,10.6946668625,0
2019-05-10,10.7259998322,0
2019-05-13,9.21199989319,0
2019-05-14,9.87133312225,0
2019-05-15,10.1133327484,0
2019-05-16,9.60000038147,0
2019-05-17,9.03266716003,0
2019-05-20,7.94999980927,0
2019-05-21,8.44999980927,0
2019-05-22,7.92133283615,0
2019-05-23,7.52066707611,0
2019-05-24,7.32533311844,0
2019-05-28,7.12599992752,0
2019-05-29,7.22266721725,0
2019-05-30,7.38733291626,0
2019-05-31,7.06666707993,0
2019-06-03,7.13466691971,0
2019-06-04,8.03999996185,0
2019-06-05,7.88000011444,0
2019-06-06,8.20733261108,0
2019-06-07,8.46466732025,0
2019-06-10,9.12466716766,0
2019-06-11,9.19333267212,0
2019-06-12,8.54466724396,0
2019-06-13,8.70666694641,0
2019-06-14,8.01666736603,0
2019-06-17,7.85533285141,0
2019-06-18,8.88000011444,0
2019-06-19,8.89733314514,0
2019-06-20,9.14400005341,0
2019-06-21,8.95533275604,0
2019-06-24,9.01466655731,0
2019-06-25,8.61933326721,0.012933
2019-06-26,9.42933273315,0
2019-06-27,9.84533309937,0
2019-06-28,9.88599967957,0
2019-07-01,10.6859998703,0
2019-07-02,10.2379999161,0
2019-07-03,10.078666687,0
2019-07-05,9.91800022125,0
2019-07-08,9.67800045013,0
2019-07-09,9.90133285522,0
2019-07-10,10.1093330383,0
2019-07-11,10.1859998703,0
2019-07-12,10.767999649,0
2019-07-15,11.0186672211,0
2019-07-16,10.6619997025,0
2019-07-17,10.7513332367,0
2019-07-18,11.2440004349,0
2019-07-19,11.1693334579,0
2019-07-22,11.8233327866,0
2019-07-23,12.2733325958,0
2019-07-24,13.3920001984,0
2019-07-25,12.7126674652,0
2019-07-26,12.703332901,0
2019-07-29,12.8013334274,0
2019-07-30,12.7146673203,0
2019-07-31,11.4866666794,0
2019-08-01,10.7973327637,0
2019-08-02,10.2913331985,0
2019-08-05,8.94666671753,0
2019-08-06,9.30599975586,0
2019-08-07,9.50199985504,0
2019-08-08,10.27866745,0
2019-08-09,9.70400047302,0
2019-08-12,9.35599994659,0
2019-08-13,10.1820001602,0
2019-08-14,9.22733306885,0
2019-08-15,9.15133285522,0
2019-08-16,9.89999961853,0
2019-08-19,10.4686670303,0
2019-08-20,10.3026666641,0
2019-08-21,10.5946674347,0
2019-08-22,10.5833330154,0
2019-08-23,9.21199989319,0
2019-08-26,9.43999958038,0
2019-08-27,9.34133338928,0
2019-08-28,9.51266670227,0
2019-08-29,10.1566667557,0
2019-08-30,10.3299999237,0
2019-09-03,9.79266738892,0
2019-09-04,10.5933332443,0
2019-09-05,11.5826673508,0
2019-09-06,11.6293325424,0
2019-09-09,11.7926673889,0
2019-09-10,11.9479999542,0
2019-09-11,12.483332634,0
2019-09-12,12.5933332443,0
2019-09-13,12.4793329239,0
2019-09-16,12.2253332138,0
2019-09-17,12.3366670609,0
2019-09-18,12.3606672287,0
2019-09-19,12.1726665497,0
2019-09-20,11.4940004349,0
2019-09-23,11.8453330994,0
2019-09-24,11.251999855,0.020867
2019-09-25,11.8273334503,0
2019-09-26,11.8646669388,0
2019-09-27,11,0
2019-09-30,11.3479995728,0
2019-10-01,11.0373325348,0
2019-10-02,10.516667366,0
2019-10-03,11.0546674728,0
2019-10-04,11.6540002823,0
2019-10-07,11.3886671066,0
2019-10-08,10.3413333893,0
2019-10-09,10.8626670837,0
2019-10-10,11.1786670685,0
2019-10-11,11.9293327332,0
2019-10-14,11.9273328781,0
2019-10-15,12.7093334198,0
2019-10-16,12.1566667557,0
2019-10-17,12.2840003967,0
2019-10-18,11.8739995956,0
2019-10-21,12.5493326187,0
2019-10-22,12.2559995651,0
2019-10-23,11.5433330536,0
2019-10-24,12.3806667328,0
2019-10-25,13.1426668167,0
2019-10-28,13.8319997787,0
2019-10-29,13.469332695,0
2019-10-30,13.47133255,0
2019-10-31,13.218000412,0
2019-11-01,14.1293325424,0
2019-11-04,15.0546674728,0
2019-11-05,15.1413326263,0
2019-11-06,14.8000001907,0
2019-11-07,15.0906667709,0
2019-11-08,15.3313331604,0
2019-11-11,15.0819997787,0
2019-11-12,15.2153329849,0
2019-11-13,15.2066669464,0
2019-11-14,15.0813331604,0
2019-11-15,15.4733333588,0
2019-11-18,15.3793325424,0
2019-11-19,15.1413326263,0
2019-11-20,14.6206674576,0
2019-11-21,14.1213331223,0
2019-11-22,14.1140003204,0
2019-11-25,15.1406669617,0
2019-11-26,14.9359998703,0
2019-11-27,15.2559995651,0
2019-11-29,14.7626667023,0
2019-12-02,14.1133327484,0
2019-12-03,13.468000412,0
2019-12-04,14.1006669998,0
2019-12-05,14.2700004578,0
2019-12-06,14.9333333969,0
2019-12-09,14.6813325882,0
2019-12-10,14.8446674347,0
2019-12-11,15.8179998398,0
2019-12-12,17.1013336182,0
2019-12-13,16.8199996948,0
2019-12-16,17.2973327637,0
2019-12-17,17.5246677399,0
2019-12-18,17.499332428,0
2019-12-19,17.9106674194,0
2019-12-20,18.486000061,0
2019-12-23,18.5913333893,0.0192
2019-12-24,18.7293338776,0
2019-12-26,18.7999992371,0
2019-12-27,18.5906677246,0
2019-12-30,18.1993331909,0
2019-12-31,18.3213329315,0
2020-01-02,19.4640007019,0
2020-01-03,18.4126663208,0
2020-01-06,17.828666687,0
2020-01-07,18.7479991913,0
2020-01-08,18.7893333435,0
2020-01-09,19.1140003204,0
2020-01-10,18.7233333588,0
2020-01-13,19.4573326111,0
2020-01-14,19.5826663971,0
2020-01-15,18.8766670227,0
2020-01-16,19.8226661682,0
2020-01-17,20.2073326111,0
2020-01-21,20.1700000763,0
2020-01-22,20.6513328552,0
2020-01-23,21.1226673126,0
2020-01-24,20.4086666107,0
2020-01-27,18.0413322449,0
2020-01-28,19.3326663971,0
2020-01-29,18.2666664124,0
2020-01-30,18.1986675262,0
2020-01-31,16.2406673431,0
2020-02-03,16.860666275,0
2020-02-04,18.4333324432,0
2020-02-05,19.6399993896,0
2020-02-06,19.6526660919,0
2020-02-07,18.2660007477,0
2020-02-10,19.0933322906,0
2020-02-11,20.2393321991,0
2020-02-12,21.1286678314,0
2020-02-13,21.1753330231,0
2020-02-14,21.0393333435,0
2020-02-18,20.1653327942,0
2020-02-19,21.732000351,0
2020-02-20,20.7606678009,0
2020-02-21,18.8966674805,0
2020-02-24,16.2006664276,0
2020-02-25,14.7126674652,0
2020-02-26,14.8360004425,0
2020-02-27,12.7419996262,0
2020-02-28,13.6666669846,0
2020-03-02,15.0200004578,0
2020-03-03,13.4993333817,0
2020-03-04,15.4753332138,0
2020-03-05,14.0873327255,0
2020-03-06,13.2406673431,0
2020-03-09,9.88599967957,0
2020-03-10,11.7733325958,0
2020-03-11,9.77600002289,0
2020-03-12,6.80266714096,0
2020-03-13,8.66133308411,0
2020-03-16,5.31866693497,0
2020-03-17,5.84733295441,0
2020-03-18,4.33333301544,0
2020-03-19,4.66200017929,0
2020-03-20,4.26333284378,0
2020-03-23,4.65999984741,0
2020-03-24,6.24933290482,0.005267
2020-03-25,6.00466680527,0
2020-03-26,7.20533323288,0
2020-03-27,6.09600019455,0
2020-03-30,6.75199985504,0
2020-03-31,6.31599998474,0
2020-04-01,5.29400014877,0
2020-04-02,5.77866697311,0
2020-04-03,5.43533277512,0
2020-04-06,7.10266685486,0
2020-04-07,7.01333284378,0
2020-04-08,7.71600008011,0
2020-04-09,7.21000003815,0
2020-04-13,7.46999979019,0
2020-04-14,8.46199989319,0
2020-04-15,7.7753329277,0
2020-04-16,8.34733295441,0
2020-04-17,8.5640001297,0
2020-04-20,8.01133346558,0
2020-04-21,6.8860001564,0
2020-04-22,8.03933334351,0
2020-04-23,7.83533287048,0
2020-04-24,8.33399963379,0
2020-04-27,8.67066669464,0
2020-04-28,8.53533267975,0
2020-04-29,9.76000022888,0
2020-04-30,8.73400020599,0
2020-05-01,7.40666723251,0
2020-05-04,7.61466693878,0
2020-05-05,8.00066661835,0
2020-05-06,8.27799987793,0
2020-05-07,8.52066707611,0
2020-05-08,9.26533317566,0
2020-05-11,9.23999977112,0
2020-05-12,8.45666694641,0
2020-05-13,8.00133323669,0
2020-05-14,8.64066696167,0
2020-05-15,8.09933280945,0
2020-05-18,9.2326669693,0
2020-05-19,9.1219997406,0
2020-05-20,10.1593332291,0
2020-05-21,9.36999988556,0
2020-05-22,9.50599956512,0
2020-05-26,9.80066680908,0
2020-05-27,10.219332695,0
2020-05-28,9.54866695404,0
2020-05-29,10.2740001678,0
2020-06-01,10.1466665268,0
2020-06-02,10.8000001907,0
2020-06-03,11.7466669083,0
2020-06-04,12.0559997559,0
2020-06-05,12.9340000153,0
2020-06-08,12.8553333282,0
2020-06-09,12.8773326874,0
2020-06-10,12.9960002899,0
2020-06-11,10.515999794,0
2020-06-12,10.9519996643,0
2020-06-15,11.4326667786,0
2020-06-16,12.0386667252,0
2020-06-17,12.3719997406,0
2020-06-18,12.314666748,0
2020-06-19,12.0666666031,0
2020-06-22,12.3893327713,0
2020-06-23,12.4913330078,0.006267
2020-06-24,11.6520004272,0
2020-06-25,11.9386672974,0
2020-06-26,11.2239999771,0
2020-06-29,11.6099996567,0
2020-06-30,12.5473327637,0
2020-07-01,12.0226669312,0
2020-07-02,12.470000267,0
2020-07-06,13.470000267,0
2020-07-07,12.9720001221,0
2020-07-08,13.5086669922,0
2020-07-09,14.045999527,0
2020-07-10,13.9060001373,0
2020-07-13,13.2119998932,0
2020-07-14,13.9119997025,0
2020-07-15,13.7726669312,0
2020-07-16,13.6046667099,0
2020-07-17,13.8566665649,0
2020-07-20,14.7106666565,0
2020-07-21,14.3993330002,0
2020-07-22,14.5719995499,0
2020-07-23,13.8933334351,0
2020-07-24,13.2313327789,0
2020-07-27,14.4846668243,0
2020-07-28,13.6280002594,0
2020-07-29,14.5106668472,0
2020-07-30,15.3599996567,0
2020-07-31,15.1006669998,0
2020-08-03,15.9993333817,0
2020-08-04,16.6866664886,0
2020-08-05,16.6539993286,0
2020-08-06,16.5933322906,0
2020-08-07,16.0293331146,0
2020-08-10,16.0393333435,0
2020-08-11,15.5080003738,0
2020-08-12,17.0699996948,0
2020-08-13,16.5113334656,0
2020-08-14,16.453332901,0
2020-08-17,17.0760002136,0
2020-08-18,16.7940006256,0
2020-08-19,16.468000412,0
2020-08-20,16.0393333435,0
2020-08-21,16.3926677704,0
2020-08-24,16.8460006714,0
2020-08-25,17.388666153,0
2020-08-26,17.5846672058,0
2020-08-27,16.8993320465,0
2020-08-28,17.8566665649,0
2020-08-31,17.8066673279,0
2020-09-01,18.8093338013,0
2020-09-02,20.4966678619,0
2020-09-03,16.9986667633,0
2020-09-04,16.5273323059,0
2020-09-08,14.1739997864,0
2020-09-09,15.3459997177,0
2020-09-10,14.7086668015,0
2020-09-11,14.657333374,0
2020-09-14,15.5839996338,0
2020-09-15,16.3853321075,0
2020-09-16,15.8920001984,0
2020-09-17,15.8193330765,0
2020-09-18,15.0819997787,0
2020-09-21,15.0093326569,0
2020-09-22,15.5533332825,0
2020-09-23,14.3953332901,0
2020-09-24,14.8159999847,0
2020-09-25,15.455332756,0
2020-09-28,16.71733284,0
2020-09-29,16.8566665649,0
2020-09-30,16.8793334961,0
2020-10-01,17.9273338318,0
2020-10-02,16.3293323517,0
2020-10-05,17.9233322144,0
2020-10-06,17.6173324585,0
2020-10-07,18.6800003052,0
2020-10-08,19.328666687,0
2020-10-09,20.342666626,0
2020-10-12,21.2259998322,0
2020-10-13,21.2006664276,0
2020-10-14,20.8646678925,0
2020-10-15,20.7000007629,0
2020-10-16,20.4046669006,0
2020-10-19,20.0760002136,0
2020-10-20,20.0119991302,0
2020-10-21,19.5893325806,0
2020-10-22,19.658000946,0
2020-10-23,19.3700008392,0
2020-10-26,18.1326675415,0
2020-10-27,17.9453334808,0
2020-10-28,16.1593322754,0
2020-10-29,17.4459991455,0
2020-10-30,16.5966663361,0
2020-11-02,16.8640003204,0
2020-11-03,17.8673324585,0
2020-11-04,19.7399997711,0
2020-11-05,22.3433322906,0
2020-11-06,23.4926662445,0
2020-11-09,22.5953330994,0
2020-11-10,20.5633335114,0
2020-11-11,22.8040008545,0
2020-11-12,21.921333313,0
2020-11-13,22.7346668243,0
2020-11-16,24.4113330841,0
2020-11-17,23.8166675568,0
2020-11-18,23.3113327026,0
2020-11-19,24.3933334351,0
2020-11-20,23.9973335266,0
2020-11-23,25.0833320618,0
2020-11-24,25.4886665344,0
2020-11-25,25.2159996033,0
2020-11-27,26.0839996338,0
2020-11-30,27.064666748,0
2020-12-01,28.500667572,0
2020-12-02,28.71733284,0
2020-12-03,28.7606678009,0
2020-12-04,31.1546669006,0
2020-12-07,31.5620002747,0
2020-12-08,31.9599990845,0
2020-12-09,29.2266674042,0
2020-12-10,29.1700000763,0
2020-12-11,28.1633338928,0
2020-12-14,29.2240009308,0
2020-12-15,30.4426670074,0
2020-12-16,30.375333786,0
2020-12-17,30.5380001068,0
2020-12-18,30.139333725,0
2020-12-21,29.545999527,0
2020-12-22,29.4333324432,0.0034
2020-12-23,28.8220005035,0
2020-12-24,29.6539993286,0
2020-12-28,29.485332489,0
2020-12-29,29.2586669922,0
2020-12-30,30.7713336945,0
2020-12-31,31.0986671448,0
2021-01-04,30.6693325043,0
2021-01-05,32.4459991455,0
2021-01-06,32.2073326111,0
2021-01-07,35.7566680908,0
2021-01-08,35.7866668701,0
2021-01-11,37.0900001526,0
2021-01-12,37.8186683655,0
2021-01-13,37.9193344116,0
2021-01-14,40.3866653442,0
2021-01-15,37.8240013123,0
2021-01-19,41.6666679382,0
2021-01-20,41.3193321228,0
2021-01-21,43.1586685181,0
2021-01-22,40.7900009155,0
2021-01-25,40.9653320312,0
2021-01-26,39.0553321838,0
2021-01-27,33.1440010071,0
2021-01-28,35.1339988708,0
2021-01-29,33.4006652832,0
2021-02-01,37.3479995728,0
2021-02-02,39.0480003357,0
2021-02-03,36.6326675415,0
2021-02-04,37.5379981995,0
2021-02-05,36.7226676941,0
2021-02-08,40.1333312988,0
2021-02-09,39.6220016479,0
2021-02-10,39.9966659546,0
2021-02-11,44.1646652222,0
2021-02-12,45.7719993591,0
2021-02-16,46.5820007324,0
2021-02-17,44.0106658936,0
2021-02-18,42.685333252,0
2021-02-19,45.7986679077,0
2021-02-22,40.8066673279,0
2021-02-23,39.9786682129,0
2021-02-24,43.7453346252,0
2021-02-25,36.2186660767,0
2021-02-26,38.7106666565,0
2021-03-01,42.5579986572,0
2021-03-02,38.5499992371,0
2021-03-03,35.0099983215,0
2021-03-04,29.9799995422,0
2021-03-05,32.75,0
2021-03-08,27.5200004578,0
2021-03-09,32.4500007629,0
2021-03-10,30.7199993134,0
2021-03-11,34.4700012207,0
2021-03-12,33.4199981689,0
2021-03-15,35.5699996948,0
2021-03-16,36.9799995422,0
2021-03-17,38.4199981689,0
2021-03-18,33.7099990845,0
2021-03-19,34.75,0
2021-03-22,37,0
2021-03-23,34.0299987793,0.016
2021-03-24,32.5900001526,0
2021-03-25,32.8100013733,0
2021-03-26,37.6899986267,0
2021-03-29,35.7900009155,0
2021-03-30,35.5200004578,0
2021-03-31,38.2099990845,0
2021-04-01,42.4099998474,0
2021-04-05,45,0
2021-04-06,43.3800010681,0
2021-04-07,43.3800010681,0
2021-04-08,44.7900009155,0
2021-04-09,44.4799995422,0
2021-04-12,43.0900001526,0
2021-04-13,42.6899986267,0
2021-04-14,41.2700004578,0
2021-04-15,43.4700012207,0
2021-04-16,42.75,0
2021-04-19,39.5999984741,0
2021-04-20,37.7099990845,0
2021-04-21,40.75,0
2021-04-22,37.9799995422,0
2021-04-23,40.1500015259,0
2021-04-26,42.2099990845,0
2021-04-27,41.3400001526,0
2021-04-28,39.4199981689,0
2021-04-29,40.3100013733,0
2021-04-30,36.9000015259,0
2021-05-03,35.6100006104,0
2021-05-04,33.9700012207,0
2021-05-05,34.5499992371,0
2021-05-06,35.4000015259,0
2021-05-07,36.9300003052,0
2021-05-10,31.9300003052,0
2021-05-11,32.1100006104,0
2021-05-12,28.1299991608,0
2021-05-13,29.3299999237,0
2021-05-14,31.9300003052,0
2021-05-17,31.1000003815,0
2021-05-18,30.2900009155,0
2021-05-19,32.0499992371,0
2021-05-20,34.6399993896,0
2021-05-21,34.1399993896,0
2021-05-24,36.5299987793,0
2021-05-25,36.9399986267,0
2021-05-26,37.1800003052,0
2021-05-27,37.8600006104,0
2021-05-28,38.7799987793,0
2021-06-01,38.3400001526,0
2021-06-02,39.1899986267,0
2021-06-03,37.1199989319,0
2021-06-04,39.7400016785,0
2021-06-07,38.9099998474,0
2021-06-08,38.1699981689,0
2021-06-09,37.7000007629,0
2021-06-10,39.0400009155,0
2021-06-11,39.4900016785,0
2021-06-14,41.1699981689,0
2021-06-15,40.0400009155,0
2021-06-16,39.1800003052,0
2021-06-17,40.3100013733,0
2021-06-18,37.3199996948,0
2021-06-21,38.1199989319,0
2021-06-22,38.5999984741,0
2021-06-23,39.0499992371,0
2021-06-24,41.0800018311,0
2021-06-25,40.6599998474,0
2021-06-28,43.6500015259,0
2021-06-29,44.6399993896,0
2021-06-30,44.5400009155,0
2021-07-01,42.5699996948,0
2021-07-02,43.3199996948,0
2021-07-06,43.0400009155,0
2021-07-07,41.2400016785,0
2021-07-08,39.7799987793,0
2021-07-09,41.7700004578,0
2021-07-12,43.3300018311,0
2021-07-13,42.6199989319,0
2021-07-14,42.1599998474,0
2021-07-15,39.4199981689,0
2021-07-16,36.7599983215,0
2021-07-19,36.8400001526,0
2021-07-20,38.3400001526,0
2021-07-21,41.8499984741,0
2021-07-22,40.7400016785,0
2021-07-23,41.5499992371,0
2021-07-26,41.4500007629,0
2021-07-27,39.1500015259,0
2021-07-28,41.1800003052,0
2021-07-29,43.4500007629,0
2021-07-30,44.3899993896,0
2021-08-02,45.2099990845,0
2021-08-03,45.9700012207,0
2021-08-04,47.6100006104,0
2021-08-05,47.1699981689,0
2021-08-06,46.6300010681,0
2021-08-09,46.1500015259,0
2021-08-10,44.4500007629,0
2021-08-11,44.1699981689,0
2021-08-12,42.6199989319,0
2021-08-13,43.4799995422,0
2021-08-16,43.0099983215,0
2021-08-17,40.4599990845,0
2021-08-18,38.6599998474,0
2021-08-19,39.6300010681,0
2021-08-20,40.4300003052,0
2021-08-23,43.6899986267,0
2021-08-24,43.7299995422,0
2021-08-25,44.7799987793,0
2021-08-26,44.6800003052,0
2021-08-27,47.2999992371,0
2021-08-30,47.7400016785,0
2021-08-31,46.5499992371,0
2021-09-01,45.9599990845,0
2021-09-02,46.2999992371,0
2021-09-03,47.2400016785,0
2021-09-07,46.7700004578,0
2021-09-08,44.9500007629,0
2021-09-09,45.5499992371,0
2021-09-10,46.5900001526,0
2021-09-13,47.8699989319,0
2021-09-14,47.8699989319,0
2021-09-15,48.5900001526,0
2021-09-16,49.0699996948,0
2021-09-17,46.75,0
2021-09-20,43.2999992371,0
2021-09-21,43.5999984741,0
2021-09-22,46.2599983215,0
2021-09-23,48.0999984741,0
2021-09-24,47.9500007629,0
2021-09-27,47.6899986267,0
2021-09-28,42.2299995422,0
2021-09-29,40.1199989319,0
2021-09-30,40.0400009155,0
2021-10-01,40.0699996948,0
2021-10-04,37.0200004578,0
2021-10-05,38.6500015259,0
2021-10-06,39.0600013733,0
2021-10-07,40.3899993896,0
2021-10-08,39.3300018311,0
2021-10-11,38.3800010681,0
2021-10-12,37.0499992371,0
2021-10-13,37.6500015259,0
2021-10-14,41.0499992371,0
2021-10-15,41.8400001526,0
2021-10-18,42.8600006104,0
2021-10-19,44.4300003052,0
2021-10-20,44.2000007629,0
2021-10-21,45.5900001526,0
2021-10-22,44.0499992371,0
2021-10-25,45.0600013733,0
2021-10-26,44.9599990845,0
2021-10-27,44.0900001526,0
2021-10-28,47,0
2021-10-29,47.6500015259,0
2021-11-01,49.9599990845,0
2021-11-02,51.8199996948,0
2021-11-03,53.6699981689,0
2021-11-04,59.0800018311,0
2021-11-05,60.9099998474,0
2021-11-08,63.5400009155,0
2021-11-09,63.4000015259,0
2021-11-10,57.9500007629,0
2021-11-11,61.6399993896,0
2021-11-12,63.3499984741,0
2021-11-15,63.2000007629,0
2021-11-16,66.1500015259,0
2021-11-17,64.5199966431,0
2021-11-18,67.9800033569,0
2021-11-19,68.6100006104,0
2021-11-22,65.4300003052,0
2021-11-23,64.7399978638,0
2021-11-24,66.8799972534,0
2021-11-26,61.3699989319,0
2021-11-29,68.4100036621,0
2021-11-30,64.6699981689,0
2021-12-01,63.1599998474,0
2021-12-02,63.25,0
2021-12-03,62.9300003052,0
2021-12-06,62.5999984741,0
2021-12-07,71.9899978638,0
2021-12-08,70.6900024414,0
2021-12-09,65.9000015259,0
2021-12-10,67.5999984741,0
2021-12-13,62.3400001526,0
2021-12-14,61.5200004578,0
2021-12-15,68.1200027466,0
2021-12-16,59.2299995422,0
2021-12-17,58.9599990845,0
2021-12-20,57.5499992371,0
2021-12-21,63.5,0.014
2021-12-22,65.3799972534,0
2021-12-23,67.4100036621,0
2021-12-27,72.9899978638,0
2021-12-28,70.5199966431,0
2021-12-29,71,0
2021-12-30,68.3600006104,0
2021-12-31,68.0100021362,0
2022-01-03,72.0999984741,0
2022-01-04,71.0699996948,0
2022-01-05,64.0100021362,0
2022-01-06,65.5400009155,0
2022-01-07,59.7400016785,0
2022-01-10,60,0
2022-01-11,63.2900009155,0
2022-01-12,64.5800018311,0
2022-01-13,60.2000007629,0
2022-01-14,64.4800033569,0
2022-01-18,55.9799995422,0
2022-01-19,50.8199996948,0
2022-01-20,45.9900016785,0
2022-01-21,43.7099990845,0
2022-01-24,45.4500007629,0
2022-01-25,40.1899986267,0
2022-01-26,42.1199989319,0
2022-01-27,36.3600006104,0
2022-01-28,38.4099998474,0
2022-01-31,44.5800018311,0
2022-02-01,45.9099998474,0
2022-02-02,49.3400001526,0
2022-02-03,42.6300010681,0
2022-02-04,43.4599990845,0
2022-02-07,43.4099998474,0
2022-02-08,46.5999984741,0
2022-02-09,51.0200004578,0
2022-02-10,46.4199981689,0
2022-02-11,39.5400009155,0
2022-02-14,39.5900001526,0
2022-02-15,46.0099983215,0
2022-02-16,46.0999984741,0
2022-02-17,40.8699989319,0
2022-02-18,39.6300010681,0
2022-02-22,38.6100006104,0
2022-02-23,35.9099998474,0
2022-02-24,39.9399986267,0
2022-02-25,41.7799987793,0
2022-02-28,41.0099983215,0
2022-03-01,36.5800018311,0
2022-03-02,40.1199989319,0
2022-03-03,37.5499992371,0
2022-03-04,34.7700004578,0
2022-03-07,29.5799999237,0
2022-03-08,31.1599998474,0
2022-03-09,34.9300003052,0
2022-03-10,32.75,0
2022-03-11,30.6900005341,0
2022-03-14,27.9099998474,0
2022-03-15,31.5100002289,0
2022-03-16,36.2999992371,0
2022-03-17,36.9500007629,0
2022-03-18,39.1699981689,0
2022-03-21,39,0
2022-03-22,39.5900001526,0.007
2022-03-23,36.6899986267,0
2022-03-24,42.0900001526,0
2022-03-25,42.0099983215,0
2022-03-28,42.7099990845,0
2022-03-29,45.5800018311,0
2022-03-30,41.3499984741,0
2022-03-31,38.7799987793,0
2022-04-01,36.2900009155,0
2022-04-04,37.9599990845,0
2022-04-05,32.8800010681,0
2022-04-06,30.5100002289,0
2022-04-07,30.5100002289,0
2022-04-08,28.2900009155,0
2022-04-11,26.4899997711,0
2022-04-12,26.2399997711,0
2022-04-13,28.0300006866,0
2022-04-14,25.6100006104,0
2022-04-18,26.9799995422,0
2022-04-19,28.75,0
2022-04-20,28.5,0
2022-04-21,26.2099990845,0
2022-04-22,24.4500007629,0
2022-04-25,25.6700000763,0
2022-04-26,22.4300003052,0
2022-04-27,21.9500007629,0
2022-04-28,25.5799999237,0
2022-04-29,22.2399997711,0
2022-05-02,24.5,0
2022-05-03,25.1100006104,0
2022-05-04,28.0200004578,0
2022-05-05,23.9899997711,0
2022-05-06,23.3500003815,0
2022-05-09,19.7199993134,0
2022-05-10,21.0900001526,0
2022-05-11,19.1499996185,0
2022-05-12,19.4099998474,0
2022-05-13,22.4899997711,0
2022-05-16,21.3700008392,0
2022-05-17,24.5799999237,0
2022-05-18,20.8500003815,0
2022-05-19,20.5100002289,0
2022-05-20,20.3600006104,0
2022-05-23,20.6299991608,0
2022-05-24,19.1000003815,0
2022-05-25,20.1900005341,0
2022-05-26,22.5400009155,0
2022-05-27,25.2600002289,0
2022-05-31,24.8600006104,0
2022-06-01,23.7099990845,0
2022-06-02,26.2000007629,0
2022-06-03,23.9300003052,0
2022-06-06,23.9099998474,0
2022-06-07,24.6000003815,0
2022-06-08,22.9099998474,0
2022-06-09,21.0900001526,0
2022-06-10,18.8099994659,0
2022-06-13,15.5500001907,0
2022-06-14,15.7600002289,0
2022-06-15,16.6100006104,0
2022-06-16,13.5699996948,0
2022-06-17,13.6999998093,0
2022-06-21,14.8000001907,0
2022-06-22,14.2899999619,0.019
2022-06-23,14.0100002289,0
2022-06-24,15.8100004196,0
2022-06-27,15.8000001907,0
2022-06-28,14.5600004196,0
2022-06-29,13.5500001907,0
2022-06-30,13.1000003815,0
2022-07-01,11.6000003815,0
2022-07-05,11.8500003815,0
2022-07-06,12.0900001526,0
2022-07-07,13.7100000381,0
2022-07-08,13.9099998474,0
2022-07-11,12.9099998474,0
2022-07-12,12.970000267,0
2022-07-13,13.2899999619,0
2022-07-14,14.0699996948,0
2022-07-15,15.1099996567,0
2022-07-18,14.9200000763,0
2022-07-19,16.9500007629,0
2022-07-20,18.2000007629,0
2022-07-21,19.1000003815,0
2022-07-22,17.6499996185,0
2022-07-25,17.2999992371,0
2022-07-26,16.4300003052,0
2022-07-27,18.7299995422,0
2022-07-28,19.3700008392,0
2022-07-29,19.8299999237,0
2022-08-01,20.0100002289,0
2022-08-02,19.9200000763,0
2022-08-03,21.5499992371,0
2022-08-04,22.0699996948,0
2022-08-05,21.5599994659,0
2022-08-08,20.5400009155,0
2022-08-09,17.6900005341,0
2022-08-10,19.9099998474,0
2022-08-11,19.7800006866,0
2022-08-12,21.6000003815,0
2022-08-15,21.7800006866,0
2022-08-16,21.1399993896,0
2022-08-17,19.5499992371,0
2022-08-18,20.8899993896,0
2022-08-19,19.1700000763,0
2022-08-22,17.0400009155,0
2022-08-23,17.3299999237,0
2022-08-24,17.4099998474,0
2022-08-25,19.3199996948,0
2022-08-26,15.9799995422,0
2022-08-29,15.0500001907,0
2022-08-30,14.470000267,0
2022-08-31,14.0399999619,0
2022-09-01,13.220000267,0
2022-09-02,12.8599996567,0
2022-09-06,12.4200000763,0
2022-09-07,12.9899997711,0
2022-09-08,13.6499996185,0
2022-09-09,14.6499996185,0
2022-09-12,14.779999733,0
2022-09-13,12.0900001526,0
2022-09-14,12.4600000381,0
2022-09-15,11.9099998474,0
2022-09-16,12.0600004196,0
2022-09-19,12.2600002289,0
2022-09-20,11.6999998093,0.04
2022-09-21,11.3999996185,0
2022-09-22,10.5100002289,0
2022-09-23,10.029999733,0
2022-09-26,9.55000019073,0
2022-09-27,9.81000041962,0
2022-09-28,10.1700000763,0
2022-09-29,9.28999996185,0
2022-09-30,8.85999965668,0
2022-10-03,9.69999980927,0
2022-10-04,11.0399999619,0
2022-10-05,11.4200000763,0
2022-10-06,11.1899995804,0
2022-10-07,9.21000003815,0
2022-10-10,8.27999973297,0
2022-10-11,7.57000017166,0
2022-10-12,7.34000015259,0
2022-10-13,8,0
2022-10-14,6.92999982834,0
2022-10-17,7.32999992371,0
2022-10-18,7.40000009537,0
2022-10-19,7.57000017166,0
2022-10-20,7.69999980927,0
2022-10-21,8.57999992371,0
2022-10-24,8.68000030518,0
2022-10-25,9.26000022888,0
2022-10-26,9.01000022888,0
2022-10-27,8.52000045776,0
2022-10-28,9.5,0
2022-10-31,8.92000007629,0
2022-11-01,9.10000038147,0
2022-11-02,8.23999977112,0
2022-11-03,7.88999986649,0
2022-11-04,8.98999977112,0
2022-11-07,9.59000015259,0
2022-11-08,10.1700000763,0
2022-11-09,9.23999977112,0
2022-11-10,12.0799999237,0
2022-11-11,13.220000267,0
2022-11-14,12.7700004578,0
2022-11-15,13.8699998856,0
2022-11-16,12.1300001144,0
2022-11-17,12.3699998856,0
2022-11-18,12.4899997711,0
2022-11-21,11.8900003433,0
2022-11-22,12.8999996185,0
2022-11-23,13.3199996948,0
2022-11-25,12.8599996567,0
2022-11-28,11.8400001526,0
2022-11-29,11.7299995422,0
2022-11-30,13.8199996948,0
2022-12-01,13.5,0
2022-12-02,13.029999733,0
2022-12-05,12.5900001526,0
2022-12-06,11.720000267,0
2022-12-07,11.6999998093,0
2022-12-08,12.6199998856,0
2022-12-09,12.3199996948,0
2022-12-12,12.9799995422,0
2022-12-13,13.6300001144,0
2022-12-14,13,0
2022-12-15,11.3999996185,0
2022-12-16,11.1099996567,0
2022-12-19,10.6899995804,0
2022-12-20,10.4099998474,0.038
2022-12-21,11.1400003433,0
2022-12-22,9.77999973297,0
2022-12-23,9.77000045776,0
2022-12-27,9.27000045776,0
2022-12-28,8.85999965668,0
2022-12-29,9.67000007629,0
2022-12-30,9.67000007629,0
2023-01-03,9.35999965668,0
2023-01-04,10.0699996948,0
2023-01-05,9.56999969482,0
2023-01-06,10.8699998856,0
2023-01-09,11.529999733,0
2023-01-10,11.970000267,0
2023-01-11,12.3999996185,0
2023-01-12,12.8199996948,0
2023-01-13,12.9499998093,0
2023-01-17,13.0600004196,0
2023-01-18,12.8199996948,0
2023-01-19,11.7700004578,0
2023-01-20,12.7899999619,0
2023-01-23,14.7399997711,0
2023-01-24,14.4399995804,0
2023-01-25,14.529999733,0
2023-01-26,15.2399997711,0
2023-01-27,14.9799995422,0
2023-01-30,13.8000001907,0
2023-01-31,14.5200004578,0
2023-02-01,16.7999992371,0
2023-02-02,17.9200000763,0
2023-02-03,16.9300003052,0
2023-02-06,16.1000003815,0
2023-02-07,17.5900001526,0
2023-02-08,16.4899997711,0
2023-02-09,16.5799999237,0
2023-02-10,15.8000001907,0
2023-02-13,16.4200000763,0
2023-02-14,17.3299999237,0
2023-02-15,17.5400009155,0
2023-02-16,16.2800006866,0
2023-02-17,15.5,0
2023-02-21,14.0100002289,0
2023-02-22,13.8299999237,0
2023-02-23,15.0799999237,0
2023-02-24,14.3100004196,0
2023-02-27,14.5,0
2023-02-28,14.6499996185,0
2023-03-01,14.6800003052,0
2023-03-02,15.0100002289,0
2023-03-03,15.6800003052,0
2023-03-06,15.1700000763,0
2023-03-07,14.6499996185,0
2023-03-08,15.8100004196,0
2023-03-09,14.9099998474,0
2023-03-10,14.0500001907,0
2023-03-13,14.0200004578,0
2023-03-14,15.220000267,0
2023-03-15,14.6899995804,0
2023-03-16,16.4200000763,0
2023-03-17,16.1299991608,0
2023-03-20,16.6100006104,0
2023-03-21,16.6700000763,0.025
2023-03-22,16.2399997711,0
2023-03-23,17.4899997711,0
2023-03-24,16.5699996948,0
2023-03-27,15.970000267,0
2023-03-28,15.6300001144,0
2023-03-29,17.0799999237,0
2023-03-30,17.9500007629,0
2023-03-31,18.2999992371,0
2023-04-03,17.8099994659,0
2023-04-04,16.7900009155,0
2023-04-05,15.9200000763,0
2023-04-06,15.6599998474,0
2023-04-10,16.3899993896,0
2023-04-11,16.2099990845,0
2023-04-12,15.3299999237,0
2023-04-13,15.6700000763,0
2023-04-14,15.5799999237,0
2023-04-17,15.5799999237,0
2023-04-18,15.779999733,0
2023-04-19,15.2600002289,0
2023-04-20,15.1999998093,0
2023-04-21,14.8599996567,0
2023-04-24,14.6300001144,0
2023-04-25,13.1999998093,0
2023-04-26,13.3699998856,0
2023-04-27,13.5399999619,0
2023-04-28,14.2299995422,0
2023-05-01,14.6599998474,0
2023-05-02,14.3500003815,0
2023-05-03,13.8400001526,0
2023-05-04,13.6000003815,0
2023-05-05,14.470000267,0
2023-05-08,14.6499996185,0
2023-05-09,13.9399995804,0
2023-05-10,14.3100004196,0
2023-05-11,14.0699996948,0
2023-05-12,14.0200004578,0
2023-05-15,15.1099996567,0
2023-05-16,15.0500001907,0
2023-05-17,16.1399993896,0
2023-05-18,17.6700000763,0
2023-05-19,17.3899993896,0
2023-05-22,17.5300006866,0
2023-05-23,16.9200000763,0
2023-05-24,16.0300006866,0
2023-05-25,19.1499996185,0
2023-05-26,22.8799991608,0
2023-05-30,22.8700008392,0
2023-05-31,21.1499996185,0
2023-06-01,22.1599998474,0
2023-06-02,22.0200004578,0
2023-06-05,20.9699993134,0
2023-06-06,21.7299995422,0
2023-06-07,21.6399993896,0
2023-06-08,22.2800006866,0
2023-06-09,22.3999996185,0
2023-06-12,24.6000003815,0
2023-06-13,25.5599994659,0
2023-06-14,26.6399993896,0
2023-06-15,25.9500007629,0
2023-06-16,25.2399997711,0
2023-06-20,24.6499996185,0
2023-06-21,22.7800006866,0.038
2023-06-22,23.1000003815,0
2023-06-23,21.8899993896,0
2023-06-26,22.0900001526,0
2023-06-27,24.3700008392,0
2023-06-28,23.7199993134,0
2023-06-29,23.8099994659,0
2023-06-30,24.8299999237,0
2023-07-03,25.4899997711,0
2023-07-05,23.8500003815,0
2023-07-06,22.9799995422,0
2023-07-07,22.9599990845,0
2023-07-10,24.3199996948,0
2023-07-11,24.3400001526,0
2023-07-12,25.6900005341,0
2023-07-13,27.2800006866,0
2023-07-14,26.2299995422,0
2023-07-17,28.0599994659,0
2023-07-18,28.2600002289,0
2023-07-19,27.2900009155,0
2023-07-20,24.2900009155,0
2023-07-21,24.9200000763,0
2023-07-24,24.8999996185,0
2023-07-25,26.1299991608,0
2023-07-26,25.0599994659,0
2023-07-27,26.4599990845,0
2023-07-28,28.1499996185,0
2023-07-31,28.4099998474,0
2023-08-01,28.5300006866,0
2023-08-02,25.2800006866,0
2023-08-03,25.1499996185,0
2023-08-04,24.8799991608,0
2023-08-07,25.6599998474,0
2023-08-08,24.4599990845,0
2023-08-09,23.0900001526,0
2023-08-10,22.8099994659,0
2023-08-11,21.1399993896,0
2023-08-14,22.9300003052,0
2023-08-15,21.7999992371,0
2023-08-16,20.5300006866,0
2023-08-17,19.9099998474,0
2023-08-18,20.1499996185,0
2023-08-21,21.8799991608,0
2023-08-22,21.3500003815,0
2023-08-23,22.6000003815,0
2023-08-24,20.4099998474,0
2023-08-25,20.6599998474,0
2023-08-28,21.4200000763,0
2023-08-29,23.0699996948,0
2023-08-30,23.3999996185,0
2023-08-31,23.8600006104,0
2023-09-01,24.0200004578,0
2023-09-05,24.0200004578,0
2023-09-06,23.4400005341,0
2023-09-07,21.8700008392,0
2023-09-08,21.5,0
2023-09-11,21.4500007629,0
2023-09-12,20.9400005341,0
2023-09-13,21.2299995422,0
2023-09-14,21.6499996185,0
2023-09-15,19.7900009155,0
2023-09-18,19.9300003052,0
2023-09-19,19.4300003052,0.033
2023-09-20,18.4799995422,0
2023-09-21,17.4200000763,0
2023-09-22,17.8400001526,0
2023-09-25,18.2199993134,0
2023-09-26,17.2399997711,0
2023-09-27,17.6800003052,0
2023-09-28,18.6399993896,0
2023-09-29,18.8700008392,0
2023-10-02,19.0799999237,0
2023-10-03,17.8899993896,0
2023-10-04,18.6399993896,0
2023-10-05,18.3999996185,0
2023-10-06,19.4699993134,0
2023-10-09,19.3799991608,0
2023-10-10,20.0499992371,0
2023-10-11,20.5100002289,0
2023-10-12,20.6800003052,0
2023-10-13,18.9799995422,0
2023-10-16,19.8099994659,0
2023-10-17,19.2999992371,0
2023-10-18,18.2800006866,0
2023-10-19,17.4300003052,0
2023-10-20,16.6399993896,0
2023-10-23,16.3899993896,0
2023-10-24,17.0400009155,0
2023-10-25,14.970000267,0
2023-10-26,14.7299995422,0
2023-10-27,15.1000003815,0
2023-10-30,14.529999733,0
2023-10-31,14.8999996185,0
2023-11-01,15.9499998093,0
2023-11-02,17.0799999237,0
2023-11-03,18.3799991608,0
2023-11-06,18.25,0
2023-11-07,18.6000003815,0
2023-11-08,18.6700000763,0
2023-11-09,18.3899993896,0
2023-11-10,20.6000003815,0
2023-11-13,20.0200004578,0
2023-11-14,22.1399993896,0
2023-11-15,22.6299991608,0
2023-11-16,22.7199993134,0
2023-11-17,23.1299991608,0
2023-11-20,24.1800003052,0
2023-11-21,22.8400001526,0
2023-11-22,23,0
2023-11-24,23.0900001526,0
2023-11-27,22.9699993134,0
2023-11-28,22.5400009155,0
2023-11-29,23.2199993134,0
2023-11-30,22.8099994659,0
2023-12-01,23.0699996948,0
2023-12-04,22.3099994659,0
2023-12-05,21.9300003052,0
2023-12-06,21.4699993134,0
2023-12-07,23.1800003052,0
2023-12-08,23.7000007629,0
2023-12-11,26.1100006104,0
2023-12-12,26.6499996185,0
2023-12-13,27.9200000763,0
2023-12-14,30.1900005341,0
2023-12-15,30.5699996948,0
2023-12-18,30.2900009155,0
2023-12-19,30.75,0
2023-12-20,28.1000003815,0
2023-12-21,30.2600002289,0.063
2023-12-22,30.5100002289,0
2023-12-26,32.1599998474,0
2023-12-27,32.3499984741,0
2023-12-28,32.2200012207,0
2023-12-29,31.3999996185,0
2024-01-02,28.0400009155,0
2024-01-03,26.25,0
2024-01-04,25.5799999237,0
2024-01-05,25.9300003052,0
2024-01-08,28.4300003052,0
2024-01-09,28.4200000763,0
2024-01-10,28.1700000763,0
2024-01-11,28.4599990845,0
2024-01-12,28.1000003815,0
2024-01-16,29.1900005341,0
2024-01-17,28.4300003052,0
2024-01-18,31.1900005341,0
2024-01-19,34.8600006104,0
2024-01-22,35.2599983215,0
2024-01-23,35.9199981689,0
2024-01-24,37.4199981689,0
2024-01-25,37.1199989319,0
2024-01-26,34.0099983215,0
2024-01-29,35.0400009155,0
2024-01-30,33.5299987793,0
2024-01-31,32.0999984741,0
2024-02-01,32.4500007629,0
2024-02-02,33.6500015259,0
2024-02-05,35.0999984741,0
2024-02-06,33.8300018311,0
2024-02-07,35.3600006104,0
2024-02-08,37.1500015259,0
2024-02-09,39.3199996948,0
2024-02-12,39.1500015259,0
2024-02-13,36.8400001526,0
2024-02-14,39.1199989319,0
2024-02-15,39.1100006104,0
2024-02-16,38.3300018311,0
2024-02-20,36.4199981689,0
2024-02-21,36.1399993896,0
2024-02-22,41.4199981689,0
2024-02-23,40.1699981689,0
2024-02-26,41.2099990845,0
2024-02-27,41.1100006104,0
2024-02-28,39.7999992371,0
2024-02-29,42.8400001526,0
2024-03-01,48.3300018311,0
2024-03-04,49.7700004578,0
2024-03-05,46.8400001526,0
2024-03-06,50.2200012207,0
2024-03-07,55.3199996948,0
2024-03-08,48.9500007629,0
2024-03-11,46.7700004578,0
2024-03-12,49.5800018311,0
2024-03-13,46.0800018311,0
2024-03-14,43.5299987793,0
2024-03-15,42.7400016785,0
2024-03-18,42.5400009155,0
2024-03-19,41.4199981689,0.035
2024-03-20,43.4000015259,0
2024-03-21,46.3100013733,0
2024-03-22,46.4300003052,0
2024-03-25,45.8899993896,0
2024-03-26,45.0299987793,0
2024-03-27,46.5,0
2024-03-28,46.5299987793,0
2024-04-01,47.9900016785,0
2024-04-02,45.8800010681,0
2024-04-03,46.1899986267,0
2024-04-04,42.3699989319,0
2024-04-05,43.6199989319,0
2024-04-08,44,0
2024-04-09,45.3899993896,0
2024-04-10,43.0900001526,0
2024-04-11,45.7999992371,0
2024-04-12,41.5099983215,0
2024-04-15,39.7799987793,0
2024-04-16,40.5400009155,0
2024-04-17,37.0600013733,0
2024-04-18,34.9099998474,0
2024-04-19,30.7900009155,0
2024-04-22,32.0699996948,0
2024-04-23,34.1100006104,0
2024-04-24,35.4900016785,0
2024-04-25,37.4099998474,0
2024-04-26,39.7999992371,0
2024-04-29,40.6100006104,0
2024-04-30,38.1800003052,0
2024-05-01,34.3699989319,0
2024-05-02,36.4500007629,0
2024-05-03,38.9700012207,0
2024-05-06,41.2999992371,0
2024-05-07,40.3600006104,0
2024-05-08,40.4099998474,0
2024-05-09,39.9599990845,0
2024-05-10,41.0299987793,0
2024-05-13,41.2700004578,0
2024-05-14,43.2099990845,0
2024-05-15,47,0
2024-05-16,46.2599983215,0
2024-05-17,45.4000015259,0
2024-05-20,48.25,0
2024-05-21,47.9799995422,0
2024-05-22,49.3800010681,0
2024-05-23,48.8100013733,0
2024-05-24,51.4399986267,0
2024-05-28,54.0400009155,0
2024-05-29,50.9799995422,0
2024-05-30,50,0
2024-05-31,48.5900001526,0
2024-06-03,48.5900001526,0
2024-06-04,47.5900001526,0
2024-06-05,53.5200004578,0
2024-06-06,52.5099983215,0
2024-06-07,51.8699989319,0
2024-06-10,53.9500007629,0
2024-06-11,54.1699981689,0
2024-06-12,58.7200012207,0
2024-06-13,60.8600006104,0
2024-06-14,60.0999984741,0
2024-06-17,62.6699981689,0
2024-06-18,65.2399978638,0
2024-06-20,60.0200004578,0
2024-06-21,58.2000007629,0
2024-06-24,53.2200012207,0
2024-06-25,55.2999992371,0.149
2024-06-26,54.7799987793,0
2024-06-27,53.7999992371,0
2024-06-28,55.3600006104,0
2024-07-01,55.3600006104,0
2024-07-02,57.5999984741,0
2024-07-03,60.3899993896,0
2024-07-05,60.8100013733,0
2024-07-08,64.3099975586,0
2024-07-09,64.25,0
2024-07-10,68.5899963379,0
2024-07-11,61.9900016785,0
2024-07-12,63.9399986267,0
2024-07-15,64.1399993896,0
2024-07-16,65.3000030518,0
2024-07-17,51.5499992371,0
2024-07-18,51.6599998474,0
2024-07-19,47,0
2024-07-22,52.9300003052,0
2024-07-23,50.5299987793,0
2024-07-24,42.9000015259,0
2024-07-25,39.7799987793,0
2024-07-26,41.9199981689,0
2024-07-29,41.8100013733,0
2024-07-30,37.2400016785,0
2024-07-31,44.3899993896,0
2024-08-01,35,0
2024-08-02,29.3400001526,0
2024-08-05,27.8899993896,0
2024-08-06,28.5799999237,0
2024-08-07,26.2199993134,0
2024-08-08,31.4599990845,0
2024-08-09,31.0100002289,0
2024-08-12,31.4099998474,0
2024-08-13,35.2799987793,0
2024-08-14,35.0499992371,0
2024-08-15,39.9199981689,0
2024-08-16,39.7299995422,0
2024-08-19,41.5999984741,0
2024-08-20,40.0900001526,0
2024-08-21,41.7299995422,0
2024-08-22,37.5099983215,0
2024-08-23,40.4000015259,0
2024-08-26,37.3699989319,0
2024-08-27,38.4900016785,0
2024-08-28,36.5999984741,0
2024-08-29,36.1899986267,0
2024-08-30,38.7900009155,0
2024-09-03,30.0699996948,0
2024-09-04,30.2999992371,0
2024-09-05,29.75,0
2024-09-06,25.9599990845,0
2024-09-09,27.4300003052,0
2024-09-10,28.3500003815,0
2024-09-11,32.2200012207,0
2024-09-12,31.8099994659,0
2024-09-13,33.4300003052,0
2024-09-16,32.1599998474,0
2024-09-17,32.1599998474,0
2024-09-18,31.1399993896,0
2024-09-19,35.1199989319,0
2024-09-20,33.5499992371,0
2024-09-23,33.9199981689,0
2024-09-24,35.0699996948,0.06
2024-09-25,35.7400016785,0
2024-09-26,39.6500015259,0
2024-09-27,37.6599998474,0
2024-09-30,36.6800003052,0
2024-10-01,33.8300018311,0
2024-10-02,34.9599990845,0
2024-10-03,35.2099990845,0
2024-10-04,36.6800003052,0
2024-10-07,36.4099998474,0
2024-10-08,37.4599990845,0
2024-10-09,38.6100006104,0
2024-10-10,37.8300018311,0
2024-10-11,38.6699981689,0
2024-10-14,40.8199996948,0
2024-10-15,34.4700012207,0
2024-10-16,34.4599990845,0
2024-10-17,35.2099990845,0
2024-10-18,35.2700004578,0
2024-10-21,35.0900001526,0
2024-10-22,34.6899986267,0
2024-10-23,33.7999992371,0
2024-10-24,34.2900009155,0
2024-10-25,35.2799987793,0
2024-10-28,35.3499984741,0
2024-10-29,37.9799995422,0
2024-10-30,34.0099983215,0
2024-10-31,30.0900001526,0
2024-11-01,30.8299999237,0
2024-11-04,30.3500003815,0
2024-11-05,31.3799991608,0
2024-11-06,34.1199989319,0
2024-11-07,36.2099990845,0
2024-11-08,35.4099998474,0
2024-11-11,32.7700004578,0
2024-11-12,31.6700000763,0
2024-11-13,29.6900005341,0
2024-11-14,29.6000003815,0
2024-11-15,26.6599998474,0
2024-11-18,27.6700000763,0
2024-11-19,27.8500003815,0
2024-11-20,27.1299991608,0
2024-11-21,28.4899997711,0
2024-11-22,28.4899997711,0
2024-11-25,29.3299999237,0
2024-11-26,28.1299991608,0
2024-11-27,26.9799995422,0
2024-11-29,28.0599994659,0
2024-12-02,30.2000007629,0
2024-12-03,29.7299995422,0
2024-12-04,30.8799991608,0
2024-12-05,29.1200008392,0
2024-12-06,29.6100006104,0
2024-12-09,29.2299995422,0
2024-12-10,27.0599994659,0
2024-12-11,29.1200008392,0
2024-12-12,28.4599990845,0
2024-12-13,30.7000007629,0
2024-12-16,32.5099983215,0
2024-12-17,31.1299991608,0
2024-12-18,27.8299999237,0
2024-12-19,26.2999992371,0
2024-12-20,27.2999992371,0
2024-12-23,29.5900001526,0.077
2024-12-24,30.4799995422,0
2024-12-26,30.5699996948,0
2024-12-27,29.6900005341,0
2024-12-30,27.9400005341,0
2024-12-31,27.3099994659,0
2025-01-02,27.6700000763,0
2025-01-03,29.8199996948,0
2025-01-06,32.4900016785,0
2025-01-07,31.1499996185,0
2025-01-08,30.1800003052,0
2025-01-10,28.0599994659,0
2025-01-13,27.8500003815,0
2025-01-14,28.1200008392,0
2025-01-15,29.9400005341,0
2025-01-16,29.9899997711,0
2025-01-17,32.4900016785,0
2025-01-21,33.6899986267,0
2025-01-22,35.1500015259,0
2025-01-23,34.9199981689,0
2025-01-24,32.6500015259,0
2025-01-27,25.0599994659,0
2025-01-28,25.3700008392,0
2025-01-29,25.6800003052,0
2025-01-30,27.1499996185,0
2025-01-31,27.0200004578,0
2025-02-03,25.6100006104,0
2025-02-04,26.25,0
2025-02-05,27.7000007629,0
2025-02-06,27.6900005341,0
2025-02-07,26.3299999237,0
2025-02-10,27.3500003815,0
2025-02-11,27.3999996185,0
2025-02-12,27.5400009155,0
2025-02-13,28.4699993134,0
2025-02-14,28.5499992371,0
2025-02-18,29.9899997711,0
2025-02-19,31.4699993134,0
2025-02-20,31.7000007629,0
2025-02-21,28.8099994659,0
2025-02-24,26.7600002289,0
2025-02-25,25.0699996948,0
2025-02-26,26.2900009155,0
2025-02-27,21.75,0
2025-02-28,22.7299995422,0
2025-03-03,20.5100002289,0
2025-03-04,20.6499996185,0
2025-03-05,21.9500007629,0
2025-03-06,19.2299995422,0
2025-03-07,20.8799991608,0
2025-03-10,17.9899997711,0
2025-03-11,17.4099998474,0
2025-03-12,18.2999992371,0
2025-03-13,18.0900001526,0
2025-03-14,19.7999992371,0
2025-03-17,20.7900009155,0
2025-03-18,19.9300003052,0
2025-03-19,20.3799991608,0
2025-03-20,19.9300003052,0
2025-03-21,19.2800006866,0
2025-03-24,21,0
2025-03-25,20.5499992371,0.065
2025-03-26,18.7900009155,0
2025-03-27,17.7600002289,0
2025-03-28,16.0300006866,0
2025-03-31,15.9499998093,0
2025-04-01,15.9499998093,0
2025-04-02,16.2600002289,0
2025-04-03,11.4099998474,0
2025-04-04,8.72999954224,0
2025-04-07,9.14999961853,0
2025-04-08,8.25,0
2025-04-09,12.7700004578,0
2025-04-10,9.63000011444,0
2025-04-11,10.2299995422,0
2025-04-14,10.470000267,0
2025-04-15,10.6000003815,0
2025-04-16,9.34000015259,0
2025-04-17,9.19999980927,0
2025-04-21,8.71000003815,0
2025-04-22,9.18000030518,0
2025-04-23,10.2899999619,0
2025-04-24,12,0
2025-04-25,12.3400001526,0
2025-04-28,12.2899999619,0
2025-04-29,11.8599996567,0
2025-04-30,12.1599998474,0
2025-05-01,12.1000003815,0
2025-05-02,13.2899999619,0
2025-05-05,13.0500001907,0
2025-05-06,12.6400003433,0
2025-05-07,13.279999733,0
2025-05-08,13.6599998474,0
2025-05-09,14.1099996567,0
2025-05-12,17.1299991608,0
2025-05-13,18.6000003815,0
2025-05-14,18.8400001526,0
2025-05-15,18.4699993134,0
2025-05-16,18.3899993896,0
2025-05-19,18.0599994659,0
2025-05-20,17.9699993134,0
2025-05-21,17,0
2025-05-22,16.5100002289,0
2025-05-23,15.7299995422,0
2025-05-27,17.2900009155,0
2025-05-28,17.0400009155,0
2025-05-29,17.2000007629,0
2025-05-30,16.1700000763,0
2025-06-02,16.8999996185,0
2025-06-03,18.2999992371,0
2025-06-04,19.0900001526,0
2025-06-05,18.8099994659,0
2025-06-06,19.1800003052,0
2025-06-09,20.5799999237,0
2025-06-10,21.8899993896,0
2025-06-11,21.6399993896,0
2025-06-12,21.6900005341,0
2025-06-13,20.0400009155,0
2025-06-16,21.8999996185,0
2025-06-17,21.4200000763,0
2025-06-18,21.6100006104,0
2025-06-20,21.2099990845,0
2025-06-23,21.5799999237,0
2025-06-24,23.9500007629,0.068
2025-06-25,24.5799999237,0
2025-06-26,25.2000007629,0
2025-06-27,25.1100006104,0
2025-06-30,25.1100006104,0
2025-07-01,24.7099990845,0
2025-07-02,26.0499992371,0
2025-07-03,26.4300003052,0
2025-07-07,24.9699993134,0
2025-07-08,26.3700008392,0
2025-07-09,26.6499996185,0
2025-07-10,27.3700008392,0
2025-07-11,27.2900009155,0
2025-07-14,26.5,0
2025-07-15,27.2900009155,0
2025-07-16,27.0300006866,0
2025-07-17,27.3199996948,0
2025-07-18,27.3299999237,0
2025-07-21,27.5,0
2025-07-22,26.3199996948,0
2025-07-23,25.7800006866,0
2025-07-24,25.6200008392,0
2025-07-25,25.6000003815,0
2025-07-28,26.8799991608,0
2025-07-29,27.0300006866,0
2025-07-30,27.6100006104,0
2025-07-31,24.9799995422,0
2025-08-01,24.0799999237,0
2025-08-04,25,0
2025-08-05,24.5200004578,0
2025-08-06,23.9899997711,0
2025-08-07,25,0
2025-08-08,25.7099990845,0
2025-08-11,25.6100006104,0
2025-08-12,28,0
2025-08-13,29.2700004578,0
2025-08-14,29.4200000763,0
2025-08-15,27.3700008392,0
2025-08-18,27.5300006866,0
2025-08-19,26.2399997711,0
2025-08-20,25.7999992371,0
2025-08-21,25.3500003815,0
2025-08-22,27.4500007629,0
2025-08-25,27.2999992371,0
2025-08-26,27.9400005341,0
2025-08-27,28.1800003052,0
2025-08-28,28.5300006866,0
2025-08-29,26.0400009155,0
2025-09-02,25.25,0
2025-09-03,24.9099998474,0
2025-09-04,25.6499996185,0
2025-09-05,26.4500007629,0
2025-09-08,27.0799999237,0
2025-09-09,27.1800003052,0
2025-09-10,28.6000003815,0
2025-09-11,29.1700000763,0
2025-09-12,29.2999992371,0
2025-09-15,30,0
2025-09-16,30.4799995422,0
2025-09-17,30.4699993134,0
2025-09-18,33.6399993896,0
2025-09-19,33.0200004578,0
2025-09-22,34.4300003052,0
2025-09-23,34.2999992371,0.01
2025-09-24,34.2000007629,0
2025-09-25,33.8499984741,0
2025-09-26,34.0200004578,0
2025-09-29,34.0200004578,0
2025-09-30,34.8400001526,0
2025-10-01,36.8600006104,0
2025-10-02,39.0800018311,0
2025-10-03,38.2299995422,0
2025-10-06,41.7099990845,0
2025-10-07,38.8300018311,0
2025-10-08,42.7799987793,0
2025-10-09,42.2400016785,0
2025-10-10,34.2099990845,0
2025-10-13,39.1399993896,0
2025-10-14,36.6300010681,0
2025-10-15,39.9799995422,0
2025-10-16,40.5699996948,0
2025-10-17,40.2900009155,0
2025-10-20,42.2400016785,0
2025-10-21,41.5099983215,0
2025-10-22,38.3899993896,0
2025-10-23,41.1699981689,0
2025-10-24,43.1399993896,0
2025-10-27,46.8400001526,0
2025-10-28,46.9599990845,0
2025-10-29,49.3800010681,0
2025-10-30,47.3899993896,0
2025-10-31,47.7799987793,0
2025-11-03,48.5800018311,0
2025-11-04,42.7999992371,0
2025-11-05,46.8300018311,0
2025-11-06,43.0099983215,0
2025-11-07,41.7400016785,0
2025-11-10,44.9599990845,0
2025-11-11,41.8100013733,0
2025-11-12,43.7099990845,0
2025-11-13,39.2200012207,0
2025-11-14,38.8600006104,0
2025-11-17,36.8400001526,0
2025-11-18,34.3499984741,0
2025-11-19,35.9599990845,0
2025-11-20,30.8099994659,0
2025-11-21,31.7299995422,0
2025-11-24,35.8600006104,0
2025-11-25,36.1699981689,0
2025-11-26,39.1899986267,0
2025-11-28,41.2599983215,0
2025-12-01,41.3100013733,0
2025-12-02,43.7999992371,0
2025-12-03,46.5800018311,0
2025-12-04,45.1599998474,0
2025-12-05,46.5,0
2025-12-08,47.9900016785,0
2025-12-09,47.7900009155,0
2025-12-10,49.6500015259,0
2025-12-11,48.7900009155,0
2025-12-12,41.7099990845,0
2025-12-15,41.1800003052,0
2025-12-16,40.4900016785,0
2025-12-17,36.0099983215,0
2025-12-18,38.5800018311,0
2025-12-19,41.7200012207,0
2025-12-22,43.2599983215,0
2025-12-23,43.7000007629,0
2025-12-24,44.2099990845,0
2025-12-26,44.2099990845,0
2025-12-29,43.8199996948,0
2025-12-30,43.6699981689,0
2025-12-31,42.0299987793,0
2026-01-02,47.2400016785,0
2026-01-05,49.2200012207,0
2026-01-06,54.0099983215,0
2026-01-07,52.2900009155,0
2026-01-08,49.6500015259,0
2026-01-09,53.9500007629,0
2026-01-12,54.6500015259,0
2026-01-13,56.0699996948,0
2026-01-14,55.3800010681,0
2026-01-15,58.0800018311,0
2026-01-16,60.75,0
2026-01-20,57.9399986267,0
2026-01-21,63.4799995422,0
2026-01-22,63.7200012207,0
2026-01-23,61.5999984741,0
2026-01-26,60.7000007629,0
2026-01-27,64.9599990845,0
2026-01-28,70.0899963379,0
2026-01-29,70.4700012207,0
2026-01-30,61.7900009155,0
2026-02-02,65.1999969482,0
2026-02-03,61.2000007629,0
2026-02-04,53.1899986267,0
2026-02-05,53.25,0
2026-02-06,61.75,0
2026-02-09,64.0299987793,0
2026-02-10,63.3400001526,0
2026-02-11,68.0500030518,0
2026-02-12,63.0999984741,0
2026-02-13,64.5899963379,0
2026-02-17,64.3499984741,0
2026-02-18,66.2900009155,0
2026-02-19,65.2300033569,0
2026-02-20,67.1100006104,0
2026-02-23,65.8600006104,0
2026-02-24,68.5299987793,0
2026-02-25,71.8600006104,0
2026-02-26,65.3399963379,0
2026-02-27,62.7700004578,0
2026-03-02,62.7599983215,0
2026-03-03,53.4199981689,0
2026-03-04,56.6199989319,0
2026-03-05,54.7999992371,0
2026-03-06,47.8899993896,0
2026-03-09,53.3199996948,0
2026-03-10,54.5900001526,0
2026-03-11,56.0900001526,0
2026-03-12,50.2799987793,0
2026-03-13,50.7200012207,0
2026-03-16,53.6899986267,0
2026-03-17,54.9500007629,0
2026-03-18,54.0200004578,0
2026-03-19,54.8499984741,0
2026-03-20,51.1399993896,0
2026-03-23,53.0299987793,0
2026-03-24,54.9599990845,0
2026-03-25,57.0400009155,0
2026-03-26,48.9700012207,0
2026-03-27,46.6100006104,0
2026-03-30,40.6199989319,0
2026-03-31,47.9099998474,0
2026-04-01,52.2599983215,0
2026-04-02,52.75,0
2026-04-06,54.8100013733,0
2026-04-07,56.5499992371,0
2026-04-08,67.5,0
2026-04-09,71.9800033569,0
2026-04-10,76.3899993896,0
2026-04-13,80.5599975586,0
2026-04-14,85.3099975586,0
2026-04-15,85.9599990845,0
2026-04-16,88.3700027466,0
2026-04-17,94.6800003052,0
2026-04-20,95.9400024414,0
2026-04-21,98.0899963379,0
2026-04-22,105.63999939,0
2026-04-23,112.769996643,0
2026-04-24,128.320007324,0
2026-04-27,123.38999939,0
2026-04-28,109.559997559,0
2026-04-29,117.970001221,0
2026-04-30,126.980003357,0
2026-05-01,130.399993896,0
2026-05-04,127.550003052,0
2026-05-05,144.160003662,0
2026-05-06,165.850006104,0
2026-05-07,152.100006104,0
2026-05-08,176.940002441,0
2026-05-11,190.419998169,0
2026-05-12,172.520004272,0
2026-05-13,184.240005493,0
2026-05-14,186.190002441,0
2026-05-15,164.179992676,0
2026-05-18,151.75,0
2026-05-19,151.88999939,0
2026-05-20,173.199996948,0
2026-05-21,178.38999939,0
2026-05-22,190.559997559,0
2026-05-26,225.789993286,0
2026-05-27,217.979995728,0
2026-05-28,224.630004883,0
2026-05-29,224.339996338,0
2026-06-01,227.029998779,0
2026-06-02,266.320007324,0
2026-06-03,280.540008545,0
2026-06-04,262.700012207,0
2026-06-05,182.539993286,0
2026-06-08,211.440002441,0
2026-06-09,201.679992676,0
2026-06-10,180.649993896,0
2026-06-11,223.990005493,0
2026-06-12,234.679992676,0
2026-06-15,272.5,0
2026-06-16,226.190002441,0
2026-06-17,233.86000061,0
2026-06-18,279.290008545,0
2026-06-22,300.769989014,0
2026-06-23,231.419998169,0
2026-06-24,229.570007324,0
2026-06-25,252.61000061,0
2026-06-26,215.600006104,0
2026-06-29,236.520004272,0
2026-06-30,266.709991455,0
2026-07-01,217.550003052,0
2026-07-02,181.470001221,0
2026-07-06,194.649993896,0
2026-07-07,165.279998779,0
2026-07-08,174.820007324,0
2026-07-09,192.449996948,0
2026-07-10,192.259994507,0
2026-07-13,165.369995117,0
2026-07-14,176.660003662,0
2026-07-15,165.550003052,0
2026-07-16,142.479995728,0
2026-07-17,135.470001221,0
2026-07-20,136.809997559,0
2026-07-21,158.539993286,0
2026-07-22,160.990005493,0
2026-07-23,157.5,0
2026-07-24,136.809997559,0
2026-07-27,128.149993896,0
2026-07-28,109.540000916,0
2026-07-29,91.9899978638,0
2026-07-30,114.720001221,0
2026-07-31,114.720001221,0
2026-08-03,116.709999084,0
2026-08-04,139.899993896,0
2026-08-05,132.070007324,0
2026-08-06,132.330001831,0
2026-08-07,140.25,0
2026-08-10,130,0
2026-08-11,133,0
2026-08-12,142.160003662,0
2026-08-13,145.36000061,0
2026-08-14,144.949996948,0
2026-08-17,151.529998779,0
2026-08-18,129.100006104,0
2026-08-19,120.739997864,0
2026-08-20,122.209999084,0
2026-08-21,120.599998474,0
2026-08-24,111.160003662,0
2026-08-25,115.669998169,0
2026-08-26,116.599998474,0
2026-08-27,123.050003052,0
2026-08-28,111.339996338,0
2026-08-31,112.790000916,0
2026-09-01,105.910003662,0
2026-09-02,106.349998474,0
