date,close,dividend
2001-07-13,24.2166671753,0
2001-07-16,22.8133335114,0
2001-07-17,23.75,0
2001-07-18,22.7666664124,0
2001-07-19,23.7333335876,0
2001-07-20,23.6166667938,0
2001-07-23,22.8999996185,0
2001-07-24,22.2833328247,0
2001-07-25,21.8833332062,0
2001-07-26,23.9166679382,0
2001-07-27,24.4699993134,0
2001-07-30,24.6333332062,0
2001-07-31,24.6333332062,0
2001-08-01,25.9166679382,0
2001-08-02,26.4166679382,0
2001-08-03,26.0833320618,0
2001-08-06,25.6166667938,0
2001-08-07,25.2199993134,0
2001-08-08,24.9333324432,0
2001-08-09,24.25,0
2001-08-10,24.2999992371,0
2001-08-13,24.8833332062,0
2001-08-14,24.9833335876,0
2001-08-15,24.0066661835,0
2001-08-16,23.7000007629,0
2001-08-17,22.8666667938,0
2001-08-20,23.1166667938,0
2001-08-21,22.5333328247,0
2001-08-22,23.2333335876,0
2001-08-23,23.3500003815,0
2001-08-24,24.3566665649,0
2001-08-27,24.8999996185,0
2001-08-28,24.3166675568,0
2001-08-29,23.4666671753,0
2001-08-30,22.8333320618,0
2001-08-31,22.9466667175,0
2001-09-04,22.3333320618,0
2001-09-05,21.5666675568,0
2001-09-06,20.5666675568,0
2001-09-07,20.7166671753,0
2001-09-10,20.6966667175,0
2001-09-17,18.7999992371,0
2001-09-18,18.9066677094,0
2001-09-19,17.3166675568,0
2001-09-20,16.2000007629,0
2001-09-21,15.4166669846,0
2001-09-24,16.9500007629,0
2001-09-25,16.5,0
2001-09-26,16.0333328247,0
2001-09-27,15.5500001907,0
2001-09-28,15.983332634,0
2001-10-01,15.4499998093,0
2001-10-02,15.1666669846,0
2001-10-03,16.6166667938,0
2001-10-04,17.5833320618,0
2001-10-05,17.6900005341,0
2001-10-08,18.3999996185,0
2001-10-09,17.5666675568,0
2001-10-10,18.5666675568,0
2001-10-11,20.2133331299,0
2001-10-12,19.8666667938,0
2001-10-15,19.4500007629,0
2001-10-16,20.0499992371,0
2001-10-17,19.2333335876,0
2001-10-18,18.5333328247,0
2001-10-19,18.6800003052,0
2001-10-22,19.6000003815,0
2001-10-23,19.5166664124,0
2001-10-24,20.1299991608,0
2001-10-25,21,0
2001-10-26,21.0799999237,0
2001-10-29,19.9166679382,0
2001-10-30,18.7166671753,0
2001-10-31,19.4066677094,0
2001-11-01,20.6000003815,0
2001-11-02,20.7999992371,0
2001-11-05,21.6299991608,0
2001-11-06,22.2333335876,0
2001-11-07,22.3933334351,0
2001-11-08,21.7866668701,0
2001-11-09,21.9633331299,0
2001-11-12,22.3899993896,0
2001-11-13,23.3833332062,0
2001-11-14,23.5,0
2001-11-15,23.2666664124,0
2001-11-16,23.1833324432,0
2001-11-19,23.0866661072,0
2001-11-20,21.7766666412,0
2001-11-21,22.0499992371,0
2001-11-23,22.4166679382,0
2001-11-26,23.3199996948,0
2001-11-27,23.3433322906,0
2001-11-28,22.3033332825,0
2001-11-29,22.9133338928,0
2001-11-30,22.6133327484,0
2001-12-03,22.3166675568,0
2001-12-04,23.4166679382,0
2001-12-05,25.2833328247,0
2001-12-06,25.1166667938,0
2001-12-07,24.2166671753,0
2001-12-10,23.7000007629,0
2001-12-11,23.953332901,0
2001-12-12,23.8833332062,0
2001-12-13,22.7533321381,0
2001-12-14,23.2199993134,0
2001-12-17,23.7333335876,0
2001-12-18,23.9166679382,0
2001-12-19,22.6833324432,0
2001-12-20,21.5366668701,0
2001-12-21,22.0799999237,0
2001-12-24,21.9166679382,0
2001-12-26,22.1833324432,0
2001-12-27,22.5266666412,0
2001-12-28,22.7166671753,0
2001-12-31,22.1666679382,0
2002-01-02,23.0666675568,0
2002-01-03,24.8333320618,0
2002-01-04,24.7466678619,0
2002-01-07,24.203332901,0
2002-01-08,24.2666664124,0
2002-01-09,24.1333332062,0
2002-01-10,23.8600006104,0
2002-01-11,23.7333335876,0
2002-01-14,23.2700004578,0
2002-01-15,23.3333320618,0
2002-01-16,22.3466663361,0
2002-01-17,22.8833332062,0
2002-01-18,22.2999992371,0
2002-01-22,21.2999992371,0
2002-01-23,21.9333324432,0
2002-01-24,22.2733325958,0
2002-01-25,22.4899997711,0
2002-01-28,22.8866672516,0
2002-01-29,22.3600006104,0
2002-01-30,22.9333324432,0
2002-01-31,23.1133327484,0
2002-02-01,22.8833332062,0
2002-02-04,22.4566669464,0
2002-02-05,22.1333332062,0
2002-02-06,22.0666675568,0
2002-02-07,21.3500003815,0
2002-02-08,21.8166675568,0
2002-02-11,22.6599998474,0
2002-02-12,22.5333328247,0
2002-02-13,23.0333328247,0
2002-02-14,22.9099998474,0
2002-02-15,22.3600006104,0
2002-02-19,21.3799991608,0
2002-02-20,21.8166675568,0
2002-02-21,20.4666671753,0
2002-02-22,20.5533332825,0
2002-02-25,21.6333332062,0
2002-02-26,21.3166675568,0
2002-02-27,21.2199993134,0
2002-02-28,20.5666675568,0
2002-03-01,22.4733333588,0
2002-03-04,23.9500007629,0
2002-03-05,24.3566665649,0
2002-03-06,24.3066673279,0
2002-03-07,24.5133323669,0
2002-03-08,25.3999996185,0
2002-03-11,24.8933334351,0
2002-03-12,24.0100002289,0
2002-03-13,23.3566665649,0
2002-03-14,23.2933330536,0
2002-03-15,23.6366672516,0
2002-03-18,23.9166679382,0
2002-03-19,24.0666675568,0
2002-03-20,23.2366676331,0
2002-03-21,23.8333320618,0
2002-03-22,23.5666675568,0
2002-03-25,22.9233322144,0
2002-03-26,23.2833328247,0
2002-03-27,23.3199996948,0
2002-03-28,23.7433338165,0
2002-04-01,24.3333320618,0
2002-04-02,23.6200008392,0
2002-04-03,23.1200008392,0
2002-04-04,23.2000007629,0
2002-04-05,23.0066661835,0
2002-04-08,22.9333324432,0
2002-04-09,22.4166679382,0
2002-04-10,22.5,0
2002-04-11,22.0499992371,0
2002-04-12,22.1666679382,0
2002-04-15,22.6499996185,0
2002-04-16,23.8866672516,0
2002-04-17,24.4066677094,0
2002-04-18,23.6766662598,0
2002-04-19,23.3666667938,0
2002-04-22,22.9500007629,0
2002-04-23,22.5,0
2002-04-24,21.7666664124,0
2002-04-25,21.9500007629,0
2002-04-26,21,0
2002-04-29,21.0499992371,0
2002-04-30,21.5,0
2002-05-01,21.5799999237,0
2002-05-02,20.7000007629,0
2002-05-03,19.8466663361,0
2002-05-06,19.4500007629,0
2002-05-07,19.3333320618,0
2002-05-08,21.6000003815,0
2002-05-09,21.2566661835,0
2002-05-10,20.0599994659,0
2002-05-13,21.1299991608,0
2002-05-14,22.4866676331,0
2002-05-15,22.3033332825,0
2002-05-16,22.6299991608,0
2002-05-17,22.6466674805,0
2002-05-20,22.3633327484,0
2002-05-21,21.75,0
2002-05-22,21.2133331299,0
2002-05-23,21.6633338928,0
2002-05-24,20.8999996185,0
2002-05-28,20.8166675568,0
2002-05-29,20.1866664886,0
2002-05-30,19.9633331299,0
2002-05-31,19.9333324432,0
2002-06-03,18.9666671753,0
2002-06-04,19.3799991608,0
2002-06-05,19.4966678619,0
2002-06-06,18.796667099,0
2002-06-07,18.2133331299,0
2002-06-10,18.0266666412,0
2002-06-11,17.25,0
2002-06-12,17.7800006866,0
2002-06-13,17.5366668701,0
2002-06-14,17.5,0
2002-06-17,18.3833332062,0
2002-06-18,18.1666679382,0
2002-06-19,16.9500007629,0
2002-06-20,16.2000007629,0
2002-06-21,15.7600002289,0
2002-06-24,16.4666671753,0
2002-06-25,15.5666666031,0
2002-06-26,15.5033330917,0
2002-06-27,16.2333335876,0
2002-06-28,15.970000267,0
2002-07-01,15.25,0
2002-07-02,14.6966667175,0
2002-07-03,15.1999998093,0
2002-07-05,16.4500007629,0
2002-07-08,15.8333330154,0
2002-07-09,15.266667366,0
2002-07-10,14.796667099,0
2002-07-11,15.5399999619,0
2002-07-12,15.8433332443,0
2002-07-15,15.8833332062,0
2002-07-16,16.2099990845,0
2002-07-17,16.2833328247,0
2002-07-18,15.9166669846,0
2002-07-19,15.4666671753,0
2002-07-22,15.1166667938,0
2002-07-23,14.3333330154,0
2002-07-24,14.9366674423,0
2002-07-25,13.5266666412,0
2002-07-26,13.2166671753,0
2002-07-29,14.1333332062,0
2002-07-30,14.516667366,0
2002-07-31,13.8000001907,0
2002-08-01,13.0399999619,0
2002-08-02,12.5033330917,0
2002-08-05,11.796667099,0
2002-08-06,12.5,0
2002-08-07,12.7633333206,0
2002-08-08,13.2366666794,0
2002-08-09,13.1666669846,0
2002-08-12,12.8500003815,0
2002-08-13,12.3866672516,0
2002-08-14,13.1433334351,0
2002-08-15,13.4166669846,0
2002-08-16,14.25,0
2002-08-19,14.9200000763,0
2002-08-20,14.2833328247,0
2002-08-21,14.8833332062,0
2002-08-22,14.9666671753,0
2002-08-23,14.0799999237,0
2002-08-26,14.0966672897,0
2002-08-27,13.4666671753,0
2002-08-28,12.7700004578,0
2002-08-29,12.8133325577,0
2002-08-30,12.6666669846,0
2002-09-03,12.0333328247,0
2002-09-04,12.1000003815,0
2002-09-05,11.5866670609,0
2002-09-06,12.2700004578,0
2002-09-09,12.233332634,0
2002-09-10,12.5133333206,0
2002-09-11,12.7166671753,0
2002-09-12,11.9066667557,0
2002-09-13,11.733332634,0
2002-09-16,11.2166671753,0
2002-09-17,10.9799995422,0
2002-09-18,10.7833328247,0
2002-09-19,10.5200004578,0
2002-09-20,10.3633327484,0
2002-09-23,9.89666652679,0
2002-09-24,9.93000030518,0
2002-09-25,10.6166667938,0
2002-09-26,10.3999996185,0
2002-09-27,10.1533327103,0
2002-09-30,9.84333324432,0
2002-10-01,10.3999996185,0
2002-10-02,10.203332901,0
2002-10-03,9.89999961853,0
2002-10-04,9.38333320618,0
2002-10-07,8.96333312988,0
2002-10-08,8.86666679382,0
2002-10-09,8.64999961853,0
2002-10-10,9.34333324432,0
2002-10-11,10.1833333969,0
2002-10-14,10.2166671753,0
2002-10-15,11.2299995422,0
2002-10-16,10,0
2002-10-17,10.7566671371,0
2002-10-18,10.9433326721,0
2002-10-21,11.6166667938,0
2002-10-22,10.8333330154,0
2002-10-23,11.6666669846,0
2002-10-24,11.3333330154,0
2002-10-25,11.8800001144,0
2002-10-28,11.9633331299,0
2002-10-29,11.5633325577,0
2002-10-30,12.2066669464,0
2002-10-31,12.1666669846,0
2002-11-01,12.7600002289,0
2002-11-04,13.4499998093,0
2002-11-05,13.1999998093,0
2002-11-06,13.5699996948,0
2002-11-07,12.6166667938,0
2002-11-08,12.3999996185,0
2002-11-11,11.733332634,0
2002-11-12,12.1666669846,0
2002-11-13,12.1066665649,0
2002-11-14,13.1000003815,0
2002-11-15,13.1000003815,0
2002-11-18,13.1499996185,0
2002-11-19,12.8166666031,0
2002-11-20,13.6433334351,0
2002-11-21,14.8333330154,0
2002-11-22,14.6966667175,0
2002-11-25,15.1866674423,0
2002-11-26,14.5533332825,0
2002-11-27,15.4466667175,0
2002-11-29,15.0666666031,0
2002-12-02,15.266667366,0
2002-12-03,14.453332901,0
2002-12-04,13.6066665649,0
2002-12-05,13.5333328247,0
2002-12-06,13.3866672516,0
2002-12-09,12.5833330154,0
2002-12-10,13.1499996185,0
2002-12-11,13.0500001907,0
2002-12-12,12.9166669846,0
2002-12-13,12.5033330917,0
2002-12-16,13.0833330154,0
2002-12-17,12.8033332825,0
2002-12-18,11.9899997711,0
2002-12-19,11.8966665268,0
2002-12-20,11.923333168,0
2002-12-23,12.1499996185,0
2002-12-24,11.983332634,0
2002-12-26,11.9333333969,0
2002-12-27,11.8500003815,0
2002-12-30,11.6000003815,0
2002-12-31,11.5600004196,0
2003-01-02,12.326666832,0
2003-01-03,12.5133333206,0
2003-01-06,13.1499996185,0
2003-01-07,13.0833330154,0
2003-01-08,12.5933332443,0
2003-01-09,12.9799995422,0
2003-01-10,13.2700004578,0
2003-01-13,13.0633325577,0
2003-01-14,13.1000003815,0
2003-01-15,12.8333330154,0
2003-01-16,12.3833332062,0
2003-01-17,11.6666669846,0
2003-01-21,11.5900001526,0
2003-01-22,11.5100002289,0
2003-01-23,11.9266672134,0
2003-01-24,11.4333333969,0
2003-01-27,11.2166671753,0
2003-01-28,11.3366670609,0
2003-01-29,11.6333332062,0
2003-01-30,11.0733327866,0
2003-01-31,11,0
2003-02-03,11,0
2003-02-04,10.826666832,0
2003-02-05,10.8999996185,0
2003-02-06,10.7066669464,0
2003-02-07,10.6000003815,0
2003-02-10,10.7766666412,0
2003-02-11,10.779999733,0
2003-02-12,10.7766666412,0
2003-02-13,10.6566667557,0
2003-02-14,11.3166666031,0
2003-02-18,11.7433328629,0
2003-02-19,11.576666832,0
2003-02-20,11.8333330154,0
2003-02-21,11.75,0
2003-02-24,11.6166667938,0
2003-02-25,11.5200004578,0
2003-02-26,11.2233333588,0
2003-02-27,11.5933332443,0
2003-02-28,11.9499998093,0
2003-03-03,11.5066671371,0
2003-03-04,11.3666667938,0
2003-03-05,11.5033330917,0
2003-03-06,11.4666671753,0
2003-03-07,11.2833328247,0
2003-03-10,11.0666666031,0
2003-03-11,11.016667366,0
2003-03-12,11.3299999237,0
2003-03-13,12.1499996185,0
2003-03-14,11.9366674423,0
2003-03-17,12.6499996185,0
2003-03-18,12.8466672897,0
2003-03-19,12.733332634,0
2003-03-20,12.7833328247,0
2003-03-21,13.1166667938,0
2003-03-24,12.4066667557,0
2003-03-25,12.6899995804,0
2003-03-26,12.6266670227,0
2003-03-27,12.4333333969,0
2003-03-28,12.1333332062,0
2003-03-31,11.6466665268,0
2003-04-01,11.720000267,0
2003-04-02,12.5,0
2003-04-03,12.516667366,0
2003-04-04,12.1833333969,0
2003-04-07,12.3666667938,0
2003-04-08,11.8533334732,0
2003-04-09,11.733332634,0
2003-04-10,11.720000267,0
2003-04-11,11.5866670609,0
2003-04-14,11.9600000381,0
2003-04-15,11.9466667175,0
2003-04-16,12.4766674042,0
2003-04-17,13,0
2003-04-21,13.0600004196,0
2003-04-22,13.4766674042,0
2003-04-23,13.5699996948,0
2003-04-24,13.3933334351,0
2003-04-25,12.7700004578,0
2003-04-28,13.1266670227,0
2003-04-29,13.3999996185,0
2003-04-30,13.1333332062,0
2003-05-01,13.1233329773,0
2003-05-02,13.5399999619,0
2003-05-05,13.7933330536,0
2003-05-06,13.923333168,0
2003-05-07,13.6999998093,0
2003-05-08,13.3766670227,0
2003-05-09,14,0
2003-05-12,14.2899999619,0
2003-05-13,14.0533332825,0
2003-05-14,14.0500001907,0
2003-05-15,14.2066669464,0
2003-05-16,14.0233325958,0
2003-05-19,13.3866672516,0
2003-05-20,13.3999996185,0
2003-05-21,13.4566669464,0
2003-05-22,13.6066665649,0
2003-05-23,13.6999998093,0
2003-05-27,14.4166669846,0
2003-05-28,14.4733333588,0
2003-05-29,14.9200000763,0
2003-05-30,15.1333332062,0
2003-06-02,14.826666832,0
2003-06-03,15.0233325958,0
2003-06-04,15.576666832,0
2003-06-05,15.75,0
2003-06-06,15.4866666794,0
2003-06-09,15.0666666031,0
2003-06-10,15.1999998093,0
2003-06-11,15.1999998093,0
2003-06-12,15,0
2003-06-13,14.516667366,0
2003-06-16,14.7700004578,0
2003-06-17,14.8599996567,0
2003-06-18,15.1766672134,0
2003-06-19,15.0333328247,0
2003-06-20,14.8166666031,0
2003-06-23,14.4200000763,0
2003-06-24,14.3000001907,0
2003-06-25,14.3833332062,0
2003-06-26,14.7266674042,0
2003-06-27,14.6300001144,0
2003-06-30,14.5333328247,0
2003-07-01,14.8033332825,0
2003-07-02,15.296667099,0
2003-07-03,15.1300001144,0
2003-07-07,16.0433330536,0
2003-07-08,16.2333335876,0
2003-07-09,16.3966674805,0
2003-07-10,15.8500003815,0
2003-07-11,16,0
2003-07-14,16.4166679382,0
2003-07-15,16.4433326721,0
2003-07-16,16.4166679382,0
2003-07-17,15.7066669464,0
2003-07-18,15.75,0
2003-07-21,15.4633331299,0
2003-07-22,15.9766674042,0
2003-07-23,16.2800006866,0
2003-07-24,15.8366670609,0
2003-07-25,16.1599998474,0
2003-07-28,16.3533325195,0
2003-07-29,15.9666671753,0
2003-07-30,15.8666667938,0
2003-07-31,16.1000003815,0
2003-08-01,16.2999992371,0
2003-08-04,16.3600006104,0
2003-08-05,15.8333330154,0
2003-08-06,15.6999998093,0
2003-08-07,15.5666666031,0
2003-08-08,15.1633329391,0
2003-08-11,15.4399995804,0
2003-08-12,15.733332634,0
2003-08-13,16.0233325958,0
2003-08-14,16.2066669464,0
2003-08-15,16.25,0
2003-08-18,17,0
2003-08-19,17.3333320618,0
2003-08-20,17.1666679382,0
2003-08-21,17.7333335876,0
2003-08-22,18.0666675568,0
2003-08-25,17.8466663361,0
2003-08-26,17.9166679382,0
2003-08-27,18.4599990845,0
2003-08-28,18.6200008392,0
2003-08-29,18.7333335876,0
2003-09-02,18.7666664124,0
2003-09-03,18.3999996185,0
2003-09-04,18.6700000763,0
2003-09-05,18.9166679382,0
2003-09-08,19.5566673279,0
2003-09-09,19.3333320618,0
2003-09-10,18.2166671753,0
2003-09-11,18.4733333588,0
2003-09-12,18.5699996948,0
2003-09-15,18.2766666412,0.001333
2003-09-16,18.9833335876,0
2003-09-17,18.8666667938,0
2003-09-18,18.9866676331,0
2003-09-19,18.9133338928,0
2003-09-22,18.4733333588,0
2003-09-23,18.7466678619,0
2003-09-24,17.9133338928,0
2003-09-25,17.9166679382,0
2003-09-26,17.5866661072,0
2003-09-29,17.8833332062,0
2003-09-30,17.4666671753,0
2003-10-01,17.7266674042,0
2003-10-02,17.9599990845,0
2003-10-03,18.7000007629,0
2003-10-06,18.8400001526,0
2003-10-07,19.2333335876,0
2003-10-08,19.1266670227,0
2003-10-09,19.2600002289,0
2003-10-10,19.5,0
2003-10-13,19.6333332062,0
2003-10-14,19.7999992371,0
2003-10-15,19.8400001526,0
2003-10-16,20.0233325958,0
2003-10-17,19.5100002289,0
2003-10-20,19.7266674042,0
2003-10-21,20.25,0
2003-10-22,19.7766666412,0
2003-10-23,19.3333320618,0
2003-10-24,19.3066673279,0
2003-10-27,19.4899997711,0
2003-10-28,20.6033325195,0
2003-10-29,20.8333320618,0
2003-10-30,21,0
2003-10-31,20.7666664124,0
2003-11-03,21.4666671753,0
2003-11-04,21.5599994659,0
2003-11-05,21.6966667175,0
2003-11-06,21.9233322144,0
2003-11-07,21.9666671753,0
2003-11-10,21.3266677856,0
2003-11-11,21.2600002289,0
2003-11-12,22.0400009155,0
2003-11-13,21.75,0
2003-11-14,21.1433334351,0
2003-11-17,20.8299999237,0
2003-11-18,20.5166664124,0
2003-11-19,20.8866672516,0
2003-11-20,20.4833335876,0
2003-11-21,20.7266674042,0
2003-11-24,21.3999996185,0
2003-11-25,21.5233325958,0
2003-11-26,21.6299991608,0
2003-11-28,21.8633327484,0
2003-12-01,22.0766677856,0
2003-12-02,21.9066677094,0
2003-12-03,21.5333328247,0
2003-12-04,21.2866668701,0
2003-12-05,20.6700000763,0
2003-12-08,20.6200008392,0
2003-12-09,19.7666664124,0
2003-12-10,19.8866672516,0
2003-12-11,20.5666675568,0
2003-12-12,20.5799999237,0
2003-12-15,19.9433326721,0
2003-12-16,19.8700008392,0
2003-12-17,19.6733322144,0
2003-12-18,20.3333320618,0
2003-12-19,20.2066669464,0
2003-12-22,20.1900005341,0
2003-12-23,20.5400009155,0
2003-12-24,20.5400009155,0
2003-12-26,20.6499996185,0
2003-12-29,20.9733333588,0
2003-12-30,21.0100002289,0
2003-12-31,20.9166679382,0
2004-01-02,21,0
2004-01-05,21.6833324432,0
2004-01-06,21.9166679382,0
2004-01-07,22.1133327484,0
2004-01-08,22.7733325958,0
2004-01-09,22.7833328247,0
2004-01-12,23.3500003815,0
2004-01-13,22.8099994659,0
2004-01-14,22.7066669464,0
2004-01-15,22.9666671753,0
2004-01-16,23.3866672516,0
2004-01-20,23.3899993896,0
2004-01-21,22.796667099,0
2004-01-22,22.453332901,0
2004-01-23,22.1000003815,0
2004-01-26,22.6266670227,0
2004-01-27,21.9466667175,0
2004-01-28,21.7700004578,0
2004-01-29,21.5200004578,0
2004-01-30,21.6666679382,0
2004-02-02,21.3333320618,0
2004-02-03,21.4200000763,0
2004-02-04,20.7733325958,0
2004-02-05,21.0499992371,0
2004-02-06,21.8333320618,0
2004-02-09,21.7666664124,0
2004-02-10,21.8166675568,0
2004-02-11,22.2866668701,0
2004-02-12,21.9166679382,0
2004-02-13,21.6666679382,0
2004-02-17,21.9500007629,0
2004-02-18,22.1000003815,0
2004-02-19,21.8333320618,0
2004-02-20,21.6466674805,0
2004-02-23,20.9833335876,0
2004-02-24,21.0066661835,0
2004-02-25,21.4166679382,0
2004-02-26,21.6433334351,0
2004-02-27,21.4766674042,0
2004-03-01,21.8500003815,0
2004-03-02,21.7000007629,0
2004-03-03,21.4400005341,0
2004-03-04,21.7000007629,0
2004-03-05,21.5866661072,0
2004-03-08,20.7333335876,0
2004-03-09,20.6333332062,0
2004-03-10,20.2199993134,0
2004-03-11,19.9666671753,0
2004-03-12,20.5200004578,0
2004-03-15,19.8766670227,0
2004-03-16,20.1000003815,0
2004-03-17,20.546667099,0
2004-03-18,20.2433338165,0
2004-03-19,19.5933322906,0
2004-03-22,19.3033332825,0
2004-03-23,19.3333320618,0
2004-03-24,19.6666679382,0
2004-03-25,20.4066677094,0
2004-03-26,20.2633323669,0
2004-03-29,20.6499996185,0
2004-03-30,20.6000003815,0
2004-03-31,20.5533332825,0
2004-04-01,20.9666671753,0
2004-04-02,21.6666679382,0
2004-04-05,21.8333320618,0
2004-04-06,21.3666667938,0
2004-04-07,21.3400001526,0
2004-04-08,21.4366664886,0
2004-04-12,21.4733333588,0
2004-04-13,21.1766662598,0
2004-04-14,20.9666671753,0
2004-04-15,20.4133338928,0
2004-04-16,19.9566669464,0
2004-04-19,20.2000007629,0
2004-04-20,19.5733337402,0
2004-04-21,20.1000003815,0
2004-04-22,20.3600006104,0
2004-04-23,20.6100006104,0
2004-04-26,20.1499996185,0
2004-04-27,19.8366661072,0
2004-04-28,19.4200000763,0
2004-04-29,18.75,0
2004-04-30,18.4333324432,0
2004-05-03,18.3833332062,0
2004-05-04,18.75,0
2004-05-05,19.0499992371,0
2004-05-06,18.9500007629,0
2004-05-07,19.1100006104,0
2004-05-10,19.0499992371,0
2004-05-11,19.3666667938,0
2004-05-12,19.2999992371,0
2004-05-13,19.2133331299,0
2004-05-14,18.8466663361,0
2004-05-17,18.5033321381,0
2004-05-18,18.9166679382,0
2004-05-19,19.1666679382,0
2004-05-20,19.0566673279,0
2004-05-21,19.1333332062,0
2004-05-24,19.3400001526,0
2004-05-25,19.8066673279,0
2004-05-26,19.8799991608,0
2004-05-27,20.2000007629,0
2004-05-28,20.3400001526,0
2004-06-01,20.1666679382,0
2004-06-02,19.8899993896,0
2004-06-03,19.3333320618,0
2004-06-04,19.6766662598,0
2004-06-07,20.3666667938,0
2004-06-08,20.3666667938,0
2004-06-09,19.6966667175,0
2004-06-10,19.7466678619,0
2004-06-14,19.2533321381,0
2004-06-15,19.4166679382,0
2004-06-16,19.3433322906,0
2004-06-17,18.7266674042,0
2004-06-18,18.6466674805,0
2004-06-21,18.4833335876,0
2004-06-22,19.046667099,0
2004-06-23,19.4833335876,0
2004-06-24,19.3299999237,0
2004-06-25,19.4466667175,0
2004-06-28,19.2199993134,0
2004-06-29,19.5900001526,0
2004-06-30,19.75,0
2004-07-01,19.0200004578,0
2004-07-02,18.6633338928,0
2004-07-06,17.8833332062,0
2004-07-07,18.1333332062,0
2004-07-08,17.953332901,0
2004-07-09,18.2199993134,0
2004-07-12,17.7866668701,0
2004-07-13,17.8166675568,0
2004-07-14,17.0833320618,0
2004-07-15,17.0900001526,0
2004-07-16,16.6933326721,0
2004-07-19,16.8033332825,0
2004-07-20,17.2166671753,0
2004-07-21,16.4566669464,0
2004-07-22,16.9166679382,0
2004-07-23,16.3700008392,0
2004-07-26,16.2233333588,0
2004-07-27,16.3099994659,0
2004-07-28,16.2333335876,0
2004-07-29,16.7000007629,0
2004-07-30,16.8966674805,0
2004-08-02,16.9066677094,0
2004-08-03,16.3166675568,0
2004-08-04,16.4733333588,0
2004-08-05,16.2333335876,0
2004-08-06,15.6533327103,0
2004-08-09,15.6499996185,0
2004-08-10,15.8733329773,0
2004-08-11,15.1366672516,0
2004-08-12,14.7466669083,0
2004-08-13,14.8000001907,0
2004-08-16,14.9966669083,0
2004-08-17,15.2466669083,0
2004-08-18,15.8333330154,0
2004-08-19,15.6966667175,0
2004-08-20,15.8033332825,0
2004-08-23,15.9633331299,0
2004-08-24,15.6166667938,0
2004-08-25,15.779999733,0
2004-08-26,15.6300001144,0
2004-08-27,15.75,0
2004-08-30,15.4099998474,0
2004-08-31,15.2466669083,0
2004-09-01,15.4433326721,0
2004-09-02,15.546667099,0
2004-09-03,14.8166666031,0
2004-09-07,14.6866674423,0
2004-09-08,14.6199998856,0
2004-09-09,15.4333333969,0
2004-09-10,16.0100002289,0
2004-09-13,16.3299999237,0
2004-09-14,16.3733329773,0
2004-09-15,15.8900003433,0
2004-09-16,15.9066667557,0
2004-09-17,16.1766662598,0
2004-09-20,16.6466674805,0
2004-09-21,16.8366661072,0
2004-09-22,16.3533325195,0
2004-09-23,16.4166679382,0
2004-09-24,16.0166664124,0
2004-09-27,15.7866668701,0
2004-09-28,15.6099996567,0
2004-09-29,15.8400001526,0
2004-09-30,16.0066661835,0
2004-10-01,16.7533321381,0
2004-10-04,16.9366664886,0
2004-10-05,16.8799991608,0
2004-10-06,16.9566669464,0
2004-10-07,16.8333320618,0
2004-10-08,16.2833328247,0
2004-10-11,16.3133335114,0
2004-10-12,16.0766677856,0
2004-10-13,16.3266677856,0
2004-10-14,15.8500003815,0
2004-10-15,15.8800001144,0
2004-10-18,15.9899997711,0
2004-10-19,16.1666679382,0
2004-10-20,16.3033332825,0
2004-10-21,16.8199996948,0
2004-10-22,16.25,0
2004-10-25,16.3833332062,0
2004-10-26,16.2666664124,0
2004-10-27,16.8733329773,0
2004-10-28,16.9833335876,0
2004-10-29,16.9566669464,0
2004-11-01,17.0200004578,0
2004-11-02,16.9466667175,0
2004-11-03,16.8199996948,0
2004-11-04,16.9266662598,0
2004-11-05,17.1966667175,0
2004-11-08,17.203332901,0
2004-11-09,17.0766677856,0
2004-11-10,16.8233337402,0
2004-11-11,17.1666679382,0
2004-11-12,17.4766674042,0
2004-11-15,17.75,0
2004-11-16,17.6366672516,0
2004-11-17,18.1066665649,0
2004-11-18,18.3433322906,0
2004-11-19,17.796667099,0
2004-11-22,17.8600006104,0
2004-11-23,17.7333335876,0
2004-11-24,17.8799991608,0
2004-11-26,17.7766666412,0
2004-11-29,17.7366676331,0
2004-11-30,17.5,0
2004-12-01,18.2333335876,0
2004-12-02,18.0799999237,0
2004-12-03,18.4333324432,0
2004-12-06,18.5499992371,0
2004-12-07,18.1833324432,0
2004-12-08,17.8733329773,0
2004-12-09,17.6533336639,0
2004-12-10,17.4599990845,0
2004-12-13,17.6166667938,0
2004-12-14,17.9066677094,0
2004-12-15,17.9833335876,0
2004-12-16,17.7399997711,0
2004-12-17,17.5733337402,0
2004-12-20,17.3733329773,0
2004-12-21,17.6133327484,0
2004-12-22,17.7000007629,0
2004-12-23,17.7399997711,0
2004-12-27,17.6399993896,0
2004-12-28,17.6700000763,0
2004-12-29,17.8366661072,0
2004-12-30,17.9099998474,0
2004-12-31,17.9333324432,0
2005-01-03,17.6333332062,0
2005-01-04,17.1000003815,0
2005-01-05,16.8299999237,0
2005-01-06,16.75,0
2005-01-07,16.8333320618,0
2005-01-10,16.8333320618,0
2005-01-11,16.4466667175,0
2005-01-12,16.6733322144,0
2005-01-13,16.5133323669,0
2005-01-14,16.7000007629,0
2005-01-18,16.8366661072,0
2005-01-19,16.3866672516,0
2005-01-20,16.2333335876,0
2005-01-21,16.0666675568,0
2005-01-24,15.7100000381,0
2005-01-25,15.9733333588,0
2005-01-26,16.3933334351,0
2005-01-27,16.5733337402,0
2005-01-28,16.4099998474,0
2005-01-31,16.6133327484,0
2005-02-01,16.8166675568,0
2005-02-02,16.8166675568,0
2005-02-03,16.5799999237,0
2005-02-04,17.2800006866,0
2005-02-07,17.2333335876,0
2005-02-08,17.5799999237,0
2005-02-09,17.1533336639,0
2005-02-10,17.2600002289,0
2005-02-11,17.8066673279,0
2005-02-14,17.8600006104,0
2005-02-15,17.9599990845,0
2005-02-16,17.8266677856,0
2005-02-17,17.5599994659,0
2005-02-18,17.546667099,0
2005-02-22,17.5133323669,0
2005-02-23,17.4433326721,0
2005-02-24,17.8199996948,0
2005-02-25,18.1366672516,0
2005-02-28,17.9200000763,0
2005-03-01,18.3166675568,0
2005-03-02,18.0533332825,0
2005-03-03,17.8099994659,0
2005-03-04,17.8066673279,0
2005-03-07,18.1033325195,0
2005-03-08,17.8299999237,0
2005-03-09,17.7199993134,0
2005-03-10,17.953332901,0
2005-03-11,17.5533332825,0
2005-03-14,17.5799999237,0
2005-03-15,17.2733325958,0
2005-03-16,17.1033325195,0
2005-03-17,17.1399993896,0
2005-03-18,16.9200000763,0
2005-03-21,16.9733333588,0
2005-03-22,16.8133335114,0
2005-03-23,17.0066661835,0
2005-03-24,17.0300006866,0
2005-03-28,16.9899997711,0
2005-03-29,16.7099990845,0
2005-03-30,17.1333332062,0
2005-03-31,16.9899997711,0
2005-04-01,16.7700004578,0
2005-04-04,16.7066669464,0
2005-04-05,16.6933326721,0
2005-04-06,16.7066669464,0
2005-04-07,16.9899997711,0
2005-04-08,16.9400005341,0
2005-04-11,16.7999992371,0
2005-04-12,16.7600002289,0
2005-04-13,16.3666667938,0
2005-04-14,16.1233329773,0
2005-04-15,15.6166667938,0
2005-04-18,15.6933326721,0
2005-04-19,16.0400009155,0
2005-04-20,15.8133325577,0
2005-04-21,16.3866672516,0
2005-04-22,16.1333332062,0
2005-04-25,16.1933326721,0
2005-04-26,16.1399993896,0
2005-04-27,16.0266666412,0
2005-04-28,15.8333330154,0
2005-04-29,16.0100002289,0
2005-05-02,16,0
2005-05-03,15.9600000381,0
2005-05-04,16.3199996948,0
2005-05-05,16.3600006104,0
2005-05-06,16.4799995422,0
2005-05-09,16.5433330536,0
2005-05-10,16.3666667938,0
2005-05-11,16.3933334351,0
2005-05-12,16.4566669464,0
2005-05-13,16.9799995422,0
2005-05-16,17.0433330536,0
2005-05-17,17.1766662598,0
2005-05-18,17.3833332062,0
2005-05-19,17.4166679382,0
2005-05-20,17.546667099,0
2005-05-23,17.5866661072,0
2005-05-24,17.796667099,0
2005-05-25,17.6466674805,0
2005-05-26,17.9466667175,0
2005-05-27,17.8700008392,0
2005-05-31,17.8333320618,0
2005-06-01,17.9666671753,0
2005-06-02,18.2299995422,0
2005-06-03,18.0733337402,0
2005-06-06,17.9500007629,0
2005-06-07,17.8066673279,0
2005-06-08,17.9433326721,0
2005-06-09,18.2833328247,0
2005-06-10,18.0066661835,0
2005-06-13,17.9766674042,0
2005-06-14,17.8566665649,0
2005-06-15,17.8966674805,0
2005-06-16,18.0333328247,0
2005-06-17,18.0333328247,0
2005-06-20,17.9500007629,0
2005-06-21,18.0666675568,0
2005-06-22,18.2066669464,0
2005-06-23,18.2133331299,0
2005-06-24,17.8666667938,0
2005-06-27,17.5866661072,0
2005-06-28,17.7933330536,0
2005-06-29,17.7166671753,0
2005-06-30,17.5733337402,0
2005-07-01,17.6200008392,0
2005-07-05,17.8700008392,0
2005-07-06,18.0266666412,0
2005-07-07,18.1000003815,0
2005-07-08,18.4866676331,0
2005-07-11,18.9066677094,0
2005-07-12,19.0666675568,0
2005-07-13,19.1200008392,0
2005-07-14,19.3166675568,0
2005-07-15,19.2600002289,0
2005-07-18,19.1599998474,0
2005-07-19,19.5499992371,0
2005-07-20,19.7399997711,0
2005-07-21,19.4200000763,0
2005-07-22,19.546667099,0
2005-07-25,19.5066661835,0
2005-07-26,19.7833328247,0
2005-07-27,19.6333332062,0
2005-07-28,19.7333335876,0
2005-07-29,19.6133327484,0
2005-08-01,19.6466674805,0
2005-08-02,20.0666675568,0
2005-08-03,19.9699993134,0
2005-08-04,19.5400009155,0
2005-08-05,19.4400005341,0
2005-08-08,19.3133335114,0
2005-08-09,19.5733337402,0
2005-08-10,19.2999992371,0
2005-08-11,19.5133323669,0
2005-08-12,19.1666679382,0
2005-08-15,19.4166679382,0
2005-08-16,19.0266666412,0
2005-08-17,19.2933330536,0
2005-08-18,19.1166667938,0
2005-08-19,19.1200008392,0
2005-08-22,19.3999996185,0
2005-08-23,19.3400001526,0
2005-08-24,19.2000007629,0
2005-08-25,19.3199996948,0
2005-08-26,19.1466674805,0
2005-08-29,19.3700008392,0
2005-08-30,19.4466667175,0
2005-08-31,19.6499996185,0
2005-09-01,19.4599990845,0
2005-09-02,19.3899993896,0
2005-09-06,19.7000007629,0
2005-09-07,19.7133331299,0
2005-09-08,19.9933338165,0
2005-09-09,20.0699996948,0
2005-09-12,20.0333328247,0
2005-09-13,20.2133331299,0
2005-09-14,20.1000003815,0
2005-09-15,19.8999996185,0
2005-09-16,19.9666671753,0
2005-09-19,19.6800003052,0
2005-09-20,19.5499992371,0
2005-09-21,19.2800006866,0
2005-09-22,19.1900005341,0
2005-09-23,19.3466663361,0
2005-09-26,19.3899993896,0.009667
2005-09-27,19.1733322144,0
2005-09-28,19.1599998474,0
2005-09-29,19.4599990845,0
2005-09-30,19.7533321381,0
2005-10-03,19.9400005341,0
2005-10-04,19.6733322144,0
2005-10-05,19.3466663361,0
2005-10-06,19.0833320618,0
2005-10-07,19.1900005341,0
2005-10-10,18.6100006104,0
2005-10-11,18.2800006866,0
2005-10-12,18.2399997711,0
2005-10-13,18.5533332825,0
2005-10-14,18.5266666412,0
2005-10-17,18.5599994659,0
2005-10-18,18.4266662598,0
2005-10-19,18.5,0
2005-10-20,18.5333328247,0
2005-10-21,18.7133331299,0
2005-10-24,18.9266662598,0
2005-10-25,18.6399993896,0
2005-10-26,18.6266670227,0
2005-10-27,18.2266674042,0
2005-10-28,18.2099990845,0
2005-10-31,18.6000003815,0
2005-11-01,18.3999996185,0
2005-11-02,19.046667099,0
2005-11-03,19.3999996185,0
2005-11-04,19.4733333588,0
2005-11-07,19.5,0
2005-11-08,19.4766674042,0
2005-11-09,19.7733325958,0
2005-11-10,19.9200000763,0
2005-11-11,19.8666667938,0
2005-11-14,19.9333324432,0
2005-11-15,19.7866668701,0
2005-11-16,19.7766666412,0
2005-11-17,20,0
2005-11-18,20.3533325195,0
2005-11-21,20.2600002289,0
2005-11-22,20.5400009155,0
2005-11-23,20.5900001526,0
2005-11-25,20.7233333588,0
2005-11-28,20.4866676331,0
2005-11-29,20.3833332062,0
2005-11-30,20.6166667938,0
2005-12-01,21.3166675568,0
2005-12-02,21.2999992371,0
2005-12-05,21.0133323669,0
2005-12-06,21.2166671753,0
2005-12-07,20.9433326721,0
2005-12-08,20.6533336639,0
2005-12-09,20.9366664886,0
2005-12-12,21.0966663361,0
2005-12-13,21.1166667938,0
2005-12-14,21.0599994659,0
2005-12-15,20.9733333588,0
2005-12-16,20.8666667938,0
2005-12-19,20.4466667175,0
2005-12-20,20.4833335876,0
2005-12-21,20.5366668701,0
2005-12-22,20.7900009155,0
2005-12-23,20.8533325195,0
2005-12-27,20.6333332062,0
2005-12-28,20.6466674805,0
2005-12-29,20.4633331299,0
2005-12-30,20.3233337402,0
2006-01-03,20.8766670227,0
2006-01-04,21.1800003052,0
2006-01-05,21.6233329773,0
2006-01-06,22.1166667938,0
2006-01-09,22.3566665649,0
2006-01-10,22.3833332062,0
2006-01-11,22.6499996185,0
2006-01-12,22.4099998474,0
2006-01-13,22.2333335876,0
2006-01-17,21.8866672516,0
2006-01-18,21.6833324432,0
2006-01-19,22.2900009155,0
2006-01-20,21.4566669464,0
2006-01-23,21.546667099,0
2006-01-24,21.7666664124,0
2006-01-25,21.7866668701,0
2006-01-26,22.25,0
2006-01-27,22.453332901,0
2006-01-30,22.4400005341,0
2006-01-31,22.1433334351,0
2006-02-01,22.3666667938,0
2006-02-02,22.0333328247,0
2006-02-03,21.7999992371,0
2006-02-06,22.0666675568,0
2006-02-07,22.1166667938,0
2006-02-08,22.5033321381,0
2006-02-09,22.4200000763,0
2006-02-10,22.2666664124,0
2006-02-13,21.9899997711,0
2006-02-14,22.2099990845,0
2006-02-15,22.2700004578,0
2006-02-16,22.5,0
2006-02-17,22.1233329773,0
2006-02-21,21.7000007629,0
2006-02-22,21.8999996185,0
2006-02-23,21.6633338928,0
2006-02-24,21.7066669464,0
2006-02-27,21.7999992371,0
2006-02-28,21.6533336639,0
2006-03-01,22.4899997711,0
2006-03-02,22.5266666412,0
2006-03-03,22.2566661835,0
2006-03-06,22.046667099,0
2006-03-07,21.4566669464,0
2006-03-08,21.3733329773,0
2006-03-09,21.0833320618,0
2006-03-10,21.0133323669,0
2006-03-13,20.9266662598,0
2006-03-14,21.4099998474,0
2006-03-15,21.6566677094,0
2006-03-16,21.0866661072,0
2006-03-17,21.0933322906,0
2006-03-20,21.1299991608,0
2006-03-21,21.1333332062,0
2006-03-22,21.1366672516,0
2006-03-23,21.3233337402,0
2006-03-24,21.5699996948,0
2006-03-27,21.5400009155,0
2006-03-28,21.1566677094,0
2006-03-29,21.7433338165,0
2006-03-30,21.8533325195,0
2006-03-31,21.7299995422,0
2006-04-03,21.8833332062,0
2006-04-04,21.953332901,0
2006-04-05,22.3999996185,0
2006-04-06,22.6399993896,0
2006-04-07,22.2566661835,0
2006-04-10,21.9799995422,0
2006-04-11,21.7633323669,0
2006-04-12,21.953332901,0
2006-04-13,22.0499992371,0
2006-04-17,21.7566661835,0
2006-04-18,22.4433326721,0
2006-04-19,22.6966667175,0
2006-04-20,22.8033332825,0
2006-04-21,22.2866668701,0
2006-04-24,22.2266674042,0
2006-04-25,22.3033332825,0
2006-04-26,22.1900005341,0
2006-04-27,22.4599990845,0
2006-04-28,22.2399997711,0
2006-05-01,22.0333328247,0
2006-05-02,22.2233333588,0
2006-05-03,22.4233322144,0
2006-05-04,22.6733322144,0
2006-05-05,22.8400001526,0
2006-05-08,22.7900009155,0
2006-05-09,22.5733337402,0
2006-05-10,22.1000003815,0
2006-05-11,21.5233325958,0
2006-05-12,21.3333320618,0
2006-05-15,21.1366672516,0
2006-05-16,21.0333328247,0
2006-05-17,20.6833324432,0
2006-05-18,20.3533325195,0
2006-05-19,20.7433338165,0
2006-05-22,20.2299995422,0
2006-05-23,19.9566669464,0
2006-05-24,20.0833320618,0
2006-05-25,20.1433334351,0
2006-05-26,20.2800006866,0
2006-05-30,19.8166675568,0
2006-05-31,20.1333332062,0
2006-06-01,20.6000003815,0
2006-06-02,20.5599994659,0
2006-06-05,19.9500007629,0
2006-06-06,19.8533325195,0
2006-06-07,19.4166679382,0
2006-06-08,19.3033332825,0
2006-06-09,19.2000007629,0
2006-06-12,18.6499996185,0
2006-06-13,18.6000003815,0
2006-06-14,18.8999996185,0
2006-06-15,19.6299991608,0
2006-06-16,19.4066677094,0
2006-06-19,19.2366676331,0
2006-06-20,19.1200008392,0
2006-06-21,19.5433330536,0
2006-06-22,19.2299995422,0
2006-06-23,19.1033325195,0.012333
2006-06-26,19.2000007629,0
2006-06-27,18.7333335876,0
2006-06-28,18.7000007629,0
2006-06-29,19.3233337402,0
2006-06-30,19.3166675568,0
2006-07-03,19.4766674042,0
2006-07-05,18.9500007629,0
2006-07-06,18.9333324432,0
2006-07-07,18.6299991608,0
2006-07-10,18.1566677094,0
2006-07-11,18.6000003815,0
2006-07-12,18.1233329773,0
2006-07-13,17.8600006104,0
2006-07-14,17.7633323669,0
2006-07-17,17.7666664124,0
2006-07-18,17.7133331299,0
2006-07-19,18.1399993896,0
2006-07-20,17.703332901,0
2006-07-21,16.9733333588,0
2006-07-24,17.4699993134,0
2006-07-25,17.7666664124,0
2006-07-26,17.8233337402,0
2006-07-27,17.8999996185,0
2006-07-28,18.4333324432,0
2006-07-31,18.4866676331,0
2006-08-01,18.1066665649,0
2006-08-02,18.3066673279,0
2006-08-03,18.6133327484,0
2006-08-04,18.4500007629,0
2006-08-07,18.3500003815,0
2006-08-08,18.2466678619,0
2006-08-09,18.3266677856,0
2006-08-10,18.5633335114,0
2006-08-11,18.0799999237,0
2006-08-14,18.3266677856,0
2006-08-15,19.0066661835,0
2006-08-16,19.6299991608,0
2006-08-17,19.6733322144,0
2006-08-18,19.6833324432,0
2006-08-21,19.3566665649,0
2006-08-22,19.3233337402,0
2006-08-23,19.1933326721,0
2006-08-24,19.3233337402,0
2006-08-25,19.3333320618,0
2006-08-28,19.6100006104,0
2006-08-29,19.9666671753,0
2006-08-30,20.3566665649,0
2006-08-31,20.1499996185,0
2006-09-01,19.9666671753,0
2006-09-05,20.2066669464,0
2006-09-06,19.5599994659,0
2006-09-07,19.4933338165,0
2006-09-08,19.6833324432,0
2006-09-11,20.0333328247,0
2006-09-12,20.7099990845,0
2006-09-13,20.6100006104,0
2006-09-14,20.6766662598,0
2006-09-15,20.6533336639,0
2006-09-18,20.9099998474,0
2006-09-19,20.5666675568,0
2006-09-20,20.7333335876,0
2006-09-21,20.3333320618,0
2006-09-22,20.0933322906,0
2006-09-25,20.5833320618,0
2006-09-26,20.5699996948,0
2006-09-27,20.4866676331,0.016667
2006-09-28,20.7066669464,0
2006-09-29,20.4933338165,0
2006-10-02,20.2999992371,0
2006-10-03,20.1766662598,0
2006-10-04,20.6166667938,0
2006-10-05,20.5699996948,0
2006-10-06,20.4099998474,0
2006-10-09,20.6100006104,0
2006-10-10,20.5499992371,0
2006-10-11,20.7566661835,0
2006-10-12,21.0133323669,0
2006-10-13,21.296667099,0
2006-10-16,21.4400005341,0
2006-10-17,20.8966674805,0
2006-10-18,20.3733329773,0
2006-10-19,20.2666664124,0
2006-10-20,20.0333328247,0
2006-10-23,20.0533332825,0
2006-10-24,19.8733329773,0
2006-10-25,20.2566661835,0
2006-10-26,20.4699993134,0
2006-10-27,20.0133323669,0
2006-10-30,20.1833324432,0
2006-10-31,20.2933330536,0
2006-11-01,19.9366664886,0
2006-11-02,19.8333320618,0
2006-11-03,19.9200000763,0
2006-11-06,20.2433338165,0
2006-11-07,20.3766670227,0
2006-11-08,20.3633327484,0
2006-11-09,20,0
2006-11-10,20.1666679382,0
2006-11-13,20.5133323669,0
2006-11-14,21.0566673279,0
2006-11-15,21.2333335876,0
2006-11-16,21.2900009155,0
2006-11-17,21.1700000763,0
2006-11-20,21.4500007629,0
2006-11-21,21.0666675568,0
2006-11-22,21.3700008392,0
2006-11-24,21.3033332825,0
2006-11-27,20.7533321381,0
2006-11-28,20.7800006866,0
2006-11-29,20.7633323669,0
2006-11-30,20.9599990845,0
2006-12-01,20.6633338928,0
2006-12-04,21.046667099,0
2006-12-05,21.1166667938,0
2006-12-06,21.2099990845,0
2006-12-07,20.9066677094,0
2006-12-08,20.8066673279,0
2006-12-11,20.7633323669,0
2006-12-12,20.6366672516,0
2006-12-13,20.4799995422,0
2006-12-14,20.7900009155,0
2006-12-15,20.7866668701,0
2006-12-18,20.7333335876,0
2006-12-19,20.4966678619,0
2006-12-20,20.5900001526,0
2006-12-21,20.2999992371,0.003333
2006-12-22,20.1766662598,0
2006-12-26,20.3333320618,0
2006-12-27,20.4466667175,0
2006-12-28,20.453332901,0
2006-12-29,20.3366661072,0
2007-01-03,20.2766666412,0
2007-01-04,20.6733322144,0
2007-01-05,20.2800006866,0
2007-01-08,20.3600006104,0
2007-01-09,20.4333324432,0
2007-01-10,20.7833328247,0
2007-01-11,20.8466663361,0
2007-01-12,20.8999996185,0
2007-01-16,20.7299995422,0
2007-01-17,20.5833320618,0
2007-01-18,19.8333320618,0
2007-01-19,20.0200004578,0
2007-01-22,19.8033332825,0
2007-01-23,19.7833328247,0
2007-01-24,20.0866661072,0
2007-01-25,20.0033321381,0
2007-01-26,20.2733325958,0
2007-01-29,20.1599998474,0
2007-01-30,20.25,0
2007-01-31,20.2700004578,0
2007-02-01,20.4400005341,0
2007-02-02,20.5699996948,0
2007-02-05,20.6466674805,0
2007-02-06,20.5699996948,0
2007-02-07,20.8466663361,0
2007-02-08,20.7666664124,0
2007-02-09,20.4566669464,0
2007-02-12,20.2233333588,0
2007-02-13,20.3299999237,0
2007-02-14,20.7299995422,0
2007-02-15,20.8400001526,0
2007-02-16,20.8266677856,0
2007-02-20,20.8266677856,0
2007-02-21,20.8099994659,0
2007-02-22,21.25,0
2007-02-23,21.3666667938,0
2007-02-26,21.3366661072,0
2007-02-27,20.5833320618,0
2007-02-28,20.6266670227,0
2007-03-01,20.4799995422,0
2007-03-02,20.0699996948,0
2007-03-05,19.8533325195,0
2007-03-06,20.3266677856,0
2007-03-07,20.2433338165,0
2007-03-08,20.4466667175,0
2007-03-09,20.5733337402,0
2007-03-12,20.7366676331,0
2007-03-13,20.3133335114,0
2007-03-14,20.4366664886,0
2007-03-15,20.4266662598,0
2007-03-16,20.2933330536,0
2007-03-19,20.1866664886,0
2007-03-20,20.3899993896,0
2007-03-21,20.7600002289,0
2007-03-22,20.4733333588,0
2007-03-23,20.5966663361,0
2007-03-26,20.5599994659,0.021667
2007-03-27,20.4799995422,0
2007-03-28,20.2266674042,0
2007-03-29,20.0366668701,0
2007-03-30,20.1000003815,0
2007-04-02,20.0733337402,0
2007-04-03,20.2099990845,0
2007-04-04,20.3799991608,0
2007-04-05,20.5433330536,0
2007-04-09,20.4966678619,0
2007-04-10,20.6733322144,0
2007-04-11,20.4633331299,0
2007-04-12,20.6733322144,0
2007-04-13,20.6333332062,0
2007-04-16,20.7800006866,0
2007-04-17,20.7600002289,0
2007-04-18,21.1933326721,0
2007-04-19,21.3199996948,0
2007-04-20,21.3999996185,0
2007-04-23,21.2366676331,0
2007-04-24,21.7633323669,0
2007-04-25,21.9666671753,0
2007-04-26,21.9599990845,0
2007-04-27,21.6333332062,0
2007-04-30,21.3233337402,0
2007-05-01,21.3766670227,0
2007-05-02,21.5533332825,0
2007-05-03,21.6800003052,0
2007-05-04,21.8833332062,0
2007-05-07,21.7933330536,0
2007-05-08,21.7433338165,0
2007-05-09,22.1366672516,0
2007-05-10,21.7299995422,0
2007-05-11,22.0333328247,0
2007-05-14,22.0033321381,0
2007-05-15,21.7099990845,0
2007-05-16,21.7133331299,0
2007-05-17,21.6133327484,0
2007-05-18,21.6466674805,0
2007-05-21,21.6666679382,0
2007-05-22,21.7666664124,0
2007-05-23,21.453332901,0
2007-05-24,21.0766677856,0
2007-05-25,21.1866664886,0
2007-05-29,21.3199996948,0
2007-05-30,21.1766662598,0
2007-05-31,21.5033321381,0
2007-06-01,21.6966667175,0
2007-06-04,21.6433334351,0
2007-06-05,21.5400009155,0
2007-06-06,21.2633323669,0
2007-06-07,20.8700008392,0
2007-06-08,21.453332901,0
2007-06-11,21.3700008392,0
2007-06-12,21.2000007629,0
2007-06-13,21.5433330536,0
2007-06-14,21.8233337402,0
2007-06-15,22.1900005341,0
2007-06-18,22.1833324432,0
2007-06-19,22,0
2007-06-20,21.8533325195,0
2007-06-21,22.5,0
2007-06-22,22.2333335876,0
2007-06-25,21.953332901,0
2007-06-26,21.8366661072,0
2007-06-27,22.3266677856,0
2007-06-28,22.1166667938,0
2007-06-29,21.9433326721,0.030667
2007-07-02,22.2333335876,0
2007-07-03,22.2933330536,0
2007-07-05,22.4333324432,0
2007-07-06,22.6200008392,0
2007-07-09,22.7833328247,0
2007-07-10,22.6033325195,0
2007-07-11,22.5833320618,0
2007-07-12,23.1833324432,0
2007-07-13,23.1399993896,0
2007-07-16,23.2666664124,0
2007-07-17,23.6266670227,0
2007-07-18,23.2133331299,0
2007-07-19,23.3733329773,0
2007-07-20,23.0900001526,0
2007-07-23,23.0866661072,0
2007-07-24,22.6166667938,0
2007-07-25,22.6700000763,0
2007-07-26,22.2766666412,0
2007-07-27,21.9166679382,0
2007-07-30,22.3099994659,0
2007-07-31,21.953332901,0
2007-08-01,22.0733337402,0
2007-08-02,22.0833320618,0
2007-08-03,21.4266662598,0
2007-08-06,21.7099990845,0
2007-08-07,21.6933326721,0
2007-08-08,22.1800003052,0
2007-08-09,22.0200004578,0
2007-08-10,21.8933334351,0
2007-08-13,21.8166675568,0
2007-08-14,21.5400009155,0
2007-08-15,20.9466667175,0
2007-08-16,20.9300003052,0
2007-08-17,21.2933330536,0
2007-08-20,21.5433330536,0
2007-08-21,21.7099990845,0
2007-08-22,21.8600006104,0
2007-08-23,21.6599998474,0
2007-08-24,21.9699993134,0
2007-08-27,21.7766666412,0
2007-08-28,21.2133331299,0
2007-08-29,21.8233337402,0
2007-08-30,21.8466663361,0
2007-08-31,22.2533321381,0
2007-09-04,22.6366672516,0
2007-09-05,22.4099998474,0
2007-09-06,22.6033325195,0
2007-09-07,22.0233325958,0
2007-09-10,22.0666675568,0
2007-09-11,22.3433322906,0
2007-09-12,21.9966678619,0
2007-09-13,21.9166679382,0
2007-09-14,21.7800006866,0
2007-09-17,21.7133331299,0
2007-09-18,22.3566665649,0
2007-09-19,22.4566669464,0
2007-09-20,22.4733333588,0
2007-09-21,22.5733337402,0
2007-09-24,22.5066661835,0
2007-09-25,22.6366672516,0
2007-09-26,22.5266666412,0.027
2007-09-27,22.6100006104,0
2007-09-28,22.4933338165,0
2007-10-01,22.9633331299,0
2007-10-02,23.0066661835,0
2007-10-03,22.5100002289,0
2007-10-04,22.4699993134,0
2007-10-05,22.8466663361,0
2007-10-08,22.8799991608,0
2007-10-09,22.7133331299,0
2007-10-10,22.6599998474,0
2007-10-11,22.1733322144,0
2007-10-12,22.4433326721,0
2007-10-15,22.4433326721,0
2007-10-16,22.4066677094,0
2007-10-17,22.8233337402,0
2007-10-18,22.8333320618,0
2007-10-19,22.1633338928,0
2007-10-22,22.3566665649,0
2007-10-23,22.4066677094,0
2007-10-24,21.7199993134,0
2007-10-25,21.0033321381,0
2007-10-26,21.0733337402,0
2007-10-29,21.2700004578,0
2007-10-30,21.3500003815,0
2007-10-31,21.5499992371,0
2007-11-01,21.1933326721,0
2007-11-02,21.3400001526,0
2007-11-05,21.2366676331,0
2007-11-06,21.5433330536,0
2007-11-07,20.9666671753,0
2007-11-08,20.6700000763,0
2007-11-09,20.4899997711,0
2007-11-12,19.9599990845,0
2007-11-13,20.4133338928,0
2007-11-14,20.2566661835,0
2007-11-15,20.1366672516,0
2007-11-16,20,0
2007-11-19,19.6366672516,0
2007-11-20,19.3966674805,0
2007-11-21,19.0133323669,0
2007-11-23,19.2900009155,0
2007-11-26,18.796667099,0
2007-11-27,19.1966667175,0
2007-11-28,20.0133323669,0
2007-11-29,19.9966678619,0
2007-11-30,19.7133331299,0
2007-12-03,19.6933326721,0
2007-12-04,19.5400009155,0
2007-12-05,20.0966663361,0
2007-12-06,20.4366664886,0
2007-12-07,20.4066677094,0
2007-12-10,20.5833320618,0
2007-12-11,20.1766662598,0
2007-12-12,20.4266662598,0
2007-12-13,20.2366676331,0
2007-12-14,20.0233325958,0
2007-12-17,19.5799999237,0
2007-12-18,19.6700000763,0
2007-12-19,19.7166671753,0
2007-12-20,19.9833335876,0
2007-12-21,20.2399997711,0
2007-12-24,20.4500007629,0
2007-12-26,20.4866676331,0
2007-12-27,20.0400009155,0.025
2007-12-28,19.9733333588,0
2007-12-31,19.8033332825,0
2008-01-02,19.2733325958,0
2008-01-03,19.0433330536,0
2008-01-04,18.1266670227,0
2008-01-07,17.6933326721,0
2008-01-08,17.2766666412,0
2008-01-09,17.3866672516,0
2008-01-10,17.4566669464,0
2008-01-11,16.9133338928,0
2008-01-14,17.4266662598,0
2008-01-15,16.7733325958,0
2008-01-16,16.5599994659,0
2008-01-17,16.2533321381,0
2008-01-18,16.6800003052,0
2008-01-22,16.3666667938,0
2008-01-23,16.7533321381,0
2008-01-24,17.2299995422,0
2008-01-25,16.8833332062,0
2008-01-28,17.1033325195,0
2008-01-29,17.1333332062,0
2008-01-30,17.1200008392,0
2008-01-31,17.0699996948,0
2008-02-01,17.9799995422,0
2008-02-04,17.6599998474,0
2008-02-05,16.8899993896,0
2008-02-06,16.4633331299,0
2008-02-07,16.6166667938,0
2008-02-08,16.8099994659,0
2008-02-11,17.2000007629,0
2008-02-12,17.1166667938,0
2008-02-13,17.75,0
2008-02-14,17.1499996185,0
2008-02-15,16.8366661072,0
2008-02-19,16.7133331299,0
2008-02-20,17.0400009155,0
2008-02-21,16.9933338165,0
2008-02-22,17.0499992371,0
2008-02-25,17.2133331299,0
2008-02-26,17.4899997711,0
2008-02-27,17.6433334351,0
2008-02-28,17.2266674042,0
2008-02-29,16.7299995422,0
2008-03-03,16.6299991608,0
2008-03-04,16.7199993134,0
2008-03-05,16.8866672516,0
2008-03-06,16.3999996185,0
2008-03-07,16.4200000763,0
2008-03-10,16.1633338928,0
2008-03-11,16.7299995422,0
2008-03-12,16.6066665649,0
2008-03-13,16.8999996185,0
2008-03-14,16.4166679382,0
2008-03-17,16.3533325195,0
2008-03-18,17.0066661835,0
2008-03-19,16.3099994659,0
2008-03-20,16.6299991608,0
2008-03-24,17.1566677094,0
2008-03-25,17.2066669464,0
2008-03-26,17.0233325958,0
2008-03-27,16.5833320618,0
2008-03-28,16.3433322906,0
2008-03-31,16.5200004578,0
2008-04-01,17.2099990845,0
2008-04-02,17.3333320618,0
2008-04-03,17.5799999237,0
2008-04-04,17.6033325195,0
2008-04-07,17.4699993134,0
2008-04-08,17.1000003815,0
2008-04-09,17.2733325958,0
2008-04-10,17.6766662598,0
2008-04-11,17.0300006866,0
2008-04-14,16.7233333588,0
2008-04-15,16.7666664124,0
2008-04-16,17.4466667175,0
2008-04-17,17.3266677856,0
2008-04-18,17.7000007629,0
2008-04-21,17.8933334351,0
2008-04-22,17.4233322144,0
2008-04-23,17.9300003052,0
2008-04-24,18.25,0
2008-04-25,18.1833324432,0
2008-04-28,18.0533332825,0
2008-04-29,18.1399993896,0
2008-04-30,17.796667099,0
2008-05-01,18.4633331299,0
2008-05-02,18.4733333588,0
2008-05-05,18.3400001526,0
2008-05-06,18.6499996185,0
2008-05-07,18.4233322144,0
2008-05-08,18.5,0
2008-05-09,18.4966678619,0
2008-05-12,18.7233333588,0
2008-05-13,18.8033332825,0
2008-05-14,19.0433330536,0
2008-05-15,19.4866676331,0
2008-05-16,19.5933322906,0
2008-05-19,19.5,0
2008-05-20,19.0200004578,0
2008-05-21,18.7166671753,0
2008-05-22,18.8233337402,0
2008-05-23,18.6800003052,0
2008-05-27,19.0200004578,0
2008-05-28,19.0933322906,0
2008-05-29,19.0266666412,0
2008-05-30,19.3066673279,0
2008-06-02,19.1133327484,0
2008-06-03,18.8433322906,0
2008-06-04,19.1399993896,0
2008-06-05,19.3866672516,0
2008-06-06,19.1200008392,0
2008-06-09,18.7233333588,0
2008-06-10,18.3466663361,0
2008-06-11,17.7600002289,0
2008-06-12,17.8333320618,0
2008-06-13,18.2933330536,0
2008-06-16,18.6599998474,0
2008-06-17,18.4066677094,0
2008-06-18,18,0
2008-06-19,18.4699993134,0
2008-06-20,18.0533332825,0
2008-06-23,17.7666664124,0.046667
2008-06-24,17.8566665649,0
2008-06-25,18.1700000763,0
2008-06-26,17.3533325195,0
2008-06-27,17.2399997711,0
2008-06-30,17.0666675568,0
2008-07-01,17.0066661835,0
2008-07-02,16.6000003815,0
2008-07-03,16.1233329773,0
2008-07-07,16.2199993134,0
2008-07-08,16.3133335114,0
2008-07-09,15.6533327103,0
2008-07-10,15.8833332062,0
2008-07-11,15.826666832,0
2008-07-14,15.6333332062,0
2008-07-15,15.7866668701,0
2008-07-16,16.296667099,0
2008-07-17,16.6466674805,0
2008-07-18,16.5666675568,0
2008-07-21,16.4266662598,0
2008-07-22,15.9200000763,0
2008-07-23,16.0699996948,0
2008-07-24,15.3033332825,0
2008-07-25,15.453332901,0
2008-07-28,15.203332901,0
2008-07-29,15.5933332443,0
2008-07-30,15.720000267,0
2008-07-31,15.6633329391,0
2008-08-01,15.5233325958,0
2008-08-04,15.5533332825,0
2008-08-05,15.9366674423,0
2008-08-06,16.1366672516,0
2008-08-07,16.2933330536,0
2008-08-08,16.6333332062,0
2008-08-11,16.9833335876,0
2008-08-12,16.9500007629,0
2008-08-13,17.0333328247,0
2008-08-14,17.2066669464,0
2008-08-15,17.2866668701,0
2008-08-18,17.0666675568,0
2008-08-19,16.7466678619,0
2008-08-20,16.7000007629,0
2008-08-21,16.6066665649,0
2008-08-22,16.8133335114,0
2008-08-25,16.5499992371,0
2008-08-26,16.4066677094,0
2008-08-27,16.5699996948,0
2008-08-28,16.7266674042,0
2008-08-29,16.3533325195,0
2008-09-02,16.0966663361,0
2008-09-03,15.3666667938,0
2008-09-04,14.8933334351,0
2008-09-05,15.0900001526,0
2008-09-08,15,0
2008-09-09,14.4166669846,0
2008-09-10,14.5066671371,0
2008-09-11,14.5100002289,0
2008-09-12,14.529999733,0
2008-09-15,13.9633331299,0
2008-09-16,14.1099996567,0
2008-09-17,13.6366672516,0
2008-09-18,14.3233327866,0
2008-09-19,14.6700000763,0
2008-09-22,14.0033330917,0
2008-09-23,13.7899999619,0
2008-09-24,13.9300003052,0
2008-09-25,14.1300001144,0
2008-09-26,14.2066669464,0
2008-09-29,13,0
2008-09-30,13.5133333206,0
2008-10-01,13.4399995804,0
2008-10-02,12.6266670227,0
2008-10-03,12.483332634,0
2008-10-06,12.0600004196,0
2008-10-07,11.2733325958,0
2008-10-08,11.2466669083,0
2008-10-09,11.0533332825,0
2008-10-10,10.9133329391,0
2008-10-13,11.9133329391,0
2008-10-14,11.4200000763,0
2008-10-15,10.3633327484,0
2008-10-16,10.8666667938,0
2008-10-17,10.6966667175,0
2008-10-20,11.016667366,0
2008-10-21,10.4933328629,0
2008-10-22,10.0666666031,0
2008-10-23,9.85666656494,0
2008-10-24,9.84666728973,0
2008-10-27,9.82666683197,0
2008-10-28,10.7100000381,0
2008-10-29,10.5333328247,0
2008-10-30,10.9899997711,0
2008-10-31,11.1300001144,0
2008-11-03,11.1033334732,0
2008-11-04,11.516667366,0
2008-11-05,10.9200000763,0
2008-11-06,10.0900001526,0
2008-11-07,10.3133325577,0
2008-11-10,10.0133333206,0
2008-11-11,9.80000019073,0
2008-11-12,9.30666732788,0
2008-11-13,9.92000007629,0
2008-11-14,9.22999954224,0
2008-11-17,8.98999977112,0
2008-11-18,8.78666687012,0
2008-11-19,8.13000011444,0
2008-11-20,7.79333305359,0
2008-11-21,8.14999961853,0
2008-11-24,8.65333271027,0
2008-11-25,8.55666732788,0
2008-11-26,9.13333320618,0
2008-11-28,9.02333259583,0
2008-12-01,8.34000015259,0
2008-12-02,8.47999954224,0
2008-12-03,8.89000034332,0
2008-12-04,8.39000034332,0
2008-12-05,8.69333267212,0
2008-12-08,8.82666683197,0
2008-12-09,9.22666740417,0
2008-12-10,9.39999961853,0
2008-12-11,9.18333339691,0
2008-12-12,9.64333343506,0
2008-12-15,9.49666690826,0
2008-12-16,10,0
2008-12-17,10.1000003815,0
2008-12-18,9.47666740417,0
2008-12-19,9.69333267212,0
2008-12-22,9.24333286285,0.083
2008-12-23,8.97000026703,0
2008-12-24,9.07333278656,0
2008-12-26,9.01333332062,0
2008-12-29,8.97000026703,0
2008-12-30,9.36999988556,0
2008-12-31,9.45666694641,0
2009-01-02,9.89666652679,0
2009-01-05,9.89333343506,0
2009-01-06,10.4266672134,0
2009-01-07,9.93666744232,0
2009-01-08,9.92666721344,0
2009-01-09,9.57666683197,0
2009-01-12,9.28333282471,0
2009-01-13,9.296667099,0
2009-01-14,8.92333316803,0
2009-01-15,9.08333301544,0
2009-01-16,9.45666694641,0
2009-01-20,8.81999969482,0
2009-01-21,9.03666687012,0
2009-01-22,8.81333255768,0
2009-01-23,9.18999958038,0
2009-01-26,9.26666736603,0
2009-01-27,9.56333255768,0
2009-01-28,9.89666652679,0
2009-01-29,9.39999961853,0
2009-01-30,9.21000003815,0
2009-02-02,9.31666660309,0
2009-02-03,9.46666717529,0
2009-02-04,9.58666706085,0
2009-02-05,9.97999954224,0
2009-02-06,10.3500003815,0
2009-02-09,10.296667099,0
2009-02-10,9.82333278656,0
2009-02-11,9.64333343506,0
2009-02-12,9.76666736603,0
2009-02-13,9.92666721344,0
2009-02-17,9.25,0
2009-02-18,9.26333332062,0
2009-02-19,8.82666683197,0
2009-02-20,8.88000011444,0
2009-02-23,8.50666713715,0
2009-02-24,8.93999958038,0
2009-02-25,9.19333267212,0
2009-02-26,9.10999965668,0
2009-02-27,9.06000041962,0
2009-03-02,8.58333301544,0
2009-03-03,8.70666694641,0
2009-03-04,9.09333324432,0
2009-03-05,8.97000026703,0
2009-03-06,8.85666656494,0
2009-03-09,8.68666744232,0
2009-03-10,9.35999965668,0
2009-03-11,9.59666728973,0
2009-03-12,10.0133333206,0
2009-03-13,10.1133327484,0
2009-03-16,9.80666732788,0
2009-03-17,10.1899995804,0
2009-03-18,10.5200004578,0
2009-03-19,10.4966669083,0
2009-03-20,10.0799999237,0
2009-03-23,10.7266674042,0
2009-03-24,10.4099998474,0
2009-03-25,10.4866666794,0
2009-03-26,10.9966669083,0
2009-03-27,10.8100004196,0
2009-03-30,10.3533334732,0
2009-03-31,10.3800001144,0
2009-04-01,10.5600004196,0
2009-04-02,10.9899997711,0
2009-04-03,11.3199996948,0
2009-04-06,11.1166667938,0
2009-04-07,10.7133331299,0
2009-04-08,10.9566669464,0
2009-04-09,11.4200000763,0
2009-04-13,11.296667099,0
2009-04-14,11.3333330154,0
2009-04-15,11.1233329773,0
2009-04-16,11.5799999237,0
2009-04-17,11.5933332443,0
2009-04-20,11.0533332825,0
2009-04-21,11.029999733,0
2009-04-22,11.3633327484,0
2009-04-23,11.2833328247,0
2009-04-24,11.4433326721,0
2009-04-27,11.3733329773,0
2009-04-28,11.1866674423,0
2009-04-29,11.3833332062,0
2009-04-30,11.6700000763,0
2009-05-01,11.703332901,0
2009-05-04,12.2533330917,0
2009-05-05,12.1366672516,0
2009-05-06,12.220000267,0
2009-05-07,11.5633325577,0
2009-05-08,11.2066669464,0
2009-05-11,11.2533330917,0
2009-05-12,10.9733333588,0
2009-05-13,10.673333168,0
2009-05-14,10.9399995804,0
2009-05-15,10.8100004196,0
2009-05-18,11.1833333969,0
2009-05-19,11.4333333969,0
2009-05-20,11.5533332825,0
2009-05-21,11.3233327866,0
2009-05-22,11.326666832,0
2009-05-26,11.7100000381,0
2009-05-27,11.8733329773,0
2009-05-28,12.0900001526,0
2009-05-29,12.1400003433,0
2009-06-01,12.7833328247,0
2009-06-02,12.4433326721,0
2009-06-03,12.2266674042,0
2009-06-04,12.4866666794,0
2009-06-05,12.2866668701,0
2009-06-08,12.2933330536,0
2009-06-09,12.8500003815,0
2009-06-10,12.8966665268,0
2009-06-11,12.8199996948,0
2009-06-12,12.6433334351,0
2009-06-15,12.5066671371,0
2009-06-16,12.25,0
2009-06-17,12.4133329391,0
2009-06-18,12.1800003052,0
2009-06-19,12.3166666031,0
2009-06-22,11.8333330154,0.042333
2009-06-23,11.733332634,0
2009-06-24,11.9933328629,0
2009-06-25,12.2366666794,0
2009-06-26,12.2166671753,0
2009-06-29,12.2133331299,0
2009-06-30,12.220000267,0
2009-07-01,12.4166669846,0
2009-07-02,12.3000001907,0
2009-07-06,12.1133327484,0
2009-07-07,11.7899999619,0
2009-07-08,11.6833333969,0
2009-07-09,11.9266672134,0
2009-07-10,11.9933328629,0
2009-07-13,12.2899999619,0
2009-07-14,12.4866666794,0
2009-07-15,13.0500001907,0
2009-07-16,13.3100004196,0
2009-07-17,13.470000267,0
2009-07-20,13.6133327484,0
2009-07-21,13.5666666031,0
2009-07-22,13.8933334351,0
2009-07-23,14.173333168,0
2009-07-24,14.0100002289,0
2009-07-27,14.0566673279,0
2009-07-28,14.0833330154,0
2009-07-29,14.0566673279,0
2009-07-30,14.016667366,0
2009-07-31,14.1099996567,0
2009-08-03,14.3066673279,0
2009-08-04,14.2866668701,0
2009-08-05,14.1566667557,0
2009-08-06,13.9266672134,0
2009-08-07,13.953332901,0
2009-08-10,13.8400001526,0
2009-08-11,13.6866674423,0
2009-08-12,13.9566669464,0
2009-08-13,14.2533330917,0
2009-08-14,13.9666671753,0
2009-08-17,13.5666666031,0
2009-08-18,13.8566665649,0
2009-08-19,13.923333168,0
2009-08-20,14.0333328247,0
2009-08-21,14.296667099,0
2009-08-24,14.1599998474,0
2009-08-25,14.2266674042,0
2009-08-26,14.3599996567,0
2009-08-27,14.3900003433,0
2009-08-28,14.6933326721,0
2009-08-31,14.4799995422,0
2009-09-01,14.1099996567,0
2009-09-02,14.076666832,0
2009-09-03,14.2933330536,0
2009-09-04,14.6633329391,0
2009-09-08,14.9600000381,0
2009-09-09,15.1266670227,0
2009-09-10,15.3599996567,0
2009-09-11,15.076666832,0
2009-09-14,15.0799999237,0
2009-09-15,15.203332901,0
2009-09-16,15.1466665268,0
2009-09-17,14.8500003815,0
2009-09-18,14.9633331299,0
2009-09-21,14.9466667175,0
2009-09-22,15.076666832,0
2009-09-23,15.1333332062,0
2009-09-24,14.7700004578,0
2009-09-25,14.7299995422,0
2009-09-28,15.016667366,0
2009-09-29,14.8066673279,0
2009-09-30,14.9300003052,0
2009-10-01,14.2166671753,0
2009-10-02,14.046667099,0
2009-10-05,14.3199996948,0
2009-10-06,14.6000003815,0
2009-10-07,14.5699996948,0
2009-10-08,14.4666671753,0
2009-10-09,14.9633331299,0
2009-10-12,15.1866674423,0
2009-10-13,15.1300001144,0
2009-10-14,15.3666667938,0
2009-10-15,15.0966672897,0
2009-10-16,14.7733325958,0
2009-10-19,14.9966669083,0
2009-10-20,14.9399995804,0
2009-10-21,14.6833333969,0
2009-10-22,14.8400001526,0
2009-10-23,14.4499998093,0
2009-10-26,14.3966665268,0
2009-10-27,14.0633325577,0
2009-10-28,13.6599998474,0
2009-10-29,13.9966669083,0
2009-10-30,13.5333328247,0
2009-11-02,13.5366668701,0
2009-11-03,13.4033327103,0
2009-11-04,13.5100002289,0
2009-11-05,13.9166669846,0
2009-11-06,13.9466667175,0
2009-11-09,14.3733329773,0
2009-11-10,14.3999996185,0
2009-11-11,14.6066665649,0
2009-11-12,14.5366668701,0
2009-11-13,14.6499996185,0
2009-11-16,14.9966669083,0
2009-11-17,15.029999733,0
2009-11-18,14.9099998474,0
2009-11-19,14.4200000763,0
2009-11-20,14.3066673279,0
2009-11-23,14.4566669464,0
2009-11-24,14.5733327866,0
2009-11-25,14.6300001144,0
2009-11-27,14.4266672134,0
2009-11-30,14.453332901,0
2009-12-01,14.9200000763,0
2009-12-02,15.1433334351,0
2009-12-03,15.3299999237,0
2009-12-04,15.5733327866,0
2009-12-07,15.6999998093,0
2009-12-08,15.6133327484,0
2009-12-09,15.6866674423,0
2009-12-10,15.6400003433,0
2009-12-11,15.5233325958,0
2009-12-14,15.7566671371,0
2009-12-15,15.6800003052,0
2009-12-16,15.9099998474,0
2009-12-17,15.673333168,0
2009-12-18,15.8599996567,0
2009-12-21,16.1599998474,0.074
2009-12-22,16.25,0
2009-12-23,16.2733325958,0
2009-12-24,16.4666671753,0
2009-12-28,16.3066673279,0
2009-12-29,16.2833328247,0
2009-12-30,16.5133323669,0
2009-12-31,16.4099998474,0
2010-01-04,16.6100006104,0
2010-01-05,16.5833320618,0
2010-01-06,16.5333328247,0
2010-01-07,16.4033336639,0
2010-01-08,16.6499996185,0
2010-01-11,16.6000003815,0
2010-01-12,16.0200004578,0
2010-01-13,16.2066669464,0
2010-01-14,16.1766662598,0
2010-01-15,15.6499996185,0
2010-01-19,15.8299999237,0
2010-01-20,15.8299999237,0
2010-01-21,15.7299995422,0
2010-01-22,14.9899997711,0
2010-01-25,15.1966667175,0
2010-01-26,15.0600004196,0
2010-01-27,15.2700004578,0
2010-01-28,14.8199996948,0
2010-01-29,14.326666832,0
2010-02-01,14.8133325577,0
2010-02-02,14.9666671753,0
2010-02-03,14.9633331299,0
2010-02-04,14.3166666031,0
2010-02-05,14.6433334351,0
2010-02-08,14.5833330154,0
2010-02-09,14.7566671371,0
2010-02-10,14.8466672897,0
2010-02-11,15.1533327103,0
2010-02-12,15.2899999619,0
2010-02-16,15.6233329773,0
2010-02-17,15.6099996567,0
2010-02-18,15.6633329391,0
2010-02-19,15.7066669464,0
2010-02-22,15.6766672134,0
2010-02-23,15.2733325958,0
2010-02-24,15.5600004196,0
2010-02-25,15.4966669083,0
2010-02-26,15.470000267,0
2010-03-01,15.8366670609,0
2010-03-02,15.8366670609,0
2010-03-03,15.7600002289,0
2010-03-04,15.7466669083,0
2010-03-05,15.923333168,0
2010-03-08,15.9166669846,0
2010-03-09,15.8733329773,0
2010-03-10,16.1833324432,0
2010-03-11,16.0799999237,0
2010-03-12,16.0499992371,0
2010-03-15,15.8766670227,0
2010-03-16,16.3166675568,0
2010-03-17,16.5799999237,0
2010-03-18,16.4266662598,0
2010-03-19,16.2000007629,0
2010-03-22,16.5200004578,0
2010-03-23,16.8533325195,0
2010-03-24,16.4566669464,0
2010-03-25,16.4466667175,0
2010-03-26,16.3833332062,0
2010-03-29,16.4899997711,0
2010-03-30,16.5900001526,0
2010-03-31,16.4733333588,0
2010-04-01,16.4666671753,0
2010-04-05,16.9400005341,0
2010-04-06,16.8333320618,0
2010-04-07,16.8966674805,0
2010-04-08,16.6666679382,0
2010-04-09,16.8500003815,0
2010-04-12,16.9933338165,0
2010-04-13,17.1533336639,0
2010-04-14,17.8500003815,0
2010-04-15,17.9266662598,0
2010-04-16,17.6666679382,0
2010-04-19,17.5100002289,0
2010-04-20,17.7399997711,0
2010-04-21,17.5100002289,0
2010-04-22,17.7533321381,0
2010-04-23,17.7633323669,0
2010-04-26,17.8433322906,0
2010-04-27,17.2666664124,0
2010-04-28,17.3500003815,0
2010-04-29,17.5699996948,0
2010-04-30,16.8066673279,0
2010-05-03,17.1566677094,0
2010-05-04,16.5,0
2010-05-05,16.3333320618,0
2010-05-06,15.7399997711,0
2010-05-07,15.5399999619,0
2010-05-10,16.3500003815,0
2010-05-11,16.2566661835,0
2010-05-12,16.703332901,0
2010-05-13,16.3066673279,0
2010-05-14,15.8133325577,0
2010-05-17,16.0166664124,0
2010-05-18,15.576666832,0
2010-05-19,15.6700000763,0
2010-05-20,15.203332901,0
2010-05-21,15.4333333969,0
2010-05-24,15.203332901,0
2010-05-25,15.25,0
2010-05-26,15.2766666412,0
2010-05-27,15.9633331299,0
2010-05-28,15.7066669464,0
2010-06-01,15.3733329773,0
2010-06-02,15.8699998856,0
2010-06-03,16.0599994659,0
2010-06-04,15.3433332443,0
2010-06-07,14.779999733,0
2010-06-08,14.7766666412,0
2010-06-09,14.6066665649,0
2010-06-10,15.1233329773,0
2010-06-11,15.3400001526,0
2010-06-14,15.3766670227,0
2010-06-15,16.1433334351,0
2010-06-16,16.203332901,0
2010-06-17,16.2233333588,0
2010-06-18,16.1866664886,0
2010-06-21,15.9933328629,0.071667
2010-06-22,15.6800003052,0
2010-06-23,15.7433328629,0
2010-06-24,15.326666832,0
2010-06-25,15.3699998856,0
2010-06-28,15.4766674042,0
2010-06-29,14.8199996948,0
2010-06-30,14.5699996948,0
2010-07-01,14.5433330536,0
2010-07-02,14.4666671753,0
2010-07-06,14.4266672134,0
2010-07-07,15.1966667175,0
2010-07-08,15.1766672134,0
2010-07-09,15.3933334351,0
2010-07-12,15.4866666794,0
2010-07-13,15.8333330154,0
2010-07-14,15.8066673279,0
2010-07-15,15.7833328247,0
2010-07-16,15.3166666031,0
2010-07-19,15.7299995422,0
2010-07-20,15.7100000381,0
2010-07-21,15.3933334351,0
2010-07-22,15.9099998474,0
2010-07-23,16.0333328247,0
2010-07-26,16.2900009155,0
2010-07-27,16.1499996185,0
2010-07-28,15.8833332062,0
2010-07-29,15.4933328629,0
2010-07-30,15.326666832,0
2010-08-02,15.5633325577,0
2010-08-03,15.423333168,0
2010-08-04,15.5666666031,0
2010-08-05,15.5266666412,0
2010-08-06,15.529999733,0
2010-08-09,15.6300001144,0
2010-08-10,15.2533330917,0
2010-08-11,14.6533327103,0
2010-08-12,14.4266672134,0
2010-08-13,14.3299999237,0
2010-08-16,14.3699998856,0
2010-08-17,14.5699996948,0
2010-08-18,14.7433328629,0
2010-08-19,14.529999733,0
2010-08-20,14.5333328247,0
2010-08-23,14.3766670227,0
2010-08-24,14.1566667557,0
2010-08-25,14.2733325958,0
2010-08-26,14.0566673279,0
2010-08-27,14.3666667938,0
2010-08-30,13.983332634,0
2010-08-31,13.7233333588,0
2010-09-01,14.1166667938,0
2010-09-02,14.4033327103,0
2010-09-03,14.6800003052,0
2010-09-07,14.3366670609,0
2010-09-08,14.2733325958,0
2010-09-09,14.3000001907,0
2010-09-10,14.1233329773,0
2010-09-13,14.5733327866,0
2010-09-14,14.8433332443,0
2010-09-15,14.8199996948,0
2010-09-16,14.9399995804,0
2010-09-17,14.9499998093,0
2010-09-20,15.076666832,0
2010-09-21,15.1099996567,0
2010-09-22,14.8733329773,0
2010-09-23,14.9633331299,0
2010-09-24,15.6300001144,0
2010-09-27,15.5500001907,0
2010-09-28,15.8233327866,0
2010-09-29,15.8633327484,0
2010-09-30,15.7700004578,0
2010-10-01,15.7533330917,0
2010-10-04,15.5366668701,0
2010-10-05,15.9333333969,0
2010-10-06,15.6899995804,0
2010-10-07,15.75,0
2010-10-08,15.8999996185,0
2010-10-11,16.0233325958,0
2010-10-12,16.1366672516,0
2010-10-13,16.1066665649,0
2010-10-14,16.0666675568,0
2010-10-15,16.1333332062,0
2010-10-18,16.0233325958,0
2010-10-19,15.8000001907,0
2010-10-20,15.9066667557,0
2010-10-21,15.8133325577,0
2010-10-22,16.1200008392,0
2010-10-25,16.3066673279,0
2010-10-26,16.2366676331,0
2010-10-27,16.75,0
2010-10-28,16.7566661835,0
2010-10-29,16.8600006104,0
2010-11-01,16.8066673279,0
2010-11-02,16.9200000763,0
2010-11-03,17.0933322906,0
2010-11-04,17.6266670227,0
2010-11-05,17.7399997711,0
2010-11-08,17.7366676331,0
2010-11-09,17.546667099,0
2010-11-10,17.5300006866,0
2010-11-11,17.3366661072,0
2010-11-12,17.3299999237,0
2010-11-15,17.2000007629,0
2010-11-16,16.953332901,0
2010-11-17,16.9400005341,0
2010-11-18,17.2466678619,0
2010-11-19,17.5133323669,0
2010-11-22,17.7366676331,0
2010-11-23,17.6066665649,0
2010-11-24,18.0499992371,0
2010-11-26,17.9366664886,0
2010-11-29,17.9099998474,0
2010-11-30,17.6833324432,0
2010-12-01,18.2166671753,0
2010-12-02,18.5766677856,0
2010-12-03,18.6700000763,0
2010-12-06,18.6599998474,0
2010-12-07,18.6399993896,0
2010-12-08,18.7999992371,0
2010-12-09,18.8566665649,0
2010-12-10,18.8600006104,0
2010-12-13,18.7333335876,0
2010-12-14,18.6100006104,0
2010-12-15,18.4099998474,0
2010-12-16,18.5100002289,0
2010-12-17,18.6299991608,0
2010-12-20,18.4733333588,0
2010-12-21,18.5900001526,0
2010-12-22,18.6100006104,0
2010-12-23,18.5566673279,0
2010-12-27,18.5799999237,0
2010-12-28,18.5033321381,0
2010-12-29,18.5066661835,0
2010-12-30,18.5633335114,0
2010-12-31,18.5666675568,0
2011-01-03,18.6666679382,0
2011-01-04,18.7133331299,0
2011-01-05,18.7733325958,0
2011-01-06,19.1100006104,0
2011-01-07,19.1633338928,0
2011-01-10,19.3700008392,0
2011-01-11,19.4200000763,0
2011-01-12,19.7999992371,0
2011-01-13,19.8133335114,0
2011-01-14,20.3400001526,0
2011-01-18,20.2833328247,0
2011-01-19,19.7933330536,0
2011-01-20,19.5900001526,0
2011-01-21,19.4500007629,0
2011-01-24,19.8999996185,0
2011-01-25,19.7600002289,0
2011-01-26,19.9200000763,0
2011-01-27,20.3099994659,0
2011-01-28,19.7533321381,0
2011-01-31,19.8299999237,0
2011-02-01,20.3233337402,0
2011-02-02,20.4300003052,0
2011-02-03,20.4466667175,0
2011-02-04,20.8766670227,0
2011-02-07,20.7933330536,0
2011-02-08,20.7933330536,0
2011-02-09,20.6466674805,0
2011-02-10,20.6733322144,0
2011-02-11,20.8400001526,0
2011-02-14,21.0100002289,0
2011-02-15,20.796667099,0
2011-02-16,21.0133323669,0
2011-02-17,21.3299999237,0
2011-02-18,21.2800006866,0
2011-02-22,20.4466667175,0
2011-02-23,20.0533332825,0
2011-02-24,20.3666667938,0
2011-02-25,20.8933334351,0
2011-02-28,20.6933326721,0
2011-03-01,20.2900009155,0
2011-03-02,20.546667099,0
2011-03-03,20.9433326721,0
2011-03-04,20.7700004578,0
2011-03-07,20.2000007629,0
2011-03-08,20.2199993134,0
2011-03-09,19.5933322906,0
2011-03-10,19.0966663361,0
2011-03-11,19.3133335114,0
2011-03-14,19.2700004578,0
2011-03-15,19.0166664124,0
2011-03-16,18.6166667938,0
2011-03-17,18.8400001526,0
2011-03-18,18.9200000763,0
2011-03-21,19.2600002289,0
2011-03-22,19.0766677856,0
2011-03-23,19.2600002289,0
2011-03-24,19.7299995422,0
2011-03-25,19.6599998474,0.029667
2011-03-28,19.6633338928,0
2011-03-29,19.8600006104,0
2011-03-30,19.8833332062,0
2011-03-31,19.6966667175,0
2011-04-01,19.4799995422,0
2011-04-04,19.3066673279,0
2011-04-05,19.7399997711,0
2011-04-06,20.0433330536,0
2011-04-07,19.9766674042,0
2011-04-08,19.8099994659,0
2011-04-11,19.6433334351,0
2011-04-12,19.2266674042,0
2011-04-13,19.2733325958,0
2011-04-14,19.3033332825,0
2011-04-15,19.4033336639,0
2011-04-18,19.0566673279,0
2011-04-19,19.1366672516,0
2011-04-20,19.9466667175,0
2011-04-21,19.9666671753,0
2011-04-25,19.9799995422,0
2011-04-26,20.3066673279,0
2011-04-27,20.2933330536,0
2011-04-28,20.1900005341,0
2011-04-29,20.2600002289,0
2011-05-02,20.0766677856,0
2011-05-03,19.8299999237,0
2011-05-04,19.8233337402,0
2011-05-05,19.8766670227,0
2011-05-06,20.0333328247,0
2011-05-09,19.9500007629,0
2011-05-10,20.046667099,0
2011-05-11,19.8999996185,0
2011-05-12,20.1599998474,0
2011-05-13,19.9133338928,0
2011-05-16,19.6333332062,0
2011-05-17,19.3899993896,0
2011-05-18,19.7433338165,0
2011-05-19,19.5766677856,0
2011-05-20,19.5366668701,0
2011-05-23,19.1366672516,0
2011-05-24,18.9699993134,0
2011-05-25,19.1399993896,0
2011-05-26,19.3199996948,0
2011-05-27,19.5499992371,0
2011-05-31,19.8466663361,0
2011-06-01,19.2700004578,0
2011-06-02,19.2466678619,0
2011-06-03,18.9099998474,0
2011-06-06,18.7733325958,0
2011-06-07,18.8500003815,0
2011-06-08,18.4833335876,0
2011-06-09,18.4966678619,0
2011-06-10,18.2000007629,0
2011-06-13,18.0400009155,0
2011-06-14,18.3566665649,0
2011-06-15,18.0200004578,0
2011-06-16,17.8133335114,0
2011-06-17,17.5499992371,0
2011-06-20,17.5733337402,0
2011-06-21,17.9866676331,0
2011-06-22,17.9166679382,0
2011-06-23,18.1399993896,0.035667
2011-06-24,17.7233333588,0
2011-06-27,17.8133335114,0
2011-06-28,18.0533332825,0
2011-06-29,18.0766677856,0
2011-06-30,18.5,0
2011-07-01,18.8966674805,0
2011-07-05,18.7466678619,0
2011-07-06,18.5966663361,0
2011-07-07,18.9500007629,0
2011-07-08,18.6900005341,0
2011-07-11,18.3666667938,0
2011-07-12,17.8400001526,0
2011-07-13,17.7833328247,0
2011-07-14,17.5200004578,0
2011-07-15,17.5900001526,0
2011-07-18,17.3766670227,0
2011-07-19,17.9200000763,0
2011-07-20,17.8500003815,0
2011-07-21,17.9833335876,0
2011-07-22,18.4200000763,0
2011-07-25,18.203332901,0
2011-07-26,18.3266677856,0
2011-07-27,17.6733322144,0
2011-07-28,17.6366672516,0
2011-07-29,17.4899997711,0
2011-08-01,17.4699993134,0
2011-08-02,16.9633331299,0
2011-08-03,17.1633338928,0
2011-08-04,16.1733322144,0
2011-08-05,15.8466672897,0
2011-08-08,15,0
2011-08-09,15.6700000763,0
2011-08-10,15.3699998856,0
2011-08-11,16.1299991608,0
2011-08-12,16.0633335114,0
2011-08-15,16.3733329773,0
2011-08-16,16.0799999237,0
2011-08-17,15.9733333588,0
2011-08-18,15.0500001907,0
2011-08-19,14.7733325958,0
2011-08-22,14.8633327484,0
2011-08-23,15.6266670227,0
2011-08-24,15.6400003433,0
2011-08-25,15.2299995422,0
2011-08-26,15.6533327103,0
2011-08-29,16.2000007629,0
2011-08-30,16.1966667175,0
2011-08-31,16.1133327484,0
2011-09-01,15.8500003815,0
2011-09-02,15.4733333588,0
2011-09-06,15.3699998856,0
2011-09-07,16.0233325958,0
2011-09-08,15.953332901,0
2011-09-09,15.7833328247,0
2011-09-12,16.2399997711,0
2011-09-13,16.5599994659,0
2011-09-14,16.9866676331,0
2011-09-15,17.2600002289,0
2011-09-16,17.2833328247,0
2011-09-19,17.1000003815,0
2011-09-20,16.8799991608,0
2011-09-21,16.5400009155,0
2011-09-22,15.983332634,0
2011-09-23,16.2733325958,0
2011-09-26,16.2199993134,0.042
2011-09-27,16.5166664124,0
2011-09-28,16.0566673279,0
2011-09-29,15.8500003815,0
2011-09-30,15.3066673279,0
2011-10-03,14.7399997711,0
2011-10-04,15.326666832,0
2011-10-05,15.8133325577,0
2011-10-06,16.0066661835,0
2011-10-07,16.0799999237,0
2011-10-10,16.5333328247,0
2011-10-11,16.5166664124,0
2011-10-12,16.6399993896,0
2011-10-13,16.9766674042,0
2011-10-14,17.1700000763,0
2011-10-17,16.7233333588,0
2011-10-18,17.0599994659,0
2011-10-19,16.7166671753,0
2011-10-20,16.4266662598,0
2011-10-21,16.7766666412,0
2011-10-24,17.3366661072,0
2011-10-25,17.0499992371,0
2011-10-26,17.1066665649,0
2011-10-27,17.8299999237,0
2011-10-28,17.8999996185,0
2011-10-31,17.4666671753,0
2011-11-01,16.9099998474,0
2011-11-02,16.9733333588,0
2011-11-03,17.4799995422,0
2011-11-04,17.6800003052,0
2011-11-07,17.6700000763,0
2011-11-08,17.75,0
2011-11-09,16.9666671753,0
2011-11-10,17.0799999237,0
2011-11-11,17.6800003052,0
2011-11-14,17.4866676331,0
2011-11-15,17.7066669464,0
2011-11-16,17.6466674805,0
2011-11-17,16.9633331299,0
2011-11-18,16.8033332825,0
2011-11-21,16.4899997711,0
2011-11-22,16.2800006866,0
2011-11-23,15.766667366,0
2011-11-25,15.5733327866,0
2011-11-28,16.046667099,0
2011-11-29,15.9466667175,0
2011-11-30,16.8433322906,0
2011-12-01,16.9566669464,0
2011-12-02,16.9599990845,0
2011-12-05,17.1000003815,0
2011-12-06,17.0566673279,0
2011-12-07,17.2833328247,0
2011-12-08,16.7733325958,0
2011-12-09,16.9966678619,0
2011-12-12,16.5433330536,0
2011-12-13,16.1499996185,0
2011-12-14,15.8966665268,0
2011-12-15,15.8566665649,0
2011-12-16,16.0100002289,0
2011-12-19,15.546667099,0
2011-12-20,16.2366676331,0
2011-12-21,16.0733337402,0
2011-12-22,16.5766677856,0.031333
2011-12-23,16.6499996185,0
2011-12-27,16.6299991608,0
2011-12-28,16.3833332062,0
2011-12-29,16.5266666412,0
2011-12-30,16.4666671753,0
2012-01-03,16.6733322144,0
2012-01-04,16.6733322144,0
2012-01-05,16.8999996185,0
2012-01-06,16.9433326721,0
2012-01-09,17.2866668701,0
2012-01-10,17.4599990845,0
2012-01-11,17.5200004578,0
2012-01-12,17.7066669464,0
2012-01-13,17.3466663361,0
2012-01-17,17.3966674805,0
2012-01-18,18.2800006866,0
2012-01-19,18.6433334351,0
2012-01-20,18.7333335876,0
2012-01-23,18.6733322144,0
2012-01-24,18.7399997711,0
2012-01-25,18.8199996948,0
2012-01-26,18.6233329773,0
2012-01-27,18.6833324432,0
2012-01-30,18.4899997711,0
2012-01-31,18.5033321381,0
2012-02-01,18.9166679382,0
2012-02-02,19.0200004578,0
2012-02-03,19.3166675568,0
2012-02-06,19.0966663361,0
2012-02-07,19.1066665649,0
2012-02-08,19.3366661072,0
2012-02-09,19.3999996185,0
2012-02-10,19.0233325958,0
2012-02-13,19.0799999237,0
2012-02-14,19.1499996185,0
2012-02-15,19.25,0
2012-02-16,19.7333335876,0
2012-02-17,19.5499992371,0
2012-02-21,19.2833328247,0
2012-02-22,19.2133331299,0
2012-02-23,19.2466678619,0
2012-02-24,19.1866664886,0
2012-02-27,19.2066669464,0
2012-02-28,19.5166664124,0
2012-02-29,19.2266674042,0
2012-03-01,19.2399997711,0
2012-03-02,19.0233325958,0
2012-03-05,18.5699996948,0
2012-03-06,18.3966674805,0
2012-03-07,18.6666679382,0
2012-03-08,18.9433326721,0
2012-03-09,19.1499996185,0
2012-03-12,18.9666671753,0
2012-03-13,19.3799991608,0
2012-03-14,19.3166675568,0
2012-03-15,19.7000007629,0
2012-03-16,19.7333335876,0
2012-03-19,19.8733329773,0
2012-03-20,19.7166671753,0
2012-03-21,19.796667099,0
2012-03-22,19.6900005341,0
2012-03-23,19.7299995422,0
2012-03-26,19.9666671753,0.035
2012-03-27,19.9599990845,0
2012-03-28,19.7299995422,0
2012-03-29,19.7333335876,0
2012-03-30,19.8166675568,0
2012-04-02,19.8333320618,0
2012-04-03,19.5166664124,0
2012-04-04,19.0866661072,0
2012-04-05,19.1166667938,0
2012-04-09,18.8633327484,0
2012-04-10,18.5066661835,0
2012-04-11,18.8166675568,0
2012-04-12,19.1733322144,0
2012-04-13,18.8333320618,0
2012-04-16,18.8266677856,0
2012-04-17,19.1200008392,0
2012-04-18,18.9799995422,0
2012-04-19,18.7466678619,0
2012-04-20,18.3133335114,0
2012-04-23,18.0900001526,0
2012-04-24,17.9566669464,0
2012-04-25,18.3566665649,0
2012-04-26,18.7800006866,0
2012-04-27,18.7833328247,0
2012-04-30,18.703332901,0
2012-05-01,18.7600002289,0
2012-05-02,18.8500003815,0
2012-05-03,18.3799991608,0
2012-05-04,18.0100002289,0
2012-05-07,17.9566669464,0
2012-05-08,17.8533325195,0
2012-05-09,17.7900009155,0
2012-05-10,17.7233333588,0
2012-05-11,17.8466663361,0
2012-05-14,17.6733322144,0
2012-05-15,17.4866676331,0
2012-05-16,17.2166671753,0
2012-05-17,16.8366661072,0
2012-05-18,16.5133323669,0
2012-05-21,16.9266662598,0
2012-05-22,16.8033332825,0
2012-05-23,16.8700008392,0
2012-05-24,16.6299991608,0
2012-05-25,16.796667099,0
2012-05-29,17.1566677094,0
2012-05-30,16.9166679382,0
2012-05-31,16.7399997711,0
2012-06-01,16.0233325958,0
2012-06-04,15.9966669083,0
2012-06-05,16.3033332825,0
2012-06-06,16.8166675568,0
2012-06-07,16.6666679382,0
2012-06-08,16.8400001526,0
2012-06-11,16.6033325195,0
2012-06-12,16.8999996185,0
2012-06-13,16.7666664124,0
2012-06-14,16.7299995422,0
2012-06-15,16.9933338165,0
2012-06-18,17.2299995422,0
2012-06-19,17.4166679382,0.039333
2012-06-20,17.5699996948,0
2012-06-21,16.8533325195,0
2012-06-22,17.0966663361,0
2012-06-25,16.5433330536,0
2012-06-26,16.6066665649,0
2012-06-27,16.8199996948,0
2012-06-28,16.7133331299,0
2012-06-29,17.4400005341,0
2012-07-02,17.4133338928,0
2012-07-03,17.6266670227,0
2012-07-05,17.4933338165,0
2012-07-06,17.0533332825,0
2012-07-09,16.8266677856,0
2012-07-10,16.4799995422,0
2012-07-11,16.296667099,0
2012-07-12,16.0400009155,0
2012-07-13,16.1533336639,0
2012-07-16,16.0033321381,0
2012-07-17,15.9366674423,0
2012-07-18,16.4799995422,0
2012-07-19,16.8099994659,0
2012-07-20,16.5300006866,0
2012-07-23,16.3933334351,0
2012-07-24,16.3166675568,0
2012-07-25,16.6433334351,0
2012-07-26,17.0100002289,0
2012-07-27,17.4266662598,0
2012-07-30,17.2700004578,0
2012-07-31,17.3966674805,0
2012-08-01,17.3933334351,0
2012-08-02,17.2900009155,0
2012-08-03,17.6766662598,0
2012-08-06,17.7366676331,0
2012-08-07,18.1466674805,0
2012-08-08,18.1900005341,0
2012-08-09,18.3333320618,0
2012-08-10,18.4266662598,0
2012-08-13,18.2666664124,0
2012-08-14,18.1266670227,0
2012-08-15,18.2299995422,0
2012-08-16,18.5166664124,0
2012-08-17,18.3833332062,0
2012-08-20,18.2600002289,0
2012-08-21,18.2700004578,0
2012-08-22,18.1366672516,0
2012-08-23,18.0333328247,0
2012-08-24,18.1233329773,0
2012-08-27,18.0533332825,0
2012-08-28,18.0266666412,0
2012-08-29,18.046667099,0
2012-08-30,17.7700004578,0
2012-08-31,17.9833335876,0
2012-09-04,17.8433322906,0
2012-09-05,17.7466678619,0
2012-09-06,18.2866668701,0
2012-09-07,18.2366676331,0
2012-09-10,17.9200000763,0
2012-09-11,18.0366668701,0
2012-09-12,18.0766677856,0
2012-09-13,18.2366676331,0
2012-09-14,18.4766674042,0
2012-09-17,18.2866668701,0
2012-09-18,18.2099990845,0
2012-09-19,18.1000003815,0
2012-09-20,17.9233322144,0
2012-09-21,17.9433326721,0
2012-09-24,17.6866664886,0
2012-09-25,17.1700000763,0.078333
2012-09-26,17.046667099,0
2012-09-27,17.4333324432,0
2012-09-28,17.2933330536,0
2012-10-01,17.2266674042,0
2012-10-02,17.3099994659,0
2012-10-03,17.2566661835,0
2012-10-04,17.3466663361,0
2012-10-05,17.3266677856,0
2012-10-08,17.1366672516,0
2012-10-09,16.8733329773,0
2012-10-10,16.6399993896,0
2012-10-11,16.6900005341,0
2012-10-12,16.5933322906,0
2012-10-15,16.8166675568,0
2012-10-16,17.2000007629,0
2012-10-17,17.1666679382,0
2012-10-18,17,0
2012-10-19,16.4899997711,0
2012-10-22,16.5333328247,0
2012-10-23,16.5733337402,0
2012-10-24,16.3066673279,0
2012-10-25,16.546667099,0
2012-10-26,16.6000003815,0
2012-10-31,16.6299991608,0
2012-11-01,17.1533336639,0
2012-11-02,16.8333320618,0
2012-11-05,17.1266670227,0
2012-11-06,17.3833332062,0
2012-11-07,16.9133338928,0
2012-11-08,16.7199993134,0
2012-11-09,16.7399997711,0
2012-11-12,16.75,0
2012-11-13,16.6233329773,0
2012-11-14,16.3533325195,0
2012-11-15,16.1499996185,0
2012-11-16,16.1533336639,0
2012-11-19,16.4799995422,0
2012-11-20,16.4066677094,0
2012-11-21,16.4666671753,0
2012-11-23,16.7399997711,0
2012-11-26,16.8099994659,0
2012-11-27,16.7733325958,0
2012-11-28,16.9500007629,0
2012-11-29,17,0
2012-11-30,16.9766674042,0
2012-12-03,16.8966674805,0
2012-12-04,17,0
2012-12-05,17.0033321381,0
2012-12-06,17.1700000763,0
2012-12-07,17.2066669464,0
2012-12-10,17.3199996948,0
2012-12-11,17.6499996185,0
2012-12-12,17.5833320618,0
2012-12-13,17.4166679382,0
2012-12-14,17.2833328247,0
2012-12-17,17.3566665649,0
2012-12-18,17.6833324432,0
2012-12-19,17.6433334351,0.062667
2012-12-20,17.6100006104,0
2012-12-21,17.4466667175,0
2012-12-24,17.3666667938,0
2012-12-26,17.2533321381,0
2012-12-27,17.1633338928,0
2012-12-28,17.0533332825,0
2012-12-31,17.3466663361,0
2013-01-02,18.1033325195,0
2013-01-03,17.9799995422,0
2013-01-04,17.9699993134,0
2013-01-07,17.9066677094,0
2013-01-08,17.7000007629,0
2013-01-09,17.8700008392,0
2013-01-10,18.1299991608,0
2013-01-11,18.2166671753,0
2013-01-14,18.1866664886,0
2013-01-15,18.0866661072,0
2013-01-16,18.3033332825,0
2013-01-17,18.6499996185,0
2013-01-18,18.5699996948,0
2013-01-22,18.5066661835,0
2013-01-23,18.7133331299,0
2013-01-24,18.5366668701,0
2013-01-25,18.7733325958,0
2013-01-28,18.8199996948,0
2013-01-29,18.7000007629,0
2013-01-30,18.7199993134,0
2013-01-31,18.6733322144,0
2013-02-01,19.0366668701,0
2013-02-04,18.7433338165,0
2013-02-05,19.0366668701,0
2013-02-06,19.0833320618,0
2013-02-07,18.9799995422,0
2013-02-08,19.2133331299,0
2013-02-11,19.2600002289,0
2013-02-12,19.2933330536,0
2013-02-13,19.3333320618,0
2013-02-14,19.5333328247,0
2013-02-15,19.4266662598,0
2013-02-19,19.6499996185,0
2013-02-20,19.2299995422,0
2013-02-21,18.8700008392,0
2013-02-22,19.2666664124,0
2013-02-25,18.8999996185,0
2013-02-26,19.0266666412,0
2013-02-27,19.3400001526,0
2013-02-28,19.3533325195,0
2013-03-01,19.2733325958,0
2013-03-04,19.2199993134,0
2013-03-05,19.5966663361,0
2013-03-06,19.6200008392,0
2013-03-07,19.7099990845,0
2013-03-08,19.7366676331,0
2013-03-11,19.7566661835,0
2013-03-12,19.8400001526,0
2013-03-13,19.8999996185,0
2013-03-14,20.0033321381,0
2013-03-15,19.6766662598,0
2013-03-18,19.4266662598,0
2013-03-19,19.3466663361,0
2013-03-20,19.6033325195,0
2013-03-21,19.2866668701,0
2013-03-22,19.5,0
2013-03-25,19.4133338928,0.066333
2013-03-26,19.5633335114,0
2013-03-27,19.6033325195,0
2013-03-28,19.7366676331,0
2013-04-01,19.3333320618,0
2013-04-02,19.1633338928,0
2013-04-03,18.7766666412,0
2013-04-04,19.0233325958,0
2013-04-05,18.9233322144,0
2013-04-08,19.1533336639,0
2013-04-09,19.3366661072,0
2013-04-10,19.7700004578,0
2013-04-11,19.6766662598,0
2013-04-12,19.5966663361,0
2013-04-15,19.1200008392,0
2013-04-16,19.5133323669,0
2013-04-17,18.8600006104,0
2013-04-18,18.7000007629,0
2013-04-19,18.8400001526,0
2013-04-22,19.0433330536,0
2013-04-23,19.4366664886,0
2013-04-24,19.6866664886,0
2013-04-25,19.8799991608,0
2013-04-26,19.6866664886,0
2013-04-29,19.9300003052,0
2013-04-30,20.0833320618,0
2013-05-01,19.9266662598,0
2013-05-02,20.1900005341,0
2013-05-03,20.3466663361,0
2013-05-06,20.5066661835,0
2013-05-07,20.5233325958,0
2013-05-08,20.7433338165,0
2013-05-09,20.8966674805,0
2013-05-10,21.0799999237,0
2013-05-13,20.8766670227,0
2013-05-14,20.9733333588,0
2013-05-15,21.1766662598,0
2013-05-16,21.0266666412,0
2013-05-17,21.296667099,0
2013-05-20,21.2566661835,0
2013-05-21,21.2533321381,0
2013-05-22,20.9166679382,0
2013-05-23,20.9200000763,0
2013-05-24,20.9133338928,0
2013-05-28,21.1033325195,0
2013-05-29,21.1833324432,0
2013-05-30,21.5100002289,0
2013-05-31,21.2266674042,0
2013-06-03,21.3033332825,0
2013-06-04,21.3999996185,0
2013-06-05,21.0733337402,0
2013-06-06,21.0433330536,0
2013-06-07,21.3566665649,0
2013-06-10,21.4866676331,0
2013-06-11,21.0033321381,0
2013-06-12,20.7600002289,0
2013-06-13,21.1833324432,0
2013-06-14,21.0966663361,0
2013-06-17,21.4033336639,0
2013-06-18,21.7566661835,0
2013-06-19,21.5,0
2013-06-20,20.8199996948,0
2013-06-21,20.9099998474,0
2013-06-24,20.4633331299,0
2013-06-25,20.9633331299,0
2013-06-26,21.0266666412,0.043667
2013-06-27,21.1000003815,0
2013-06-28,21.1733322144,0
2013-07-01,21.1466674805,0
2013-07-02,21.1766662598,0
2013-07-03,21.2733325958,0
2013-07-05,21.5499992371,0
2013-07-08,21.1200008392,0
2013-07-09,21.3466663361,0
2013-07-10,21.5666675568,0
2013-07-11,22.0366668701,0
2013-07-12,22.1566677094,0
2013-07-15,22.1566677094,0
2013-07-16,22.2433338165,0
2013-07-17,22.25,0
2013-07-18,22.0633335114,0
2013-07-19,22.0066661835,0
2013-07-22,21.9633331299,0
2013-07-23,21.8999996185,0
2013-07-24,21.4899997711,0
2013-07-25,21.6000003815,0
2013-07-26,21.4300003052,0
2013-07-29,21.2933330536,0
2013-07-30,21.5499992371,0
2013-07-31,21.6566677094,0
2013-08-01,22.0333328247,0
2013-08-02,21.9133338928,0
2013-08-05,21.8666667938,0
2013-08-06,21.7333335876,0
2013-08-07,21.4966678619,0
2013-08-08,21.5066661835,0
2013-08-09,21.3966674805,0
2013-08-12,21.4766674042,0
2013-08-13,21.7299995422,0
2013-08-14,21.3999996185,0
2013-08-15,20.9166679382,0
2013-08-16,20.9899997711,0
2013-08-19,20.8400001526,0
2013-08-20,20.9866676331,0
2013-08-21,20.8266677856,0
2013-08-22,21.0566673279,0
2013-08-23,21.0566673279,0
2013-08-26,21.0166664124,0
2013-08-27,20.5,0
2013-08-28,20.7666664124,0
2013-08-29,20.9833335876,0
2013-08-30,20.8033332825,0
2013-09-03,20.9766674042,0
2013-09-04,21.5066661835,0
2013-09-05,21.6700000763,0
2013-09-06,21.5699996948,0
2013-09-09,21.8566665649,0
2013-09-10,22.2833328247,0
2013-09-11,22.2233333588,0
2013-09-12,22.0766677856,0
2013-09-13,22.1800003052,0
2013-09-16,22.2533321381,0
2013-09-17,22.4066677094,0
2013-09-18,22.6066665649,0
2013-09-19,22.5400009155,0
2013-09-20,22.4166679382,0
2013-09-23,22.3233337402,0
2013-09-24,22.3633327484,0.100333
2013-09-25,22.3866672516,0
2013-09-26,22.3733329773,0
2013-09-27,22.1933326721,0
2013-09-30,22.2166671753,0
2013-10-01,22.4300003052,0
2013-10-02,22.3899993896,0
2013-10-03,22.3333320618,0
2013-10-04,22.5033321381,0
2013-10-07,22.3899993896,0
2013-10-08,22.0333328247,0
2013-10-09,21.953332901,0
2013-10-10,22.4433326721,0
2013-10-11,22.4866676331,0
2013-10-14,22.6633338928,0
2013-10-15,22.4599990845,0
2013-10-16,22.6733322144,0
2013-10-17,22.8400001526,0
2013-10-18,22.9033336639,0
2013-10-21,22.9599990845,0
2013-10-22,22.9066677094,0
2013-10-23,22.1499996185,0
2013-10-24,22.3466663361,0
2013-10-25,22.4166679382,0
2013-10-28,22.5699996948,0
2013-10-29,22.9333324432,0
2013-10-30,22.8066673279,0
2013-10-31,22.9566669464,0
2013-11-01,22.8566665649,0
2013-11-04,22.8400001526,0
2013-11-05,22.7866668701,0
2013-11-06,22.8333320618,0
2013-11-07,22.4300003052,0
2013-11-08,22.6733322144,0
2013-11-11,22.6733322144,0
2013-11-12,22.8133335114,0
2013-11-13,22.9966678619,0
2013-11-14,22.8999996185,0
2013-11-15,23.046667099,0
2013-11-18,22.8400001526,0
2013-11-19,22.5766677856,0
2013-11-20,22.4566669464,0
2013-11-21,22.8633327484,0
2013-11-22,22.8933334351,0
2013-11-25,22.8633327484,0
2013-11-26,23.0566673279,0
2013-11-27,23.1200008392,0
2013-11-29,23.1566677094,0
2013-12-02,23.1000003815,0
2013-12-03,23.1800003052,0
2013-12-04,23.0733337402,0
2013-12-05,23.1200008392,0
2013-12-06,23.3899993896,0
2013-12-09,23.4433326721,0
2013-12-10,23.3799991608,0
2013-12-11,23.1766662598,0
2013-12-12,22.9866676331,0
2013-12-13,22.9400005341,0
2013-12-16,23.2233333588,0
2013-12-17,23.4666671753,0
2013-12-18,23.5900001526,0
2013-12-19,23.4933338165,0
2013-12-20,23.703332901,0
2013-12-23,23.8033332825,0.076333
2013-12-24,23.8566665649,0
2013-12-26,23.9500007629,0
2013-12-27,23.9699993134,0
2013-12-30,24.0100002289,0
2013-12-31,24.2366676331,0
2014-01-02,23.9033336639,0
2014-01-03,23.8333320618,0
2014-01-06,23.7166671753,0
2014-01-07,23.8799991608,0
2014-01-08,24.2366676331,0
2014-01-09,24.0566673279,0
2014-01-10,24.1666679382,0
2014-01-13,23.8933334351,0
2014-01-14,24.4066677094,0
2014-01-15,24.6233329773,0
2014-01-16,24.4966678619,0
2014-01-17,24.3633327484,0
2014-01-21,24.4966678619,0
2014-01-22,24.7600002289,0
2014-01-23,24.5133323669,0
2014-01-24,23.9433326721,0
2014-01-27,23.7766666412,0
2014-01-28,23.8733329773,0
2014-01-29,23.7833328247,0
2014-01-30,24.0833320618,0
2014-01-31,23.9733333588,0
2014-02-03,23.4366664886,0
2014-02-04,23.4766674042,0
2014-02-05,23.5066661835,0
2014-02-06,23.8799991608,0
2014-02-07,24.2566661835,0
2014-02-10,24.3799991608,0
2014-02-11,24.7000007629,0
2014-02-12,24.9166679382,0
2014-02-13,25.2000007629,0
2014-02-14,25.3633327484,0
2014-02-18,25.4300003052,0
2014-02-19,25.4066677094,0
2014-02-20,25.5799999237,0
2014-02-21,25.4699993134,0
2014-02-24,25.5699996948,0
2014-02-25,25.4333324432,0
2014-02-26,25.6066665649,0
2014-02-27,25.6033325195,0
2014-02-28,25.5833320618,0
2014-03-03,25.4233322144,0
2014-03-04,25.8733329773,0
2014-03-05,25.9233322144,0
2014-03-06,26.1033325195,0
2014-03-07,26.0733337402,0
2014-03-10,26.0300006866,0
2014-03-11,25.8866672516,0
2014-03-12,26.0933322906,0
2014-03-13,25.6700000763,0
2014-03-14,25.5233325958,0
2014-03-17,25.8400001526,0
2014-03-18,26.2133331299,0
2014-03-19,26.1900005341,0
2014-03-20,26.6733322144,0
2014-03-21,26.4400005341,0
2014-03-24,26.3333320618,0
2014-03-25,26.4599990845,0.069667
2014-03-26,26.1599998474,0
2014-03-27,25.9666671753,0
2014-03-28,26.1366672516,0
2014-03-31,26.5633335114,0
2014-04-01,26.9866676331,0
2014-04-02,26.9466667175,0
2014-04-03,26.9866676331,0
2014-04-04,26.2233333588,0
2014-04-07,25.9866676331,0
2014-04-08,26.3266677856,0
2014-04-09,26.6033325195,0
2014-04-10,25.7800006866,0
2014-04-11,25.3766670227,0
2014-04-14,25.5799999237,0
2014-04-15,25.7466678619,0
2014-04-16,25.703332901,0
2014-04-17,26.1866664886,0
2014-04-21,26.4233322144,0
2014-04-22,26.6599998474,0
2014-04-23,26.6366672516,0
2014-04-24,26.7866668701,0
2014-04-25,25.9099998474,0
2014-04-28,25.7633323669,0
2014-04-29,25.9400005341,0
2014-04-30,26.0699996948,0
2014-05-01,25.9866676331,0
2014-05-02,26.0766677856,0
2014-05-05,26.1000003815,0
2014-05-06,26,0
2014-05-07,26.0100002289,0
2014-05-08,26.1900005341,0
2014-05-09,26.1066665649,0
2014-05-12,26.5833320618,0
2014-05-13,26.3733329773,0
2014-05-14,26.1533336639,0
2014-05-15,25.8466663361,0
2014-05-16,26.1333332062,0
2014-05-19,26.3966674805,0
2014-05-20,26.2700004578,0
2014-05-21,26.3966674805,0
2014-05-22,26.5166664124,0
2014-05-23,26.7700004578,0
2014-05-27,27.1000003815,0
2014-05-28,27.1399993896,0
2014-05-29,27.1900005341,0
2014-05-30,27.2233333588,0
2014-06-02,27.3733329773,0
2014-06-03,27.6299991608,0
2014-06-04,27.7533321381,0
2014-06-05,27.8899993896,0
2014-06-06,28.0533332825,0
2014-06-09,28.0799999237,0
2014-06-10,28.1633338928,0
2014-06-11,28.3099994659,0
2014-06-12,28.2133331299,0
2014-06-13,28.4899997711,0
2014-06-16,28.6599998474,0
2014-06-17,28.8700008392,0
2014-06-18,28.75,0
2014-06-19,28.7900009155,0
2014-06-20,28.8766670227,0
2014-06-23,28.7700004578,0
2014-06-24,28.4566669464,0.080667
2014-06-25,28.5766677856,0
2014-06-26,28.4500007629,0
2014-06-27,28.4866676331,0
2014-06-30,28.7999992371,0
2014-07-01,29.1933326721,0
2014-07-02,29.2700004578,0
2014-07-03,29.453332901,0
2014-07-07,29.2566661835,0
2014-07-08,29.1000003815,0
2014-07-09,29.2766666412,0
2014-07-10,29.1433334351,0
2014-07-11,29.1399993896,0
2014-07-14,29.2833328247,0
2014-07-15,29.1966667175,0
2014-07-16,29.5366668701,0
2014-07-17,28.7733325958,0
2014-07-18,29.1499996185,0
2014-07-21,29.2366676331,0
2014-07-22,29.4266662598,0
2014-07-23,28.7533321381,0
2014-07-24,28.4866676331,0
2014-07-25,27.9233322144,0
2014-07-28,27.8966674805,0
2014-07-29,27.8466663361,0
2014-07-30,28.1166667938,0
2014-07-31,27.546667099,0
2014-08-01,27.6366672516,0
2014-08-04,27.7566661835,0
2014-08-05,27.4633331299,0
2014-08-06,27.5533332825,0
2014-08-07,27.1833324432,0
2014-08-08,27.5200004578,0
2014-08-11,27.7700004578,0
2014-08-12,27.75,0
2014-08-13,28.0133323669,0
2014-08-14,28.0666675568,0
2014-08-15,28.3633327484,0
2014-08-18,28.4733333588,0
2014-08-19,28.6766662598,0
2014-08-20,28.9166679382,0
2014-08-21,29.0266666412,0
2014-08-22,29.046667099,0
2014-08-25,28.9433326721,0
2014-08-26,28.9466667175,0
2014-08-27,29,0
2014-08-28,29.0933322906,0
2014-08-29,29.3133335114,0
2014-09-02,29.1800003052,0
2014-09-03,29.2600002289,0
2014-09-04,29.3433322906,0
2014-09-05,29.5866661072,0
2014-09-08,29.6599998474,0
2014-09-09,29.3866672516,0
2014-09-10,29.3766670227,0
2014-09-11,29.453332901,0
2014-09-12,29.0866661072,0
2014-09-15,28.7299995422,0
2014-09-16,29.2299995422,0
2014-09-17,29.4400005341,0
2014-09-18,29.8899993896,0
2014-09-19,29.5166664124,0
2014-09-22,29.1599998474,0
2014-09-23,29.0666675568,0
2014-09-24,29.3500003815,0.08
2014-09-25,28.8133335114,0
2014-09-26,29.1533336639,0
2014-09-29,29.1900005341,0
2014-09-30,28.9500007629,0
2014-10-01,28.2433338165,0
2014-10-02,28.0699996948,0
2014-10-03,28.2466678619,0
2014-10-06,28,0
2014-10-07,27.4666671753,0
2014-10-08,28.0866661072,0
2014-10-09,27.3266677856,0
2014-10-10,25.4433326721,0
2014-10-13,24.9033336639,0
2014-10-14,25.3533325195,0
2014-10-15,25.4733333588,0
2014-10-16,25.8666667938,0
2014-10-17,26.0566673279,0
2014-10-20,26.4699993134,0
2014-10-21,27.4466667175,0
2014-10-22,27.0533332825,0
2014-10-23,27.4433326721,0
2014-10-24,27.7166671753,0
2014-10-27,27.8466663361,0
2014-10-28,28.2433338165,0
2014-10-29,28.2999992371,0
2014-10-30,27.9566669464,0
2014-10-31,29.0499992371,0
2014-11-03,29.25,0
2014-11-04,29.1433334351,0
2014-11-05,29.4366664886,0
2014-11-06,29.1833324432,0
2014-11-07,28.9200000763,0
2014-11-10,29.1333332062,0
2014-11-11,29.0766677856,0
2014-11-12,29.0333328247,0
2014-11-13,29.0366668701,0
2014-11-14,29.2900009155,0
2014-11-17,29.1566677094,0
2014-11-18,29.7266674042,0
2014-11-19,29.5233325958,0
2014-11-20,29.7933330536,0
2014-11-21,30.1200008392,0
2014-11-24,30.4099998474,0
2014-11-25,30.4166679382,0
2014-11-26,31.0599994659,0
2014-11-28,31.1466674805,0
2014-12-01,30.7533321381,0
2014-12-02,30.9466667175,0
2014-12-03,31.5966663361,0
2014-12-04,31.6233329773,0
2014-12-05,31.9400005341,0
2014-12-08,31.4899997711,0
2014-12-09,31.4866676331,0
2014-12-10,30.8866672516,0
2014-12-11,31.0333328247,0
2014-12-12,30.5200004578,0
2014-12-15,30.2366676331,0
2014-12-16,30.0300006866,0
2014-12-17,30.6766662598,0
2014-12-18,31.2600002289,0
2014-12-19,31.2633323669,0
2014-12-22,31.6466674805,0
2014-12-23,31.5766677856,0
2014-12-24,31.3700008392,0.253667
2014-12-26,31.4099998474,0
2014-12-29,31.3199996948,0
2014-12-30,31.1233329773,0
2014-12-31,30.9633331299,0
2015-01-02,30.9366664886,0
2015-01-05,30.3533325195,0
2015-01-06,29.6766662598,0
2015-01-07,29.9699993134,0
2015-01-08,30.8600006104,0
2015-01-09,30.8766670227,0
2015-01-12,30.2833328247,0
2015-01-13,29.9866676331,0
2015-01-14,29.8166675568,0
2015-01-15,29.5799999237,0
2015-01-16,29.9033336639,0
2015-01-20,30.2133331299,0
2015-01-21,30.5566673279,0
2015-01-22,30.7399997711,0
2015-01-23,30.6599998474,0
2015-01-26,30.7166671753,0
2015-01-27,30.1700000763,0
2015-01-28,30.0266666412,0
2015-01-29,30.046667099,0
2015-01-30,29.4566669464,0
2015-02-02,29.5333328247,0
2015-02-03,30.0566673279,0
2015-02-04,30.1700000763,0
2015-02-05,30.4633331299,0
2015-02-06,30.296667099,0
2015-02-09,29.9766674042,0
2015-02-10,30.9899997711,0
2015-02-11,31.0900001526,0
2015-02-12,31.5866661072,0
2015-02-13,31.8099994659,0
2015-02-17,31.9099998474,0
2015-02-18,31.8266677856,0
2015-02-19,31.9133338928,0
2015-02-20,32.1033325195,0
2015-02-23,31.9033336639,0
2015-02-24,32.3300018311,0
2015-02-25,32.1633338928,0
2015-02-26,32.3833312988,0
2015-02-27,32.2866668701,0
2015-03-02,33.1733322144,0
2015-03-03,32.5600013733,0
2015-03-04,32.5166664124,0
2015-03-05,32.5366668701,0
2015-03-06,32.2000007629,0
2015-03-09,32.2999992371,0
2015-03-10,31.703332901,0
2015-03-11,31.7733325958,0
2015-03-12,31.7633323669,0
2015-03-13,31.9766674042,0
2015-03-16,32.4633331299,0
2015-03-17,32.2266654968,0
2015-03-18,32.4666671753,0
2015-03-19,32.5400009155,0
2015-03-20,33,0
2015-03-23,32.7266654968,0
2015-03-24,32.4466667175,0
2015-03-25,30.8566665649,0.086333
2015-03-26,30.4333324432,0
2015-03-27,31.296667099,0
2015-03-30,31.6966667175,0
2015-03-31,31.3400001526,0
2015-04-01,31.1366672516,0
2015-04-02,31.0666675568,0
2015-04-06,31.203332901,0
2015-04-07,31.2166671753,0
2015-04-08,31.3999996185,0
2015-04-09,31.8099994659,0
2015-04-10,31.9400005341,0
2015-04-13,31.75,0
2015-04-14,31.4266662598,0
2015-04-15,31.9500007629,0
2015-04-16,31.8133335114,0
2015-04-17,31.3600006104,0
2015-04-20,31.6266670227,0
2015-04-21,31.8433322906,0
2015-04-22,32.2933311462,0
2015-04-23,31.7933330536,0
2015-04-24,31.2700004578,0
2015-04-27,31.3500003815,0
2015-04-28,31.3799991608,0
2015-04-29,31.2066669464,0
2015-04-30,30.9366664886,0
2015-05-01,31.796667099,0
2015-05-04,31.7333335876,0
2015-05-05,31.0433330536,0
2015-05-06,31.0066661835,0
2015-05-07,31.3466663361,0
2015-05-08,31.6599998474,0
2015-05-11,31.6800003052,0
2015-05-12,31.3933334351,0
2015-05-13,31.5866661072,0
2015-05-14,31.9633331299,0
2015-05-15,32.0166664124,0
2015-05-18,32.3300018311,0
2015-05-19,32.2133331299,0
2015-05-20,32.2833328247,0
2015-05-21,32.4466667175,0
2015-05-22,32.5133323669,0
2015-05-26,32.2633323669,0
2015-05-27,33.5299987793,0
2015-05-28,33.563331604,0
2015-05-29,33.6899986267,0
2015-06-01,33.7099990845,0
2015-06-02,33.3333320618,0
2015-06-03,33.1066665649,0
2015-06-04,32.8066673279,0
2015-06-05,32.8100013733,0
2015-06-08,32.1933326721,0
2015-06-09,32.1733322144,0
2015-06-10,32.5733337402,0
2015-06-11,32.563331604,0
2015-06-12,32.2700004578,0
2015-06-15,32.2033348083,0
2015-06-16,32.2933311462,0
2015-06-17,32.3199996948,0
2015-06-18,32.7766685486,0
2015-06-19,32.6133346558,0
2015-06-22,32.8899993896,0
2015-06-23,32.7266654968,0
2015-06-24,32.2966651917,0.085
2015-06-25,32.2733345032,0
2015-06-26,31.4699993134,0
2015-06-29,30.5866661072,0
2015-06-30,30.6966667175,0
2015-07-01,30.7700004578,0
2015-07-02,30.9133338928,0
2015-07-06,30.4633331299,0
2015-07-07,30.3666667938,0
2015-07-08,29.546667099,0
2015-07-09,29.1700000763,0
2015-07-10,29.7099990845,0
2015-07-13,29.9599990845,0
2015-07-14,30.2733325958,0
2015-07-15,30.0933322906,0
2015-07-16,30.1499996185,0
2015-07-17,30.0866661072,0
2015-07-20,29.8799991608,0
2015-07-21,29.8866672516,0
2015-07-22,29.1433334351,0
2015-07-23,29.5766677856,0
2015-07-24,28.9833335876,0
2015-07-27,28.7700004578,0
2015-07-28,29.3700008392,0
2015-07-29,29.4066677094,0
2015-07-30,29.5233325958,0
2015-07-31,29.1800003052,0
2015-08-03,29.0866661072,0
2015-08-04,28.7633323669,0
2015-08-05,29.1266670227,0
2015-08-06,28.6066665649,0
2015-08-07,28.7700004578,0
2015-08-10,29.4833335876,0
2015-08-11,28.8199996948,0
2015-08-12,28.9866676331,0
2015-08-13,28.7533321381,0
2015-08-14,28.5166664124,0
2015-08-17,28.7600002289,0
2015-08-18,28.2166671753,0
2015-08-19,27.9633331299,0
2015-08-20,26.9133338928,0
2015-08-21,26.1766662598,0
2015-08-24,25.5900001526,0
2015-08-25,25.3366661072,0
2015-08-26,26.6000003815,0
2015-08-27,27.5900001526,0
2015-08-28,27.75,0
2015-08-31,27.6733322144,0
2015-09-01,26.6966667175,0
2015-09-02,27.3333320618,0
2015-09-03,27.546667099,0
2015-09-04,27.0699996948,0
2015-09-08,28.2700004578,0
2015-09-09,27.75,0
2015-09-10,27.8733329773,0
2015-09-11,27.8899993896,0
2015-09-14,27.953332901,0
2015-09-15,28.3099994659,0
2015-09-16,28.3700008392,0
2015-09-17,28.1433334351,0
2015-09-18,27.6533336639,0
2015-09-21,27.5699996948,0
2015-09-22,26.9633331299,0
2015-09-23,26.7633323669,0
2015-09-24,26.7099990845,0
2015-09-25,26.7066669464,0.149333
2015-09-28,25.9666671753,0
2015-09-29,26.1399993896,0
2015-09-30,27.1533336639,0
2015-10-01,26.8299999237,0
2015-10-02,27.3899993896,0
2015-10-05,27.9233322144,0
2015-10-06,28.0133323669,0
2015-10-07,28.3833332062,0
2015-10-08,28.5699996948,0
2015-10-09,28.3933334351,0
2015-10-12,28.3933334351,0
2015-10-13,28.0433330536,0
2015-10-14,29.0633335114,0
2015-10-15,29.3366661072,0
2015-10-16,29.4033336639,0
2015-10-19,29.3933334351,0
2015-10-20,29.3666667938,0
2015-10-21,29.4099998474,0
2015-10-22,30.4300003052,0
2015-10-23,30.7999992371,0
2015-10-26,30.2466678619,0
2015-10-27,29.9833335876,0
2015-10-28,30.4266662598,0
2015-10-29,29.6100006104,0
2015-10-30,29.8466663361,0
2015-11-02,30.1100006104,0
2015-11-03,30.2666664124,0
2015-11-04,30.3533325195,0
2015-11-05,29.7166671753,0
2015-11-06,30.5033321381,0
2015-11-09,30.2066669464,0
2015-11-10,29.6566677094,0
2015-11-11,29.6800003052,0
2015-11-12,29.296667099,0
2015-11-13,29.0333328247,0
2015-11-16,29.3899993896,0
2015-11-17,29.5866661072,0
2015-11-18,29.8799991608,0
2015-11-19,29.9500007629,0
2015-11-20,30.046667099,0
2015-11-23,29.6866664886,0
2015-11-24,30.0366668701,0
2015-11-25,30.0799999237,0
2015-11-27,30.2099990845,0
2015-11-30,30.5366668701,0
2015-12-01,31.0100002289,0
2015-12-02,30.8633327484,0
2015-12-03,30.6766662598,0
2015-12-04,31.2066669464,0
2015-12-07,30.953332901,0
2015-12-08,30.6900005341,0
2015-12-09,30.2900009155,0
2015-12-10,30.4366664886,0
2015-12-11,29.8666667938,0
2015-12-14,29.6733322144,0
2015-12-15,30.1200008392,0
2015-12-16,30.3466663361,0
2015-12-17,29.9300003052,0
2015-12-18,29.5833320618,0
2015-12-21,30.0900001526,0
2015-12-22,30.1366672516,0
2015-12-23,30.3466663361,0
2015-12-24,30.4033336639,0.064333
2015-12-28,30.2833328247,0
2015-12-29,30.6366672516,0
2015-12-30,30.3600006104,0
2015-12-31,29.9466667175,0
2016-01-04,29.6000003815,0
2016-01-05,29.3199996948,0
2016-01-06,28.3066673279,0
2016-01-07,27.5133323669,0
2016-01-08,27.1166667938,0
2016-01-11,27.2099990845,0
2016-01-12,27.4366664886,0
2016-01-13,26.5633335114,0
2016-01-14,27.1100006104,0
2016-01-15,25.8866672516,0
2016-01-19,25.9300003052,0
2016-01-20,26.1000003815,0
2016-01-21,26.4866676331,0
2016-01-22,26.9699993134,0
2016-01-25,26.5966663361,0
2016-01-26,26.8433322906,0
2016-01-27,26.5366668701,0
2016-01-28,26.4766674042,0
2016-01-29,27.6766662598,0
2016-02-01,27.7999992371,0
2016-02-02,26.8833332062,0
2016-02-03,26.9466667175,0
2016-02-04,27.4133338928,0
2016-02-05,26.4733333588,0
2016-02-08,25.8066673279,0
2016-02-09,25.6599998474,0
2016-02-10,25.4599990845,0
2016-02-11,25.2633323669,0
2016-02-12,25.8166675568,0
2016-02-16,26.7233333588,0
2016-02-17,27.3600006104,0
2016-02-18,27.2299995422,0
2016-02-19,27.3500003815,0
2016-02-22,27.7800006866,0
2016-02-23,27.3433322906,0
2016-02-24,27.7066669464,0
2016-02-25,28.0433330536,0
2016-02-26,28.2233333588,0
2016-02-29,28.1566677094,0
2016-03-01,28.9166679382,0
2016-03-02,29.0966663361,0
2016-03-03,29.1299991608,0
2016-03-04,29.4300003052,0
2016-03-07,29.5633335114,0
2016-03-08,28.8933334351,0
2016-03-09,29.0966663361,0
2016-03-10,29.2433338165,0
2016-03-11,29.7999992371,0
2016-03-14,29.7299995422,0
2016-03-15,29.6533336639,0
2016-03-16,29.9200000763,0
2016-03-17,30.1266670227,0
2016-03-18,30.5233325958,0
2016-03-21,30.5633335114,0
2016-03-22,30.5566673279,0
2016-03-23,30.0666675568,0.092
2016-03-24,30.046667099,0
2016-03-28,30.0300006866,0
2016-03-29,30.4433326721,0
2016-03-30,30.7099990845,0
2016-03-31,30.5400009155,0
2016-04-01,30.75,0
2016-04-04,30.4766674042,0
2016-04-05,30.3066673279,0
2016-04-06,30.5966663361,0
2016-04-07,30.1299991608,0
2016-04-08,30.2700004578,0
2016-04-11,30.2633323669,0
2016-04-12,30.2199993134,0
2016-04-13,30.8966674805,0
2016-04-14,30.6599998474,0
2016-04-15,30.3966674805,0
2016-04-18,30.3999996185,0
2016-04-19,30.0300006866,0
2016-04-20,30.3166675568,0
2016-04-21,30.1366672516,0
2016-04-22,30.1900005341,0
2016-04-25,30.0100002289,0
2016-04-26,30.4099998474,0
2016-04-27,30.7199993134,0
2016-04-28,29.9166679382,0
2016-04-29,29.1266670227,0
2016-05-02,29.3466663361,0
2016-05-03,29.0133323669,0
2016-05-04,28.6833324432,0
2016-05-05,28.7533321381,0
2016-05-06,28.7933330536,0
2016-05-09,28.7566661835,0
2016-05-10,29.0966663361,0
2016-05-11,29.0266666412,0
2016-05-12,28.5066661835,0
2016-05-13,28.6100006104,0
2016-05-16,29.0699996948,0
2016-05-17,28.8799991608,0
2016-05-18,29.3299999237,0
2016-05-19,29.1666679382,0
2016-05-20,30.0499992371,0
2016-05-23,30.2600002289,0
2016-05-24,30.9899997711,0
2016-05-25,31.1733322144,0
2016-05-26,31.2766666412,0
2016-05-27,31.4733333588,0
2016-05-31,31.6566677094,0
2016-06-01,31.8233337402,0
2016-06-02,31.8299999237,0
2016-06-03,31.9233322144,0
2016-06-06,31.8500003815,0
2016-06-07,32.1533317566,0
2016-06-08,32.1399993896,0
2016-06-09,32.1766662598,0
2016-06-10,31.6499996185,0
2016-06-13,31.4866676331,0
2016-06-14,31.4766674042,0
2016-06-15,31.4733333588,0
2016-06-16,31.4699993134,0
2016-06-17,31.203332901,0
2016-06-20,31.5499992371,0
2016-06-21,31.5499992371,0.099667
2016-06-22,31.5200004578,0
2016-06-23,32.3066673279,0
2016-06-24,30.5533332825,0
2016-06-27,29.3133335114,0
2016-06-28,30.0799999237,0
2016-06-29,30.6866664886,0
2016-06-30,31.2133331299,0
2016-07-01,30.9566669464,0
2016-07-05,30.3899993896,0
2016-07-06,30.4300003052,0
2016-07-07,30.7999992371,0
2016-07-08,31.6566677094,0
2016-07-11,32.0133323669,0
2016-07-12,32.4300003052,0
2016-07-13,32.4700012207,0
2016-07-14,32.7066688538,0
2016-07-15,32.6966667175,0
2016-07-18,33.1766662598,0
2016-07-19,33.063331604,0
2016-07-20,33.5866661072,0
2016-07-21,33.3499984741,0
2016-07-22,33.5166664124,0
2016-07-25,33.7099990845,0
2016-07-26,35.0166664124,0
2016-07-27,35.0133323669,0
2016-07-28,34.8199996948,0
2016-07-29,34.6666679382,0
2016-08-01,34.6933326721,0
2016-08-02,34.1599998474,0
2016-08-03,34.2033348083,0
2016-08-04,34.5233345032,0
2016-08-05,34.9633331299,0
2016-08-08,34.9233322144,0
2016-08-09,35.2066688538,0
2016-08-10,34.9666671753,0
2016-08-11,35.0999984741,0
2016-08-12,35.2633323669,0
2016-08-15,35.7433319092,0
2016-08-16,35.4933319092,0
2016-08-17,35.4866676331,0
2016-08-18,35.7433319092,0
2016-08-19,36.0499992371,0
2016-08-22,36.0666656494,0
2016-08-23,36.2433319092,0
2016-08-24,35.9433326721,0
2016-08-25,36.0900001526,0
2016-08-26,36.25,0
2016-08-29,36.3933334351,0
2016-08-30,36.3233337402,0
2016-08-31,36.2999992371,0
2016-09-01,36.5866661072,0
2016-09-02,36.5499992371,0
2016-09-06,36.4666671753,0
2016-09-07,36.1899986267,0
2016-09-08,36.1266670227,0
2016-09-09,34.843334198,0
2016-09-12,35.4933319092,0
2016-09-13,35.1800003052,0
2016-09-14,35.4900016785,0
2016-09-15,36.3100013733,0
2016-09-16,36.3199996948,0
2016-09-19,36.3633346558,0
2016-09-20,36.2000007629,0
2016-09-21,36.7000007629,0
2016-09-22,36.8199996948,0
2016-09-23,36.4433326721,0
2016-09-26,35.9333343506,0.152333
2016-09-27,36.5533332825,0
2016-09-28,36.6266670227,0
2016-09-29,37.0766677856,0
2016-09-30,37.6633338928,0
2016-10-03,37.4099998474,0
2016-10-04,37.313331604,0
2016-10-05,37.5866661072,0
2016-10-06,37.8066673279,0
2016-10-07,37.75,0
2016-10-10,37.5600013733,0
2016-10-11,36.7733345032,0
2016-10-12,36.6500015259,0
2016-10-13,36.2166671753,0
2016-10-14,36.4900016785,0
2016-10-17,36.2999992371,0
2016-10-18,36.7200012207,0
2016-10-19,36.5666656494,0
2016-10-20,36.8233337402,0
2016-10-21,36.7299995422,0
2016-10-24,37.4033317566,0
2016-10-25,37.3699989319,0
2016-10-26,37.3166656494,0
2016-10-27,37.1433334351,0
2016-10-28,36.9199981689,0
2016-10-31,37.1199989319,0
2016-11-01,36.7900009155,0
2016-11-02,36.5466651917,0
2016-11-03,36.4833335876,0
2016-11-04,36.2533340454,0
2016-11-07,37.2733345032,0
2016-11-08,37.3499984741,0
2016-11-09,37.1733322144,0
2016-11-10,36.3699989319,0
2016-11-11,37.7633323669,0
2016-11-14,37.5666656494,0
2016-11-15,38.2700004578,0
2016-11-16,38.7099990845,0
2016-11-17,39.1266670227,0
2016-11-18,39.4099998474,0
2016-11-21,39.6733322144,0
2016-11-22,40.0966682434,0
2016-11-23,40.1466674805,0
2016-11-25,40.2166671753,0
2016-11-28,40.0966682434,0
2016-11-29,40.0233345032,0
2016-11-30,39.7933311462,0
2016-12-01,37.8499984741,0
2016-12-02,38.3166656494,0
2016-12-05,38.7833328247,0
2016-12-06,39.3199996948,0
2016-12-07,40.1300010681,0
2016-12-08,40.4799995422,0
2016-12-09,40.343334198,0
2016-12-12,40.0266685486,0
2016-12-13,40.4933319092,0
2016-12-14,40.4566688538,0
2016-12-15,41.1466674805,0
2016-12-16,40.7299995422,0
2016-12-19,41.1333312988,0
2016-12-20,41.5266685486,0
2016-12-21,41.4300003052,0.096667
2016-12-22,41.6300010681,0
2016-12-23,41.843334198,0
2016-12-27,42.3600006104,0
2016-12-28,41.5566673279,0
2016-12-29,41.5499992371,0
2016-12-30,40.906665802,0
2017-01-03,40.906665802,0
2017-01-04,41.0200004578,0
2017-01-05,40.6699981689,0
2017-01-06,40.9933319092,0
2017-01-09,41.4266662598,0
2017-01-10,41.6266670227,0
2017-01-11,41.7700004578,0
2017-01-12,41.4199981689,0
2017-01-13,41.6899986267,0
2017-01-17,41.0200004578,0
2017-01-18,41.5800018311,0
2017-01-19,41.3933334351,0
2017-01-20,41.9266662598,0
2017-01-23,41.6699981689,0
2017-01-24,42.4766654968,0
2017-01-25,43.1066665649,0
2017-01-26,42.8633346558,0
2017-01-27,43.3966674805,0
2017-01-30,43.1800003052,0
2017-01-31,42.6199989319,0
2017-02-01,43.2966651917,0
2017-02-02,43.2766685486,0
2017-02-03,43.5,0
2017-02-06,43.6533317566,0
2017-02-07,43.813331604,0
2017-02-08,43.8966674805,0
2017-02-09,43.5133323669,0
2017-02-10,43.4866676331,0
2017-02-13,43.5766677856,0
2017-02-14,43.4566688538,0
2017-02-15,43.7933311462,0
2017-02-16,43.8633346558,0
2017-02-17,44.0900001526,0
2017-02-21,44.7133331299,0
2017-02-22,44.7233314514,0
2017-02-23,43.9966659546,0
2017-02-24,43.9666671753,0
2017-02-27,44.3866653442,0
2017-02-28,43.8199996948,0
2017-03-01,44.5033340454,0
2017-03-02,44.0466651917,0
2017-03-03,44.0233345032,0
2017-03-06,44.0466651917,0
2017-03-07,44.1433334351,0
2017-03-08,44.2466659546,0
2017-03-09,44.3333320618,0
2017-03-10,44.8400001526,0
2017-03-13,45.1766662598,0
2017-03-14,45.0433311462,0
2017-03-15,45.4000015259,0
2017-03-16,45.3533325195,0
2017-03-17,45.4466667175,0
2017-03-20,45.7833328247,0
2017-03-21,44.7099990845,0
2017-03-22,45.1833343506,0
2017-03-23,45.0833320618,0
2017-03-24,45.2933311462,0.117667
2017-03-27,45.3600006104,0
2017-03-28,45.5033340454,0
2017-03-29,45.3933334351,0
2017-03-30,45.6266670227,0
2017-03-31,45.6300010681,0
2017-04-03,45.3400001526,0
2017-04-04,45.1133346558,0
2017-04-05,44.7999992371,0
2017-04-06,44.8699989319,0
2017-04-07,45.063331604,0
2017-04-10,44.7166671753,0
2017-04-11,44.3566665649,0
2017-04-12,43.593334198,0
2017-04-13,43.3033332825,0
2017-04-17,43.843334198,0
2017-04-18,44.0466651917,0
2017-04-19,44.2766685486,0
2017-04-20,44.9766654968,0
2017-04-21,44.7866668701,0
2017-04-24,45.4300003052,0
2017-04-25,45.8933334351,0
2017-04-26,45.5166664124,0
2017-04-27,46.156665802,0
2017-04-28,45.3699989319,0
2017-05-01,45.8199996948,0
2017-05-02,45.3366661072,0
2017-05-03,45.4933319092,0
2017-05-04,45.4599990845,0
2017-05-05,45.6399993896,0
2017-05-08,45.4599990845,0
2017-05-09,45.9099998474,0
2017-05-10,46.8833312988,0
2017-05-11,47.0533332825,0
2017-05-12,47.186668396,0
2017-05-15,47.9166679382,0
2017-05-16,48.6033325195,0
2017-05-17,46.5066680908,0
2017-05-18,47.3733329773,0
2017-05-19,47.8966674805,0
2017-05-22,48.4199981689,0
2017-05-23,48.2266654968,0
2017-05-24,48.5400009155,0
2017-05-25,48.7866668701,0
2017-05-26,49.0099983215,0
2017-05-30,49.3366661072,0
2017-05-31,49.3300018311,0
2017-06-01,49.3800010681,0
2017-06-02,49.8833312988,0
2017-06-05,50.0033340454,0
2017-06-06,50.1666679382,0
2017-06-07,50.5400009155,0
2017-06-08,51.4633331299,0
2017-06-09,49.2999992371,0
2017-06-12,49.0166664124,0
2017-06-13,49.3499984741,0
2017-06-14,48.8333320618,0
2017-06-15,48.4466667175,0
2017-06-16,48.2533340454,0
2017-06-19,49.1699981689,0
2017-06-20,48.6166687012,0
2017-06-21,49.1800003052,0
2017-06-22,49.0666656494,0
2017-06-23,49.2133331299,0
2017-06-26,48.7900009155,0
2017-06-27,47.3699989319,0.12
2017-06-28,48.1899986267,0
2017-06-29,46.9900016785,0
2017-06-30,46.7333335876,0
2017-07-03,46.093334198,0
2017-07-05,47.0366668701,0
2017-07-06,46.8300018311,0
2017-07-07,47.6199989319,0
2017-07-10,48.1699981689,0
2017-07-11,48.5699996948,0
2017-07-12,49.3466682434,0
2017-07-13,49.1933326721,0
2017-07-14,49.8533325195,0
2017-07-17,49.6500015259,0
2017-07-18,49.8033332825,0
2017-07-19,50.2633323669,0
2017-07-20,50.4099998474,0
2017-07-21,49.9799995422,0
2017-07-24,49.8300018311,0
2017-07-25,49.7866668701,0
2017-07-26,50.3333320618,0
2017-07-27,49.5666656494,0
2017-07-28,49.3766670227,0
2017-07-31,48.9933319092,0
2017-08-01,49.2966651917,0
2017-08-02,48.9399986267,0
2017-08-03,48.7566680908,0
2017-08-04,48.7766685486,0
2017-08-07,49.6166687012,0
2017-08-08,49.4733314514,0
2017-08-09,49.3066673279,0
2017-08-10,47.9300003052,0
2017-08-11,48.2000007629,0
2017-08-14,49.4266662598,0
2017-08-15,49.5499992371,0
2017-08-16,49.6300010681,0
2017-08-17,48.3766670227,0
2017-08-18,48.4500007629,0
2017-08-21,48.0900001526,0
2017-08-22,48.8833312988,0
2017-08-23,49.0900001526,0
2017-08-24,49.0966682434,0
2017-08-25,48.8600006104,0
2017-08-28,49.0066680908,0
2017-08-29,49.0833320618,0
2017-08-30,49.9233322144,0
2017-08-31,50.4166679382,0
2017-09-01,50.6366653442,0
2017-09-05,49.9433326721,0
2017-09-06,50.0233345032,0
2017-09-07,50.1100006104,0
2017-09-08,49.5200004578,0
2017-09-11,50.4633331299,0
2017-09-12,50.6899986267,0
2017-09-13,50.7900009155,0
2017-09-14,50.9900016785,0
2017-09-15,51.8800010681,0
2017-09-18,52.5600013733,0
2017-09-19,52.7266654968,0
2017-09-20,52,0
2017-09-21,51.7766685486,0
2017-09-22,52.0400009155,0
2017-09-25,51.0366668701,0
2017-09-26,50.7900009155,0.166333
2017-09-27,52.0200004578,0
2017-09-28,52.4033317566,0
2017-09-29,52.8566665649,0
2017-10-02,53.2099990845,0
2017-10-03,53.3566665649,0
2017-10-04,53.4799995422,0
2017-10-05,53.5266685486,0
2017-10-06,53.7366676331,0
2017-10-09,54.1466674805,0
2017-10-10,54.4500007629,0
2017-10-11,54.8233337402,0
2017-10-12,54.6500015259,0
2017-10-13,55,0
2017-10-16,55.2599983215,0
2017-10-17,55.2133331299,0
2017-10-18,55.4000015259,0
2017-10-19,55.2599983215,0
2017-10-20,55.5433311462,0
2017-10-23,55.8166656494,0
2017-10-24,56.2066688538,0
2017-10-25,55.4700012207,0
2017-10-26,55.7966651917,0
2017-10-27,56.9633331299,0
2017-10-30,57.1166687012,0
2017-10-31,57.5733337402,0
2017-11-01,57.3633346558,0
2017-11-02,57.6466674805,0
2017-11-03,58.6666679382,0
2017-11-06,59.4966659546,0
2017-11-07,59.4433326721,0
2017-11-08,59.6333312988,0
2017-11-09,58.4399986267,0
2017-11-10,58.8266677856,0
2017-11-13,58.9966659546,0
2017-11-14,58.9433326721,0
2017-11-15,58.4133338928,0
2017-11-16,59.2833328247,0
2017-11-17,59.0233345032,0
2017-11-20,59.7266654968,0
2017-11-21,60.4099998474,0
2017-11-22,60.0433311462,0
2017-11-24,60.5833320618,0
2017-11-27,59.8233337402,0
2017-11-28,59.8499984741,0
2017-11-29,57.2133331299,0
2017-11-30,57.5200004578,0
2017-12-01,56.8966674805,0
2017-12-04,55.5299987793,0
2017-12-05,55.5733337402,0
2017-12-06,55.7533340454,0
2017-12-07,56.2966651917,0
2017-12-08,56.0066680908,0
2017-12-11,56.343334198,0
2017-12-12,55.7933311462,0
2017-12-13,55.7833328247,0
2017-12-14,55.7266654968,0
2017-12-15,56.5999984741,0
2017-12-18,57.813331604,0
2017-12-19,57.6466674805,0.105667
2017-12-20,58.0666656494,0
2017-12-21,57.4533348083,0
2017-12-22,57.4199981689,0
2017-12-26,56.8466682434,0
2017-12-27,57.0299987793,0
2017-12-28,57.1899986267,0
2017-12-29,56.6033325195,0
2018-01-02,58.1399993896,0
2018-01-03,59.156665802,0
2018-01-04,59.4900016785,0
2018-01-05,59.8300018311,0
2018-01-08,60.2999992371,0
2018-01-09,59.7066688538,0
2018-01-10,58.9900016785,0
2018-01-11,59.343334198,0
2018-01-12,59.6633338928,0
2018-01-16,59.8600006104,0
2018-01-17,61.5966682434,0
2018-01-18,61.8733329773,0
2018-01-19,61.936668396,0
2018-01-22,62.3966674805,0
2018-01-23,62.8966674805,0
2018-01-24,61.4566688538,0
2018-01-25,60.3899993896,0
2018-01-26,62.3199996948,0
2018-01-29,62.2299995422,0
2018-01-30,60.9933319092,0
2018-01-31,61.4900016785,0
2018-02-01,61.186668396,0
2018-02-02,59.5400009155,0
2018-02-05,56.7366676331,0
2018-02-06,58.7900009155,0
2018-02-07,57.5299987793,0
2018-02-08,55.1133346558,0
2018-02-09,56.7000007629,0
2018-02-12,57.7900009155,0
2018-02-13,57.7233314514,0
2018-02-14,59.0766677856,0
2018-02-15,59.7799987793,0
2018-02-16,59.5666656494,0
2018-02-20,60.6199989319,0
2018-02-21,59.9233322144,0
2018-02-22,59.7900009155,0
2018-02-23,61.0699996948,0
2018-02-26,62.3866653442,0
2018-02-27,62.1800003052,0
2018-02-28,61.6266670227,0
2018-03-01,60.6533317566,0
2018-03-02,61.6833343506,0
2018-03-05,62.2366676331,0
2018-03-06,63.1733322144,0
2018-03-07,63.3766670227,0
2018-03-08,63.4333343506,0
2018-03-09,64.75,0
2018-03-12,65.436668396,0
2018-03-13,64.4266662598,0
2018-03-14,64.4199981689,0
2018-03-15,64.3700027466,0
2018-03-16,64.3433303833,0
2018-03-19,63.1166687012,0
2018-03-20,63.5800018311,0
2018-03-21,63.7000007629,0
2018-03-22,61.9000015259,0.125
2018-03-23,59.8400001526,0
2018-03-26,62.3366661072,0
2018-03-27,60.0433311462,0
2018-03-28,58.7433319092,0
2018-03-29,60.0166664124,0
2018-04-02,57.7233314514,0
2018-04-03,58.8166656494,0
2018-04-04,59.5733337402,0
2018-04-05,58.9633331299,0
2018-04-06,57.1800003052,0
2018-04-09,57.5400009155,0
2018-04-10,59.3800010681,0
2018-04-11,59.4033317566,0
2018-04-12,60.5233345032,0
2018-04-13,60.0766677856,0
2018-04-16,60.1833343506,0
2018-04-17,61.3233337402,0
2018-04-18,60.7200012207,0
2018-04-19,58.093334198,0
2018-04-20,57.406665802,0
2018-04-23,56.6433334351,0
2018-04-24,56.186668396,0
2018-04-25,56.1166687012,0
2018-04-26,57.2633323669,0
2018-04-27,56.8633346558,0
2018-04-30,56.2400016785,0
2018-05-01,57.1633338928,0
2018-05-02,56.9099998474,0
2018-05-03,57.25,0
2018-05-04,58.593334198,0
2018-05-07,59.1599998474,0
2018-05-08,59.5099983215,0
2018-05-09,60.4166679382,0
2018-05-10,61.5166664124,0
2018-05-11,61.0666656494,0
2018-05-14,61.813331604,0
2018-05-15,61.1433334351,0
2018-05-16,61.9300003052,0
2018-05-17,61.75,0
2018-05-18,60.8666687012,0
2018-05-21,61.4766654968,0
2018-05-22,61.8199996948,0
2018-05-23,62.1533317566,0
2018-05-24,62.4033317566,0
2018-05-25,62.906665802,0
2018-05-29,62.5266685486,0
2018-05-30,62.9333343506,0
2018-05-31,62.4766654968,0
2018-06-01,63.9000015259,0
2018-06-04,64.4066696167,0
2018-06-05,64.7133331299,0
2018-06-06,65.123336792,0
2018-06-07,64.5433349609,0
2018-06-08,63.9666671753,0
2018-06-11,63.843334198,0
2018-06-12,64.1733322144,0
2018-06-13,64.0766677856,0
2018-06-14,64.4599990845,0
2018-06-15,64.4033355713,0
2018-06-18,63.7833328247,0
2018-06-19,63.0833320618,0
2018-06-20,63.3866653442,0
2018-06-21,62.5999984741,0
2018-06-22,62.1033325195,0
2018-06-25,60.2766685486,0
2018-06-26,60.2833328247,0.206667
2018-06-27,58.843334198,0
2018-06-28,59.2900009155,0
2018-06-29,59.4133338928,0
2018-07-02,59.7866668701,0
2018-07-03,58.6966667175,0
2018-07-05,60.2666664124,0
2018-07-06,61.0066680908,0
2018-07-09,61.3966674805,0
2018-07-10,62.0466651917,0
2018-07-11,60.4533348083,0
2018-07-12,60.8600006104,0
2018-07-13,60.6399993896,0
2018-07-16,60.5566673279,0
2018-07-17,61.4266662598,0
2018-07-18,61.9000015259,0
2018-07-19,61.7633323669,0
2018-07-20,61.4733314514,0
2018-07-23,61.5566673279,0
2018-07-24,60.8866653442,0
2018-07-25,61.1166687012,0
2018-07-26,62.3100013733,0
2018-07-27,62.0333328247,0
2018-07-30,61.4266662598,0
2018-07-31,61.8333320618,0
2018-08-01,61.7433319092,0
2018-08-02,62.3499984741,0
2018-08-03,62.4799995422,0
2018-08-06,62.8566665649,0
2018-08-07,63.3566665649,0
2018-08-08,63.5033340454,0
2018-08-09,62.8766670227,0
2018-08-10,61.3166656494,0
2018-08-13,61.406665802,0
2018-08-14,61.2833328247,0
2018-08-15,60.4333343506,0
2018-08-16,60.3566665649,0
2018-08-17,59.906665802,0
2018-08-20,59.8533325195,0
2018-08-21,61.0200004578,0
2018-08-22,61.3066673279,0
2018-08-23,61.3766670227,0
2018-08-24,62.2666664124,0
2018-08-27,63.2566680908,0
2018-08-28,63.5,0
2018-08-29,63.6666679382,0
2018-08-30,63.0966682434,0
2018-08-31,63.4399986267,0
2018-09-04,63.9500007629,0
2018-09-05,63.6399993896,0
2018-09-06,61.9533348083,0
2018-09-07,61.6966667175,0
2018-09-10,62.3499984741,0
2018-09-11,61.7466659546,0
2018-09-12,61.0333328247,0
2018-09-13,61.7299995422,0
2018-09-14,62.4233322144,0
2018-09-17,61.5533332825,0
2018-09-18,62.0833320618,0
2018-09-19,62.1800003052,0
2018-09-20,62.9333343506,0
2018-09-21,62.7633323669,0
2018-09-24,62.9799995422,0
2018-09-25,61.9766654968,0
2018-09-26,61.0666656494,0.272333
2018-09-27,61.2966651917,0
2018-09-28,61.6833343506,0
2018-10-01,61.8966674805,0
2018-10-02,61.8966674805,0
2018-10-03,61.9533348083,0
2018-10-04,60.8566665649,0
2018-10-05,59.4166679382,0
2018-10-08,58.7533340454,0
2018-10-09,58.686668396,0
2018-10-10,56.0966682434,0
2018-10-11,55.5366668701,0
2018-10-12,56.5466651917,0
2018-10-15,56.0833320618,0
2018-10-16,57.9099998474,0
2018-10-17,57.6800003052,0
2018-10-18,56.2366676331,0
2018-10-19,55.3933334351,0
2018-10-22,55.7333335876,0
2018-10-23,55.4433326721,0
2018-10-24,51.8066673279,0
2018-10-25,52.9633331299,0
2018-10-26,52.0433311462,0
2018-10-29,51.5,0
2018-10-30,53.6399993896,0
2018-10-31,54.3199996948,0
2018-11-01,56.8699989319,0
2018-11-02,56.0133323669,0
2018-11-05,55.5033340454,0
2018-11-06,56.1500015259,0
2018-11-07,56.7866668701,0
2018-11-08,56.6333312988,0
2018-11-09,55.5533332825,0
2018-11-12,53.0733337402,0
2018-11-13,53.8033332825,0
2018-11-14,54.0400009155,0
2018-11-15,55.8666687012,0
2018-11-16,55.1933326721,0
2018-11-19,53.0833320618,0
2018-11-20,53.1500015259,0
2018-11-21,53.3699989319,0
2018-11-23,53.4000015259,0
2018-11-26,54.3666687012,0
2018-11-27,54.4466667175,0
2018-11-28,55.7200012207,0
2018-11-29,55.313331604,0
2018-11-30,56.0833320618,0
2018-12-03,57.5566673279,0
2018-12-04,54.8033332825,0
2018-12-06,54.5233345032,0
2018-12-07,52.4900016785,0
2018-12-10,53.1633338928,0
2018-12-11,53.5033340454,0
2018-12-12,54.2633323669,0
2018-12-13,54.1500015259,0
2018-12-14,53.3833312988,0
2018-12-17,52.5800018311,0.113
2018-12-18,53.2733345032,0
2018-12-19,51.0066680908,0
2018-12-20,50.6533317566,0
2018-12-21,49.7933311462,0
2018-12-24,48.3333320618,0
2018-12-26,51.2333335876,0
2018-12-27,51.5699996948,0
2018-12-28,51.9399986267,0
2018-12-31,52.3033332825,0
2019-01-02,52.6399993896,0
2019-01-03,49.5699996948,0
2019-01-04,51.8066673279,0
2019-01-07,52.7633323669,0
2019-01-08,52.5333328247,0
2019-01-09,53.8833312988,0
2019-01-10,54.3600006104,0
2019-01-11,54.9433326721,0
2019-01-14,54.0499992371,0
2019-01-15,54.2066688538,0
2019-01-16,53.7099990845,0
2019-01-17,54.2066688538,0
2019-01-18,55.6166687012,0
2019-01-22,54.0166664124,0
2019-01-23,53.6366653442,0
2019-01-24,56.7533340454,0
2019-01-25,57.9300003052,0
2019-01-28,56.7866668701,0
2019-01-29,55.9666671753,0
2019-01-30,57.5900001526,0
2019-01-31,57.563331604,0
2019-02-01,58.2533340454,0
2019-02-04,58.5466651917,0
2019-02-05,58.813331604,0
2019-02-06,60.3966674805,0
2019-02-07,59.0866661072,0
2019-02-08,58.9833335876,0
2019-02-11,59.2733345032,0
2019-02-12,60.5266685486,0
2019-02-13,60.7200012207,0
2019-02-14,60.8833312988,0
2019-02-15,61.1966667175,0
2019-02-19,61.1133346558,0
2019-02-20,61.6333312988,0
2019-02-21,61.1766662598,0
2019-02-22,61.8333320618,0
2019-02-25,62.343334198,0
2019-02-26,61.9533348083,0
2019-02-27,61.2099990845,0
2019-02-28,61.2466659546,0
2019-03-01,61.7900009155,0
2019-03-04,61.7966651917,0
2019-03-05,61.5600013733,0
2019-03-06,60.5433311462,0
2019-03-07,59.8899993896,0
2019-03-08,59.8366661072,0
2019-03-11,61.2299995422,0
2019-03-12,61.4599990845,0
2019-03-13,61.7066688538,0
2019-03-14,61.3699989319,0
2019-03-15,63.1500015259,0
2019-03-18,63.0533332825,0
2019-03-19,63.8699989319,0
2019-03-20,63.0999984741,0.173333
2019-03-21,65.2799987793,0
2019-03-22,63.4399986267,0
2019-03-25,62.6466674805,0
2019-03-26,63.2466659546,0
2019-03-27,62.3600006104,0
2019-03-28,62.2566680908,0
2019-03-29,63.1800003052,0
2019-04-01,64.7566680908,0
2019-04-02,64.8533325195,0
2019-04-03,66.2866668701,0
2019-04-04,66.4300003052,0
2019-04-05,66.9100036621,0
2019-04-08,67.0666656494,0
2019-04-09,66.3700027466,0
2019-04-10,66.8833312988,0
2019-04-11,66.8266677856,0
2019-04-12,67.7533340454,0
2019-04-15,67.25,0
2019-04-16,69.4033355713,0
2019-04-17,70.5533294678,0
2019-04-18,70.563331604,0
2019-04-22,70.5100021362,0
2019-04-23,71.2366638184,0
2019-04-24,71.8966674805,0
2019-04-25,70.6333312988,0
2019-04-26,70.0500030518,0
2019-04-29,69.9666671753,0
2019-04-30,70.5199966431,0
2019-05-01,69.9566650391,0
2019-05-02,70.6299972534,0
2019-05-03,71.1833343506,0
2019-05-06,70.0233306885,0
2019-05-07,68.3000030518,0
2019-05-08,67.7166671753,0
2019-05-09,66.9700012207,0
2019-05-10,67.0666656494,0
2019-05-13,63.9300003052,0
2019-05-14,65.4033355713,0
2019-05-15,65.9066696167,0
2019-05-16,64.8666687012,0
2019-05-17,63.6033325195,0
2019-05-20,61.0666656494,0
2019-05-21,62.3166656494,0
2019-05-22,61,0
2019-05-23,60.0499992371,0
2019-05-24,59.5266685486,0
2019-05-28,59.0166664124,0
2019-05-29,59.2299995422,0
2019-05-30,59.7299995422,0
2019-05-31,58.8400001526,0
2019-06-03,58.9799995422,0
2019-06-04,61.5600013733,0
2019-06-05,61.1166687012,0
2019-06-06,61.9633331299,0
2019-06-07,62.6633338928,0
2019-06-10,64.1900024414,0
2019-06-11,64.4466705322,0
2019-06-12,62.9500007629,0
2019-06-13,63.2533340454,0
2019-06-14,61.6599998474,0
2019-06-17,60.9533348083,0.252333
2019-06-18,63.5900001526,0
2019-06-19,63.7166671753,0
2019-06-20,64.2533340454,0
2019-06-21,63.8866653442,0
2019-06-24,63.9533348083,0
2019-06-25,63.0699996948,0
2019-06-26,65.1066665649,0
2019-06-27,66.0533294678,0
2019-06-28,66.1366653442,0
2019-07-01,67.8033294678,0
2019-07-02,66.9566650391,0
2019-07-03,66.6500015259,0
2019-07-05,66.2699966431,0
2019-07-08,65.7566680908,0
2019-07-09,66.1666641235,0
2019-07-10,66.6999969482,0
2019-07-11,66.8866653442,0
2019-07-12,68.1033325195,0
2019-07-15,68.6999969482,0
2019-07-16,67.9700012207,0
2019-07-17,68.1733322144,0
2019-07-18,69.1600036621,0
2019-07-19,69.0800018311,0
2019-07-22,70.4000015259,0
2019-07-23,71.3033294678,0
2019-07-24,73.4766693115,0
2019-07-25,72.2433319092,0
2019-07-26,72.2233352661,0
2019-07-29,72.4199981689,0
2019-07-30,72.2566680908,0
2019-07-31,69.8600006104,0
2019-08-01,68.4800033569,0
2019-08-02,67.4700012207,0
2019-08-05,64.5566635132,0
2019-08-06,65.3799972534,0
2019-08-07,65.7933349609,0
2019-08-08,67.6166687012,0
2019-08-09,66.436668396,0
2019-08-12,65.5666656494,0
2019-08-13,67.5033340454,0
2019-08-14,65.4266662598,0
2019-08-15,65.3066635132,0
2019-08-16,67.0466690063,0
2019-08-19,68.2799987793,0
2019-08-20,68.0266647339,0
2019-08-21,68.5833358765,0
2019-08-22,68.5833358765,0
2019-08-23,65.6033325195,0
2019-08-26,66.1600036621,0
2019-08-27,65.9133300781,0
2019-08-28,66.3300018311,0
2019-08-29,67.9233322144,0
2019-08-30,68.2433319092,0
2019-09-03,67.1200027466,0
2019-09-04,68.9233322144,0
2019-09-05,71.0433349609,0
2019-09-06,71.2333297729,0
2019-09-09,71.4933319092,0
2019-09-10,71.813331604,0
2019-09-11,72.8899993896,0
2019-09-12,73.0533294678,0
2019-09-13,72.9066696167,0
2019-09-16,72.436668396,0
2019-09-17,72.5966644287,0
2019-09-18,72.7300033569,0
2019-09-19,72.2533340454,0
2019-09-20,70.9233322144,0
2019-09-23,71.7600021362,0
2019-09-24,70.2600021362,0.32
2019-09-25,71.436668396,0
2019-09-26,71.5266647339,0
2019-09-27,69.8533325195,0
2019-09-30,70.4700012207,0
2019-10-01,69.8099975586,0
2019-10-02,68.7900009155,0
2019-10-03,70,0
2019-10-04,71.1633300781,0
2019-10-07,70.7466659546,0
2019-10-08,68.5566635132,0
2019-10-09,69.6766662598,0
2019-10-10,70.3566665649,0
2019-10-11,72.0166702271,0
2019-10-14,72.0066680908,0
2019-10-15,73.5899963379,0
2019-10-16,72.5466690063,0
2019-10-17,72.6699981689,0
2019-10-18,71.9000015259,0
2019-10-21,73.3166656494,0
2019-10-22,72.6766662598,0
2019-10-23,71.2766647339,0
2019-10-24,73.0400009155,0
2019-10-25,74.5666656494,0
2019-10-28,75.9233322144,0
2019-10-29,75.1366653442,0
2019-10-30,75.1633300781,0
2019-10-31,74.7833328247,0
2019-11-01,76.5,0
2019-11-04,78.2033309937,0
2019-11-05,78.2466659546,0
2019-11-06,77.7233352661,0
2019-11-07,78.1933364868,0
2019-11-08,78.5866699219,0
2019-11-11,78.2633361816,0
2019-11-12,78.4233322144,0
2019-11-13,78.5066680908,0
2019-11-14,78.2466659546,0
2019-11-15,78.9633331299,0
2019-11-18,78.7833328247,0
2019-11-19,78.3899993896,0
2019-11-20,77.4666671753,0
2019-11-21,76.6399993896,0
2019-11-22,76.5599975586,0
2019-11-25,78.3966674805,0
2019-11-26,78.1033325195,0
2019-11-27,78.6666641235,0
2019-11-29,77.8233337402,0
2019-12-02,76.626663208,0
2019-12-03,75.4400024414,0
2019-12-04,76.6333312988,0
2019-12-05,77.0166702271,0
2019-12-06,78.1299972534,0
2019-12-09,77.7733306885,0
2019-12-10,78.1033325195,0
2019-12-11,79.7033309937,0
2019-12-12,81.8633346558,0
2019-12-13,81.5033340454,0
2019-12-16,81.9933319092,0.287333
2019-12-17,82.3633346558,0
2019-12-18,82.3199996948,0
2019-12-19,82.9833297729,0
2019-12-20,83.7733306885,0
2019-12-23,84.0400009155,0
2019-12-24,84.1766662598,0
2019-12-26,84.2733306885,0
2019-12-27,84.1066665649,0
2019-12-30,83.4733352661,0
2019-12-31,83.6999969482,0
2020-01-02,85.4300003052,0
2020-01-03,83.8366699219,0
2020-01-06,82.9633331299,0
2020-01-07,84.4899978638,0
2020-01-08,84.4133300781,0
2020-01-09,84.9466705322,0
2020-01-10,84.4533309937,0
2020-01-13,85.4400024414,0
2020-01-14,85.626663208,0
2020-01-15,84.7200012207,0
2020-01-16,86.0599975586,0
2020-01-17,86.7066650391,0
2020-01-21,86.6566696167,0
2020-01-22,87.2399978638,0
2020-01-23,87.9000015259,0
2020-01-24,86.9666671753,0
2020-01-27,83.6466674805,0
2020-01-28,85.5866699219,0
2020-01-29,84.0133361816,0
2020-01-30,84.0166702271,0
2020-01-31,81.0199966431,0
2020-02-03,81.9266662598,0
2020-02-04,84.4866638184,0
2020-02-05,86.4333343506,0
2020-02-06,86.4833297729,0
2020-02-07,84.4433364868,0
2020-02-10,85.626663208,0
2020-02-11,87.3566665649,0
2020-02-12,88.7033309937,0
2020-02-13,88.7966690063,0
2020-02-14,88.5,0
2020-02-18,87.3633346558,0
2020-02-19,89.5666656494,0
2020-02-20,88.2666702271,0
2020-02-21,85.6433334351,0
2020-02-24,81.5400009155,0
2020-02-25,79.1100006104,0
2020-02-26,79.2166671753,0
2020-02-27,75.5599975586,0
2020-02-28,77.2633361816,0
2020-03-02,80,0
2020-03-03,77.1833343506,0
2020-03-04,81.126663208,0
2020-03-05,78.6833343506,0
2020-03-06,76.9633331299,0
2020-03-09,70.3899993896,0
2020-03-10,75.0100021362,0
2020-03-11,70.8066635132,0
2020-03-12,63.0433311462,0
2020-03-13,69.8066635132,0
2020-03-16,59.1766662598,0
2020-03-17,64.3833312988,0
2020-03-18,59.093334198,0
2020-03-19,60.6133346558,0
2020-03-20,58.8866653442,0
2020-03-23,60.9900016785,0
2020-03-24,67.5866699219,0
2020-03-25,66.4766693115,0.232
2020-03-26,70.9466705322,0
2020-03-27,67.4266662598,0
2020-03-30,69.7733306885,0
2020-03-31,68.4033355713,0
2020-04-01,64.6600036621,0
2020-04-02,66.5866699219,0
2020-04-03,65.3266677856,0
2020-04-06,71.9899978638,0
2020-04-07,71.7333297729,0
2020-04-08,74.1333312988,0
2020-04-09,72.5299987793,0
2020-04-13,73.3499984741,0
2020-04-14,76.7333297729,0
2020-04-15,74.4499969482,0
2020-04-16,76.5400009155,0
2020-04-17,77.1333312988,0
2020-04-20,75.4566650391,0
2020-04-21,71.7600021362,0
2020-04-22,76.1033325195,0
2020-04-23,75.3433303833,0
2020-04-24,76.9100036621,0
2020-04-27,77.936668396,0
2020-04-28,77.5333328247,0
2020-04-29,81.2133331299,0
2020-04-30,78.3466644287,0
2020-05-01,74.5266647339,0
2020-05-04,75.1466674805,0
2020-05-05,76.4100036621,0
2020-05-06,77.3466644287,0
2020-05-07,78.0433349609,0
2020-05-08,80.3466644287,0
2020-05-11,80.2699966431,0
2020-05-12,78.1399993896,0
2020-05-13,76.6333312988,0
2020-05-14,78.6833343506,0
2020-05-15,77.0566635132,0
2020-05-18,80.5966644287,0
2020-05-19,80.3333358765,0
2020-05-20,83.2933349609,0
2020-05-21,81.1966705322,0
2020-05-22,81.5566635132,0
2020-05-26,82.4133300781,0
2020-05-27,83.6833343506,0
2020-05-28,81.8566665649,0
2020-05-29,83.9533309937,0
2020-06-01,83.5,0
2020-06-02,85.3033294678,0
2020-06-03,87.7666702271,0
2020-06-04,88.5666656494,0
2020-06-05,90.7366638184,0
2020-06-08,90.5500030518,0
2020-06-09,90.6200027466,0
2020-06-10,90.9400024414,0
2020-06-11,85.1633300781,0
2020-06-12,86.3233337402,0
2020-06-15,87.2966690063,0.187667
2020-06-16,89,0
2020-06-17,89.6933364868,0
2020-06-18,89.5266647339,0
2020-06-19,89.0933303833,0
2020-06-22,89.75,0
2020-06-23,90.0699996948,0
2020-06-24,88.0933303833,0
2020-06-25,88.7233352661,0
2020-06-26,87.0599975586,0
2020-06-29,88.0100021362,0
2020-06-30,90.2900009155,0
2020-07-01,89.1333312988,0
2020-07-02,90.2233352661,0
2020-07-06,92.6066665649,0
2020-07-07,91.5133361816,0
2020-07-08,92.7533340454,0
2020-07-09,93.9833297729,0
2020-07-10,93.6666641235,0
2020-07-13,92.126663208,0
2020-07-14,93.6500015259,0
2020-07-15,93.4866638184,0
2020-07-16,93.1366653442,0
2020-07-17,93.6066665649,0
2020-07-20,95.4566650391,0
2020-07-21,94.9700012207,0
2020-07-22,95.2833328247,0
2020-07-23,93.8266677856,0
2020-07-24,92.3533325195,0
2020-07-27,95.2300033569,0
2020-07-28,93.3899993896,0
2020-07-29,95.313331604,0
2020-07-30,97.1900024414,0
2020-07-31,96.7966690063,0
2020-08-03,98.5533294678,0
2020-08-04,100,0
2020-08-05,99.8966674805,0
2020-08-06,99.8433303833,0
2020-08-07,98.7333297729,0
2020-08-10,98.7300033569,0
2020-08-11,97.6999969482,0
2020-08-12,100.856666565,0
2020-08-13,99.8533325195,0
2020-08-14,99.7933349609,0
2020-08-17,100.916664124,0
2020-08-18,100.383331299,0
2020-08-19,99.813331604,0
2020-08-20,98.9266662598,0
2020-08-21,99.5966644287,0
2020-08-24,100.633331299,0
2020-08-25,101.61000061,0
2020-08-26,101.936668396,0
2020-08-27,100.776664734,0
2020-08-28,102.636665344,0
2020-08-31,102.406669617,0
2020-09-01,104.440002441,0
2020-09-02,107.466667175,0
2020-09-03,101.473335266,0
2020-09-04,100.419998169,0
2020-09-08,95.7266693115,0
2020-09-09,98.3333358765,0
2020-09-10,97,0
2020-09-11,96.9733352661,0
2020-09-14,98.9133300781,0
2020-09-15,100.620002747,0
2020-09-16,99.6766662598,0
2020-09-17,99.626663208,0
2020-09-18,98.0666656494,0
2020-09-21,97.8899993896,0
2020-09-22,98.9000015259,0
2020-09-23,96.2699966431,0.356333
2020-09-24,97.0833358765,0
2020-09-25,98.4166641235,0
2020-09-28,101.126663208,0
2020-09-29,101.363334656,0
2020-09-30,101.53666687,0
2020-10-01,103.709999084,0
2020-10-02,100.599998474,0
2020-10-05,103.743331909,0
2020-10-06,103.25,0
2020-10-07,105.226669312,0
2020-10-08,106.529998779,0
2020-10-09,108.403335571,0
2020-10-12,110.013336182,0
2020-10-13,109.816665649,0
2020-10-14,109.373336792,0
2020-10-15,109.080001831,0
2020-10-16,108.559997559,0
2020-10-19,108.013336182,0
2020-10-20,107.836669922,0
2020-10-21,107.113334656,0
2020-10-22,107.156669617,0
2020-10-23,106.779998779,0
2020-10-26,104.466667175,0
2020-10-27,104.056663513,0
2020-10-28,100.650001526,0
2020-10-29,103.203330994,0
2020-10-30,101.826667786,0
2020-11-02,102.190002441,0
2020-11-03,104.116668701,0
2020-11-04,107.756668091,0
2020-11-05,112.596664429,0
2020-11-06,114.433334351,0
2020-11-09,113.099998474,0
2020-11-10,109.706665039,0
2020-11-11,113.660003662,0
2020-11-12,112.256668091,0
2020-11-13,113.633331299,0
2020-11-16,116.459999084,0
2020-11-17,115.5,0
2020-11-18,114.63999939,0
2020-11-19,116.333335876,0
2020-11-20,115.790000916,0
2020-11-23,117.440002441,0
2020-11-24,118.080001831,0
2020-11-25,117.819999695,0
2020-11-27,119.223335266,0
2020-11-30,120.60333252,0
2020-12-01,122.593330383,0
2020-12-02,122.953330994,0
2020-12-03,123.113334656,0
2020-12-04,126.470001221,0
2020-12-07,127.11000061,0
2020-12-08,127.519996643,0
2020-12-09,123.92666626,0
2020-12-10,123.753334045,0
2020-12-11,122.550003052,0
2020-12-14,123.666664124,0.249
2020-12-15,125.38999939,0
2020-12-16,125.46333313,0
2020-12-17,125.693336487,0
2020-12-18,124.946670532,0
2020-12-21,124.38999939,0
2020-12-22,124.206665039,0
2020-12-23,123.273330688,0
2020-12-24,124.373336792,0
2020-12-28,124.236663818,0
2020-12-29,123.916664124,0
2020-12-30,125.993331909,0
2020-12-31,126.393333435,0
2021-01-04,125.863334656,0
2021-01-05,128.436660767,0
2021-01-06,128.020004272,0
2021-01-07,132.850006104,0
2021-01-08,132.919998169,0
2021-01-11,134.266662598,0
2021-01-12,135.080001831,0
2021-01-13,135.300003052,0
2021-01-14,138.166671753,0
2021-01-15,135.356674194,0
2021-01-19,140,0
2021-01-20,139.5,0
2021-01-21,141.516662598,0
2021-01-22,139.116668701,0
2021-01-25,139.316665649,0
2021-01-26,137.053329468,0
2021-01-27,129.940002441,0
2021-01-28,132.789993286,0
2021-01-29,130.473327637,0
2021-02-01,135.626663208,0
2021-02-02,137.826660156,0
2021-02-03,135.026672363,0
2021-02-04,136.133331299,0
2021-02-05,135.203338623,0
2021-02-08,139.259994507,0
2021-02-09,138.850006104,0
2021-02-10,139.123336792,0
2021-02-11,143.940002441,0
2021-02-12,145.720001221,0
2021-02-16,146.453338623,0
2021-02-17,143.943328857,0
2021-02-18,142.46333313,0
2021-02-19,145.89666748,0
2021-02-22,140.61000061,0
2021-02-23,139.553329468,0
2021-02-24,144.080001831,0
2021-02-25,135.873336792,0
2021-02-26,138.970001221,0
2021-03-01,143.399993896,0
2021-03-02,139.100006104,0
2021-03-03,134.843338013,0
2021-03-04,128.35333252,0
2021-03-05,132.203338623,0
2021-03-08,125.069999695,0
2021-03-09,132.839996338,0
2021-03-10,130.333328247,0
2021-03-11,135.820007324,0
2021-03-12,134.386672974,0
2021-03-15,137.220001221,0
2021-03-16,138.993331909,0
2021-03-17,140.743331909,0
2021-03-18,134.919998169,0
2021-03-19,136.586669922,0
2021-03-22,139.476669312,0
2021-03-23,135.809997559,0
2021-03-24,133.946670532,0
2021-03-25,133.836669922,0.252
2021-03-26,140.443328857,0
2021-03-29,138.289993286,0
2021-03-30,137.960006714,0
2021-03-31,141.330001831,0
2021-04-01,146.526672363,0
2021-04-05,149.483337402,0
2021-04-06,147.813339233,0
2021-04-07,147.716659546,0
2021-04-08,149.399993896,0
2021-04-09,148.933334351,0
2021-04-12,147.333328247,0
2021-04-13,147.100006104,0
2021-04-14,145.483337402,0
2021-04-15,147.919998169,0
2021-04-16,147.226669312,0
2021-04-19,143.356674194,0
2021-04-20,141.313339233,0
2021-04-21,145.020004272,0
2021-04-22,141.863327026,0
2021-04-23,144.449996948,0
2021-04-26,147.096664429,0
2021-04-27,145.993331909,0
2021-04-28,143.776672363,0
2021-04-29,144.710006714,0
2021-04-30,140.67666626,0
2021-05-03,139.21333313,0
2021-05-04,136.866668701,0
2021-05-05,137.723327637,0
2021-05-06,138.85333252,0
2021-05-07,140.759994507,0
2021-05-10,134.5,0
2021-05-11,134.679992676,0
2021-05-12,129.193328857,0
2021-05-13,130.839996338,0
2021-05-14,134.88999939,0
2021-05-17,133.71333313,0
2021-05-18,132.636672974,0
2021-05-19,135.223327637,0
2021-05-20,138.779998779,0
2021-05-21,138.013336182,0
2021-05-24,141.5,0
2021-05-25,141.919998169,0
2021-05-26,142.300003052,0
2021-05-27,142.899993896,0
2021-05-28,144.226669312,0
2021-06-01,143.82333374,0
2021-06-02,144.699996948,0
2021-06-03,142.21333313,0
2021-06-04,145.666671753,0
2021-06-07,144.533340454,0
2021-06-08,143.706665039,0
2021-06-09,143,0
2021-06-10,144.470001221,0.170667
2021-06-11,145.199996948,0
2021-06-14,147.263336182,0
2021-06-15,146.056671143,0
2021-06-16,144.683334351,0
2021-06-17,146.243331909,0
2021-06-18,142.743331909,0
2021-06-21,143.270004272,0
2021-06-22,143.946670532,0
2021-06-23,144.546661377,0
2021-06-24,147.003326416,0
2021-06-25,146.60333252,0
2021-06-28,150.10333252,0
2021-06-29,151.279998779,0
2021-06-30,151.406661987,0
2021-07-01,149.236663818,0
2021-07-02,150.14666748,0
2021-07-06,149.88999939,0
2021-07-07,147.619995117,0
2021-07-08,145.723327637,0
2021-07-09,148.100006104,0
2021-07-12,150,0
2021-07-13,149.399993896,0
2021-07-14,148.710006714,0
2021-07-15,145.410003662,0
2021-07-16,142.25,0
2021-07-19,142.106674194,0
2021-07-20,144.043334961,0
2021-07-21,148.466659546,0
2021-07-22,147.589996338,0
2021-07-23,148.343338013,0
2021-07-26,148.38999939,0
2021-07-27,145.666671753,0
2021-07-28,148.046661377,0
2021-07-29,151.066665649,0
2021-07-30,152.303329468,0
2021-08-02,153.266662598,0
2021-08-03,154.433334351,0
2021-08-04,156.006668091,0
2021-08-05,156.033340454,0
2021-08-06,155.256668091,0
2021-08-09,154.729995728,0
2021-08-10,152.933334351,0
2021-08-11,152.410003662,0
2021-08-12,150.773330688,0
2021-08-13,151.720001221,0
2021-08-16,151.156661987,0
2021-08-17,148.229995728,0
2021-08-18,146.270004272,0
2021-08-19,147.470001221,0
2021-08-20,148.576660156,0
2021-08-23,152.759994507,0
2021-08-24,152.759994507,0
2021-08-25,153.923339844,0
2021-08-26,154.066665649,0
2021-08-27,157.006668091,0
2021-08-30,157.320007324,0
2021-08-31,156.063339233,0
2021-09-01,155.21333313,0
2021-09-02,155.793334961,0
2021-09-03,156.960006714,0
2021-09-07,156.383331299,0
2021-09-08,154.380004883,0
2021-09-09,154.923339844,0
2021-09-10,156.153335571,0
2021-09-13,157.649993896,0
2021-09-14,157.656661987,0
2021-09-15,158.563339233,0
2021-09-16,158.866668701,0
2021-09-17,156.333328247,0
2021-09-20,152.46333313,0
2021-09-21,152.913330078,0
2021-09-22,156.086669922,0
2021-09-23,158.166671753,0
2021-09-24,157.600006104,0.385667
2021-09-27,157.216659546,0
2021-09-28,151.066665649,0
2021-09-29,148.683334351,0
2021-09-30,148.623336792,0
2021-10-01,148.720001221,0
2021-10-04,144.88999939,0
2021-10-05,147.083328247,0
2021-10-06,147.656661987,0
2021-10-07,149.383331299,0
2021-10-08,147.85333252,0
2021-10-11,146.863327026,0
2021-10-12,145.029998779,0
2021-10-13,145.866668701,0
2021-10-14,150.393325806,0
2021-10-15,151.39666748,0
2021-10-18,152.616668701,0
2021-10-19,154.486663818,0
2021-10-20,154.166671753,0
2021-10-21,155.720001221,0
2021-10-22,153.973327637,0
2021-10-25,155.029998779,0
2021-10-26,155.14666748,0
2021-10-27,154.033340454,0
2021-10-28,157.506668091,0
2021-10-29,158.210006714,0
2021-11-01,160.789993286,0
2021-11-02,162.789993286,0
2021-11-03,164.666671753,0
2021-11-04,170.206665039,0
2021-11-05,172.096664429,0
2021-11-08,174.423339844,0
2021-11-09,174.423339844,0
2021-11-10,169.279998779,0
2021-11-11,172.86000061,0
2021-11-12,174.550003052,0
2021-11-15,174.419998169,0
2021-11-16,177.033340454,0
2021-11-17,175.800003052,0
2021-11-18,178.740005493,0
2021-11-19,179.236663818,0
2021-11-22,176.63999939,0
2021-11-23,175.929992676,0
2021-11-24,177.863327026,0
2021-11-26,172.913330078,0
2021-11-29,179.559997559,0
2021-11-30,176.413330078,0
2021-12-01,175.003326416,0
2021-12-02,175.256668091,0
2021-12-03,174.813339233,0
2021-12-06,174.589996338,0
2021-12-07,183.399993896,0
2021-12-08,182.206665039,0
2021-12-09,178.016662598,0
2021-12-10,179.696670532,0
2021-12-13,174.626663208,0.291
2021-12-14,173.78666687,0
2021-12-15,180.166671753,0
2021-12-16,172.306671143,0
2021-12-17,171.899993896,0
2021-12-20,170.553329468,0
2021-12-21,176.706665039,0
2021-12-22,178.543334961,0
2021-12-23,180.270004272,0
2021-12-27,185.210006714,0
2021-12-28,183.166671753,0
2021-12-29,183.446670532,0
2021-12-30,181.320007324,0.051667
2021-12-31,180.773330688,0
2022-01-03,184.366668701,0
2022-01-04,183.800003052,0
2022-01-05,177.556671143,0
2022-01-06,178.936660767,0
2022-01-07,173.746673584,0
2022-01-10,173.809997559,0
2022-01-11,177.080001831,0
2022-01-12,178.380004883,0
2022-01-13,174.216659546,0
2022-01-14,178.386672974,0
2022-01-18,170.413330078,0
2022-01-19,165.399993896,0
2022-01-20,160.21333313,0
2022-01-21,157.546661377,0
2022-01-24,159.346664429,0
2022-01-25,153.399993896,0
2022-01-26,155.756668091,0
2022-01-27,148.82333374,0
2022-01-28,151.67666626,0
2022-01-31,159.82333374,0
2022-02-01,161.153335571,0
2022-02-02,165.223327637,0
2022-02-03,158.033340454,0
2022-02-04,158.940002441,0
2022-02-07,158.850006104,0
2022-02-08,162.866668701,0
2022-02-09,168.210006714,0
2022-02-10,162.966659546,0
2022-02-11,154.673339844,0
2022-02-14,154.820007324,0
2022-02-15,163.363327026,0
2022-02-16,163.416671753,0
2022-02-17,157.279998779,0
2022-02-18,155.523330688,0
2022-02-22,154.576660156,0
2022-02-23,150.893325806,0
2022-02-24,156.413330078,0
2022-02-25,159.020004272,0
2022-02-28,158.053329468,0
2022-03-01,152.32333374,0
2022-03-02,157.166671753,0
2022-03-03,153.869995117,0
2022-03-04,149.78666687,0
2022-03-07,142.273330688,0
2022-03-08,145,0
2022-03-09,151.076660156,0
2022-03-10,147.976669312,0
2022-03-11,144.800003052,0
2022-03-14,140.113327026,0
2022-03-15,146.553329468,0
2022-03-16,154.100006104,0
2022-03-17,155.050003052,0
2022-03-18,158.076660156,0
2022-03-21,157.763336182,0
2022-03-22,158.636672974,0
2022-03-23,154.63999939,0
2022-03-24,162.13999939,0.291667
2022-03-25,161.773330688,0
2022-03-28,163.029998779,0
2022-03-29,166.766662598,0
2022-03-30,161.433334351,0
2022-03-31,157.759994507,0
2022-04-01,154.703338623,0
2022-04-04,157.216659546,0
2022-04-05,149.979995728,0
2022-04-06,146.25,0
2022-04-07,146.570007324,0
2022-04-08,142.933334351,0
2022-04-11,139.996673584,0
2022-04-12,139.570007324,0
2022-04-13,142.57333374,0
2022-04-14,138.630004883,0
2022-04-18,141.029998779,0
2022-04-19,144.119995117,0
2022-04-20,143.800003052,0
2022-04-21,139.96333313,0
2022-04-22,136.850006104,0
2022-04-25,139.163330078,0
2022-04-26,132.993331909,0
2022-04-27,132.266662598,0
2022-04-28,139.556671143,0
2022-04-29,133.593338013,0
2022-05-02,138.053329468,0
2022-05-03,139.196670532,0
2022-05-04,144.596664429,0
2022-05-05,137.593338013,0
2022-05-06,136.366668701,0
2022-05-09,129.423339844,0
2022-05-10,132.366668701,0
2022-05-11,128.456665039,0
2022-05-12,129.236663818,0
2022-05-13,135.833328247,0
2022-05-16,133.766662598,0
2022-05-17,140.263336182,0
2022-05-18,133.193328857,0
2022-05-19,132.386672974,0
2022-05-20,132.316665649,0
2022-05-23,132.886672974,0
2022-05-24,129.649993896,0
2022-05-25,131.983337402,0
2022-05-26,137.13999939,0
2022-05-27,142.779998779,0
2022-05-31,142.046661377,0
2022-06-01,139.793334961,0
2022-06-02,144.663330078,0
2022-06-03,140.336669922,0
2022-06-06,140.580001831,0
2022-06-07,141.703338623,0
2022-06-08,138.686660767,0
2022-06-09,134.546661377,0.209333
2022-06-10,129.766662598,0
2022-06-13,122.279998779,0
2022-06-14,122.959999084,0
2022-06-15,125.07333374,0
2022-06-16,117.53666687,0
2022-06-17,118.013336182,0
2022-06-21,121.10333252,0
2022-06-22,119.839996338,0
2022-06-23,119.026664734,0
2022-06-24,124.300003052,0
2022-06-27,123.959999084,0
2022-06-28,120.936668396,0
2022-06-29,118.083335876,0
2022-06-30,116.53666687,0
2022-07-01,112.413330078,0
2022-07-05,113.300003052,0
2022-07-06,113.85333252,0
2022-07-07,118.949996948,0
2022-07-08,119.516670227,0
2022-07-11,116.763336182,0
2022-07-12,117.089996338,0
2022-07-13,117.75,0
2022-07-14,120.246665955,0
2022-07-15,123.116668701,0
2022-07-18,122.723335266,0
2022-07-19,128.133331299,0
2022-07-20,131.399993896,0
2022-07-21,133.546661377,0
2022-07-22,130.256668091,0
2022-07-25,129.433334351,0
2022-07-26,127.276664734,0
2022-07-27,133.100006104,0
2022-07-28,134.740005493,0
2022-07-29,135.776672363,0
2022-08-01,136.300003052,0
2022-08-02,136.039993286,0
2022-08-03,139.820007324,0
2022-08-04,140.830001831,0
2022-08-05,139.733337402,0
2022-08-08,137.619995117,0
2022-08-09,131.313339233,0
2022-08-10,136.763336182,0
2022-08-11,136.586669922,0
2022-08-12,140.583328247,0
2022-08-15,141.106674194,0
2022-08-16,139.663330078,0
2022-08-17,136.289993286,0
2022-08-18,139.39666748,0
2022-08-19,135.633331299,0
2022-08-22,130.529998779,0
2022-08-23,131.179992676,0
2022-08-24,131.509994507,0
2022-08-25,136.330001831,0
2022-08-26,128.596664429,0
2022-08-29,126,0
2022-08-30,124.533332825,0
2022-08-31,123.230003357,0
2022-09-01,120.943336487,0
2022-09-02,119.616668701,0
2022-09-06,118.236663818,0
2022-09-07,120.236663818,0
2022-09-08,122.263336182,0
2022-09-09,125.196670532,0
2022-09-12,125.806663513,0
2022-09-13,117.993331909,0
2022-09-14,119.333335876,0
2022-09-15,117.35333252,0
2022-09-16,118.056663513,0
2022-09-19,118.67666626,0
2022-09-20,117.099998474,0
2022-09-21,115.916664124,0
2022-09-22,112.763336182,0
2022-09-23,111.253334045,0
2022-09-26,108.993331909,0.600667
2022-09-27,110.006668091,0
2022-09-28,111.566665649,0
2022-09-29,108.096664429,0
2022-09-30,106.243331909,0
2022-10-03,109.916664124,0
2022-10-04,115.07333374,0
2022-10-05,116.013336182,0
2022-10-06,115.550003052,0
2022-10-07,108.616668701,0
2022-10-10,104.923332214,0
2022-10-11,101.973335266,0
2022-10-12,100.983329773,0
2022-10-13,103.88999939,0
2022-10-14,99.5599975586,0
2022-10-17,101.669998169,0
2022-10-18,102.019996643,0
2022-10-19,102.673332214,0
2022-10-20,103.309997559,0
2022-10-21,107.150001526,0
2022-10-24,107.613334656,0
2022-10-25,110.069999695,0
2022-10-26,108.986663818,0
2022-10-27,107.053329468,0
2022-10-28,111.25,0
2022-10-31,108.826667786,0
2022-11-01,109.703330994,0
2022-11-02,106.239997864,0
2022-11-03,104.816665649,0
2022-11-04,109.666664124,0
2022-11-07,112.03666687,0
2022-11-08,114.503334045,0
2022-11-09,110.843330383,0
2022-11-10,122.313331604,0
2022-11-11,126.056663513,0
2022-11-14,124.67666626,0
2022-11-15,128.289993286,0
2022-11-16,122.993331909,0
2022-11-17,123.956665039,0
2022-11-18,124.233329773,0
2022-11-21,122.173332214,0
2022-11-22,125.813331604,0
2022-11-23,127.333335876,0
2022-11-25,125.636665344,0
2022-11-28,122.496665955,0
2022-11-29,122.023330688,0
2022-11-30,129.343338013,0
2022-12-01,128.413330078,0
2022-12-02,126.96333313,0
2022-12-05,125.356666565,0
2022-12-06,122.720001221,0
2022-12-07,122.456665039,0
2022-12-08,125.996665955,0
2022-12-09,124.830001831,0
2022-12-12,127.040000916,0
2022-12-13,128.863327026,0.354
2022-12-14,126.930000305,0
2022-12-15,121.559997559,0
2022-12-16,120.63999939,0
2022-12-19,119.14666748,0
2022-12-20,118.419998169,0
2022-12-21,121.086669922,0
2022-12-22,116.193336487,0
2022-12-23,116.293334961,0
2022-12-27,114.193336487,0
2022-12-28,112.510002136,0
2022-12-29,116.099998474,0
2022-12-30,115.993331909,0
2023-01-03,114.863334656,0
2023-01-04,117.819999695,0
2023-01-05,115.833335876,0
2023-01-06,121.223335266,0
2023-01-09,123.456665039,0
2023-01-10,125.053329468,0
2023-01-11,126.666664124,0
2023-01-12,128.206665039,0
2023-01-13,128.736663818,0
2023-01-17,128.883331299,0
2023-01-18,128.206665039,0
2023-01-19,124.61000061,0
2023-01-20,128.509994507,0
2023-01-23,134.96333313,0
2023-01-24,133.943328857,0
2023-01-25,134.306671143,0
2023-01-26,136.570007324,0
2023-01-27,135.699996948,0
2023-01-30,132.096664429,0
2023-01-31,134.559997559,0
2023-02-01,141.576660156,0
2023-02-02,144.856674194,0
2023-02-03,142.029998779,0
2023-02-06,139.723327637,0
2023-02-07,144.166671753,0
2023-02-08,141.066665649,0
2023-02-09,141.42666626,0
2023-02-10,139.17666626,0
2023-02-13,141.223327637,0
2023-02-14,143.78666687,0
2023-02-15,144.373336792,0
2023-02-16,140.833328247,0
2023-02-17,138.63999939,0
2023-02-21,134.149993896,0
2023-02-22,133.506668091,0
2023-02-23,137.89666748,0
2023-02-24,135.42666626,0
2023-02-27,136.143325806,0
2023-02-28,136.61000061,0
2023-03-01,136.64666748,0
2023-03-02,137.740005493,0
2023-03-03,139.863327026,0
2023-03-06,138.236663818,0
2023-03-07,136.779998779,0
2023-03-08,140.416671753,0
2023-03-09,137.626663208,0
2023-03-10,134.966659546,0
2023-03-13,135.006668091,0
2023-03-14,138.953338623,0
2023-03-15,137.333328247,0
2023-03-16,142.696670532,0
2023-03-17,141.813339233,0
2023-03-20,143.313339233,0
2023-03-21,143.596664429,0
2023-03-22,142.169998169,0
2023-03-23,145.67666626,0.357333
2023-03-24,143.149993896,0
2023-03-27,141.470001221,0
2023-03-28,140.410003662,0
2023-03-29,144.923339844,0
2023-03-30,147.309997559,0
2023-03-31,148.223327637,0
2023-04-03,146.943328857,0
2023-04-04,144.203338623,0
2023-04-05,141.703338623,0
2023-04-06,140.973327637,0
2023-04-10,143.46333313,0
2023-04-11,142.710006714,0
2023-04-12,140.100006104,0
2023-04-13,141.253326416,0
2023-04-14,141.033340454,0
2023-04-17,141.033340454,0
2023-04-18,141.643325806,0
2023-04-19,140.093338013,0
2023-04-20,139.96333313,0
2023-04-21,138.936660767,0
2023-04-24,138.313339233,0
2023-04-25,133.666671753,0
2023-04-26,134.380004883,0
2023-04-27,134.946670532,0
2023-04-28,137.380004883,0
2023-05-01,138.623336792,0
2023-05-02,137.633331299,0
2023-05-03,136.053329468,0
2023-05-04,135.289993286,0
2023-05-05,138.300003052,0
2023-05-08,138.883331299,0
2023-05-09,136.520004272,0
2023-05-10,137.910003662,0
2023-05-11,137.006668091,0
2023-05-12,136.880004883,0
2023-05-15,140.596664429,0
2023-05-16,140.333328247,0
2023-05-17,143.800003052,0
2023-05-18,148.343338013,0
2023-05-19,147.580001831,0
2023-05-22,148.089996338,0
2023-05-23,146.259994507,0
2023-05-24,143.643325806,0
2023-05-25,153.210006714,0
2023-05-26,163.223327637,0
2023-05-30,163.086669922,0
2023-05-31,158.899993896,0
2023-06-01,161.633331299,0
2023-06-02,161.253326416,0
2023-06-05,158.756668091,0
2023-06-06,160.673339844,0
2023-06-07,160.220001221,0.217
2023-06-08,161.86000061,0
2023-06-09,162.28666687,0
2023-06-12,167.513336182,0
2023-06-13,169.756668091,0
2023-06-14,172.166671753,0
2023-06-15,170.743331909,0
2023-06-16,169.166671753,0
2023-06-20,167.796661377,0
2023-06-21,163.706665039,0
2023-06-22,164.470001221,0
2023-06-23,161.57333374,0
2023-06-26,162.096664429,0
2023-06-27,167.759994507,0
2023-06-28,166.466659546,0
2023-06-29,166.513336182,0
2023-06-30,169.086669922,0
2023-07-03,170.589996338,0
2023-07-05,166.820007324,0
2023-07-06,164.716659546,0
2023-07-07,164.78666687,0
2023-07-10,168.216659546,0
2023-07-11,168.223327637,0
2023-07-12,171.356674194,0
2023-07-13,174.89666748,0
2023-07-14,172.710006714,0
2023-07-17,176.843338013,0
2023-07-18,177.169998169,0
2023-07-19,175.066665649,0
2023-07-20,168.699996948,0
2023-07-21,170.223327637,0
2023-07-24,170.216659546,0
2023-07-25,173.080001831,0
2023-07-26,170.690002441,0
2023-07-27,173.899993896,0
2023-07-28,177.696670532,0
2023-07-31,178.433334351,0
2023-08-01,178.546661377,0
2023-08-02,171.71333313,0
2023-08-03,171.273330688,0
2023-08-04,171.003326416,0
2023-08-07,172.803329468,0
2023-08-08,170.053329468,0
2023-08-09,166.933334351,0
2023-08-10,166.259994507,0
2023-08-11,162.229995728,0
2023-08-14,166.910003662,0
2023-08-15,164.123336792,0
2023-08-16,160.946670532,0
2023-08-17,159.373336792,0
2023-08-18,160.229995728,0
2023-08-21,164.833328247,0
2023-08-22,163.380004883,0
2023-08-23,166.720001221,0
2023-08-24,161.210006714,0
2023-08-25,161.903335571,0
2023-08-28,163.953338623,0
2023-08-29,168.259994507,0
2023-08-30,169.053329468,0
2023-08-31,170.223327637,0
2023-09-01,170.666671753,0
2023-09-05,170.61000061,0
2023-09-06,169.376663208,0
2023-09-07,165.5,0
2023-09-08,164.643325806,0
2023-09-11,164.550003052,0
2023-09-12,163.153335571,0
2023-09-13,163.990005493,0
2023-09-14,165.163330078,0
2023-09-15,160.39666748,0
2023-09-18,160.943328857,0
2023-09-19,159.586669922,0
2023-09-20,156.966659546,0
2023-09-21,154.070007324,0
2023-09-22,155.35333252,0
2023-09-25,156.490005493,0
2023-09-26,153.10333252,0.555333
2023-09-27,154.453338623,0
2023-09-28,157.313339233,0
2023-09-29,157.883331299,0
2023-10-02,158.679992676,0
2023-10-03,155.39666748,0
2023-10-04,157.460006714,0
2023-10-05,156.696670532,0
2023-10-06,160.063339233,0
2023-10-09,159.663330078,0
2023-10-10,161.710006714,0
2023-10-11,162.92666626,0
2023-10-12,163.343338013,0
2023-10-13,158.89666748,0
2023-10-16,161.14666748,0
2023-10-17,159.970001221,0
2023-10-18,157.086669922,0
2023-10-19,154.666671753,0
2023-10-20,152.429992676,0
2023-10-23,151.563339233,0
2023-10-24,153.619995117,0
2023-10-25,147.410003662,0
2023-10-26,146.533340454,0
2023-10-27,148.11000061,0
2023-10-30,146.126663208,0
2023-10-31,147.46333313,0
2023-11-01,150.933334351,0
2023-11-02,154.363327026,0
2023-11-03,158.419998169,0
2023-11-06,158.126663208,0
2023-11-07,159.133331299,0
2023-11-08,159.293334961,0
2023-11-09,158.529998779,0
2023-11-10,164.923339844,0
2023-11-13,163.316665649,0
2023-11-14,169.356674194,0
2023-11-15,170.586669922,0
2023-11-16,170.669998169,0
2023-11-17,171.869995117,0
2023-11-20,174.403335571,0
2023-11-21,171.143325806,0
2023-11-22,171.690002441,0
2023-11-24,171.813339233,0
2023-11-27,171.57333374,0
2023-11-28,170.570007324,0
2023-11-29,172.419998169,0
2023-11-30,171.216659546,0
2023-12-01,172.020004272,0
2023-12-04,170.093338013,0
2023-12-05,169.126663208,0
2023-12-06,168.083328247,0
2023-12-07,172.589996338,0
2023-12-08,173.953338623,0
2023-12-11,179.886672974,0
2023-12-12,181.183334351,0
2023-12-13,183.973327637,0
2023-12-14,189.07333374,0
2023-12-15,189.776672363,0
2023-12-18,189.25,0
2023-12-19,190.259994507,0
2023-12-20,184.256668091,0.374333
2023-12-21,189.356674194,0
2023-12-22,189.96333313,0
2023-12-26,193.320007324,0
2023-12-27,193.816665649,0
2023-12-28,193.453338623,0
2023-12-29,192.033340454,0
2024-01-02,185.116668701,0
2024-01-03,181.13999939,0
2024-01-04,179.616668701,0
2024-01-05,180.613327026,0
2024-01-08,186.496673584,0
2024-01-09,186.559997559,0
2024-01-10,185.933334351,0
2024-01-11,186.619995117,0
2024-01-12,185.796661377,0
2024-01-16,188.429992676,0
2024-01-17,186.703338623,0
2024-01-18,192.866668701,0
2024-01-19,200.410003662,0
2024-01-22,201.066665649,0
2024-01-23,202.399993896,0
2024-01-24,205.346664429,0
2024-01-25,204.776672363,0
2024-01-26,199.256668091,0
2024-01-29,201.330001831,0
2024-01-30,198.220001221,0
2024-01-31,195.350006104,0
2024-02-01,196.316665649,0
2024-02-02,198.82333374,0
2024-02-05,201.539993286,0
2024-02-06,199.190002441,0
2024-02-07,202.236663818,0
2024-02-08,205.71333313,0
2024-02-09,209.809997559,0
2024-02-12,209.429992676,0
2024-02-13,205.126663208,0
2024-02-14,209.759994507,0
2024-02-15,209.559997559,0
2024-02-16,208.373336792,0
2024-02-20,204.866668701,0
2024-02-21,204.39666748,0
2024-02-22,214.470001221,0
2024-02-23,212.156661987,0
2024-02-26,214.25,0
2024-02-27,214.03666687,0
2024-02-28,211.630004883,0
2024-02-29,217.363327026,0
2024-03-01,226.613327026,0
2024-03-04,228.839996338,0
2024-03-05,224.35333252,0
2024-03-06,229.866668701,0
2024-03-07,237.75,0
2024-03-08,228.130004883,0
2024-03-11,225.100006104,0
2024-03-12,229.770004272,0
2024-03-13,224.169998169,0
2024-03-14,220.339996338,0
2024-03-15,218.759994507,0
2024-03-18,218.589996338,0
2024-03-19,216.759994507,0
2024-03-20,220.449996948,0
2024-03-21,225.179992676,0.225
2024-03-22,225.449996948,0
2024-03-25,224.570007324,0
2024-03-26,222.880004883,0
2024-03-27,225.679992676,0
2024-03-28,225.919998169,0
2024-04-01,228.300003052,0
2024-04-02,224.779998779,0
2024-04-03,225.410003662,0
2024-04-04,219.029998779,0
2024-04-05,221.630004883,0
2024-04-08,222.199996948,0
2024-04-09,224.589996338,0
2024-04-10,220.490005493,0
2024-04-11,225.470001221,0
2024-04-12,218.070007324,0
2024-04-15,215.309997559,0
2024-04-16,216.940002441,0
2024-04-17,210.36000061,0
2024-04-18,206.630004883,0
2024-04-19,198.38999939,0
2024-04-22,201.660003662,0
2024-04-23,205.869995117,0
2024-04-24,208.539993286,0
2024-04-25,212.410003662,0
2024-04-26,216.899993896,0
2024-04-29,218.550003052,0
2024-04-30,213.990005493,0
2024-05-01,206.759994507,0
2024-05-02,211.410003662,0
2024-05-03,216.169998169,0
2024-05-06,220.660003662,0
2024-05-07,218.710006714,0
2024-05-08,218.919998169,0
2024-05-09,218.100006104,0
2024-05-10,220.240005493,0
2024-05-13,220.699996948,0
2024-05-14,224.369995117,0
2024-05-15,230.669998169,0
2024-05-16,229.539993286,0
2024-05-17,228.240005493,0
2024-05-20,233.259994507,0
2024-05-21,232.509994507,0
2024-05-22,235.240005493,0
2024-05-23,233.919998169,0
2024-05-24,238.559997559,0
2024-05-28,242.589996338,0
2024-05-29,237.580001831,0
2024-05-30,235.929992676,0
2024-05-31,234.009994507,0
2024-06-03,234.38999939,0
2024-06-04,232.559997559,0
2024-06-05,242.729995728,0
2024-06-06,240.740005493,0
2024-06-07,240.020004272,0
2024-06-10,243.479995728,0
2024-06-11,243.369995117,0.31
2024-06-12,250.229995728,0
2024-06-13,252.949996948,0
2024-06-14,252.039993286,0
2024-06-17,256.019989014,0
2024-06-18,259.279998779,0
2024-06-20,252.240005493,0
2024-06-21,249.779998779,0
2024-06-24,242.649993896,0
2024-06-25,246.380004883,0
2024-06-26,245.419998169,0
2024-06-27,244.160003662,0
2024-06-28,246.630004883,0
2024-07-01,246.619995117,0
2024-07-02,250.089996338,0
2024-07-03,254.259994507,0
2024-07-05,254.759994507,0
2024-07-08,259.589996338,0
2024-07-09,259.470001221,0
2024-07-10,265.489990234,0
2024-07-11,256.760009766,0
2024-07-12,259.890014648,0
2024-07-15,260.179992676,0
2024-07-16,261.790008545,0
2024-07-17,243.169998169,0
2024-07-18,243.899993896,0
2024-07-19,236.440002441,0
2024-07-22,246.240005493,0
2024-07-23,242.570007324,0
2024-07-24,229.669998169,0
2024-07-25,224.550003052,0
2024-07-26,229.369995117,0
2024-07-29,228.88999939,0
2024-07-30,220.580001831,0
2024-07-31,235.380004883,0
2024-08-01,218.419998169,0
2024-08-02,206.809997559,0
2024-08-05,203.160003662,0
2024-08-06,205,0
2024-08-07,199.289993286,0
2024-08-08,213.039993286,0
2024-08-09,211.779998779,0
2024-08-12,213,0
2024-08-13,221.649993896,0
2024-08-14,221.089996338,0
2024-08-15,231.720001221,0
2024-08-16,231.229995728,0
2024-08-19,235.160003662,0
2024-08-20,232.050003052,0
2024-08-21,235.339996338,0
2024-08-22,227.300003052,0
2024-08-23,233.38999939,0
2024-08-26,227.529998779,0
2024-08-27,230.050003052,0
2024-08-28,225.899993896,0
2024-08-29,225.25,0
2024-08-30,231.13999939,0
2024-09-03,213.5,0
2024-09-04,214.199996948,0
2024-09-05,213.050003052,0
2024-09-06,203.929992676,0
2024-09-09,207.960006714,0
2024-09-10,210.149993896,0
2024-09-11,219.910003662,0
2024-09-12,218.940002441,0
2024-09-13,222.850006104,0
2024-09-16,219.880004883,0
2024-09-17,220.149993896,0
2024-09-18,217.720001221,0
2024-09-19,226.990005493,0
2024-09-20,223.669998169,0
2024-09-23,224.539993286,0
2024-09-24,227.259994507,0
2024-09-25,228.270004272,0.552
2024-09-26,236.429992676,0
2024-09-27,232.679992676,0
2024-09-30,230.589996338,0
2024-10-01,224.130004883,0
2024-10-02,227.149993896,0
2024-10-03,227.960006714,0
2024-10-04,231.080001831,0
2024-10-07,230.449996948,0
2024-10-08,232.720001221,0
2024-10-09,235.149993896,0
2024-10-10,233.5,0
2024-10-11,235.460006714,0
2024-10-14,239.800003052,0
2024-10-15,227.36000061,0
2024-10-16,227.36000061,0
2024-10-17,229.149993896,0
2024-10-18,229.36000061,0
2024-10-21,228.929992676,0
2024-10-22,228.080001831,0
2024-10-23,226.039993286,0
2024-10-24,227.300003052,0
2024-10-25,229.580001831,0
2024-10-28,229.720001221,0
2024-10-29,235.369995117,0
2024-10-30,227.070007324,0
2024-10-31,218.259994507,0
2024-11-01,220.580001831,0
2024-11-04,219.309997559,0
2024-11-05,221.869995117,0
2024-11-06,228.339996338,0
2024-11-07,233.100006104,0
2024-11-08,231.36000061,0
2024-11-11,225.570007324,0
2024-11-12,223.11000061,0
2024-11-13,218.369995117,0
2024-11-14,218.240005493,0
2024-11-15,211.210006714,0
2024-11-18,213.940002441,0
2024-11-19,214.350006104,0
2024-11-20,212.710006714,0
2024-11-21,216.080001831,0
2024-11-22,216.169998169,0
2024-11-25,218.279998779,0
2024-11-26,215.449996948,0
2024-11-27,212.559997559,0
2024-11-29,215.399993896,0
2024-12-02,221.059997559,0
2024-12-03,219.809997559,0
2024-12-04,222.720001221,0
2024-12-05,218.509994507,0
2024-12-06,219.830001831,0
2024-12-09,218.770004272,0
2024-12-10,213.570007324,0
2024-12-11,218.940002441,0
2024-12-12,217.240005493,0
2024-12-13,223.300003052,0
2024-12-16,227.440002441,0
2024-12-17,223.869995117,0.358
2024-12-18,215.589996338,0
2024-12-19,211.970001221,0
2024-12-20,214.820007324,0
2024-12-23,221.320007324,0
2024-12-24,223.600006104,0
2024-12-26,223.529998779,0
2024-12-27,221.63999939,0
2024-12-30,217.279998779,0
2024-12-31,215.490005493,0
2025-01-02,216.820007324,0
2025-01-03,222.470001221,0
2025-01-06,228.910003662,0
2025-01-07,225.789993286,0
2025-01-08,223.539993286,0
2025-01-10,218.199996948,0
2025-01-13,217.529998779,0
2025-01-14,218.960006714,0
2025-01-15,223.210006714,0
2025-01-16,223.539993286,0
2025-01-17,229.740005493,0
2025-01-21,232.449996948,0
2025-01-22,235.809997559,0
2025-01-23,235.369995117,0
2025-01-24,230.63999939,0
2025-01-27,212.550003052,0
2025-01-28,213.5,0
2025-01-29,214.380004883,0
2025-01-30,218.740005493,0
2025-01-31,218.130004883,0
2025-02-03,214.199996948,0
2025-02-04,216.399993896,0
2025-02-05,220.589996338,0
2025-02-06,220.300003052,0
2025-02-07,216.869995117,0
2025-02-10,219.699996948,0
2025-02-11,219.899993896,0
2025-02-12,220.13999939,0
2025-02-13,222.839996338,0
2025-02-14,223.070007324,0
2025-02-18,226.759994507,0
2025-02-19,230.529998779,0
2025-02-20,231.070007324,0
2025-02-21,223.979995728,0
2025-02-24,218.720001221,0
2025-02-25,214.210006714,0
2025-02-26,217.940002441,0
2025-02-27,205.25,0
2025-02-28,208.520004272,0
2025-03-03,201.149993896,0
2025-03-04,202.270004272,0
2025-03-05,206.630004883,0
2025-03-06,198.039993286,0
2025-03-07,203.850006104,0
2025-03-10,194.419998169,0
2025-03-11,192.119995117,0
2025-03-12,196.080001831,0
2025-03-13,195.100006104,0
2025-03-14,201.119995117,0
2025-03-17,204.440002441,0
2025-03-18,201.470001221,0.261
2025-03-19,203.11000061,0
2025-03-20,201.490005493,0
2025-03-21,199.380004883,0
2025-03-24,205.300003052,0
2025-03-25,204.190002441,0
2025-03-26,198.470001221,0
2025-03-27,194.559997559,0
2025-03-28,188.679992676,0
2025-03-31,188.169998169,0
2025-04-01,188.270004272,0
2025-04-02,189.479995728,0
2025-04-03,170.36000061,0
2025-04-04,157.630004883,0
2025-04-07,161.270004272,0
2025-04-08,154.86000061,0
2025-04-09,183.619995117,0
2025-04-10,168.61000061,0
2025-04-11,172.259994507,0
2025-04-14,173.399993896,0
2025-04-15,174.11000061,0
2025-04-16,167.38999939,0
2025-04-17,166.550003052,0
2025-04-21,163.63999939,0
2025-04-22,166.820007324,0
2025-04-23,173.070007324,0
2025-04-24,183.029998779,0
2025-04-25,184.809997559,0
2025-04-28,184.479995728,0
2025-04-29,182.509994507,0
2025-04-30,183.839996338,0
2025-05-01,183.589996338,0
2025-05-02,190.029998779,0
2025-05-05,188.570007324,0
2025-05-06,186.770004272,0
2025-05-07,190.039993286,0
2025-05-08,191.740005493,0
2025-05-09,193.940002441,0
2025-05-12,207.869995117,0
2025-05-13,213.759994507,0
2025-05-14,214.789993286,0
2025-05-15,213.410003662,0
2025-05-16,213.130004883,0
2025-05-19,211.850006104,0
2025-05-20,211.539993286,0
2025-05-21,207.669998169,0
2025-05-22,205.75,0
2025-05-23,202.559997559,0
2025-05-27,209.289993286,0
2025-05-28,208.240005493,0
2025-05-29,209.089996338,0
2025-05-30,204.940002441,0
2025-06-02,208.029998779,0
2025-06-03,213.619995117,0
2025-06-04,216.800003052,0
2025-06-05,215.88999939,0
2025-06-06,217.339996338,0
2025-06-09,222.460006714,0
2025-06-10,227.320007324,0
2025-06-11,226.559997559,0
2025-06-12,226.869995117,0
2025-06-13,220.960006714,0
2025-06-16,227.440002441,0.483
2025-06-17,225.63999939,0
2025-06-18,226.559997559,0
2025-06-20,225.11000061,0
2025-06-23,226.509994507,0
2025-06-24,235.100006104,0
2025-06-25,237.210006714,0
2025-06-26,239.070007324,0
2025-06-27,238.86000061,0
2025-06-30,238.699996948,0
2025-07-01,237.619995117,0
2025-07-02,242.13999939,0
2025-07-03,243.339996338,0
2025-07-07,238.779998779,0
2025-07-08,243.339996338,0
2025-07-09,244.119995117,0
2025-07-10,246.550003052,0
2025-07-11,246.169998169,0
2025-07-14,243.830001831,0
2025-07-15,246.259994507,0
2025-07-16,245.589996338,0
2025-07-17,246.529998779,0
2025-07-18,246.729995728,0
2025-07-21,246.949996948,0
2025-07-22,243.539993286,0
2025-07-23,242.059997559,0
2025-07-24,241.559997559,0
2025-07-25,241.539993286,0
2025-07-28,245.75,0
2025-07-29,246.190002441,0
2025-07-30,247.949996948,0
2025-07-31,240.029998779,0
2025-08-01,237.240005493,0
2025-08-04,240.399993896,0
2025-08-05,238.729995728,0
2025-08-06,236.929992676,0
2025-08-07,240.839996338,0
2025-08-08,242.869995117,0
2025-08-11,242.410003662,0
2025-08-12,250.160003662,0
2025-08-13,253.880004883,0
2025-08-14,254.13999939,0
2025-08-15,248.320007324,0
2025-08-18,249.050003052,0
2025-08-19,245.149993896,0
2025-08-20,243.740005493,0
2025-08-21,242.36000061,0
2025-08-22,249.089996338,0
2025-08-25,248.509994507,0
2025-08-26,250.850006104,0
2025-08-27,251.339996338,0
2025-08-28,252.550003052,0
2025-08-29,245.320007324,0
2025-09-02,242.830001831,0
2025-09-03,241.679992676,0
2025-09-04,244.169998169,0
2025-09-05,247.050003052,0
2025-09-08,248.850006104,0
2025-09-09,249.059997559,0
2025-09-10,253.449996948,0
2025-09-11,255.190002441,0
2025-09-12,255.63999939,0
2025-09-15,257.799987793,0
2025-09-16,258.579986572,0.541
2025-09-17,258.529998779,0
2025-09-18,267.570007324,0
2025-09-19,265.859985352,0
2025-09-22,269.829986572,0
2025-09-23,269.510009766,0
2025-09-24,269.100006104,0
2025-09-25,268.239990234,0
2025-09-26,268.829986572,0
2025-09-29,268.929992676,0
2025-09-30,271.119995117,0
2025-10-01,276.339996338,0
2025-10-02,281.690002441,0
2025-10-03,279.959991455,0
2025-10-06,288.359985352,0
2025-10-07,281.910003662,0
2025-10-08,291.540008545,0
2025-10-09,290.190002441,0
2025-10-10,271.989990234,0
2025-10-13,284.869995117,0
2025-10-14,279.029998779,0
2025-10-15,287.640014648,0
2025-10-16,288.980010986,0
2025-10-17,288.170013428,0
2025-10-20,292.970001221,0
2025-10-21,291.329986572,0
2025-10-22,284.130004883,0
2025-10-23,291.059997559,0
2025-10-24,295.859985352,0
2025-10-27,304.079986572,0
2025-10-28,304.450012207,0
2025-10-29,309.600006104,0
2025-10-30,305.410003662,0
2025-10-31,306.549987793,0
2025-11-03,308.380004883,0
2025-11-04,296.260009766,0
2025-11-05,305.470001221,0
2025-11-06,297.5,0
2025-11-07,294.380004883,0
2025-11-10,302,0
2025-11-11,295.149993896,0
2025-11-12,299.670013428,0
2025-11-13,289.380004883,0
2025-11-14,288.519989014,0
2025-11-17,283.559997559,0
2025-11-18,276.980010986,0
2025-11-19,281.609985352,0
2025-11-20,268.100006104,0
2025-11-21,270.829986572,0
2025-11-24,282.700012207,0
2025-11-25,283.579986572,0
2025-11-26,291.390014648,0
2025-11-28,296.739990234,0
2025-12-01,296.920013428,0
2025-12-02,302.839996338,0
2025-12-03,309.359985352,0
2025-12-04,306.279998779,0
2025-12-05,309.399993896,0
2025-12-08,312.760009766,0
2025-12-09,312.179992676,0
2025-12-10,316.329986572,0
2025-12-11,314.519989014,0
2025-12-12,299.480010986,0
2025-12-15,298.010009766,0
2025-12-16,296.200012207,0.436
2025-12-17,285.230010986,0
2025-12-18,292.040008545,0
2025-12-19,299.809997559,0
2025-12-22,303.839996338,0
2025-12-23,304.959991455,0
2025-12-24,306.140014648,0
2025-12-26,306.040008545,0
2025-12-29,305.320007324,0
2025-12-30,304.920013428,0
2025-12-31,301.149993896,0
2026-01-02,313.690002441,0
2026-01-05,318.059997559,0
2026-01-06,328.350006104,0
2026-01-07,324.890014648,0
2026-01-08,319.579986572,0
2026-01-09,328.779998779,0
2026-01-12,330.350006104,0
2026-01-13,333.299987793,0
2026-01-14,331.899993896,0
2026-01-15,337.220001221,0
2026-01-16,342.470001221,0
2026-01-20,337.350006104,0
2026-01-21,348.140014648,0
2026-01-22,348.670013428,0
2026-01-23,344.709991455,0
2026-01-26,343.070007324,0
2026-01-27,351.079986572,0
2026-01-28,360.459991455,0
2026-01-29,361.130004883,0
2026-01-30,346.299987793,0
2026-02-02,352.690002441,0
2026-02-03,345.640014648,0
2026-02-04,330.380004883,0
2026-02-05,330.829986572,0
2026-02-06,348.510009766,0
2026-02-09,352.769989014,0
2026-02-10,351.429992676,0
2026-02-11,360.200012207,0
2026-02-12,351.5,0
2026-02-13,354.660003662,0
2026-02-17,354.100006104,0
2026-02-18,357.920013428,0
2026-02-19,355.839996338,0
2026-02-20,359.429992676,0
2026-02-23,356.820007324,0
2026-02-24,362.040008545,0
2026-02-25,368,0
2026-02-26,356.799987793,0
2026-02-27,352.290008545,0
2026-03-02,352.049987793,0
2026-03-03,334.779998779,0
2026-03-04,341.540008545,0
2026-03-05,337.760009766,0
2026-03-06,323.510009766,0
2026-03-09,336.369995117,0
2026-03-10,338.809997559,0
2026-03-11,342.089996338,0
2026-03-12,330.190002441,0
2026-03-13,331.320007324,0
2026-03-16,337.829986572,0
2026-03-17,340.25,0.208
2026-03-18,338.290008545,0
2026-03-19,340.200012207,0
2026-03-20,332.510009766,0
2026-03-23,336.589996338,0
2026-03-24,341.019989014,0
2026-03-25,345.25,0
2026-03-26,328.850006104,0
2026-03-27,323.480010986,0
2026-03-30,309.790008545,0
2026-03-31,328.660003662,0
2026-04-01,338.540008545,0
2026-04-02,339.609985352,0
2026-04-06,344.100006104,0
2026-04-07,347.760009766,0
2026-04-08,370.399993896,0
2026-04-09,378.630004883,0
2026-04-10,386.600006104,0
2026-04-13,393.339996338,0
2026-04-14,401.239990234,0
2026-04-15,401.859985352,0
2026-04-16,405.950012207,0
2026-04-17,415.709991455,0
2026-04-20,417.549987793,0
2026-04-21,420.700012207,0
2026-04-22,431.769989014,0
2026-04-23,441,0
2026-04-24,461.600006104,0
2026-04-27,455.410003662,0
2026-04-28,438.709991455,0
2026-04-29,449.989990234,0
2026-04-30,461.440002441,0
2026-05-01,465.75,0
2026-05-04,462.059997559,0
2026-05-05,482.730010986,0
2026-05-06,506.869995117,0
2026-05-07,492.359985352,0
2026-05-08,520.299987793,0
2026-05-11,532.760009766,0
2026-05-12,515.989990234,0
2026-05-13,528.289978027,0
2026-05-14,530.030029297,0
2026-05-15,508.519989014,0
2026-05-18,495.869995117,0
2026-05-19,496.739990234,0
2026-05-20,520.309997559,0
2026-05-21,524.710021973,0
2026-05-22,537.33001709,0
2026-05-26,570.090026855,0
2026-05-27,563.979980469,0
2026-05-28,569.469970703,0
2026-05-29,569.08001709,0
2026-06-01,571.929992676,0
2026-06-02,605.020019531,0
2026-06-03,615.679992676,0
2026-06-04,602.719970703,0
2026-06-05,539.770019531,0
2026-06-08,571.450012207,0
2026-06-09,562.140014648,0
2026-06-10,541.510009766,0
2026-06-11,586.929992676,0
2026-06-12,596.25,0
2026-06-15,628.450012207,0.283
2026-06-16,591.239990234,0
2026-06-17,599.729980469,0
2026-06-18,639.450012207,0
2026-06-22,655.010009766,0
2026-06-23,603.390014648,0
2026-06-24,601.5,0
2026-06-25,625.200012207,0
2026-06-26,589.940002441,0
2026-06-29,614.349975586,0
2026-06-30,640.760009766,0
2026-07-01,599.700012207,0
2026-07-02,566.320007324,0
2026-07-06,581.510009766,0
2026-07-07,551.690002441,0
2026-07-08,562.030029297,0
2026-07-09,581.700012207,0
2026-07-10,581.340026855,0
2026-07-13,553.609985352,0
2026-07-14,567.91998291,0
2026-07-15,555.270019531,0
2026-07-16,530.5,0
2026-07-17,521.809997559,0
2026-07-20,524.140014648,0
2026-07-21,552.690002441,0
2026-07-22,555.520019531,0
2026-07-23,551.239990234,0
2026-07-24,527.010009766,0
2026-07-27,516.229980469,0
2026-07-28,491.459991455,0
2026-07-29,465,0
2026-07-30,504.529998779,0
2026-07-31,504.890014648,0
2026-08-03,507.679992676,0
2026-08-04,542.210021973,0
2026-08-05,530.700012207,0
2026-08-06,532.520019531,0
2026-08-07,543.270019531,0
2026-08-10,529.390014648,0
2026-08-11,534.200012207,0
2026-08-12,546.609985352,0
2026-08-13,550.739990234,0
