date,close,dividend
1927-12-30,17.6599998474,0
1928-01-06,17.6599998474,0
1928-01-13,17.5799999237,0
1928-01-20,17.4799995422,0
1928-01-27,17.6900005341,0
1928-02-03,17.3999996185,0
1928-02-10,17.5400009155,0
1928-02-17,17.0400009155,0
1928-02-24,17.1800003052,0
1928-03-02,17.2999992371,0
1928-03-09,17.9300003052,0
1928-03-16,18.2600002289,0
1928-03-23,18.7800006866,0
1928-03-30,19.2800006866,0
1928-04-05,19.2299995422,0
1928-04-13,19.7299995422,0
1928-04-20,19.3400001526,0
1928-04-27,19.6800003052,0
1928-05-04,20.2399997711,0
1928-05-11,20.3600006104,0
1928-05-18,19.9200000763,0
1928-05-25,19.8999996185,0
1928-06-01,20.0699996948,0
1928-06-08,19.3700008392,0
1928-06-15,18.7399997711,0
1928-06-22,18.5400009155,0
1928-06-29,19.1399993896,0
1928-07-06,19.3899993896,0
1928-07-13,18.9599990845,0
1928-07-20,19.0300006866,0
1928-07-27,19.4200000763,0
1928-08-03,19.3600006104,0
1928-08-10,19.25,0
1928-08-17,19.6399993896,0
1928-08-24,20.3400001526,0
1928-08-31,20.8700008392,0
1928-09-07,21.0900001526,0
1928-09-14,21.1399993896,0
1928-09-21,21.3600006104,0
1928-09-28,21.1399993896,0
1928-10-05,21.2199993134,0
1928-10-11,21.5100002289,0
1928-10-19,21.9599990845,0
1928-10-26,21.6499996185,0
1928-11-02,21.9500007629,0
1928-11-09,22.5499992371,0
1928-11-16,23.3700008392,0
1928-11-23,23.7000007629,0
1928-11-30,24.2800006866,0
1928-12-07,22.3600006104,0
1928-12-14,22.5300006866,0
1928-12-21,23.3299999237,0
1928-12-28,23.9799995422,0
1929-01-04,24.8500003815,0
1929-01-11,24.5400009155,0
1929-01-18,24.7700004578,0
1929-01-25,25.4799995422,0
1929-02-01,25.8400001526,0
1929-02-08,24.4400005341,0
1929-02-15,24.3500003815,0
1929-02-21,24.8600006104,0
1929-03-01,25.8299999237,0
1929-03-08,25.3099994659,0
1929-03-15,26.0799999237,0
1929-03-22,25.5499992371,0
1929-03-28,25.5300006866,0
1929-04-05,25.0499992371,0
1929-04-12,25.1499996185,0
1929-04-19,25.4099998474,0
1929-04-26,25.5799999237,0
1929-05-03,26.3700008392,0
1929-05-10,26.3400001526,0
1929-05-17,26.0900001526,0
1929-05-24,25.1200008392,0
1929-05-31,24.8299999237,0
1929-06-07,25.5300006866,0
1929-06-14,25.9300003052,0
1929-06-21,26.6200008392,0
1929-06-28,27.4099998474,0
1929-07-05,28.3199996948,0
1929-07-12,28.5699996948,0
1929-07-19,28.7600002289,0
1929-07-26,28.6599998474,0
1929-08-02,29.5599994659,0
1929-08-09,28.3799991608,0
1929-08-16,30.2199993134,0
1929-08-23,31.0900001526,0
1929-08-30,31.7099990845,0
1929-09-06,31.8299999237,0
1929-09-13,31.3799991608,0
1929-09-20,31.3899993896,0
1929-09-27,30.2700004578,0
1929-10-04,28.6499996185,0
1929-10-11,30.7600002289,0
1929-10-18,28.8400001526,0
1929-10-25,26.1200008392,0
1929-10-31,24.1499996185,0
1929-11-08,21.1800003052,0
1929-11-15,20.2999992371,0
1929-11-22,21.5300006866,0
1929-11-27,20.9200000763,0
1929-12-06,22.4500007629,0
1929-12-13,21.7000007629,0
1929-12-20,20.1599998474,0
1929-12-27,20.8199996948,0
1930-01-03,21.2299995422,0
1930-01-10,21.5499992371,0
1930-01-17,21.3099994659,0
1930-01-24,22.0400009155,0
1930-01-31,22.7900009155,0
1930-02-07,22.9699993134,0
1930-02-14,23.3500003815,0
1930-02-21,22.9200000763,0
1930-02-28,23.2800006866,0
1930-03-07,23.5900001526,0
1930-03-14,23.4500007629,0
1930-03-21,24.2900009155,0
1930-03-28,24.8500003815,0
1930-04-04,25.5400009155,0
1930-04-11,25.8400001526,0
1930-04-17,25.75,0
1930-04-25,25.3199996948,0
1930-05-02,23.5699996948,0
1930-05-09,23.6900005341,0
1930-05-16,24.2800006866,0
1930-05-23,24.0300006866,0
1930-05-29,24.4899997711,0
1930-06-06,23.5200004578,0
1930-06-13,22.2600002289,0
1930-06-20,20.25,0
1930-06-27,19.8099994659,0
1930-07-03,20.25,0
1930-07-11,20.5499992371,0
1930-07-18,21.7700004578,0
1930-07-25,21.5,0
1930-08-01,21.1100006104,0
1930-08-08,20.2700004578,0
1930-08-15,20.7000007629,0
1930-08-22,20.7900009155,0
1930-08-29,21.3700008392,0
1930-09-05,21.3400001526,0
1930-09-12,21.5,0
1930-09-19,20.6800003052,0
1930-09-26,19.4300003052,0
1930-10-03,19.4200000763,0
1930-10-10,18.1100006104,0
1930-10-17,17.1599998474,0
1930-10-24,17.7399997711,0
1930-10-31,16.9400005341,0
1930-11-07,16.0900001526,0
1930-11-14,16.8899993896,0
1930-11-21,17.2000007629,0
1930-11-28,16.3799991608,0
1930-12-05,16.4300003052,0
1930-12-12,15.4300003052,0
1930-12-19,15.3900003433,0
1930-12-26,14.8500003815,0
1931-01-02,15.8500003815,0
1931-01-09,16.0699996948,0
1931-01-16,15.6499996185,0
1931-01-23,16.4200000763,0
1931-01-30,16.1900005341,0
1931-02-06,16.2700004578,0
1931-02-13,17.1800003052,0
1931-02-20,17.7099990845,0
1931-02-27,18.0300006866,0
1931-03-06,17.3199996948,0
1931-03-13,17.3199996948,0
1931-03-20,18.0599994659,0
1931-03-27,17.2099990845,0
1931-04-02,16.4500007629,0
1931-04-10,16.4599990845,0
1931-04-17,15.7299995422,0
1931-04-24,15.2899999619,0
1931-05-01,14.6499996185,0
1931-05-08,15.4399995804,0
1931-05-15,14.4399995804,0
1931-05-22,13.9399995804,0
1931-05-29,13.0200004578,0
1931-06-05,13.3999996185,0
1931-06-12,13.75,0
1931-06-19,13.220000267,0
1931-06-26,15.3500003815,0
1931-07-03,15.2600002289,0
1931-07-10,14.6300001144,0
1931-07-17,14.2700004578,0
1931-07-24,13.970000267,0
1931-07-31,13.7299995422,0
1931-08-07,13.6099996567,0
1931-08-14,14.2899999619,0
1931-08-21,13.8599996567,0
1931-08-28,13.9899997711,0
1931-09-04,13.2899999619,0
1931-09-11,12.6899995804,0
1931-09-18,11.4600000381,0
1931-09-25,10.9200000763,0
1931-10-02,9.69999980927,0
1931-10-09,10.5500001907,0
1931-10-16,10.3599996567,0
1931-10-23,10.8400001526,0
1931-10-30,10.4300003052,0
1931-11-06,11.1099996567,0
1931-11-13,10.720000267,0
1931-11-20,9.85000038147,0
1931-11-27,9.31000041962,0
1931-12-04,9.02000045776,0
1931-12-11,8.31000041962,0
1931-12-18,8.35999965668,0
1931-12-24,7.96000003815,0
1931-12-31,8.11999988556,0
1932-01-08,8.56999969482,0
1932-01-15,8.92000007629,0
1932-01-22,8.21000003815,0
1932-01-29,7.94000005722,0
1932-02-05,7.78000020981,0
1932-02-11,8.11999988556,0
1932-02-19,8.72000026703,0
1932-02-26,8.34000015259,0
1932-03-04,8.72000026703,0
1932-03-11,8.52000045776,0
1932-03-18,8.02000045776,0
1932-03-24,7.86000013351,0
1932-04-01,7.17999982834,0
1932-04-08,6.26000022888,0
1932-04-15,6.42000007629,0
1932-04-22,5.96000003815,0
1932-04-29,5.82999992371,0
1932-05-06,6.09000015259,0
1932-05-13,5.59999990463,0
1932-05-20,5.48000001907,0
1932-05-27,4.82999992371,0
1932-06-03,4.88999986649,0
1932-06-10,4.92000007629,0
1932-06-17,4.82999992371,0
1932-06-24,4.59999990463,0
1932-07-01,4.59999990463,0
1932-07-08,4.40999984741,0
1932-07-15,4.92999982834,0
1932-07-22,5.19999980927,0
1932-07-29,6.03000020981,0
1932-08-05,6.80000019073,0
1932-08-12,7,0
1932-08-19,7.53000020981,0
1932-08-26,8.39000034332,0
1932-09-02,8.84000015259,0
1932-09-09,8.75,0
1932-09-16,7.57000017166,0
1932-09-23,8.39999961853,0
1932-09-30,8.07999992371,0
1932-10-07,7.01999998093,0
1932-10-14,7.13000011444,0
1932-10-21,6.82000017166,0
1932-10-28,7.09000015259,0
1932-11-04,6.88000011444,0
1932-11-11,7.67999982834,0
1932-11-18,7.13000011444,0
1932-11-25,6.78000020981,0
1932-12-02,6.46999979019,0
1932-12-09,7.07999992371,0
1932-12-16,7,0
1932-12-23,6.57000017166,0
1932-12-30,6.92000007629,0
1933-01-06,7.23000001907,0
1933-01-13,7.25,0
1933-01-20,7.05999994278,0
1933-01-27,7.03999996185,0
1933-02-03,6.53000020981,0
1933-02-10,6.65999984741,0
1933-02-17,6.23000001907,0
1933-02-24,5.90000009537,0
1933-03-03,5.84000015259,0
1933-03-17,6.63000011444,0
1933-03-24,6.25,0
1933-03-31,5.84999990463,0
1933-04-07,6.11999988556,0
1933-04-13,6.67000007629,0
1933-04-21,7.44000005722,0
1933-04-28,7.82999992371,0
1933-05-05,8.73999977112,0
1933-05-12,9.02999973297,0
1933-05-19,8.81999969482,0
1933-05-26,9.34000015259,0
1933-06-02,10.1300001144,0
1933-06-09,10.4099998474,0
1933-06-16,9.81000041962,0
1933-06-23,10.5600004196,0
1933-06-30,10.9099998474,0
1933-07-07,11.9600000381,0
1933-07-14,11.8500003815,0
1933-07-21,9.64999961853,0
1933-07-28,10.4300003052,0
1933-08-04,10.1300001144,0
1933-08-11,10.5900001526,0
1933-08-18,10.5799999237,0
1933-08-25,11.279999733,0
1933-09-01,11.2299995422,0
1933-09-08,10.6599998474,0
1933-09-15,10.8199996948,0
1933-09-22,10.2600002289,0
1933-09-29,9.72000026703,0
1933-10-06,10.0500001907,0
1933-10-13,9.85000038147,0
1933-10-20,8.85999965668,0
1933-10-27,9.53999996185,0
1933-11-03,9.53999996185,0
1933-11-10,9.72000026703,0
1933-11-17,9.92000007629,0
1933-11-24,10.0100002289,0
1933-12-01,9.90999984741,0
1933-12-08,10.1000003815,0
1933-12-15,10.0699996948,0
1933-12-22,9.85999965668,0
1933-12-29,9.97000026703,0
1934-01-05,9.81000041962,0
1934-01-12,10.0699996948,0
1934-01-19,10.9300003052,0
1934-01-26,11.0200004578,0
1934-02-02,11.4499998093,0
1934-02-09,11.1800003052,0
1934-02-16,11.5399999619,0
1934-02-23,11.1300001144,0
1934-03-02,11.0699996948,0
1934-03-09,10.7299995422,0
1934-03-16,10.8199996948,0
1934-03-23,10.529999733,0
1934-03-29,10.6199998856,0
1934-04-06,10.9499998093,0
1934-04-13,10.9499998093,0
1934-04-20,11.1599998474,0
1934-04-27,10.8000001907,0
1934-05-04,10.3199996948,0
1934-05-11,9.55000019073,0
1934-05-18,9.85000038147,0
1934-05-25,9.69999980927,0
1934-06-01,9.38000011444,0
1934-06-08,10.1700000763,0
1934-06-15,10.2299995422,0
1934-06-22,9.76000022888,0
1934-06-29,9.81000041962,0
1934-07-06,9.90999984741,0
1934-07-13,9.93000030518,0
1934-07-20,9.47000026703,0
1934-07-27,8.60000038147,0
1934-08-03,8.89999961853,0
1934-08-10,8.93000030518,0
1934-08-17,9.06000041962,0
1934-08-24,9.52000045776,0
1934-08-31,9.14999961853,0
1934-09-07,8.92000007629,0
1934-09-14,8.47000026703,0
1934-09-21,8.94999980927,0
1934-09-28,9.07999992371,0
1934-10-05,9,0
1934-10-11,9.18999958038,0
1934-10-19,9.02999973297,0
1934-10-26,8.80000019073,0
1934-11-02,8.86999988556,0
1934-11-09,9.30000019073,0
1934-11-16,9.18000030518,0
1934-11-23,9.27000045776,0
1934-11-30,9.53999996185,0
1934-12-07,9.46000003815,0
1934-12-14,9.10999965668,0
1934-12-21,9.03999996185,0
1934-12-28,9.40999984741,0
1935-01-04,9.51000022888,0
1935-01-11,9.25,0
1935-01-18,9.18000030518,0
1935-01-25,9.22999954224,0
1935-02-01,9.05000019073,0
1935-02-08,9.02999973297,0
1935-02-15,9.06000041962,0
1935-02-21,9.02999973297,0
1935-03-01,8.78999996185,0
1935-03-08,8.53999996185,0
1935-03-15,8.22999954224,0
1935-03-22,8.55000019073,0
1935-03-29,8.44999980927,0
1935-04-05,8.77999973297,0
1935-04-12,8.94999980927,0
1935-04-18,9.14000034332,0
1935-04-26,9.39999961853,0
1935-05-03,9.42000007629,0
1935-05-10,9.75,0
1935-05-17,10.0100002289,0
1935-05-24,10.0200004578,0
1935-05-31,9.57999992371,0
1935-06-07,9.89999961853,0
1935-06-14,10.220000267,0
1935-06-21,10.3800001144,0
1935-06-28,10.2399997711,0
1935-07-05,10.470000267,0
1935-07-12,10.6199998856,0
1935-07-19,10.5799999237,0
1935-07-26,10.7899999619,0
1935-08-02,10.9499998093,0
1935-08-09,11.4899997711,0
1935-08-16,10.6199998856,0
1935-08-23,11.5600004196,0
1935-08-30,11.2399997711,0
1935-09-06,11.6499996185,0
1935-09-13,11.8000001907,0
1935-09-20,11.2600002289,0
1935-09-27,11.5600004196,0
1935-10-04,11.3599996567,0
1935-10-11,11.75,0
1935-10-18,11.8100004196,0
1935-10-25,12.4300003052,0
1935-11-01,12.6099996567,0
1935-11-08,12.9200000763,0
1935-11-15,13.25,0
1935-11-22,13.1400003433,0
1935-11-29,12.9399995804,0
1935-12-06,13.1499996185,0
1935-12-13,12.8400001526,0
1935-12-20,12.8800001144,0
1935-12-27,13.1099996567,0
1936-01-03,13.5500001907,0
1936-01-10,13.779999733,0
1936-01-17,13.75,0
1936-01-24,13.8500003815,0
1936-01-31,14.3100004196,0
1936-02-07,14.3199996948,0
1936-02-14,14.6599998474,0
1936-02-21,14.8299999237,0
1936-02-28,14.6000003815,0
1936-03-06,15.1000003815,0
1936-03-13,14.2399997711,0
1936-03-20,15.0399999619,0
1936-03-27,14.8199996948,0
1936-04-03,15.2700004578,0
1936-04-09,15.3900003433,0
1936-04-17,15.1000003815,0
1936-04-24,14.4399995804,0
1936-05-01,13.8699998856,0
1936-05-08,13.8999996185,0
1936-05-15,14.2899999619,0
1936-05-22,14.0900001526,0
1936-05-29,14.3999996185,0
1936-06-05,14.1199998856,0
1936-06-12,14.5900001526,0
1936-06-19,14.8299999237,0
1936-06-26,14.9499998093,0
1936-07-03,15.0200004578,0
1936-07-10,15.3500003815,0
1936-07-17,15.6599998474,0
1936-07-24,15.8299999237,0
1936-07-31,15.8500003815,0
1936-08-07,16.0799999237,0
1936-08-14,15.8699998856,0
1936-08-21,15.3199996948,0
1936-08-28,15.9200000763,0
1936-09-04,16.0200004578,0
1936-09-11,16.1100006104,0
1936-09-18,16.0300006866,0
1936-09-25,15.8800001144,0
1936-10-02,16.3500003815,0
1936-10-09,16.8700008392,0
1936-10-16,17.0400009155,0
1936-10-23,17.0900001526,0
1936-10-30,17.2299995422,0
1936-11-06,17.4300003052,0
1936-11-13,17.2399997711,0
1936-11-20,17.1299991608,0
1936-11-27,17.3400001526,0
1936-12-04,17.0100002289,0
1936-12-11,17.1399993896,0
1936-12-18,17,0
1936-12-24,17.0599994659,0
1936-12-31,17.1800003052,0
1937-01-08,17.4799995422,0
1937-01-15,17.7399997711,0
1937-01-22,17.8700008392,0
1937-01-29,17.7700004578,0
1937-02-05,17.8600006104,0
1937-02-11,18.3199996948,0
1937-02-19,18.3700008392,0
1937-02-26,18.0599994659,0
1937-03-05,18.6200008392,0
1937-03-12,18.3600006104,0
1937-03-19,17.7199993134,0
1937-03-25,17.6800003052,0
1937-04-02,17.4899997711,0
1937-04-09,17.0300006866,0
1937-04-16,17.1599998474,0
1937-04-23,16.8500003815,0
1937-04-30,16.4300003052,0
1937-05-07,16.6499996185,0
1937-05-14,15.8100004196,0
1937-05-21,16.2700004578,0
1937-05-28,16.2600002289,0
1937-06-04,16.2800006866,0
1937-06-11,15.7299995422,0
1937-06-18,15.5100002289,0
1937-06-25,15.5200004578,0
1937-07-02,15.6999998093,0
1937-07-09,16.3199996948,0
1937-07-16,16.4200000763,0
1937-07-23,16.9400005341,0
1937-07-30,16.7700004578,0
1937-08-06,16.8500003815,0
1937-08-13,17.2700004578,0
1937-08-20,16.4899997711,0
1937-08-27,15.8800001144,0
1937-09-03,15.4600000381,0
1937-09-10,14.1899995804,0
1937-09-17,14.5699996948,0
1937-09-24,13.1999998093,0
1937-10-01,13.720000267,0
1937-10-08,12.75,0
1937-10-15,11.8400001526,0
1937-10-22,11.8400001526,0
1937-10-29,12.3500003815,0
1937-11-05,11.4600000381,0
1937-11-12,11.9099998474,0
1937-11-19,10.5100002289,0
1937-11-26,10.6700000763,0
1937-12-03,11.3400001526,0
1937-12-10,11.1000003815,0
1937-12-17,11,0
1937-12-24,11.0600004196,0
1937-12-31,10.5500001907,0
1938-01-07,11.3199996948,0
1938-01-14,11.6999998093,0
1938-01-21,11.4399995804,0
1938-01-28,10.5500001907,0
1938-02-04,10.5399999619,0
1938-02-11,10.9300003052,0
1938-02-18,11.0200004578,0
1938-02-25,11.5699996948,0
1938-03-04,11.1300001144,0
1938-03-11,10.5799999237,0
1938-03-18,10.1899995804,0
1938-03-25,9.35000038147,0
1938-04-01,8.90999984741,0
1938-04-08,9.61999988556,0
1938-04-14,10.1999998093,0
1938-04-22,10.4499998093,0
1938-04-29,9.77999973297,0
1938-05-06,10.4300003052,0
1938-05-13,10.2600002289,0
1938-05-20,9.96000003815,0
1938-05-27,9.27999973297,0
1938-06-03,9.42000007629,0
1938-06-10,9.80000019073,0
1938-06-17,9.67000007629,0
1938-06-24,11.1499996185,0
1938-07-01,11.9099998474,0
1938-07-08,11.8900003433,0
1938-07-15,12,0
1938-07-22,12.5500001907,0
1938-07-29,12.3299999237,0
1938-08-05,12.6599998474,0
1938-08-12,11.9200000763,0
1938-08-19,12.3100004196,0
1938-08-26,12.5,0
1938-09-02,12.2600002289,0
1938-09-09,12.0200004578,0
1938-09-16,11.4300003052,0
1938-09-23,11.3599996567,0
1938-09-30,12.2399997711,0
1938-10-07,12.8500003815,0
1938-10-14,13.1499996185,0
1938-10-21,13.25,0
1938-10-28,13.1400003433,0
1938-11-04,13.1700000763,0
1938-11-10,13.6999998093,0
1938-11-18,12.8400001526,0
1938-11-25,12.8199996948,0
1938-12-02,12.4799995422,0
1938-12-09,12.3199996948,0
1938-12-16,12.8999996185,0
1938-12-23,12.8100004196,0
1938-12-30,13.1400003433,0
1939-01-06,13.0699996948,0
1939-01-13,12.3299999237,0
1939-01-20,12.75,0
1939-01-27,11.8599996567,0
1939-02-03,12.3000001907,0
1939-02-10,12.3299999237,0
1939-02-17,12.3999996185,0
1939-02-24,12.5399999619,0
1939-03-03,12.8599996567,0
1939-03-10,13.1000003815,0
1939-03-17,12.2100000381,0
1939-03-24,12.0699996948,0
1939-03-31,10.9799995422,0
1939-04-06,10.6599998474,0
1939-04-14,10.6300001144,0
1939-04-21,10.9600000381,0
1939-04-28,10.9300003052,0
1939-05-05,11.2100000381,0
1939-05-12,11.2100000381,0
1939-05-19,10.9899997711,0
1939-05-26,11.4899997711,0
1939-06-02,11.4799995422,0
1939-06-09,11.8000001907,0
1939-06-16,11.279999733,0
1939-06-23,11.5,0
1939-06-30,10.8599996567,0
1939-07-07,11.1300001144,0
1939-07-14,11.5500001907,0
1939-07-21,12.0900001526,0
1939-07-28,12.1400003433,0
1939-08-04,11.8999996185,0
1939-08-11,11.5600004196,0
1939-08-18,11.3299999237,0
1939-08-25,11.0900001526,0
1939-09-01,11.3000001907,0
1939-09-08,12.6899995804,0
1939-09-15,13.0699996948,0
1939-09-22,12.9200000763,0
1939-09-29,12.7899999619,0
1939-10-06,12.8000001907,0
1939-10-13,12.7399997711,0
1939-10-20,12.9399995804,0
1939-10-27,13.0200004578,0
1939-11-03,12.9499998093,0
1939-11-10,12.6400003433,0
1939-11-17,12.75,0
1939-11-24,12.4899997711,0
1939-12-01,12.2899999619,0
1939-12-08,12.3599996567,0
1939-12-15,12.3999996185,0
1939-12-22,12.4399995804,0
1939-12-29,12.4600000381,0
1940-01-05,12.6599998474,0
1940-01-12,12.1300001144,0
1940-01-19,12.1499996185,0
1940-01-26,12.1499996185,0
1940-02-02,12.0600004196,0
1940-02-09,12.3699998856,0
1940-02-16,12.2899999619,0
1940-02-23,12.2299995422,0
1940-03-01,12.0600004196,0
1940-03-08,12.1999998093,0
1940-03-15,12.0699996948,0
1940-03-21,12.1400003433,0
1940-03-29,12.1800003052,0
1940-04-05,12.4799995422,0
1940-04-12,12.3199996948,0
1940-04-19,12.0399999619,0
1940-04-26,12.0799999237,0
1940-05-03,12.1199998856,0
1940-05-10,11.7600002289,0
1940-05-17,9.94999980927,0
1940-05-24,9.15999984741,0
1940-05-31,9.27000045776,0
1940-06-07,9.34000015259,0
1940-06-14,9.93999958038,0
1940-06-21,9.90999984741,0
1940-06-28,9.97999954224,0
1940-07-05,9.93999958038,0
1940-07-12,9.94999980927,0
1940-07-19,9.97000026703,0
1940-07-26,9.97000026703,0
1940-08-02,10.25,0
1940-08-09,10.2700004578,0
1940-08-16,9.84000015259,0
1940-08-23,10.1899995804,0
1940-08-30,10.5,0
1940-09-06,10.8500003815,0
1940-09-13,10.3100004196,0
1940-09-20,10.5900001526,0
1940-09-27,10.5799999237,0
1940-10-04,10.779999733,0
1940-10-11,10.5799999237,0
1940-10-18,10.720000267,0
1940-10-25,10.7299995422,0
1940-11-01,11.0799999237,0
1940-11-08,11.2299995422,0
1940-11-15,11.1700000763,0
1940-11-22,10.7899999619,0
1940-11-29,10.5699996948,0
1940-12-06,10.529999733,0
1940-12-13,10.6899995804,0
1940-12-20,10.4099998474,0
1940-12-27,10.4399995804,0
1941-01-03,10.720000267,0
1941-01-10,10.8599996567,0
1941-01-17,10.5200004578,0
1941-01-24,10.4499998093,0
1941-01-31,10.0699996948,0
1941-02-07,10.1599998474,0
1941-02-14,9.52999973297,0
1941-02-21,9.76000022888,0
1941-02-28,9.92000007629,0
1941-03-07,9.89999961853,0
1941-03-14,9.97999954224,0
1941-03-21,9.93000030518,0
1941-03-28,9.93999958038,0
1941-04-04,10.1400003433,0
1941-04-10,9.68999958038,0
1941-04-18,9.39999961853,0
1941-04-25,9.39999961853,0
1941-05-02,9.32999992371,0
1941-05-09,9.44999980927,0
1941-05-16,9.35000038147,0
1941-05-23,9.43999958038,0
1941-05-29,9.38000011444,0
1941-06-06,9.48999977112,0
1941-06-13,9.85000038147,0
1941-06-20,9.76000022888,0
1941-06-27,9.89000034332,0
1941-07-03,9.90999984741,0
1941-07-11,10.279999733,0
1941-07-18,10.25,0
1941-07-25,10.3400001526,0
1941-08-01,10.3400001526,0
1941-08-08,10.2299995422,0
1941-08-15,10.029999733,0
1941-08-22,10.1499996185,0
1941-08-29,10.279999733,0
1941-09-05,10.2100000381,0
1941-09-12,10.2299995422,0
1941-09-19,10.2899999619,0
1941-09-26,10.0900001526,0
1941-10-03,10.1300001144,0
1941-10-10,9.84000015259,0
1941-10-17,9.61999988556,0
1941-10-24,9.81999969482,0
1941-10-31,9.5,0
1941-11-07,9.55000019073,0
1941-11-14,9.30000019073,0
1941-11-21,9.38000011444,0
1941-11-28,9.11999988556,0
1941-12-05,9.31999969482,0
1941-12-12,8.72999954224,0
1941-12-19,8.48999977112,0
1941-12-26,8.42000007629,0
1942-01-02,8.89000034332,0
1942-01-09,8.85000038147,0
1942-01-16,8.96000003815,0
1942-01-23,8.84000015259,0
1942-01-30,8.85000038147,0
1942-02-06,8.85000038147,0
1942-02-13,8.61999988556,0
1942-02-20,8.47000026703,0
1942-02-27,8.59000015259,0
1942-03-06,8.15999984741,0
1942-03-13,8.02999973297,0
1942-03-20,8.10999965668,0
1942-03-27,8.05000019073,0
1942-04-02,8.10999965668,0
1942-04-10,7.98000001907,0
1942-04-17,7.69999980927,0
1942-04-24,7.55000019073,0
1942-05-01,7.71000003815,0
1942-05-08,7.88999986649,0
1942-05-15,7.88000011444,0
1942-05-22,8.01000022888,0
1942-05-29,8.14999961853,0
1942-06-05,8.36999988556,0
1942-06-12,8.31999969482,0
1942-06-19,8.39999961853,0
1942-06-26,8.22999954224,0
1942-07-03,8.43999958038,0
1942-07-10,8.80000019073,0
1942-07-17,8.72000026703,0
1942-07-24,8.63000011444,0
1942-07-31,8.56000041962,0
1942-08-07,8.48999977112,0
1942-08-14,8.57999992371,0
1942-08-21,8.71000003815,0
1942-08-28,8.60999965668,0
1942-09-04,8.60999965668,0
1942-09-11,8.53999996185,0
1942-09-18,8.65999984741,0
1942-09-25,8.89999961853,0
1942-10-02,9.05000019073,0
1942-10-09,9.34000015259,0
1942-10-16,9.35000038147,0
1942-10-23,9.43000030518,0
1942-10-30,9.35999965668,0
1942-11-06,9.57999992371,0
1942-11-13,9.56999969482,0
1942-11-20,9.47999954224,0
1942-11-27,9.34000015259,0
1942-12-04,9.34000015259,0
1942-12-11,9.36999988556,0
1942-12-18,9.68000030518,0
1942-12-24,9.73999977112,0
1942-12-31,9.77000045776,0
1943-01-08,9.92000007629,0
1943-01-15,10.0900001526,0
1943-01-22,10.1700000763,0
1943-01-29,10.4399995804,0
1943-02-05,10.5100002289,0
1943-02-11,10.6700000763,0
1943-02-19,10.6400003433,0
1943-02-26,10.970000267,0
1943-03-05,11.0500001907,0
1943-03-12,11.0500001907,0
1943-03-19,10.8800001144,0
1943-03-26,11.3000001907,0
1943-04-02,11.5600004196,0
1943-04-09,11.1400003433,0
1943-04-16,11.3299999237,0
1943-04-22,11.4799995422,0
1943-04-30,11.5900001526,0
1943-05-07,11.8100004196,0
1943-05-14,11.6999998093,0
1943-05-21,11.8999996185,0
1943-05-28,12.0500001907,0
1943-06-04,12.1800003052,0
1943-06-11,12.0799999237,0
1943-06-18,11.9600000381,0
1943-06-25,12.2100000381,0
1943-07-02,12.3500003815,0
1943-07-09,12.4099998474,0
1943-07-16,12.5399999619,0
1943-07-23,12.5100002289,0
1943-07-30,11.8500003815,0
1943-08-06,11.6300001144,0
1943-08-13,11.8400001526,0
1943-08-20,11.8100004196,0
1943-08-27,11.6700000763,0
1943-09-03,11.8199996948,0
1943-09-10,11.9300003052,0
1943-09-17,12.1000003815,0
1943-09-24,12.1000003815,0
1943-10-01,12.0900001526,0
1943-10-08,11.720000267,0
1943-10-15,11.8299999237,0
1943-10-22,11.8900003433,0
1943-10-29,11.9099998474,0
1943-11-05,11.5900001526,0
1943-11-12,11.2899999619,0
1943-11-19,11.3000001907,0
1943-11-26,11.1499996185,0
1943-12-03,11.2299995422,0
1943-12-10,11.4899997711,0
1943-12-17,11.5600004196,0
1943-12-24,11.6099996567,0
1943-12-31,11.6700000763,0
1944-01-07,11.8699998856,0
1944-01-14,11.8599996567,0
1944-01-21,11.8999996185,0
1944-01-28,11.8100004196,0
1944-02-04,11.6000003815,0
1944-02-11,11.7399997711,0
1944-02-18,11.779999733,0
1944-02-25,11.8000001907,0
1944-03-03,11.8999996185,0
1944-03-10,12.1000003815,0
1944-03-17,12.3100004196,0
1944-03-24,12.1300001144,0
1944-03-31,12.0200004578,0
1944-04-06,12.0399999619,0
1944-04-14,11.9499998093,0
1944-04-21,11.8000001907,0
1944-04-28,11.8699998856,0
1944-05-05,12.0799999237,0
1944-05-12,12,0
1944-05-19,12.1199998856,0
1944-05-26,12.220000267,0
1944-06-02,12.3000001907,0
1944-06-09,12.2700004578,0
1944-06-16,12.8199996948,0
1944-06-23,12.8999996185,0
1944-06-30,12.9799995422,0
1944-07-07,13.1599998474,0
1944-07-14,13.2299995422,0
1944-07-21,12.779999733,0
1944-07-28,12.6999998093,0
1944-08-04,12.6099996567,0
1944-08-11,12.8299999237,0
1944-08-18,13.0399999619,0
1944-08-25,12.8000001907,0
1944-09-01,12.8599996567,0
1944-09-08,12.4099998474,0
1944-09-15,12.4499998093,0
1944-09-22,12.6499996185,0
1944-09-29,12.7399997711,0
1944-10-06,12.970000267,0
1944-10-13,13.0200004578,0
1944-10-20,13.0200004578,0
1944-10-27,12.75,0
1944-11-03,12.8900003433,0
1944-11-10,12.9799995422,0
1944-11-17,12.6700000763,0
1944-11-24,12.75,0
1944-12-01,12.8000001907,0
1944-12-08,13.0900001526,0
1944-12-15,13.2700004578,0
1944-12-22,13.1199998856,0
1944-12-29,13.279999733,0
1945-01-05,13.4600000381,0
1945-01-12,13.6400003433,0
1945-01-19,13.4399995804,0
1945-01-26,13.4600000381,0
1945-02-02,13.6000003815,0
1945-02-09,13.6800003052,0
1945-02-16,14.0500001907,0
1945-02-23,14.1599998474,0
1945-03-02,14.2299995422,0
1945-03-09,13.8199996948,0
1945-03-16,14.0900001526,0
1945-03-23,13.7399997711,0
1945-03-29,13.6099996567,0
1945-04-06,13.7700004578,0
1945-04-13,14.1999998093,0
1945-04-20,14.4899997711,0
1945-04-27,14.6999998093,0
1945-05-04,14.9200000763,0
1945-05-11,14.6199998856,0
1945-05-18,14.8699998856,0
1945-05-25,14.7899999619,0
1945-06-01,15.029999733,0
1945-06-08,14.9300003052,0
1945-06-15,15.1000003815,0
1945-06-22,15.279999733,0
1945-06-29,14.8699998856,0
1945-07-06,14.9099998474,0
1945-07-13,15.0500001907,0
1945-07-20,14.6599998474,0
1945-07-27,14.4499998093,0
1945-08-03,14.6800003052,0
1945-08-10,14.779999733,0
1945-08-17,14.6199998856,0
1945-08-24,15.0500001907,0
1945-08-31,15.5100002289,0
1945-09-07,15.7299995422,0
1945-09-14,15.8599996567,0
1945-09-21,15.9499998093,0
1945-09-28,16.0499992371,0
1945-10-05,16.3799991608,0
1945-10-11,16.5799999237,0
1945-10-19,16.5900001526,0
1945-10-26,16.4899997711,0
1945-11-02,16.8600006104,0
1945-11-09,17.1000003815,0
1945-11-16,17,0
1945-11-23,16.8500003815,0
1945-11-30,17.1900005341,0
1945-12-07,17.5400009155,0
1945-12-14,17.3099994659,0
1945-12-21,16.9799995422,0
1945-12-28,17.3099994659,0
1946-01-04,17.2299995422,0
1946-01-11,18.1299991608,0
1946-01-18,18.2999992371,0
1946-01-25,18.0900001526,0
1946-02-01,18.6399993896,0
1946-02-08,18.5499992371,0
1946-02-15,18.4400005341,0
1946-02-21,17.7199993134,0
1946-03-01,17.2099990845,0
1946-03-08,17.4899997711,0
1946-03-15,17.2800006866,0
1946-03-22,17.7000007629,0
1946-03-29,18.0400009155,0
1946-04-05,18.5400009155,0
1946-04-12,18.7700004578,0
1946-04-18,18.8999996185,0
1946-04-26,18.5799999237,0
1946-05-03,18.4599990845,0
1946-05-10,18.7399997711,0
1946-05-17,18.6000003815,0
1946-05-24,18.7800006866,0
1946-05-31,19.1800003052,0
1946-06-07,18.8199996948,0
1946-06-14,18.7900009155,0
1946-06-21,18.2299995422,0
1946-06-28,18.4300003052,0
1946-07-05,18.4300003052,0
1946-07-12,18.2700004578,0
1946-07-19,17.9799995422,0
1946-07-26,17.6000003815,0
1946-08-02,18.0200004578,0
1946-08-09,18.0499992371,0
1946-08-16,17.8400001526,0
1946-08-23,17.5799999237,0
1946-08-30,16.6499996185,0
1946-09-06,15.8400001526,0
1946-09-13,15.3100004196,0
1946-09-20,14.6899995804,0
1946-09-27,15.1099996567,0
1946-10-04,14.8100004196,0
1946-10-11,14.6300001144,0
1946-10-18,14.970000267,0
1946-10-25,14.6999998093,0
1946-11-01,15.0699996948,0
1946-11-08,14.8500003815,0
1946-11-15,14.7299995422,0
1946-11-22,14.1300001144,0
1946-11-29,14.6800003052,0
1946-12-06,14.6999998093,0
1946-12-13,15.1700000763,0
1946-12-20,15.5,0
1946-12-27,15.1899995804,0
1947-01-03,15.2600002289,0
1947-01-10,15.2399997711,0
1947-01-17,15.0699996948,0
1947-01-24,15.2100000381,0
1947-01-31,15.6599998474,0
1947-02-07,16.1200008392,0
1947-02-14,15.8599996567,0
1947-02-21,15.8000001907,0
1947-02-28,15.4300003052,0
1947-03-07,15.1599998474,0
1947-03-14,14.779999733,0
1947-03-21,15.25,0
1947-03-28,15.3299999237,0
1947-04-03,15.1800003052,0
1947-04-11,14.720000267,0
1947-04-18,14.0900001526,0
1947-04-25,14.3900003433,0
1947-05-02,14.7899999619,0
1947-05-09,14.6300001144,0
1947-05-16,13.9600000381,0
1947-05-23,14,0
1947-05-29,14.4499998093,0
1947-06-06,14.5,0
1947-06-13,14.9799995422,0
1947-06-20,15.1599998474,0
1947-06-27,15.1199998856,0
1947-07-03,15.6000003815,0
1947-07-11,15.8699998856,0
1947-07-18,15.8500003815,0
1947-07-25,16.0799999237,0
1947-08-01,15.8000001907,0
1947-08-08,15.4300003052,0
1947-08-15,15.5799999237,0
1947-08-22,15.4499998093,0
1947-08-29,15.3199996948,0
1947-09-05,15.1000003815,0
1947-09-12,14.9899997711,0
1947-09-19,15.1999998093,0
1947-09-26,14.8500003815,0
1947-10-03,15.2399997711,0
1947-10-10,15.2899999619,0
1947-10-17,15.5799999237,0
1947-10-24,15.5,0
1947-10-31,15.4300003052,0
1947-11-07,15.3100004196,0
1947-11-14,15.1899995804,0
1947-11-21,15.3299999237,0
1947-11-28,14.9799995422,0
1947-12-05,14.6300001144,0
1947-12-12,14.9399995804,0
1947-12-19,15.1199998856,0
1947-12-26,15.1199998856,0
1948-01-02,15.3400001526,0
1948-01-09,15.2299995422,0
1948-01-16,14.8699998856,0
1948-01-23,14.3500003815,0
1948-01-30,14.6800003052,0
1948-02-06,14.1899995804,0
1948-02-13,13.8500003815,0
1948-02-20,13.9600000381,0
1948-02-27,13.9300003052,0
1948-03-05,14.1099996567,0
1948-03-12,13.9899997711,0
1948-03-19,14.3199996948,0
1948-03-25,14.75,0
1948-04-02,15.1499996185,0
1948-04-09,15.2899999619,0
1948-04-16,15.4300003052,0
1948-04-23,15.779999733,0
1948-04-30,15.4799995422,0
1948-05-07,15.720000267,0
1948-05-14,16.3899993896,0
1948-05-21,16.5,0
1948-05-28,16.6900005341,0
1948-06-04,16.5900001526,0
1948-06-11,16.9500007629,0
1948-06-18,16.9599990845,0
1948-06-25,16.8299999237,0
1948-07-02,16.8500003815,0
1948-07-09,16.9200000763,0
1948-07-16,16.25,0
1948-07-23,16.2700004578,0
1948-07-30,15.8500003815,0
1948-08-06,16.1200008392,0
1948-08-13,15.6999998093,0
1948-08-20,16.1499996185,0
1948-08-27,16.1100006104,0
1948-09-03,16.2700004578,0
1948-09-10,15.8299999237,0
1948-09-17,15.7299995422,0
1948-09-24,15.6000003815,0
1948-10-01,15.6700000763,0
1948-10-08,15.8999996185,0
1948-10-15,16.1200008392,0
1948-10-22,16.6100006104,0
1948-10-29,16.5,0
1948-11-05,15.4300003052,0
1948-11-12,15.0399999619,0
1948-11-19,15.3100004196,0
1948-11-26,14.9099998474,0
1948-12-03,15.1300001144,0
1948-12-10,15.220000267,0
1948-12-17,15.1999998093,0
1948-12-24,15.25,0
1948-12-31,15.1999998093,0
1949-01-07,15.6099996567,0
1949-01-14,15.2399997711,0
1949-01-21,15.470000267,0
1949-01-28,15.1999998093,0
1949-02-04,15.0900001526,0
1949-02-11,14.5600004196,0
1949-02-18,14.7899999619,0
1949-02-25,14.3800001144,0
1949-03-04,14.6700000763,0
1949-03-11,15.0200004578,0
1949-03-18,14.9399995804,0
1949-03-25,14.8900003433,0
1949-04-01,14.9399995804,0
1949-04-08,14.970000267,0
1949-04-14,14.9899997711,0
1949-04-22,14.6999998093,0
1949-04-29,14.7100000381,0
1949-05-06,14.9200000763,0
1949-05-13,14.8800001144,0
1949-05-20,14.7299995422,0
1949-05-27,14.5100002289,0
1949-06-03,14.0500001907,0
1949-06-10,13.8100004196,0
1949-06-17,13.8699998856,0
1949-06-24,14.1300001144,0
1949-07-01,14.2600002289,0
1949-07-08,14.5100002289,0
1949-07-15,14.7600002289,0
1949-07-22,14.8900003433,0
1949-07-29,15.0399999619,0
1949-08-05,15.3500003815,0
1949-08-12,15.3199996948,0
1949-08-19,15.4099998474,0
1949-08-26,15.279999733,0
1949-09-02,15.2899999619,0
1949-09-09,15.3999996185,0
1949-09-16,15.6599998474,0
1949-09-23,15.5699996948,0
1949-09-30,15.5799999237,0
1949-10-07,15.8500003815,0
1949-10-14,15.9099998474,0
1949-10-21,15.8500003815,0
1949-10-28,16.0799999237,0
1949-11-04,16.2099990845,0
1949-11-10,16.1399993896,0
1949-11-18,16.1399993896,0
1949-11-25,16.1000003815,0
1949-12-02,16.2800006866,0
1949-12-09,16.4200000763,0
1949-12-16,16.6599998474,0
1949-12-23,16.6399993896,0
1949-12-30,16.7900009155,0
1950-01-06,16.9799995422,0
1950-01-13,16.6700000763,0
1950-01-20,16.8999996185,0
1950-01-27,16.8199996948,0
1950-02-03,17.2900009155,0
1950-02-10,17.2399997711,0
1950-02-17,17.1499996185,0
1950-02-24,17.2800006866,0
1950-03-03,17.2900009155,0
1950-03-10,17.0900001526,0
1950-03-17,17.4500007629,0
1950-03-24,17.5599994659,0
1950-03-31,17.2900009155,0
1950-04-06,17.7800006866,0
1950-04-14,17.9599990845,0
1950-04-21,17.9599990845,0
1950-04-28,17.9599990845,0
1950-05-05,18.2199993134,0
1950-05-12,18.1800003052,0
1950-05-19,18.6800003052,0
1950-05-26,18.6700000763,0
1950-06-02,18.7900009155,0
1950-06-09,19.2600002289,0
1950-06-16,18.9699993134,0
1950-06-23,19.1399993896,0
1950-06-30,17.6900005341,0
1950-07-07,17.6700000763,0
1950-07-14,16.8700008392,0
1950-07-21,17.5900001526,0
1950-07-28,17.6900005341,0
1950-08-04,18.1399993896,0
1950-08-11,18.2800006866,0
1950-08-18,18.6800003052,0
1950-08-25,18.5400009155,0
1950-09-01,18.5499992371,0
1950-09-08,18.75,0
1950-09-15,19.2900009155,0
1950-09-22,19.4400005341,0
1950-09-29,19.4500007629,0
1950-10-06,20.1200008392,0
1950-10-13,19.8500003815,0
1950-10-20,19.9599990845,0
1950-10-27,19.7700004578,0
1950-11-03,19.8500003815,0
1950-11-10,19.9400005341,0
1950-11-17,19.8600006104,0
1950-11-24,20.3199996948,0
1950-12-01,19.6599998474,0
1950-12-08,19.3999996185,0
1950-12-15,19.3299999237,0
1950-12-22,20.0699996948,0
1950-12-29,20.4300003052,0
1951-01-05,20.8700008392,0
1951-01-12,21.1100006104,0
1951-01-19,21.3600006104,0
1951-01-26,21.2600002289,0
1951-02-02,21.9599990845,0
1951-02-09,22.1700000763,0
1951-02-16,22.1299991608,0
1951-02-23,21.9200000763,0
1951-03-02,21.9300003052,0
1951-03-09,21.9500007629,0
1951-03-16,21.6399993896,0
1951-03-22,21.7299995422,0
1951-03-30,21.4799995422,0
1951-04-06,21.7199993134,0
1951-04-13,22.0900001526,0
1951-04-20,22.0400009155,0
1951-04-27,22.3899993896,0
1951-05-04,22.7700004578,0
1951-05-11,22.3299999237,0
1951-05-18,21.5100002289,0
1951-05-25,21.0300006866,0
1951-06-01,21.4799995422,0
1951-06-08,21.4899997711,0
1951-06-15,22.0400009155,0
1951-06-22,21.5499992371,0
1951-06-29,20.9599990845,0
1951-07-06,21.6399993896,0
1951-07-13,21.9799995422,0
1951-07-20,21.8799991608,0
1951-07-27,22.5300006866,0
1951-08-03,22.8500003815,0
1951-08-10,22.7900009155,0
1951-08-17,22.9400005341,0
1951-08-24,22.8799991608,0
1951-08-31,23.2800006866,0
1951-09-07,23.5300006866,0
1951-09-14,23.6900005341,0
1951-09-21,23.3999996185,0
1951-09-28,23.2600002289,0
1951-10-05,23.7800006866,0
1951-10-11,23.7000007629,0
1951-10-19,23.3199996948,0
1951-10-26,22.8099994659,0
1951-11-02,22.9300003052,0
1951-11-09,22.75,0
1951-11-16,22.8199996948,0
1951-11-23,22.3999996185,0
1951-11-30,22.8799991608,0
1951-12-07,23.3799991608,0
1951-12-14,23.3700008392,0
1951-12-21,23.5100002289,0
1951-12-28,23.6900005341,0
1952-01-04,23.9200000763,0
1952-01-11,23.9799995422,0
1952-01-18,24.25,0
1952-01-25,24.5499992371,0
1952-02-01,24.2999992371,0
1952-02-08,24.2399997711,0
1952-02-15,23.8600006104,0
1952-02-21,23.1599998474,0
1952-02-29,23.2600002289,0
1952-03-07,23.7199993134,0
1952-03-14,23.75,0
1952-03-21,23.9300003052,0
1952-03-28,24.1800003052,0
1952-04-04,24.0200004578,0
1952-04-10,24.1100006104,0
1952-04-18,23.5,0
1952-04-25,23.5400009155,0
1952-05-02,23.5599994659,0
1952-05-09,23.8400001526,0
1952-05-16,23.5599994659,0
1952-05-23,23.8899993896,0
1952-05-29,23.8600006104,0
1952-06-06,24.2600002289,0
1952-06-13,24.3700008392,0
1952-06-20,24.5900001526,0
1952-06-27,24.8299999237,0
1952-07-03,25.0499992371,0
1952-07-11,24.9799995422,0
1952-07-18,24.8500003815,0
1952-07-25,25.1599998474,0
1952-08-01,25.4500007629,0
1952-08-08,25.5499992371,0
1952-08-15,25.2000007629,0
1952-08-22,24.9899997711,0
1952-08-29,25.0300006866,0
1952-09-05,25.2099990845,0
1952-09-12,24.7099990845,0
1952-09-19,24.5699996948,0
1952-09-26,24.7299995422,0
1952-10-03,24.5,0
1952-10-10,24.5499992371,0
1952-10-17,24.2000007629,0
1952-10-24,24.0300006866,0
1952-10-31,24.5200004578,0
1952-11-07,24.7800006866,0
1952-11-14,24.75,0
1952-11-21,25.2700004578,0
1952-11-28,25.6599998474,0
1952-12-05,25.6200008392,0
1952-12-12,26.0400009155,0
1952-12-19,26.1499996185,0
1952-12-26,26.25,0
1953-01-02,26.5400009155,0
1953-01-09,26.0799999237,0
1953-01-16,26.0200004578,0
1953-01-23,26.0699996948,0
1953-01-30,26.3799991608,0
1953-02-06,26.5100002289,0
1953-02-13,25.7399997711,0
1953-02-20,25.6299991608,0
1953-02-27,25.8999996185,0
1953-03-06,25.8400001526,0
1953-03-13,26.1800003052,0
1953-03-20,26.1800003052,0
1953-03-27,25.9899997711,0
1953-04-02,25.2299995422,0
1953-04-10,24.8199996948,0
1953-04-17,24.6200008392,0
1953-04-24,24.2000007629,0
1953-05-01,24.7299995422,0
1953-05-08,24.8999996185,0
1953-05-15,24.8400001526,0
1953-05-22,25.0300006866,0
1953-05-29,24.5400009155,0
1953-06-05,24.0900001526,0
1953-06-12,23.8199996948,0
1953-06-19,23.8400001526,0
1953-06-26,24.2099990845,0
1953-07-03,24.3600006104,0
1953-07-10,24.4099998474,0
1953-07-17,24.3500003815,0
1953-07-24,24.2299995422,0
1953-07-31,24.75,0
1953-08-07,24.7800006866,0
1953-08-14,24.6200008392,0
1953-08-21,24.3500003815,0
1953-08-28,23.7399997711,0
1953-09-04,23.5699996948,0
1953-09-11,23.1399993896,0
1953-09-18,22.9500007629,0
1953-09-25,23.2999992371,0
1953-10-02,23.5900001526,0
1953-10-09,23.6599998474,0
1953-10-16,24.1399993896,0
1953-10-23,24.3500003815,0
1953-10-30,24.5400009155,0
1953-11-06,24.6100006104,0
1953-11-13,24.5400009155,0
1953-11-20,24.4400005341,0
1953-11-27,24.6599998474,0
1953-12-04,24.9799995422,0
1953-12-11,24.7600002289,0
1953-12-18,24.9899997711,0
1953-12-24,24.7999992371,0
1953-12-31,24.8099994659,0
1954-01-08,24.9300003052,0
1954-01-15,25.4300003052,0
1954-01-22,25.8500003815,0
1954-01-29,26.0799999237,0
1954-02-05,26.2999992371,0
1954-02-12,26.1200008392,0
1954-02-19,25.9200000763,0
1954-02-26,26.1499996185,0
1954-03-05,26.5200004578,0
1954-03-12,26.6900005341,0
1954-03-19,26.8099994659,0
1954-03-26,26.5599994659,0
1954-04-02,27.2099990845,0
1954-04-09,27.3799991608,0
1954-04-15,27.9400005341,0
1954-04-23,27.7800006866,0
1954-04-30,28.2600002289,0
1954-05-07,28.6499996185,0
1954-05-14,28.7999992371,0
1954-05-21,28.9899997711,0
1954-05-28,29.1900005341,0
1954-06-04,29.1000003815,0
1954-06-11,28.5799999237,0
1954-06-18,29.0400009155,0
1954-06-25,29.2000007629,0
1954-07-02,29.5900001526,0
1954-07-09,30.1399993896,0
1954-07-16,30.0599994659,0
1954-07-23,30.3099994659,0
1954-07-30,30.8799991608,0
1954-08-06,30.3799991608,0
1954-08-13,30.7199993134,0
1954-08-20,31.2099990845,0
1954-08-27,30.6599998474,0
1954-09-03,30.5,0
1954-09-10,30.8400001526,0
1954-09-17,31.7099990845,0
1954-09-24,32.4000015259,0
1954-10-01,32.2900009155,0
1954-10-08,32.6699981689,0
1954-10-15,31.7099990845,0
1954-10-22,32.1300010681,0
1954-10-29,31.6800003052,0
1954-11-05,32.7099990845,0
1954-11-12,33.5400009155,0
1954-11-19,33.4500007629,0
1954-11-26,34.5499992371,0
1954-12-03,34.4900016785,0
1954-12-10,34.5600013733,0
1954-12-17,35.9199981689,0
1954-12-23,35.3699989319,0
1954-12-31,35.9799995422,0
1955-01-07,35.3300018311,0
1955-01-14,35.2799987793,0
1955-01-21,35.4399986267,0
1955-01-28,36.1899986267,0
1955-02-04,36.9599990845,0
1955-02-11,37.1500015259,0
1955-02-18,36.8899993896,0
1955-02-25,36.5699996948,0
1955-03-04,37.5200004578,0
1955-03-11,35.8199996948,0
1955-03-18,36.1800003052,0
1955-03-25,36.9599990845,0
1955-04-01,36.9500007629,0
1955-04-07,37.3400001526,0
1955-04-15,37.9599990845,0
1955-04-22,38.0099983215,0
1955-04-29,37.9599990845,0
1955-05-06,37.8899993896,0
1955-05-13,37.4399986267,0
1955-05-20,37.7400016785,0
1955-05-27,37.9300003052,0
1955-06-03,38.3699989319,0
1955-06-10,39.25,0
1955-06-17,40.0999984741,0
1955-06-24,40.9599990845,0
1955-07-01,41.1899986267,0
1955-07-08,42.6399993896,0
1955-07-15,42.4000015259,0
1955-07-22,43,0
1955-07-29,43.5200004578,0
1955-08-05,42.5600013733,0
1955-08-12,42.2099990845,0
1955-08-19,42.0200004578,0
1955-08-26,42.9900016785,0
1955-09-02,43.5999984741,0
1955-09-09,43.8899993896,0
1955-09-16,45.0900001526,0
1955-09-23,45.6300010681,0
1955-09-30,43.6699981689,0
1955-10-07,42.3800010681,0
1955-10-14,41.2200012207,0
1955-10-21,42.5900001526,0
1955-10-28,42.3699989319,0
1955-11-04,43.9599990845,0
1955-11-11,45.2400016785,0
1955-11-18,45.5400009155,0
1955-11-25,45.6800003052,0
1955-12-02,45.4399986267,0
1955-12-09,45.8899993896,0
1955-12-16,45.1300010681,0
1955-12-23,45.5,0
1955-12-30,45.4799995422,0
1956-01-06,45.1399993896,0
1956-01-13,44.6699981689,0
1956-01-20,43.2200012207,0
1956-01-27,43.3499984741,0
1956-02-03,44.7799987793,0
1956-02-10,43.6399993896,0
1956-02-17,44.5200004578,0
1956-02-24,45.3199996948,0
1956-03-02,45.8100013733,0
1956-03-09,46.7000007629,0
1956-03-16,48.1399993896,0
1956-03-23,48.8300018311,0
1956-03-29,48.4799995422,0
1956-04-06,48.8499984741,0
1956-04-13,47.9500007629,0
1956-04-20,47.7599983215,0
1956-04-27,47.9900016785,0
1956-05-04,48.5099983215,0
1956-05-11,47.1199989319,0
1956-05-18,46.3899993896,0
1956-05-25,44.6199989319,0
1956-06-01,45.5800018311,0
1956-06-08,45.1399993896,0
1956-06-15,46.3699989319,0
1956-06-22,46.5900001526,0
1956-06-29,46.9700012207,0
1956-07-06,48.0400009155,0
1956-07-13,48.7200012207,0
1956-07-20,49.3499984741,0
1956-07-27,49.0800018311,0
1956-08-03,49.6399993896,0
1956-08-10,49.0900001526,0
1956-08-17,48.8199996948,0
1956-08-24,47.9500007629,0
1956-08-31,47.5099983215,0
1956-09-07,47.8100013733,0
1956-09-14,47.2099990845,0
1956-09-21,46.5800018311,0
1956-09-28,45.3499984741,0
1956-10-05,46.4500007629,0
1956-10-12,47,0
1956-10-19,46.2400016785,0
1956-10-26,46.2700004578,0
1956-11-02,46.9799995422,0
1956-11-09,46.3400001526,0
1956-11-16,45.7400016785,0
1956-11-23,45.1399993896,0
1956-11-30,45.0800018311,0
1956-12-07,47.0400009155,0
1956-12-14,46.5400009155,0
1956-12-21,46.3699989319,0
1956-12-28,46.5600013733,0
1957-01-04,46.6599998474,0
1957-01-11,46.1800003052,0
1957-01-18,44.6399993896,0
1957-01-25,44.8199996948,0
1957-02-01,44.6199989319,0
1957-02-08,43.3199996948,0
1957-02-15,43.5099983215,0
1957-02-21,43.4799995422,0
1957-03-01,43.7400016785,0
1957-03-08,44.0699996948,0
1957-03-15,44.0499992371,0
1957-03-22,44.0600013733,0
1957-03-29,44.1100006104,0
1957-04-05,44.4900016785,0
1957-04-12,44.9799995422,0
1957-04-18,45.4099998474,0
1957-04-26,45.5,0
1957-05-03,46.3400001526,0
1957-05-10,46.5900001526,0
1957-05-17,47.1500015259,0
1957-05-24,47.2099990845,0
1957-05-31,47.4300003052,0
1957-06-07,47.8499984741,0
1957-06-14,48.1500015259,0
1957-06-21,47.1500015259,0
1957-06-28,47.3699989319,0
1957-07-05,48.6899986267,0
1957-07-12,49.0800018311,0
1957-07-19,48.5800018311,0
1957-07-26,48.4500007629,0
1957-08-02,47.6800003052,0
1957-08-09,46.9199981689,0
1957-08-16,45.8300018311,0
1957-08-23,44.5099983215,0
1957-08-30,45.2200012207,0
1957-09-06,44.6800003052,0
1957-09-13,44.7999992371,0
1957-09-20,43.6899986267,0
1957-09-27,42.5499992371,0
1957-10-04,42.7900009155,0
1957-10-11,40.9399986267,0
1957-10-18,40.3300018311,0
1957-10-25,40.5900001526,0
1957-11-01,40.4399986267,0
1957-11-08,40.1899986267,0
1957-11-15,40.3699989319,0
1957-11-22,40.8699989319,0
1957-11-29,41.7200012207,0
1957-12-06,41.3100013733,0
1957-12-13,40.7299995422,0
1957-12-20,39.4799995422,0
1957-12-27,39.7799987793,0
1958-01-03,40.8699989319,0
1958-01-10,40.3699989319,0
1958-01-17,41.0999984741,0
1958-01-24,41.7099990845,0
1958-01-31,41.7000007629,0
1958-02-07,41.7299995422,0
1958-02-14,41.3300018311,0
1958-02-21,40.8800010681,0
1958-02-28,40.8400001526,0
1958-03-07,42.0699996948,0
1958-03-14,42.3300018311,0
1958-03-21,42.4199981689,0
1958-03-28,42.2000007629,0
1958-04-03,41.4799995422,0
1958-04-11,41.7400016785,0
1958-04-18,42.7099990845,0
1958-04-25,43.3600006104,0
1958-05-02,43.6899986267,0
1958-05-09,44.0900001526,0
1958-05-16,43.3600006104,0
1958-05-23,43.8699989319,0
1958-05-29,44.0900001526,0
1958-06-06,44.6399993896,0
1958-06-13,45.0200004578,0
1958-06-20,44.8499984741,0
1958-06-27,44.9000015259,0
1958-07-03,45.4700012207,0
1958-07-11,45.7200012207,0
1958-07-18,45.7700004578,0
1958-07-25,46.9700012207,0
1958-08-01,47.4900016785,0
1958-08-08,48.0499992371,0
1958-08-15,47.5,0
1958-08-22,47.7299995422,0
1958-08-29,47.75,0
1958-09-05,47.9700012207,0
1958-09-12,48.5299987793,0
1958-09-19,49.4000015259,0
1958-09-26,49.6599998474,0
1958-10-03,50.3699989319,0
1958-10-10,51.3899993896,0
1958-10-17,51.4599990845,0
1958-10-24,50.8100013733,0
1958-10-31,51.3300018311,0
1958-11-07,52.2599983215,0
1958-11-14,53.0900001526,0
1958-11-21,52.7000007629,0
1958-11-28,52.4799995422,0
1958-12-05,52.4599990845,0
1958-12-12,53.2200012207,0
1958-12-19,54.0699996948,0
1958-12-24,54.1100006104,0
1959-01-02,55.4399986267,0
1959-01-09,55.7700004578,0
1959-01-16,55.8100013733,0
1959-01-23,56,0
1959-01-30,55.4500007629,0
1959-02-06,54.3699989319,0
1959-02-13,54.4199981689,0
1959-02-20,55.5200004578,0
1959-02-27,55.4099998474,0
1959-03-06,56.2099990845,0
1959-03-13,56.6699981689,0
1959-03-20,56.3899993896,0
1959-03-26,55.7599983215,0
1959-04-03,56.4399986267,0
1959-04-10,56.2200012207,0
1959-04-17,57.9199981689,0
1959-04-24,57.9599990845,0
1959-05-01,57.6500015259,0
1959-05-08,57.3199996948,0
1959-05-15,58.1599998474,0
1959-05-22,58.3300018311,0
1959-05-29,58.6800003052,0
1959-06-05,57.5099983215,0
1959-06-12,57.2900009155,0
1959-06-19,57.1300010681,0
1959-06-26,57.9799995422,0
1959-07-02,59.2799987793,0
1959-07-10,59.9099998474,0
1959-07-17,59.1899986267,0
1959-07-24,59.6500015259,0
1959-07-31,60.5099983215,0
1959-08-07,59.8699989319,0
1959-08-14,59.2900009155,0
1959-08-21,59.0800018311,0
1959-08-28,59.5999984741,0
1959-09-04,58.5400009155,0
1959-09-11,57.4099998474,0
1959-09-18,56.1899986267,0
1959-09-25,56.7299995422,0
1959-10-02,57.2000007629,0
1959-10-09,57,0
1959-10-16,57.3300018311,0
1959-10-23,56.5600013733,0
1959-10-30,57.5200004578,0
1959-11-06,57.5999984741,0
1959-11-13,56.8499984741,0
1959-11-20,56.9700012207,0
1959-11-27,57.7000007629,0
1959-12-04,58.8499984741,0
1959-12-11,58.8800010681,0
1959-12-18,59.1399993896,0
1959-12-24,59,0
1959-12-31,59.8899993896,0
1960-01-08,59.5,0
1960-01-15,58.3800010681,0
1960-01-22,57.3800010681,0
1960-01-29,55.6100006104,0
1960-02-05,55.9799995422,0
1960-02-12,55.4599990845,0
1960-02-19,56.2400016785,0
1960-02-26,56.1599998474,0
1960-03-04,54.5699996948,0
1960-03-11,54.2400016785,0
1960-03-18,55.0099983215,0
1960-03-25,55.9799995422,0
1960-04-01,55.4300003052,0
1960-04-08,56.3899993896,0
1960-04-14,56.4300003052,0
1960-04-22,55.4199981689,0
1960-04-29,54.3699989319,0
1960-05-06,54.75,0
1960-05-13,55.2999992371,0
1960-05-20,55.7299995422,0
1960-05-27,55.7400016785,0
1960-06-03,56.2299995422,0
1960-06-10,57.9700012207,0
1960-06-17,57.4399986267,0
1960-06-24,57.6800003052,0
1960-07-01,57.0600013733,0
1960-07-08,57.3800010681,0
1960-07-15,56.0499992371,0
1960-07-22,54.7200012207,0
1960-07-29,55.5099983215,0
1960-08-05,55.4399986267,0
1960-08-12,56.6599998474,0
1960-08-19,57.0099983215,0
1960-08-26,57.5999984741,0
1960-09-02,57,0
1960-09-09,56.1100006104,0
1960-09-16,55.1100006104,0
1960-09-23,53.9000015259,0
1960-09-30,53.5200004578,0
1960-10-07,54.0299987793,0
1960-10-14,54.8600006104,0
1960-10-21,53.7200012207,0
1960-10-28,53.4099998474,0
1960-11-04,54.9000015259,0
1960-11-11,55.8699989319,0
1960-11-18,55.8199996948,0
1960-11-25,56.1300010681,0
1960-12-02,55.3899993896,0
1960-12-09,56.6500015259,0
1960-12-16,57.2000007629,0
1960-12-23,57.4399986267,0
1960-12-30,58.1100006104,0
1961-01-06,58.4000015259,0
1961-01-13,59.5999984741,0
1961-01-20,59.9599990845,0
1961-01-27,61.2400016785,0
1961-02-03,62.2200012207,0
1961-02-10,61.5,0
1961-02-17,62.0999984741,0
1961-02-24,62.8400001526,0
1961-03-03,63.9500007629,0
1961-03-10,63.4799995422,0
1961-03-17,64,0
1961-03-24,64.4199981689,0
1961-03-30,65.0599975586,0
1961-04-07,65.9599990845,0
1961-04-14,66.3700027466,0
1961-04-21,65.7699966431,0
1961-04-28,65.3099975586,0
1961-05-05,66.5199966431,0
1961-05-12,66.5,0
1961-05-19,67.2699966431,0
1961-05-26,66.4300003052,0
1961-06-02,66.7300033569,0
1961-06-09,66.6600036621,0
1961-06-16,65.1800003052,0
1961-06-23,65.1600036621,0
1961-06-30,64.6399993896,0
1961-07-07,65.7699966431,0
1961-07-14,65.2799987793,0
1961-07-21,64.8600006104,0
1961-07-28,66.7099990845,0
1961-08-04,67.6800003052,0
1961-08-11,68.0599975586,0
1961-08-18,68.2900009155,0
1961-08-25,67.6699981689,0
1961-09-01,68.1900024414,0
1961-09-08,67.8799972534,0
1961-09-15,67.6500015259,0
1961-09-22,66.7200012207,0
1961-09-29,66.7300033569,0
1961-10-06,66.9700012207,0
1961-10-13,68.0400009155,0
1961-10-20,68,0
1961-10-27,68.3399963379,0
1961-11-03,69.4700012207,0
1961-11-10,71.0699996948,0
1961-11-17,71.6200027466,0
1961-11-24,71.8399963379,0
1961-12-01,71.7799987793,0
1961-12-08,72.0400009155,0
1961-12-15,72.0100021362,0
1961-12-22,70.9100036621,0
1961-12-29,71.5500030518,0
1962-01-05,69.6600036621,0
1962-01-12,69.6100006104,0
1962-01-19,68.75,0
1962-01-26,68.1299972534,0
1962-02-02,69.8099975586,0
1962-02-09,70.4800033569,0
1962-02-16,70.5899963379,0
1962-02-23,70.1600036621,0
1962-03-02,70.1600036621,0
1962-03-09,70.4199981689,0
1962-03-16,70.9400024414,0
1962-03-23,70.4499969482,0
1962-03-30,69.5500030518,0
1962-04-06,68.8399963379,0
1962-04-13,67.9000015259,0
1962-04-19,68.5899963379,0
1962-04-27,66.3000030518,0
1962-05-04,66.2399978638,0
1962-05-11,62.6500015259,0
1962-05-18,63.8199996948,0
1962-05-25,59.4700012207,0
1962-06-01,59.3800010681,0
1962-06-08,58.4500007629,0
1962-06-15,55.8899993896,0
1962-06-22,52.6800003052,0
1962-06-29,54.75,0
1962-07-06,56.1699981689,0
1962-07-13,57.8300018311,0
1962-07-20,56.8100013733,0
1962-07-27,57.2000007629,0
1962-08-03,58.1199989319,0
1962-08-10,57.5499992371,0
1962-08-17,59.0099983215,0
1962-08-24,59.5800018311,0
1962-08-31,59.1199989319,0
1962-09-07,58.3800010681,0
1962-09-14,58.8899993896,0
1962-09-21,57.6899986267,0
1962-09-28,56.2700004578,0
1962-10-05,57.0699996948,0
1962-10-12,56.9500007629,0
1962-10-19,55.5900001526,0
1962-10-26,54.5400009155,0
1962-11-02,57.75,0
1962-11-09,58.7799987793,0
1962-11-16,60.1599998474,0
1962-11-23,61.5400009155,0
1962-11-30,62.2599983215,0
1962-12-07,63.0600013733,0
1962-12-14,62.5699996948,0
1962-12-21,62.6399993896,0
1962-12-28,62.9599990845,0
1963-01-04,64.1299972534,0
1963-01-11,64.8499984741,0
1963-01-18,65.1800003052,0
1963-01-25,65.9199981689,0
1963-02-01,66.3099975586,0
1963-02-08,66.1699981689,0
1963-02-15,66.4100036621,0
1963-02-21,65.9199981689,0
1963-03-01,64.0999984741,0
1963-03-08,65.3300018311,0
1963-03-15,65.9300003052,0
1963-03-22,66.1900024414,0
1963-03-29,66.5699996948,0
1963-04-05,68.2799987793,0
1963-04-11,68.7699966431,0
1963-04-19,69.2300033569,0
1963-04-26,69.6999969482,0
1963-05-03,70.0299987793,0
1963-05-10,70.5199966431,0
1963-05-17,70.2900009155,0
1963-05-24,70.0199966431,0
1963-05-31,70.8000030518,0
1963-06-07,70.4100036621,0
1963-06-14,70.25,0
1963-06-21,70.25,0
1963-06-28,69.3700027466,0
1963-07-05,70.2200012207,0
1963-07-12,69.6399993896,0
1963-07-19,68.3499984741,0
1963-07-26,68.5400009155,0
1963-08-02,69.3000030518,0
1963-08-09,70.4800033569,0
1963-08-16,71.4899978638,0
1963-08-23,71.7600021362,0
1963-08-30,72.5,0
1963-09-06,72.8399963379,0
1963-09-13,73.1699981689,0
1963-09-20,73.3000030518,0
1963-09-27,72.1299972534,0
1963-10-04,72.8499984741,0
1963-10-11,72.2699966431,0
1963-10-18,73.3199996948,0
1963-10-25,74.0100021362,0
1963-11-01,73.8300018311,0
1963-11-08,73.3600006104,0
1963-11-15,72.3499984741,0
1963-11-22,69.6100006104,0
1963-11-29,73.2300033569,0
1963-12-06,74,0
1963-12-13,74.0599975586,0
1963-12-20,74.2799987793,0
1963-12-27,74.4400024414,0
1964-01-03,75.5,0
1964-01-10,76.2399978638,0
1964-01-17,76.5599975586,0
1964-01-24,77.1100006104,0
1964-01-31,77.0400009155,0
1964-02-07,77.1800003052,0
1964-02-14,77.4800033569,0
1964-02-20,77.6200027466,0
1964-02-28,77.8000030518,0
1964-03-06,78.3099975586,0
1964-03-13,79.1399993896,0
1964-03-20,78.9199981689,0
1964-03-26,79.1900024414,0
1964-04-03,79.9400024414,0
1964-04-10,79.8499984741,0
1964-04-17,80.5500030518,0
1964-04-24,79.75,0
1964-05-01,80.1699981689,0
1964-05-08,81,0
1964-05-15,81.0999984741,0
1964-05-22,80.7300033569,0
1964-05-28,80.3700027466,0
1964-06-05,79.0199966431,0
1964-06-12,79.5999984741,0
1964-06-19,80.8899993896,0
1964-06-26,81.4599990845,0
1964-07-02,82.5999984741,0
1964-07-10,83.3600006104,0
1964-07-17,84.0100021362,0
1964-07-24,83.4599990845,0
1964-07-31,83.1800003052,0
1964-08-07,81.8600006104,0
1964-08-14,82.3499984741,0
1964-08-21,82.0699996948,0
1964-08-28,81.9899978638,0
1964-09-04,82.7600021362,0
1964-09-11,83.4499969482,0
1964-09-18,83.4800033569,0
1964-09-25,84.2099990845,0
1964-10-02,84.3600006104,0
1964-10-09,85.2200012207,0
1964-10-16,84.8300018311,0
1964-10-23,85.1399993896,0
1964-10-30,84.8600006104,0
1964-11-06,85.2300033569,0
1964-11-13,85.2099990845,0
1964-11-20,86.2799987793,0
1964-11-27,85.1600036621,0
1964-12-04,84.3499984741,0
1964-12-11,83.6600036621,0
1964-12-18,84.2900009155,0
1964-12-24,84.1500015259,0
1964-12-31,84.75,0
1965-01-08,85.3700027466,0
1965-01-15,86.2099990845,0
1965-01-22,86.7399978638,0
1965-01-29,87.5599975586,0
1965-02-05,87.2900009155,0
1965-02-12,86.1699981689,0
1965-02-19,86.2099990845,0
1965-02-26,87.4300003052,0
1965-03-05,86.8000030518,0
1965-03-12,87.2099990845,0
1965-03-19,86.8399963379,0
1965-03-26,86.1999969482,0
1965-04-02,86.5299987793,0
1965-04-09,87.5599975586,0
1965-04-15,88.1500015259,0
1965-04-23,88.8799972534,0
1965-04-30,89.1100006104,0
1965-05-07,89.8499984741,0
1965-05-14,90.0999984741,0
1965-05-21,88.75,0
1965-05-28,88.4199981689,0
1965-06-04,87.1100006104,0
1965-06-11,85.1200027466,0
1965-06-18,85.3399963379,0
1965-06-25,83.0599975586,0
1965-07-02,85.1600036621,0
1965-07-09,85.7099990845,0
1965-07-16,85.6900024414,0
1965-07-23,84.0699996948,0
1965-07-30,85.25,0
1965-08-06,86.0699996948,0
1965-08-13,86.7699966431,0
1965-08-20,86.6900024414,0
1965-08-27,87.1999969482,0
1965-09-03,88.0599975586,0
1965-09-10,89.1200027466,0
1965-09-17,90.0500030518,0
1965-09-24,90.0199966431,0
1965-10-01,89.9000015259,0
1965-10-08,90.8499984741,0
1965-10-15,91.3799972534,0
1965-10-22,91.9800033569,0
1965-10-29,92.4199981689,0
1965-11-05,92.3700027466,0
1965-11-12,92.5500030518,0
1965-11-19,92.2399978638,0
1965-11-26,92.0299987793,0
1965-12-03,91.2699966431,0
1965-12-10,91.8000030518,0
1965-12-17,92.0800018311,0
1965-12-23,92.1900024414,0
1965-12-31,92.4300003052,0
1966-01-07,93.1399993896,0
1966-01-14,93.5,0
1966-01-21,93.4700012207,0
1966-01-28,93.3099975586,0
1966-02-04,93.2600021362,0
1966-02-11,93.8099975586,0
1966-02-18,92.4100036621,0
1966-02-25,91.1399993896,0
1966-03-04,89.2399978638,0
1966-03-11,88.8499984741,0
1966-03-18,88.5299987793,0
1966-03-25,89.5400009155,0
1966-04-01,89.9400024414,0
1966-04-07,91.7600021362,0
1966-04-15,91.9899978638,0
1966-04-22,92.2699966431,0
1966-04-29,91.0599975586,0
1966-05-06,87.8399963379,0
1966-05-13,85.4700012207,0
1966-05-20,85.4300003052,0
1966-05-27,87.3300018311,0
1966-06-03,86.0599975586,0
1966-06-10,86.4400024414,0
1966-06-17,86.5100021362,0
1966-06-24,86.5800018311,0
1966-07-01,85.6100006104,0
1966-07-08,87.6100006104,0
1966-07-15,87.0800018311,0
1966-07-22,85.4100036621,0
1966-07-29,83.5999984741,0
1966-08-05,84,0
1966-08-12,83.1699981689,0
1966-08-19,79.6200027466,0
1966-08-26,76.4100036621,0
1966-09-02,77.4199981689,0
1966-09-09,76.2900009155,0
1966-09-16,79.9899978638,0
1966-09-23,77.6699981689,0
1966-09-30,76.5599975586,0
1966-10-07,73.1999969482,0
1966-10-14,76.5999984741,0
1966-10-21,78.1900024414,0
1966-10-28,80.2399978638,0
1966-11-04,80.8099975586,0
1966-11-11,81.9400024414,0
1966-11-18,81.2600021362,0
1966-11-25,80.8499984741,0
1966-12-02,80.1299972534,0
1966-12-09,82.1399993896,0
1966-12-16,81.5800018311,0
1966-12-23,81.4700012207,0
1966-12-30,80.3300018311,0
1967-01-06,82.1800003052,0
1967-01-13,84.5299987793,0
1967-01-20,86.0699996948,0
1967-01-27,86.1600036621,0
1967-02-03,87.3600006104,0
1967-02-10,87.6299972534,0
1967-02-17,87.8899993896,0
1967-02-24,87.4100036621,0
1967-03-03,88.2900009155,0
1967-03-10,88.8899993896,0
1967-03-17,90.25,0
1967-03-23,90.9400024414,0
1967-03-31,90.1999969482,0
1967-04-07,89.3600006104,0
1967-04-14,90.4300003052,0
1967-04-21,92.3000030518,0
1967-04-28,94.0100021362,0
1967-05-05,94.4400024414,0
1967-05-12,93.4800033569,0
1967-05-19,92.0699996948,0
1967-05-26,90.9800033569,0
1967-06-02,89.7900009155,0
1967-06-09,91.5599975586,0
1967-06-16,92.5400009155,0
1967-06-23,92,0
1967-06-30,90.6399993896,0
1967-07-07,91.6900024414,0
1967-07-14,92.7399978638,0
1967-07-21,94.0400009155,0
1967-07-28,94.4899978638,0
1967-08-04,95.8300018311,0
1967-08-11,95.1500015259,0
1967-08-18,94.7799987793,0
1967-08-25,92.6999969482,0
1967-09-01,93.6800003052,0
1967-09-08,94.3600006104,0
1967-09-15,96.2699966431,0
1967-09-22,97,0
1967-09-29,96.7099990845,0
1967-10-06,97.2600021362,0
1967-10-13,96,0
1967-10-20,95.3799972534,0
1967-10-27,94.9599990845,0
1967-11-03,91.7799987793,0
1967-11-10,92.2099990845,0
1967-11-17,92.8199996948,0
1967-11-24,93.9000015259,0
1967-12-01,94.5,0
1967-12-08,95.4199981689,0
1967-12-15,95.0299987793,0
1967-12-22,95.1999969482,0
1967-12-29,96.4700012207,0
1968-01-05,95.9400024414,0
1968-01-12,96.7200012207,0
1968-01-19,95.2399978638,0
1968-01-26,93.4499969482,0
1968-02-02,92.2699966431,0
1968-02-09,89.8600006104,0
1968-02-16,89.9599990845,0
1968-02-23,90.8899993896,0
1968-03-01,89.1100006104,0
1968-03-08,89.0299987793,0
1968-03-15,89.0999984741,0
1968-03-22,88.4199981689,0
1968-03-29,90.1999969482,0
1968-04-05,93.2900009155,0
1968-04-11,96.5299987793,0
1968-04-19,95.8499984741,0
1968-04-26,97.2099990845,0
1968-05-03,98.6600036621,0
1968-05-10,98.5,0
1968-05-17,96.9000015259,0
1968-05-24,97.1500015259,0
1968-05-31,98.6800003052,0
1968-06-07,101.269996643,0
1968-06-14,101.129997253,0
1968-06-21,100.660003662,0
1968-06-28,99.5800018311,0
1968-07-03,100.910003662,0
1968-07-12,102.339996338,0
1968-07-19,100.459999084,0
1968-07-26,98.3399963379,0
1968-08-02,96.6299972534,0
1968-08-09,97.0100021362,0
1968-08-16,98.6800003052,0
1968-08-23,98.6900024414,0
1968-08-30,98.8600006104,0
1968-09-06,101.199996948,0
1968-09-13,100.86000061,0
1968-09-20,101.660003662,0
1968-09-27,102.309997559,0
1968-10-04,103.709999084,0
1968-10-11,103.180000305,0
1968-10-18,104.819999695,0
1968-10-25,104.199996948,0
1968-11-01,103.059997559,0
1968-11-08,103.949996948,0
1968-11-15,105.779998779,0
1968-11-22,106.300003052,0
1968-11-29,108.370002747,0
1968-12-06,107.930000305,0
1968-12-13,107.580001831,0
1968-12-20,106.339996338,0
1968-12-27,104.739997864,0
1969-01-03,103.989997864,0
1969-01-10,100.930000305,0
1969-01-17,102.029998779,0
1969-01-24,102.379997253,0
1969-01-31,103.010002136,0
1969-02-07,103.529998779,0
1969-02-14,103.61000061,0
1969-02-20,99.7900009155,0
1969-02-28,98.1299972534,0
1969-03-07,98.6500015259,0
1969-03-14,98,0
1969-03-21,99.6299972534,0
1969-03-28,101.510002136,0
1969-04-03,100.680000305,0
1969-04-11,101.650001526,0
1969-04-18,101.239997864,0
1969-04-25,101.720001221,0
1969-05-02,104,0
1969-05-09,105.050003052,0
1969-05-16,105.940002441,0
1969-05-23,104.589996338,0
1969-05-29,103.459999084,0
1969-06-06,102.120002747,0
1969-06-13,98.6500015259,0
1969-06-20,96.6699981689,0
1969-06-27,97.3300018311,0
1969-07-03,99.6100006104,0
1969-07-11,95.7699966431,0
1969-07-18,94.9499969482,0
1969-07-25,92.0599975586,0
1969-08-01,93.4700012207,0
1969-08-08,93.9400024414,0
1969-08-15,94,0
1969-08-22,95.9199981689,0
1969-08-29,95.5100021362,0
1969-09-05,93.6399993896,0
1969-09-12,94.1299972534,0
1969-09-19,95.1900024414,0
1969-09-26,94.1600036621,0
1969-10-03,93.1900024414,0
1969-10-10,93.5599975586,0
1969-10-17,96.2600021362,0
1969-10-24,98.1200027466,0
1969-10-31,97.1200027466,0
1969-11-07,98.2600021362,0
1969-11-14,97.0699996948,0
1969-11-21,94.3199996948,0
1969-11-28,93.8099975586,0
1969-12-05,91.7300033569,0
1969-12-12,90.8099975586,0
1969-12-19,91.3799972534,0
1969-12-26,91.8899993896,0
1970-01-02,93,0
1970-01-09,92.4000015259,0
1970-01-16,90.9199981689,0
1970-01-23,89.3700027466,0
1970-01-30,85.0199966431,0
1970-02-06,86.3300018311,0
1970-02-13,86.5400009155,0
1970-02-20,88.0299987793,0
1970-02-27,89.5,0
1970-03-06,89.4400024414,0
1970-03-13,87.8600006104,0
1970-03-20,87.0599975586,0
1970-03-26,89.9199981689,0
1970-04-03,89.3899993896,0
1970-04-10,88.2399978638,0
1970-04-17,85.6699981689,0
1970-04-24,82.7699966431,0
1970-05-01,81.4400024414,0
1970-05-08,79.4400024414,0
1970-05-15,76.9000015259,0
1970-05-22,72.25,0
1970-05-29,76.5500030518,0
1970-06-05,76.1699981689,0
1970-06-12,73.8799972534,0
1970-06-19,77.0500030518,0
1970-06-26,73.4700012207,0
1970-07-02,72.9199981689,0
1970-07-10,74.4499969482,0
1970-07-17,77.6900024414,0
1970-07-24,77.8199996948,0
1970-07-31,78.0500030518,0
1970-08-07,77.2799987793,0
1970-08-14,75.1800003052,0
1970-08-21,79.2399978638,0
1970-08-28,81.8600006104,0
1970-09-04,82.8300018311,0
1970-09-11,82.5199966431,0
1970-09-18,82.6200027466,0
1970-09-25,82.8300018311,0
1970-10-02,85.1600036621,0
1970-10-09,85.0800018311,0
1970-10-16,84.2799987793,0
1970-10-23,83.7699966431,0
1970-10-30,83.25,0
1970-11-06,84.2200012207,0
1970-11-13,83.3700027466,0
1970-11-20,83.7200012207,0
1970-11-27,85.9300003052,0
1970-12-04,89.4599990845,0
1970-12-11,90.2600021362,0
1970-12-18,90.2200012207,0
1970-12-24,90.6100006104,0
1970-12-31,92.1500015259,0
1971-01-08,92.1900024414,0
1971-01-15,93.0299987793,0
1971-01-22,94.8799972534,0
1971-01-29,95.8799972534,0
1971-02-05,96.9300003052,0
1971-02-12,98.4300003052,0
1971-02-19,96.7399978638,0
1971-02-26,96.75,0
1971-03-05,98.9599990845,0
1971-03-12,99.5699996948,0
1971-03-19,101.010002136,0
1971-03-26,99.9499969482,0
1971-04-02,100.559997559,0
1971-04-08,102.099998474,0
1971-04-16,103.489997864,0
1971-04-23,104.050003052,0
1971-04-30,103.949996948,0
1971-05-07,102.870002747,0
1971-05-14,102.209999084,0
1971-05-21,100.989997864,0
1971-05-28,99.6299972534,0
1971-06-04,101.300003052,0
1971-06-11,101.069999695,0
1971-06-18,98.9700012207,0
1971-06-25,97.9899978638,0
1971-07-02,99.7799987793,0
1971-07-09,100.690002441,0
1971-07-16,99.1100006104,0
1971-07-23,98.9400024414,0
1971-07-30,95.5800018311,0
1971-08-06,94.25,0
1971-08-13,95.6900024414,0
1971-08-20,98.3300018311,0
1971-08-27,100.480003357,0
1971-09-03,100.690002441,0
1971-09-10,100.419998169,0
1971-09-17,99.9599990845,0
1971-09-24,98.1500015259,0
1971-10-01,98.9300003052,0
1971-10-08,99.3600006104,0
1971-10-15,97.7900009155,0
1971-10-22,95.5699996948,0
1971-10-29,94.2300033569,0
1971-11-05,94.4599990845,0
1971-11-12,92.1200027466,0
1971-11-19,91.6100006104,0
1971-11-26,91.9400024414,0
1971-12-03,97.0599975586,0
1971-12-10,97.6900024414,0
1971-12-17,100.260002136,0
1971-12-23,100.739997864,0
1971-12-31,102.089996338,0
1972-01-07,103.470001221,0
1972-01-14,103.38999939,0
1972-01-21,103.650001526,0
1972-01-28,104.160003662,0
1972-02-04,104.86000061,0
1972-02-11,105.080001831,0
1972-02-18,105.279998779,0
1972-02-25,106.180000305,0
1972-03-03,107.940002441,0
1972-03-10,108.379997253,0
1972-03-17,107.919998169,0
1972-03-24,107.519996643,0
1972-03-30,107.199996948,0
1972-04-07,109.620002747,0
1972-04-14,109.839996338,0
1972-04-21,108.88999939,0
1972-04-28,107.669998169,0
1972-05-05,106.629997253,0
1972-05-12,106.379997253,0
1972-05-19,108.980003357,0
1972-05-26,110.660003662,0
1972-06-02,109.730003357,0
1972-06-09,106.86000061,0
1972-06-16,108.36000061,0
1972-06-23,108.269996643,0
1972-06-30,107.13999939,0
1972-07-07,108.690002441,0
1972-07-14,106.800003052,0
1972-07-21,106.660003662,0
1972-07-28,107.379997253,0
1972-08-04,110.430000305,0
1972-08-11,111.949996948,0
1972-08-18,111.760002136,0
1972-08-25,110.669998169,0
1972-09-01,111.510002136,0
1972-09-08,110.150001526,0
1972-09-15,108.809997559,0
1972-09-22,108.519996643,0
1972-09-29,110.550003052,0
1972-10-06,109.620002747,0
1972-10-13,107.919998169,0
1972-10-20,109.239997864,0
1972-10-27,110.620002747,0
1972-11-03,114.220001221,0
1972-11-10,113.730003357,0
1972-11-17,115.489997864,0
1972-11-24,117.269996643,0
1972-12-01,117.379997253,0
1972-12-08,118.86000061,0
1972-12-15,118.260002136,0
1972-12-22,115.830001831,0
1972-12-29,118.050003052,0
1973-01-05,119.870002747,0
1973-01-12,119.300003052,0
1973-01-19,118.779998779,0
1973-01-26,116.449996948,0
1973-02-02,114.349998474,0
1973-02-09,114.680000305,0
1973-02-16,114.980003357,0
1973-02-23,113.160003662,0
1973-03-02,112.279998779,0
1973-03-09,113.790000916,0
1973-03-16,113.540000916,0
1973-03-23,108.879997253,0
1973-03-30,111.519996643,0
1973-04-06,109.279998779,0
1973-04-13,112.080001831,0
1973-04-19,112.169998169,0
1973-04-27,107.230003357,0
1973-05-04,111,0
1973-05-11,108.169998169,0
1973-05-18,103.86000061,0
1973-05-25,107.940002441,0
1973-06-01,103.930000305,0
1973-06-08,107.029998779,0
1973-06-15,105.099998474,0
1973-06-22,103.699996948,0
1973-06-29,104.260002136,0
1973-07-06,101.279998779,0
1973-07-13,104.089996338,0
1973-07-20,107.13999939,0
1973-07-27,109.589996338,0
1973-08-03,106.489997864,0
1973-08-10,104.769996643,0
1973-08-17,102.309997559,0
1973-08-24,101.620002747,0
1973-08-31,104.25,0
1973-09-07,104.760002136,0
1973-09-14,104.440002441,0
1973-09-21,107.199996948,0
1973-09-28,108.430000305,0
1973-10-05,109.849998474,0
1973-10-12,111.440002441,0
1973-10-19,110.220001221,0
1973-10-26,111.379997253,0
1973-11-02,107.069999695,0
1973-11-09,105.300003052,0
1973-11-16,103.879997253,0
1973-11-23,99.4400024414,0
1973-11-30,95.9599990845,0
1973-12-07,96.5100021362,0
1973-12-14,93.2900009155,0
1973-12-21,93.5400009155,0
1973-12-28,97.5400009155,0
1974-01-04,98.9000015259,0
1974-01-11,93.6600036621,0
1974-01-18,95.5599975586,0
1974-01-25,96.6299972534,0
1974-02-01,95.3199996948,0
1974-02-08,92.3300018311,0
1974-02-15,92.2699966431,0
1974-02-22,95.3899993896,0
1974-03-01,95.5299987793,0
1974-03-08,97.7799987793,0
1974-03-15,99.2799987793,0
1974-03-22,97.2699966431,0
1974-03-29,93.9800033569,0
1974-04-05,93.0100021362,0
1974-04-11,92.1200027466,0
1974-04-19,93.75,0
1974-04-26,90.1800003052,0
1974-05-03,91.2900009155,0
1974-05-10,91.4700012207,0
1974-05-17,88.2099990845,0
1974-05-24,88.5800018311,0
1974-05-31,87.2799987793,0
1974-06-07,92.5500030518,0
1974-06-14,91.3000030518,0
1974-06-21,87.4599990845,0
1974-06-28,86,0
1974-07-05,83.6600036621,0
1974-07-12,83.1500015259,0
1974-07-19,83.5400009155,0
1974-07-26,82.4000015259,0
1974-08-02,78.5899963379,0
1974-08-09,80.8600006104,0
1974-08-16,75.6699981689,0
1974-08-23,71.5500030518,0
1974-08-30,72.1500015259,0
1974-09-06,71.4199981689,0
1974-09-13,65.1999969482,0
1974-09-20,70.1399993896,0
1974-09-27,64.9400024414,0
1974-10-04,62.3400001526,0
1974-10-11,71.1399993896,0
1974-10-18,72.2799987793,0
1974-10-25,70.1200027466,0
1974-11-01,73.8799972534,0
1974-11-08,74.9100036621,0
1974-11-15,71.9100036621,0
1974-11-22,68.9000015259,0
1974-11-29,69.9700012207,0
1974-12-06,65.0100021362,0
1974-12-13,67.0699996948,0
1974-12-20,66.9100036621,0
1974-12-27,67.1399993896,0
1975-01-03,70.7099990845,0
1975-01-10,72.6100006104,0
1975-01-17,70.9599990845,0
1975-01-24,72.9800033569,0
1975-01-31,76.9800033569,0
1975-02-07,78.6299972534,0
1975-02-14,81.5,0
1975-02-21,82.6200027466,0
1975-02-28,81.5899963379,0
1975-03-07,84.3000030518,0
1975-03-14,84.7600021362,0
1975-03-21,83.3899993896,0
1975-03-27,83.8499984741,0
1975-04-04,80.8799972534,0
1975-04-11,84.1800003052,0
1975-04-18,86.3000030518,0
1975-04-25,86.6200027466,0
1975-05-02,89.2200012207,0
1975-05-09,90.5299987793,0
1975-05-16,90.4300003052,0
1975-05-23,90.5800018311,0
1975-05-30,91.1500015259,0
1975-06-06,92.4800033569,0
1975-06-13,90.5199966431,0
1975-06-20,92.6100006104,0
1975-06-27,94.8099975586,0
1975-07-03,94.3600006104,0
1975-07-11,94.6600036621,0
1975-07-18,93.1999969482,0
1975-07-25,89.2900009155,0
1975-08-01,87.9899978638,0
1975-08-08,86.0199966431,0
1975-08-15,86.3600006104,0
1975-08-22,84.2799987793,0
1975-08-29,86.8799972534,0
1975-09-05,85.6200027466,0
1975-09-12,83.3000030518,0
1975-09-19,85.8799972534,0
1975-09-26,86.1900024414,0
1975-10-03,85.9499969482,0
1975-10-10,88.2099990845,0
1975-10-17,88.8600006104,0
1975-10-24,89.8300018311,0
1975-10-31,89.0400009155,0
1975-11-07,89.3300018311,0
1975-11-14,90.9700012207,0
1975-11-21,89.5299987793,0
1975-11-28,91.2399978638,0
1975-12-05,86.8199996948,0
1975-12-12,87.8300018311,0
1975-12-19,88.8000030518,0
1975-12-26,90.25,0
1976-01-02,90.9000015259,0
1976-01-09,94.9499969482,0
1976-01-16,97,0
1976-01-23,99.2099990845,0
1976-01-30,100.86000061,0
1976-02-06,99.4599990845,0
1976-02-13,99.6699981689,0
1976-02-20,102.099998474,0
1976-02-27,99.7099990845,0
1976-03-05,99.1100006104,0
1976-03-12,100.86000061,0
1976-03-19,100.580001831,0
1976-03-26,102.849998474,0
1976-04-02,102.25,0
1976-04-09,100.349998474,0
1976-04-15,100.669998169,0
1976-04-23,102.290000916,0
1976-04-30,101.63999939,0
1976-05-07,101.879997253,0
1976-05-14,101.339996338,0
1976-05-21,101.260002136,0
1976-05-28,100.180000305,0
1976-06-04,99.1500015259,0
1976-06-11,100.919998169,0
1976-06-18,103.760002136,0
1976-06-25,103.720001221,0
1976-07-02,104.11000061,0
1976-07-09,104.980003357,0
1976-07-16,104.680000305,0
1976-07-23,104.059997559,0
1976-07-30,103.440002441,0
1976-08-06,103.790000916,0
1976-08-13,104.25,0
1976-08-20,102.370002747,0
1976-08-27,101.480003357,0
1976-09-03,104.300003052,0
1976-09-10,104.650001526,0
1976-09-17,106.269996643,0
1976-09-24,106.800003052,0
1976-10-01,104.169998169,0
1976-10-08,102.559997559,0
1976-10-15,100.879997253,0
1976-10-22,99.9599990845,0
1976-10-29,102.900001526,0
1976-11-05,100.819999695,0
1976-11-12,99.2399978638,0
1976-11-19,101.919998169,0
1976-11-26,103.150001526,0
1976-12-03,102.760002136,0
1976-12-10,104.699996948,0
1976-12-17,104.260002136,0
1976-12-23,104.839996338,0
1976-12-31,107.459999084,0
1977-01-07,105.010002136,0
1977-01-14,104.010002136,0
1977-01-21,103.319999695,0
1977-01-28,101.930000305,0
1977-02-04,101.879997253,0
1977-02-11,100.220001221,0
1977-02-18,100.489997864,0
1977-02-25,99.4800033569,0
1977-03-04,101.199996948,0
1977-03-11,100.650001526,0
1977-03-18,101.86000061,0
1977-03-25,99.0599975586,0
1977-04-01,99.2099990845,0
1977-04-07,98.3499984741,0
1977-04-15,101.040000916,0
1977-04-22,98.4400024414,0
1977-04-29,98.4400024414,0
1977-05-06,99.4899978638,0
1977-05-13,99.0299987793,0
1977-05-20,99.4499969482,0
1977-05-27,96.2699966431,0
1977-06-03,97.6900024414,0
1977-06-10,98.4599990845,0
1977-06-17,99.9700012207,0
1977-06-24,101.190002441,0
1977-07-01,100.099998474,0
1977-07-08,99.7900009155,0
1977-07-15,100.180000305,0
1977-07-22,101.669998169,0
1977-07-29,98.8499984741,0
1977-08-05,98.7600021362,0
1977-08-12,97.8799972534,0
1977-08-19,97.5100021362,0
1977-08-26,96.0599975586,0
1977-09-02,97.4499969482,0
1977-09-09,96.3700027466,0
1977-09-16,96.4800033569,0
1977-09-23,95.0400009155,0
1977-09-30,96.5299987793,0
1977-10-07,95.9700012207,0
1977-10-14,93.5599975586,0
1977-10-21,92.3199996948,0
1977-10-28,92.6100006104,0
1977-11-04,91.5800018311,0
1977-11-11,95.9800033569,0
1977-11-18,95.3300018311,0
1977-11-25,96.6900024414,0
1977-12-02,94.6699981689,0
1977-12-09,93.6500015259,0
1977-12-16,93.4000015259,0
1977-12-23,94.6900024414,0
1977-12-30,95.0999984741,0
1978-01-06,91.6200027466,0
1978-01-13,89.6900024414,0
1978-01-20,89.8899993896,0
1978-01-27,88.5800018311,0
1978-02-03,89.6200027466,0
1978-02-10,90.0800018311,0
1978-02-17,87.9599990845,0
1978-02-24,88.4899978638,0
1978-03-03,87.4499969482,0
1978-03-10,88.8799972534,0
1978-03-17,90.1999969482,0
1978-03-23,89.3600006104,0
1978-03-31,89.2099990845,0
1978-04-07,90.1699981689,0
1978-04-14,92.9199981689,0
1978-04-21,94.3399963379,0
1978-04-28,96.8300018311,0
1978-05-05,96.5299987793,0
1978-05-12,98.0699996948,0
1978-05-19,98.1200027466,0
1978-05-26,96.5800018311,0
1978-06-02,98.1399993896,0
1978-06-09,99.9300003052,0
1978-06-16,97.4199981689,0
1978-06-23,95.8499984741,0
1978-06-30,95.5299987793,0
1978-07-07,94.8899993896,0
1978-07-14,97.5800018311,0
1978-07-21,97.75,0
1978-07-28,100,0
1978-08-04,103.919998169,0
1978-08-11,103.959999084,0
1978-08-18,104.730003357,0
1978-08-25,104.900001526,0
1978-09-01,103.680000305,0
1978-09-08,106.790000916,0
1978-09-15,104.120002747,0
1978-09-22,101.839996338,0
1978-09-29,102.540000916,0
1978-10-06,103.519996643,0
1978-10-13,104.660003662,0
1978-10-20,97.9499969482,0
1978-10-27,94.5899963379,0
1978-11-03,96.1800003052,0
1978-11-10,94.7699966431,0
1978-11-17,94.4199981689,0
1978-11-24,95.7900009155,0
1978-12-01,96.2799987793,0
1978-12-08,96.6299972534,0
1978-12-15,95.3300018311,0
1978-12-22,96.3099975586,0
1978-12-29,96.1100006104,0
1979-01-05,99.1299972534,0
1979-01-12,99.9300003052,0
1979-01-19,99.75,0
1979-01-26,101.86000061,0
1979-02-02,99.5,0
1979-02-09,97.8700027466,0
1979-02-16,98.6699981689,0
1979-02-23,97.7799987793,0
1979-03-02,96.9700012207,0
1979-03-09,99.5400009155,0
1979-03-16,100.690002441,0
1979-03-23,101.599998474,0
1979-03-30,101.589996338,0
1979-04-06,103.180000305,0
1979-04-12,102,0
1979-04-20,101.230003357,0
1979-04-27,101.800003052,0
1979-05-04,100.690002441,0
1979-05-11,98.5199966431,0
1979-05-18,99.9300003052,0
1979-05-25,100.220001221,0
1979-06-01,99.1699981689,0
1979-06-08,101.489997864,0
1979-06-15,102.089996338,0
1979-06-22,102.63999939,0
1979-06-29,102.910003662,0
1979-07-06,103.620002747,0
1979-07-13,102.319999695,0
1979-07-20,101.819999695,0
1979-07-27,103.099998474,0
1979-08-03,104.040000916,0
1979-08-10,106.400001526,0
1979-08-17,108.300003052,0
1979-08-24,108.599998474,0
1979-08-31,109.319999695,0
1979-09-07,107.660003662,0
1979-09-14,108.760002136,0
1979-09-21,110.470001221,0
1979-09-28,109.319999695,0
1979-10-05,111.269996643,0
1979-10-12,104.489997864,0
1979-10-19,101.599998474,0
1979-10-26,100.569999695,0
1979-11-02,102.510002136,0
1979-11-09,101.510002136,0
1979-11-16,103.790000916,0
1979-11-23,104.669998169,0
1979-11-30,106.160003662,0
1979-12-07,107.519996643,0
1979-12-14,108.919998169,0
1979-12-21,107.589996338,0
1979-12-28,107.839996338,0
1980-01-04,106.519996643,0
1980-01-11,109.919998169,0
1980-01-18,111.069999695,0
1980-01-25,113.61000061,0
1980-02-01,115.120002747,0
1980-02-08,117.949996948,0
1980-02-15,115.410003662,0
1980-02-22,115.040000916,0
1980-02-29,113.660003662,0
1980-03-07,106.900001526,0
1980-03-14,105.430000305,0
1980-03-21,102.309997559,0
1980-03-28,100.680000305,0
1980-04-03,102.150001526,0
1980-04-11,103.790000916,0
1980-04-18,100.550003052,0
1980-04-25,105.160003662,0
1980-05-02,105.580001831,0
1980-05-09,104.720001221,0
1980-05-16,107.349998474,0
1980-05-23,110.620002747,0
1980-05-30,111.239997864,0
1980-06-06,113.199996948,0
1980-06-13,115.809997559,0
1980-06-20,114.059997559,0
1980-06-27,116,0
1980-07-03,117.459999084,0
1980-07-11,117.839996338,0
1980-07-18,122.040000916,0
1980-07-25,120.779998779,0
1980-08-01,121.209999084,0
1980-08-08,123.61000061,0
1980-08-15,125.720001221,0
1980-08-22,126.019996643,0
1980-08-29,122.379997253,0
1980-09-05,124.879997253,0
1980-09-12,125.540000916,0
1980-09-19,129.25,0
1980-09-26,126.349998474,0
1980-10-03,129.330001831,0
1980-10-10,130.289993286,0
1980-10-17,131.520004272,0
1980-10-24,129.850006104,0
1980-10-31,127.470001221,0
1980-11-07,129.179992676,0
1980-11-14,137.149993896,0
1980-11-21,139.11000061,0
1980-11-28,140.520004272,0
1980-12-05,134.029998779,0
1980-12-12,129.229995728,0
1980-12-19,133.699996948,0
1980-12-26,136.570007324,0
1981-01-02,136.339996338,0
1981-01-09,133.479995728,0
1981-01-16,134.770004272,0
1981-01-23,130.229995728,0
1981-01-30,129.550003052,0
1981-02-06,130.600006104,0
1981-02-13,126.980003357,0
1981-02-20,126.580001831,0
1981-02-27,131.270004272,0
1981-03-06,129.850006104,0
1981-03-13,133.11000061,0
1981-03-20,134.080001831,0
1981-03-27,134.649993896,0
1981-04-03,135.490005493,0
1981-04-10,134.509994507,0
1981-04-16,134.699996948,0
1981-04-24,135.13999939,0
1981-05-01,132.720001221,0
1981-05-08,131.660003662,0
1981-05-15,132.169998169,0
1981-05-22,131.330001831,0
1981-05-29,132.589996338,0
1981-06-05,132.220001221,0
1981-06-12,133.490005493,0
1981-06-19,132.270004272,0
1981-06-26,132.559997559,0
1981-07-02,128.63999939,0
1981-07-10,129.369995117,0
1981-07-17,130.759994507,0
1981-07-24,128.460006714,0
1981-07-31,130.919998169,0
1981-08-07,131.75,0
1981-08-14,132.490005493,0
1981-08-21,129.229995728,0
1981-08-28,124.080001831,0
1981-09-04,120.069999695,0
1981-09-11,121.61000061,0
1981-09-18,116.260002136,0
1981-09-25,112.769996643,0
1981-10-02,119.36000061,0
1981-10-09,121.449996948,0
1981-10-16,119.190002441,0
1981-10-23,118.599998474,0
1981-10-30,121.88999939,0
1981-11-06,122.669998169,0
1981-11-13,121.669998169,0
1981-11-20,121.709999084,0
1981-11-27,125.089996338,0
1981-12-04,126.260002136,0
1981-12-11,124.930000305,0
1981-12-18,124,0
1981-12-24,122.540000916,0
1981-12-31,122.550003052,0
1982-01-08,119.550003052,0
1982-01-15,116.330001831,0
1982-01-22,115.379997253,0
1982-01-29,120.400001526,0
1982-02-05,117.260002136,0
1982-02-12,114.379997253,0
1982-02-19,113.220001221,0
1982-02-26,113.11000061,0
1982-03-05,109.339996338,0
1982-03-12,108.61000061,0
1982-03-19,110.61000061,0
1982-03-26,111.940002441,0
1982-04-02,115.120002747,0
1982-04-08,116.220001221,0
1982-04-16,116.809997559,0
1982-04-23,118.63999939,0
1982-04-30,116.440002441,0
1982-05-07,119.470001221,0
1982-05-14,118.010002136,0
1982-05-21,114.88999939,0
1982-05-28,111.879997253,0
1982-06-04,110.089996338,0
1982-06-11,111.239997864,0
1982-06-18,107.279998779,0
1982-06-25,109.13999939,0
1982-07-02,107.650001526,0
1982-07-09,108.830001831,0
1982-07-16,111.069999695,0
1982-07-23,111.169998169,0
1982-07-30,107.089996338,0
1982-08-06,103.709999084,0
1982-08-13,103.849998474,0
1982-08-20,113.019996643,0
1982-08-27,117.11000061,0
1982-09-03,122.680000305,0
1982-09-10,120.970001221,0
1982-09-17,122.550003052,0
1982-09-24,123.319999695,0
1982-10-01,121.970001221,0
1982-10-08,131.050003052,0
1982-10-15,133.570007324,0
1982-10-22,138.830001831,0
1982-10-29,133.720001221,0
1982-11-05,142.160003662,0
1982-11-12,139.529998779,0
1982-11-19,137.020004272,0
1982-11-26,134.880004883,0
1982-12-03,138.690002441,0
1982-12-10,139.570007324,0
1982-12-17,137.490005493,0
1982-12-23,139.720001221,0
1982-12-31,140.63999939,0
1983-01-07,145.179992676,0
1983-01-14,146.649993896,0
1983-01-21,143.850006104,0
1983-01-28,144.509994507,0
1983-02-04,146.13999939,0
1983-02-11,147.649993896,0
1983-02-18,148,0
1983-02-25,149.740005493,0
1983-03-04,153.669998169,0
1983-03-11,151.240005493,0
1983-03-18,149.899993896,0
1983-03-25,152.669998169,0
1983-03-31,152.960006714,0
1983-04-08,152.850006104,0
1983-04-15,158.75,0
1983-04-22,160.419998169,0
1983-04-29,164.429992676,0
1983-05-06,166.100006104,0
1983-05-13,164.910003662,0
1983-05-20,162.13999939,0
1983-05-27,164.460006714,0
1983-06-03,164.419998169,0
1983-06-10,162.679992676,0
1983-06-17,169.130004883,0
1983-06-24,170.410003662,0
1983-07-01,168.63999939,0
1983-07-08,167.080001831,0
1983-07-15,164.289993286,0
1983-07-22,168.88999939,0
1983-07-29,162.559997559,0
1983-08-05,161.740005493,0
1983-08-12,162.160003662,0
1983-08-19,163.979995728,0
1983-08-26,162.13999939,0
1983-09-02,165,0
1983-09-09,166.919998169,0
1983-09-16,166.25,0
1983-09-23,169.509994507,0
1983-09-30,166.070007324,0
1983-10-07,170.800003052,0
1983-10-14,169.86000061,0
1983-10-21,165.949996948,0
1983-10-28,163.369995117,0
1983-11-04,162.440002441,0
1983-11-11,166.289993286,0
1983-11-18,165.089996338,0
1983-11-25,167.179992676,0
1983-12-02,165.440002441,0
1983-12-09,165.080001831,0
1983-12-16,162.38999939,0
1983-12-23,163.220001221,0
1983-12-30,164.929992676,0
1984-01-06,169.279998779,0
1984-01-13,167.020004272,0
1984-01-20,166.210006714,0
1984-01-27,163.940002441,0
1984-02-03,160.910003662,0
1984-02-10,156.300003052,0
1984-02-17,155.740005493,0
1984-02-24,157.509994507,0
1984-03-02,159.240005493,0
1984-03-09,154.350006104,0
1984-03-16,159.270004272,0
1984-03-23,156.86000061,0
1984-03-30,159.179992676,0
1984-04-06,155.479995728,0
1984-04-13,157.309997559,0
1984-04-19,158.020004272,0
1984-04-27,159.88999939,0
1984-05-04,159.11000061,0
1984-05-11,158.490005493,0
1984-05-18,155.779998779,0
1984-05-25,151.619995117,0
1984-06-01,153.240005493,0
1984-06-08,155.169998169,0
1984-06-15,149.029998779,0
1984-06-22,154.460006714,0
1984-06-29,153.179992676,0
1984-07-06,152.240005493,0
1984-07-13,150.880004883,0
1984-07-20,149.550003052,0
1984-07-27,151.190002441,0
1984-08-03,162.350006104,0
1984-08-10,165.419998169,0
1984-08-17,164.13999939,0
1984-08-24,167.509994507,0
1984-08-31,166.679992676,0
1984-09-07,164.369995117,0
1984-09-14,168.779998779,0
1984-09-21,165.669998169,0
1984-09-28,166.100006104,0
1984-10-05,162.679992676,0
1984-10-12,164.179992676,0
1984-10-19,167.960006714,0
1984-10-26,165.289993286,0
1984-11-02,167.419998169,0
1984-11-09,167.600006104,0
1984-11-16,164.100006104,0
1984-11-23,166.919998169,0
1984-11-30,163.580001831,0
1984-12-07,162.259994507,0
1984-12-14,162.690002441,0
1984-12-21,165.509994507,0
1984-12-28,166.259994507,0
1985-01-04,163.679992676,0
1985-01-11,167.910003662,0
1985-01-18,171.320007324,0
1985-01-25,177.350006104,0
1985-02-01,178.630004883,0
1985-02-08,182.190002441,0
1985-02-15,181.600006104,0
1985-02-22,179.36000061,0
1985-03-01,183.229995728,0
1985-03-08,179.100006104,0
1985-03-15,176.529998779,0
1985-03-22,179.039993286,0
1985-03-29,180.660003662,0
1985-04-04,179.029998779,0
1985-04-12,180.539993286,0
1985-04-19,181.11000061,0
1985-04-26,182.179992676,0
1985-05-03,180.080001831,0
1985-05-10,184.279998779,0
1985-05-17,187.419998169,0
1985-05-24,188.289993286,0
1985-05-31,189.550003052,0
1985-06-07,189.679992676,0
1985-06-14,187.100006104,0
1985-06-21,189.61000061,0
1985-06-28,191.850006104,0
1985-07-05,192.520004272,0
1985-07-12,193.289993286,0
1985-07-19,195.130004883,0
1985-07-26,192.399993896,0
1985-08-02,191.479995728,0
1985-08-09,188.320007324,0
1985-08-16,186.100006104,0
1985-08-23,187.169998169,0
1985-08-30,188.630004883,0
1985-09-06,188.240005493,0
1985-09-13,182.910003662,0
1985-09-20,182.050003052,0
1985-09-26,181.289993286,0
1985-10-04,183.220001221,0
1985-10-11,184.279998779,0
1985-10-18,187.039993286,0
1985-10-25,187.520004272,0
1985-11-01,191.529998779,0
1985-11-08,193.720001221,0
1985-11-15,198.11000061,0
1985-11-22,201.520004272,0
1985-11-29,202.169998169,0
1985-12-06,202.990005493,0
1985-12-13,209.940002441,0
1985-12-20,210.940002441,0
1985-12-27,209.61000061,0
1986-01-03,210.880004883,0
1986-01-10,205.960006714,0
1986-01-17,208.429992676,0
1986-01-24,206.429992676,0
1986-01-31,211.779998779,0
1986-02-07,214.559997559,0
1986-02-14,219.759994507,0
1986-02-21,224.619995117,0
1986-02-28,226.919998169,0
1986-03-07,225.570007324,0
1986-03-14,236.550003052,0
1986-03-21,233.339996338,0
1986-03-27,238.970001221,0
1986-04-04,228.690002441,0
1986-04-11,235.970001221,0
1986-04-18,242.380004883,0
1986-04-25,242.289993286,0
1986-05-02,234.789993286,0
1986-05-09,237.850006104,0
1986-05-16,232.759994507,0
1986-05-23,241.350006104,0
1986-05-30,247.350006104,0
1986-06-06,245.669998169,0
1986-06-13,245.729995728,0
1986-06-20,247.580001831,0
1986-06-27,249.600006104,0
1986-07-03,251.789993286,0
1986-07-11,242.220001221,0
1986-07-18,236.36000061,0
1986-07-25,240.220001221,0
1986-08-01,234.910003662,0
1986-08-08,236.880004883,0
1986-08-15,247.149993896,0
1986-08-22,250.190002441,0
1986-08-29,252.929992676,0
1986-09-05,250.470001221,0
1986-09-12,230.669998169,0
1986-09-19,232.210006714,0
1986-09-26,232.229995728,0
1986-10-03,233.710006714,0
1986-10-10,235.479995728,0
1986-10-17,238.839996338,0
1986-10-24,238.259994507,0
1986-10-31,243.979995728,0
1986-11-07,245.770004272,0
1986-11-14,244.5,0
1986-11-21,245.86000061,0
1986-11-28,249.220001221,0
1986-12-05,251.169998169,0
1986-12-12,247.350006104,0
1986-12-19,249.729995728,0
1986-12-26,246.919998169,0
1987-01-02,246.449996948,0
1987-01-09,258.730010986,0
1987-01-16,266.279998779,0
1987-01-23,270.100006104,0
1987-01-30,274.079986572,0
1987-02-06,280.040008545,0
1987-02-13,279.700012207,0
1987-02-20,285.480010986,0
1987-02-27,284.200012207,0
1987-03-06,290.660003662,0
1987-03-13,289.890014648,0
1987-03-20,298.170013428,0
1987-03-27,296.130004883,0
1987-04-03,300.410003662,0
1987-04-10,292.489990234,0
1987-04-16,286.910003662,0
1987-04-24,281.519989014,0
1987-05-01,288.029998779,0
1987-05-08,293.369995117,0
1987-05-15,287.429992676,0
1987-05-22,282.160003662,0
1987-05-29,290.100006104,0
1987-06-05,293.450012207,0
1987-06-12,301.619995117,0
1987-06-19,306.970001221,0
1987-06-26,307.160003662,0
1987-07-02,305.630004883,0
1987-07-10,308.369995117,0
1987-07-17,314.589996338,0
1987-07-24,309.269989014,0
1987-07-31,318.660003662,0
1987-08-07,323,0
1987-08-14,333.989990234,0
1987-08-21,335.899993896,0
1987-08-28,327.040008545,0
1987-09-04,316.700012207,0
1987-09-11,321.980010986,0
1987-09-18,314.859985352,0
1987-09-25,320.160003662,0
1987-10-02,328.070007324,0
1987-10-09,311.070007324,0
1987-10-16,282.700012207,0
1987-10-23,248.220001221,0
1987-10-30,251.789993286,0
1987-11-06,250.410003662,0
1987-11-13,245.63999939,0
1987-11-20,242,0
1987-11-27,240.339996338,0
1987-12-04,223.919998169,0
1987-12-11,235.320007324,0
1987-12-18,249.160003662,0
1987-12-24,252.029998779,0
1987-12-31,247.080001831,0
1988-01-08,243.399993896,0
1988-01-15,252.050003052,0
1988-01-22,246.5,0
1988-01-29,257.070007324,0
1988-02-05,250.960006714,0
1988-02-12,257.630004883,0
1988-02-19,261.609985352,0
1988-02-26,262.459991455,0
1988-03-04,267.299987793,0
1988-03-11,264.940002441,0
1988-03-18,271.119995117,0
1988-03-25,258.510009766,0
1988-03-31,258.890014648,0
1988-04-08,269.429992676,0
1988-04-15,259.769989014,0
1988-04-22,260.140014648,0
1988-04-29,261.329986572,0
1988-05-06,257.480010986,0
1988-05-13,256.779998779,0
1988-05-20,253.020004272,0
1988-05-27,253.419998169,0
1988-06-03,266.450012207,0
1988-06-10,271.260009766,0
1988-06-17,270.679992676,0
1988-06-24,273.779998779,0
1988-07-01,271.779998779,0
1988-07-08,270.019989014,0
1988-07-15,272.049987793,0
1988-07-22,263.5,0
1988-07-29,272.019989014,0
1988-08-05,271.149993896,0
1988-08-12,262.549987793,0
1988-08-19,260.239990234,0
1988-08-26,259.679992676,0
1988-09-02,264.480010986,0
1988-09-09,266.839996338,0
1988-09-16,270.649993896,0
1988-09-23,269.760009766,0
1988-09-30,271.910003662,0
1988-10-07,278.070007324,0
1988-10-14,275.5,0
1988-10-21,283.660003662,0
1988-10-28,278.529998779,0
1988-11-04,276.309997559,0
1988-11-11,267.920013428,0
1988-11-18,266.470001221,0
1988-11-25,267.230010986,0
1988-12-02,271.809997559,0
1988-12-09,277.029998779,0
1988-12-16,276.290008545,0
1988-12-23,277.869995117,0
1988-12-30,277.720001221,0
1989-01-06,280.670013428,0
1989-01-13,283.869995117,0
1989-01-20,286.630004883,0
1989-01-27,293.820007324,0
1989-02-03,296.970001221,0
1989-02-10,292.019989014,0
1989-02-17,296.760009766,0
1989-02-24,287.130004883,0
1989-03-03,291.179992676,0
1989-03-10,292.880004883,0
1989-03-17,292.690002441,0
1989-03-23,288.980010986,0
1989-03-31,294.869995117,0
1989-04-07,297.160003662,0
1989-04-14,301.359985352,0
1989-04-21,309.609985352,0
1989-04-28,309.640014648,0
1989-05-05,307.609985352,0
1989-05-12,313.839996338,0
1989-05-19,321.239990234,0
1989-05-26,321.589996338,0
1989-06-02,325.519989014,0
1989-06-09,326.690002441,0
1989-06-16,321.350006104,0
1989-06-23,328,0
1989-06-30,317.980010986,0
1989-07-07,324.910003662,0
1989-07-14,331.839996338,0
1989-07-21,335.899993896,0
1989-07-28,342.149993896,0
1989-08-04,343.920013428,0
1989-08-11,344.739990234,0
1989-08-18,346.029998779,0
1989-08-25,350.519989014,0
1989-09-01,353.730010986,0
1989-09-08,348.760009766,0
1989-09-15,345.059997559,0
1989-09-22,347.049987793,0
1989-09-29,349.149993896,0
1989-10-06,358.779998779,0
1989-10-13,333.649993896,0
1989-10-20,347.160003662,0
1989-10-27,335.059997559,0
1989-11-03,337.619995117,0
1989-11-10,339.100006104,0
1989-11-17,341.609985352,0
1989-11-24,343.970001221,0
1989-12-01,350.630004883,0
1989-12-08,348.690002441,0
1989-12-15,350.140014648,0
1989-12-22,347.420013428,0
1989-12-29,353.399993896,0
1990-01-05,352.200012207,0
1990-01-12,339.929992676,0
1990-01-19,339.149993896,0
1990-01-26,325.799987793,0
1990-02-02,330.920013428,0
1990-02-09,333.619995117,0
1990-02-16,332.720001221,0
1990-02-23,324.149993896,0
1990-03-02,335.540008545,0
1990-03-09,337.929992676,0
1990-03-16,341.910003662,0
1990-03-23,337.220001221,0
1990-03-30,339.940002441,0
1990-04-06,340.079986572,0
1990-04-12,344.339996338,0
1990-04-20,335.119995117,0
1990-04-27,329.109985352,0
1990-05-04,338.390014648,0
1990-05-11,352,0
1990-05-18,354.640014648,0
1990-05-25,354.579986572,0
1990-06-01,363.160003662,0
1990-06-08,358.709991455,0
1990-06-15,362.910003662,0
1990-06-22,355.429992676,0
1990-06-29,358.019989014,0
1990-07-06,358.420013428,0
1990-07-13,367.309997559,0
1990-07-20,361.609985352,0
1990-07-27,353.440002441,0
1990-08-03,344.859985352,0
1990-08-10,335.519989014,0
1990-08-17,327.829986572,0
1990-08-24,311.510009766,0
1990-08-31,322.559997559,0
1990-09-07,323.399993896,0
1990-09-14,316.829986572,0
1990-09-21,311.320007324,0
1990-09-28,306.049987793,0
1990-10-05,311.5,0
1990-10-12,300.029998779,0
1990-10-19,312.480010986,0
1990-10-26,304.709991455,0
1990-11-02,311.850006104,0
1990-11-09,313.739990234,0
1990-11-16,317.119995117,0
1990-11-23,315.100006104,0
1990-11-30,322.220001221,0
1990-12-07,327.75,0
1990-12-14,326.820007324,0
1990-12-21,331.75,0
1990-12-28,328.720001221,0
1991-01-04,321,0
1991-01-11,315.230010986,0
1991-01-18,332.230010986,0
1991-01-25,336.070007324,0
1991-02-01,343.049987793,0
1991-02-08,359.350006104,0
1991-02-15,369.059997559,0
1991-02-22,365.649993896,0
1991-03-01,370.470001221,0
1991-03-08,374.950012207,0
1991-03-15,373.589996338,0
1991-03-22,367.480010986,0
1991-03-28,375.220001221,0
1991-04-05,375.359985352,0
1991-04-12,380.399993896,0
1991-04-19,384.200012207,0
1991-04-26,379.019989014,0
1991-05-03,380.799987793,0
1991-05-10,375.739990234,0
1991-05-17,372.390014648,0
1991-05-24,377.489990234,0
1991-05-31,389.829986572,0
1991-06-07,379.429992676,0
1991-06-14,382.290008545,0
1991-06-21,377.75,0
1991-06-28,371.160003662,0
1991-07-05,374.079986572,0
1991-07-12,380.25,0
1991-07-19,384.220001221,0
1991-07-26,380.929992676,0
1991-08-02,387.179992676,0
1991-08-09,387.119995117,0
1991-08-16,385.579986572,0
1991-08-23,394.170013428,0
1991-08-30,395.429992676,0
1991-09-06,389.100006104,0
1991-09-13,383.589996338,0
1991-09-20,387.920013428,0
1991-09-27,385.899993896,0
1991-10-04,381.25,0
1991-10-11,381.450012207,0
1991-10-18,392.5,0
1991-10-25,384.200012207,0
1991-11-01,391.320007324,0
1991-11-08,392.890014648,0
1991-11-15,382.619995117,0
1991-11-22,376.140014648,0
1991-11-29,375.220001221,0
1991-12-06,379.100006104,0
1991-12-13,384.470001221,0
1991-12-20,387.040008545,0
1991-12-27,406.459991455,0
1992-01-03,419.339996338,0
1992-01-10,415.100006104,0
1992-01-17,418.859985352,0
1992-01-24,415.480010986,0
1992-01-31,408.779998779,0
1992-02-07,411.089996338,0
1992-02-14,412.480010986,0
1992-02-21,411.429992676,0
1992-02-28,412.700012207,0
1992-03-06,404.440002441,0
1992-03-13,405.839996338,0
1992-03-20,411.299987793,0
1992-03-27,403.5,0
1992-04-03,401.549987793,0
1992-04-10,404.290008545,0
1992-04-16,416.040008545,0
1992-04-24,409.019989014,0
1992-05-01,412.529998779,0
1992-05-08,416.049987793,0
1992-05-15,410.089996338,0
1992-05-22,414.019989014,0
1992-05-29,415.350006104,0
1992-06-05,413.480010986,0
1992-06-12,409.760009766,0
1992-06-19,403.670013428,0
1992-06-26,403.450012207,0
1992-07-02,411.769989014,0
1992-07-10,414.619995117,0
1992-07-17,415.619995117,0
1992-07-24,411.600006104,0
1992-07-31,424.209991455,0
1992-08-07,418.880004883,0
1992-08-14,419.910003662,0
1992-08-21,414.850006104,0
1992-08-28,414.839996338,0
1992-09-04,417.079986572,0
1992-09-11,419.579986572,0
1992-09-18,422.929992676,0
1992-09-25,414.350006104,0
1992-10-02,410.470001221,0
1992-10-09,402.660003662,0
1992-10-16,411.730010986,0
1992-10-23,414.100006104,0
1992-10-30,418.679992676,0
1992-11-06,417.579986572,0
1992-11-13,422.429992676,0
1992-11-20,426.649993896,0
1992-11-27,430.160003662,0
1992-12-04,432.059997559,0
1992-12-11,433.730010986,0
1992-12-18,441.279998779,0
1992-12-24,439.769989014,0
1992-12-31,435.709991455,0
1993-01-08,429.049987793,0
1993-01-15,437.149993896,0
1993-01-22,436.109985352,0
1993-01-29,438.779998779,0
1993-02-05,448.929992676,0
1993-02-12,444.579986572,0
1993-02-19,434.220001221,0
1993-02-26,443.380004883,0
1993-03-05,446.109985352,0
1993-03-12,449.829986572,0
1993-03-19,450.179992676,0
1993-03-26,447.779998779,0
1993-04-02,441.390014648,0
1993-04-08,441.839996338,0
1993-04-16,448.940002441,0
1993-04-23,437.029998779,0
1993-04-30,440.190002441,0
1993-05-07,442.309997559,0
1993-05-14,439.559997559,0
1993-05-21,445.839996338,0
1993-05-28,450.190002441,0
1993-06-04,450.059997559,0
1993-06-11,447.260009766,0
1993-06-18,443.679992676,0
1993-06-25,447.600006104,0
1993-07-02,445.839996338,0
1993-07-09,448.109985352,0
1993-07-16,445.75,0
1993-07-23,447.100006104,0
1993-07-30,448.130004883,0
1993-08-06,448.679992676,0
1993-08-13,450.140014648,0
1993-08-20,456.160003662,0
1993-08-27,460.540008545,0
1993-09-03,461.339996338,0
1993-09-10,461.720001221,0
1993-09-17,458.829986572,0
1993-09-24,457.630004883,0
1993-10-01,461.279998779,0
1993-10-08,460.309997559,0
1993-10-15,469.5,0
1993-10-22,463.269989014,0
1993-10-29,467.829986572,0
1993-11-05,459.570007324,0
1993-11-12,465.390014648,0
1993-11-19,462.600006104,0
1993-11-26,463.059997559,0
1993-12-03,464.890014648,0
1993-12-10,463.929992676,0
1993-12-17,466.380004883,0
1993-12-23,467.380004883,0
1993-12-31,466.450012207,0
1994-01-07,469.899993896,0
1994-01-14,474.910003662,0
1994-01-21,474.720001221,0
1994-01-28,478.700012207,0
1994-02-04,469.809997559,0
1994-02-11,470.179992676,0
1994-02-18,467.690002441,0
1994-02-25,466.070007324,0
1994-03-04,464.739990234,0
1994-03-11,466.440002441,0
1994-03-18,471.059997559,0
1994-03-25,460.579986572,0
1994-03-31,445.769989014,0
1994-04-08,447.100006104,0
1994-04-15,446.179992676,0
1994-04-22,447.630004883,0
1994-04-29,450.910003662,0
1994-05-06,447.820007324,0
1994-05-13,444.140014648,0
1994-05-20,454.920013428,0
1994-05-27,457.329986572,0
1994-06-03,460.130004883,0
1994-06-10,458.670013428,0
1994-06-17,458.450012207,0
1994-06-24,442.799987793,0
1994-07-01,446.200012207,0
1994-07-08,449.549987793,0
1994-07-15,454.160003662,0
1994-07-22,453.109985352,0
1994-07-29,458.260009766,0
1994-08-05,457.089996338,0
1994-08-12,461.940002441,0
1994-08-19,463.679992676,0
1994-08-26,473.799987793,0
1994-09-02,470.989990234,0
1994-09-09,468.179992676,0
1994-09-16,471.190002441,0
1994-09-23,459.670013428,0
1994-09-30,462.709991455,0
1994-10-07,455.100006104,0
1994-10-14,469.100006104,0
1994-10-21,464.890014648,0
1994-10-28,473.769989014,0
1994-11-04,462.279998779,0
1994-11-11,462.350006104,0
1994-11-18,461.470001221,0
1994-11-25,452.290008545,0
1994-12-02,453.299987793,0
1994-12-09,446.959991455,0
1994-12-16,458.799987793,0
1994-12-23,459.829986572,0
1994-12-30,459.269989014,0
1995-01-06,460.679992676,0
1995-01-13,465.970001221,0
1995-01-20,464.779998779,0
1995-01-27,470.390014648,0
1995-02-03,478.649993896,0
1995-02-10,481.459991455,0
1995-02-17,481.970001221,0
1995-02-24,488.109985352,0
1995-03-03,485.420013428,0
1995-03-10,489.570007324,0
1995-03-17,495.519989014,0
1995-03-24,500.970001221,0
1995-03-31,500.709991455,0
1995-04-07,506.420013428,0
1995-04-13,509.230010986,0
1995-04-21,508.489990234,0
1995-04-28,514.710021973,0
1995-05-05,520.119995117,0
1995-05-12,525.549987793,0
1995-05-19,519.190002441,0
1995-05-26,523.650024414,0
1995-06-02,532.510009766,0
1995-06-09,527.940002441,0
1995-06-16,539.83001709,0
1995-06-23,549.710021973,0
1995-06-30,544.75,0
1995-07-07,556.369995117,0
1995-07-14,559.890014648,0
1995-07-21,553.619995117,0
1995-07-28,562.929992676,0
1995-08-04,558.940002441,0
1995-08-11,555.109985352,0
1995-08-18,559.210021973,0
1995-08-25,560.099975586,0
1995-09-01,563.840026855,0
1995-09-08,572.679992676,0
1995-09-15,583.349975586,0
1995-09-22,581.729980469,0
1995-09-29,584.409973145,0
1995-10-06,582.489990234,0
1995-10-13,584.5,0
1995-10-20,587.460021973,0
1995-10-27,579.700012207,0
1995-11-03,590.570007324,0
1995-11-10,592.719970703,0
1995-11-17,600.070007324,0
1995-11-24,599.969970703,0
1995-12-01,606.979980469,0
1995-12-08,617.479980469,0
1995-12-15,616.340026855,0
1995-12-22,611.950012207,0
1995-12-29,615.929992676,0
1996-01-05,616.710021973,0
1996-01-12,601.809997559,0
1996-01-19,611.83001709,0
1996-01-26,621.619995117,0
1996-02-02,635.840026855,0
1996-02-09,656.369995117,0
1996-02-16,647.979980469,0
1996-02-23,659.08001709,0
1996-03-01,644.369995117,0
1996-03-08,633.5,0
1996-03-15,641.429992676,0
1996-03-22,650.619995117,0
1996-03-29,645.5,0
1996-04-04,655.859985352,0
1996-04-12,636.710021973,0
1996-04-19,645.070007324,0
1996-04-26,653.460021973,0
1996-05-03,641.630004883,0
1996-05-10,652.090026855,0
1996-05-17,668.909973145,0
1996-05-24,678.510009766,0
1996-05-31,669.119995117,0
1996-06-07,673.309997559,0
1996-06-14,665.849975586,0
1996-06-21,666.840026855,0
1996-06-28,670.630004883,0
1996-07-05,657.440002441,0
1996-07-12,646.190002441,0
1996-07-19,638.729980469,0
1996-07-26,635.900024414,0
1996-08-02,662.489990234,0
1996-08-09,662.099975586,0
1996-08-16,665.210021973,0
1996-08-23,667.030029297,0
1996-08-30,651.989990234,0
1996-09-06,655.679992676,0
1996-09-13,680.539978027,0
1996-09-20,687.030029297,0
1996-09-27,686.190002441,0
1996-10-04,701.460021973,0
1996-10-11,700.659973145,0
1996-10-18,710.820007324,0
1996-10-25,700.91998291,0
1996-11-01,703.770019531,0
1996-11-08,730.820007324,0
1996-11-15,737.619995117,0
1996-11-22,748.729980469,0
1996-11-29,757.020019531,0
1996-12-06,739.599975586,0
1996-12-13,728.640014648,0
1996-12-20,748.869995117,0
1996-12-27,756.789978027,0
1997-01-03,748.030029297,0
1997-01-10,759.5,0
1997-01-17,776.16998291,0
1997-01-24,770.520019531,0
1997-01-31,786.159973145,0
1997-02-07,789.559997559,0
1997-02-14,808.479980469,0
1997-02-21,801.770019531,0
1997-02-28,790.820007324,0
1997-03-07,804.969970703,0
1997-03-14,793.16998291,0
1997-03-21,784.099975586,0
1997-03-27,773.880004883,0
1997-04-04,757.900024414,0
1997-04-11,737.650024414,0
1997-04-18,766.340026855,0
1997-04-25,765.369995117,0
1997-05-02,812.969970703,0
1997-05-09,824.780029297,0
1997-05-16,829.75,0
1997-05-23,847.030029297,0
1997-05-30,848.280029297,0
1997-06-06,858.010009766,0
1997-06-13,893.270019531,0
1997-06-20,898.700012207,0
1997-06-27,887.299987793,0
1997-07-03,916.91998291,0
1997-07-11,916.679992676,0
1997-07-18,915.299987793,0
1997-07-25,938.789978027,0
1997-08-01,947.140014648,0
1997-08-08,933.539978027,0
1997-08-15,900.809997559,0
1997-08-22,923.539978027,0
1997-08-29,899.469970703,0
1997-09-05,929.049987793,0
1997-09-12,923.909973145,0
1997-09-19,950.510009766,0
1997-09-26,945.219970703,0
1997-10-03,965.030029297,0
1997-10-10,966.979980469,0
1997-10-17,944.159973145,0
1997-10-24,941.640014648,0
1997-10-31,914.619995117,0
1997-11-07,927.510009766,0
1997-11-14,928.349975586,0
1997-11-21,963.090026855,0
1997-11-28,955.400024414,0
1997-12-05,983.789978027,0
1997-12-12,953.390014648,0
1997-12-19,946.780029297,0
1997-12-26,936.460021973,0
1998-01-02,975.039978027,0
1998-01-09,927.690002441,0
1998-01-16,961.510009766,0
1998-01-23,957.590026855,0
1998-01-30,980.280029297,0
1998-02-06,1012.46002197,0
1998-02-13,1020.09002686,0
1998-02-20,1034.20996094,0
1998-02-27,1049.33996582,0
1998-03-06,1055.68994141,0
1998-03-13,1068.60998535,0
1998-03-20,1099.16003418,0
1998-03-27,1095.43994141,0
1998-04-03,1122.69995117,0
1998-04-09,1110.67004395,0
1998-04-17,1122.7199707,0
1998-04-24,1107.90002441,0
1998-05-01,1121,0
1998-05-08,1108.14001465,0
1998-05-15,1108.72998047,0
1998-05-22,1110.4699707,0
1998-05-29,1090.81994629,0
1998-06-05,1113.85998535,0
1998-06-12,1098.83996582,0
1998-06-19,1100.65002441,0
1998-06-26,1133.19995117,0
1998-07-02,1146.42004395,0
1998-07-10,1164.32995605,0
1998-07-17,1186.75,0
1998-07-24,1140.80004883,0
1998-07-31,1120.67004395,0
1998-08-07,1089.44995117,0
1998-08-14,1062.75,0
1998-08-21,1081.23999023,0
1998-08-28,1027.14001465,0
1998-09-04,973.890014648,0
1998-09-11,1009.05999756,0
1998-09-18,1020.09002686,0
1998-09-25,1044.75,0
1998-10-02,1002.59997559,0
1998-10-09,984.390014648,0
1998-10-16,1056.42004395,0
1998-10-23,1070.67004395,0
1998-10-30,1098.67004395,0
1998-11-06,1141.01000977,0
1998-11-13,1125.7199707,0
1998-11-20,1163.55004883,0
1998-11-27,1192.32995605,0
1998-12-04,1176.73999023,0
1998-12-11,1166.45996094,0
1998-12-18,1188.0300293,0
1998-12-24,1226.27001953,0
1998-12-31,1229.22998047,0
1999-01-08,1275.08996582,0
1999-01-15,1243.26000977,0
1999-01-22,1225.18994141,0
1999-01-29,1279.64001465,0
1999-02-05,1239.40002441,0
1999-02-12,1230.13000488,0
1999-02-19,1239.2199707,0
1999-02-26,1238.32995605,0
1999-03-05,1275.4699707,0
1999-03-12,1294.58996582,0
1999-03-19,1299.29003906,0
1999-03-26,1282.80004883,0
1999-04-01,1293.7199707,0
1999-04-09,1348.34997559,0
1999-04-16,1319,0
1999-04-23,1356.84997559,0
1999-04-30,1335.18005371,0
1999-05-07,1345,0
1999-05-14,1337.80004883,0
1999-05-21,1330.29003906,0
1999-05-28,1301.83996582,0
1999-06-04,1327.75,0
1999-06-11,1293.64001465,0
1999-06-18,1342.83996582,0
1999-06-25,1315.31005859,0
1999-07-02,1391.2199707,0
1999-07-09,1403.2800293,0
1999-07-16,1418.7800293,0
1999-07-23,1356.93994141,0
1999-07-30,1328.7199707,0
1999-08-06,1300.29003906,0
1999-08-13,1327.68005371,0
1999-08-20,1336.60998535,0
1999-08-27,1348.27001953,0
1999-09-03,1357.23999023,0
1999-09-10,1351.66003418,0
1999-09-17,1335.42004395,0
1999-09-24,1277.35998535,0
1999-10-01,1282.81005859,0
1999-10-08,1336.02001953,0
1999-10-15,1247.41003418,0
1999-10-22,1301.65002441,0
1999-10-29,1362.93005371,0
1999-11-05,1370.22998047,0
1999-11-12,1396.06005859,0
1999-11-19,1422,0
1999-11-26,1416.61999512,0
1999-12-03,1433.30004883,0
1999-12-10,1417.04003906,0
1999-12-17,1421.0300293,0
1999-12-23,1458.33996582,0
1999-12-31,1469.25,0
2000-01-07,1441.4699707,0
2000-01-14,1465.15002441,0
2000-01-21,1441.35998535,0
2000-01-28,1360.16003418,0
2000-02-04,1424.36999512,0
2000-02-11,1387.11999512,0
2000-02-18,1346.08996582,0
2000-02-25,1333.35998535,0
2000-03-03,1409.17004395,0
2000-03-10,1395.06994629,0
2000-03-17,1464.4699707,0
2000-03-24,1527.45996094,0
2000-03-31,1498.57995605,0
2000-04-07,1516.34997559,0
2000-04-14,1356.56005859,0
2000-04-20,1434.54003906,0
2000-04-28,1452.43005371,0
2000-05-05,1432.63000488,0
2000-05-12,1420.95996094,0
2000-05-19,1406.94995117,0
2000-05-26,1378.02001953,0
2000-06-02,1477.26000977,0
2000-06-09,1456.94995117,0
2000-06-16,1464.45996094,0
2000-06-23,1441.47998047,0
2000-06-30,1454.59997559,0
2000-07-07,1478.90002441,0
2000-07-14,1509.97998047,0
2000-07-21,1480.18994141,0
2000-07-28,1419.89001465,0
2000-08-04,1462.93005371,0
2000-08-11,1471.83996582,0
2000-08-18,1491.7199707,0
2000-08-25,1506.44995117,0
2000-09-01,1520.77001953,0
2000-09-08,1494.5,0
2000-09-15,1465.81005859,0
2000-09-22,1448.7199707,0
2000-09-29,1436.51000977,0
2000-10-06,1408.98999023,0
2000-10-13,1374.17004395,0
2000-10-20,1396.93005371,0
2000-10-27,1379.57995605,0
2000-11-03,1426.68994141,0
2000-11-10,1365.97998047,0
2000-11-17,1367.7199707,0
2000-11-24,1341.77001953,0
2000-12-01,1315.22998047,0
2000-12-08,1369.89001465,0
2000-12-15,1312.15002441,0
2000-12-22,1305.94995117,0
2000-12-29,1320.2800293,0
2001-01-05,1298.34997559,0
2001-01-12,1318.55004883,0
2001-01-19,1342.54003906,0
2001-01-26,1354.94995117,0
2001-02-02,1349.4699707,0
2001-02-09,1314.76000977,0
2001-02-16,1301.5300293,0
2001-02-23,1245.85998535,0
2001-03-02,1234.18005371,0
2001-03-09,1233.42004395,0
2001-03-16,1150.5300293,0
2001-03-23,1139.82995605,0
2001-03-30,1160.32995605,0
2001-04-06,1128.43005371,0
2001-04-12,1183.5,0
2001-04-20,1242.97998047,0
2001-04-27,1253.05004883,0
2001-05-04,1266.60998535,0
2001-05-11,1245.67004395,0
2001-05-18,1291.95996094,0
2001-05-25,1277.89001465,0
2001-06-01,1260.67004395,0
2001-06-08,1264.95996094,0
2001-06-15,1214.35998535,0
2001-06-22,1225.34997559,0
2001-06-29,1224.38000488,0
2001-07-06,1190.58996582,0
2001-07-13,1215.68005371,0
2001-07-20,1210.84997559,0
2001-07-27,1205.81994629,0
2001-08-03,1214.34997559,0
2001-08-10,1190.16003418,0
2001-08-17,1161.9699707,0
2001-08-24,1184.93005371,0
2001-08-31,1133.57995605,0
2001-09-07,1085.7800293,0
2001-09-10,1092.54003906,0
2001-09-21,965.799987793,0
2001-09-28,1040.93994141,0
2001-10-05,1071.38000488,0
2001-10-12,1091.65002441,0
2001-10-19,1073.47998047,0
2001-10-26,1104.60998535,0
2001-11-02,1087.19995117,0
2001-11-09,1120.31005859,0
2001-11-16,1138.65002441,0
2001-11-23,1150.33996582,0
2001-11-30,1139.44995117,0
2001-12-07,1158.31005859,0
2001-12-14,1123.08996582,0
2001-12-21,1144.89001465,0
2001-12-28,1161.02001953,0
2002-01-04,1172.51000977,0
2002-01-11,1145.59997559,0
2002-01-18,1127.57995605,0
2002-01-25,1133.2800293,0
2002-02-01,1122.19995117,0
2002-02-08,1096.2199707,0
2002-02-15,1104.18005371,0
2002-02-22,1089.83996582,0
2002-03-01,1131.7800293,0
2002-03-08,1164.31005859,0
2002-03-15,1166.16003418,0
2002-03-22,1148.69995117,0
2002-03-28,1147.39001465,0
2002-04-05,1122.72998047,0
2002-04-12,1111.01000977,0
2002-04-19,1125.17004395,0
2002-04-26,1076.31994629,0
2002-05-03,1073.43005371,0
2002-05-10,1054.98999023,0
2002-05-17,1106.58996582,0
2002-05-24,1083.81994629,0
2002-05-31,1067.14001465,0
2002-06-07,1027.5300293,0
2002-06-14,1007.27001953,0
2002-06-21,989.140014648,0
2002-06-28,989.820007324,0
2002-07-05,989.030029297,0
2002-07-12,921.390014648,0
2002-07-19,847.75,0
2002-07-26,852.840026855,0
2002-08-02,864.239990234,0
2002-08-09,908.640014648,0
2002-08-16,928.770019531,0
2002-08-23,940.859985352,0
2002-08-30,916.070007324,0
2002-09-06,893.91998291,0
2002-09-13,889.809997559,0
2002-09-20,845.390014648,0
2002-09-27,827.369995117,0
2002-10-04,800.58001709,0
2002-10-11,835.320007324,0
2002-10-18,884.390014648,0
2002-10-25,897.650024414,0
2002-11-01,900.960021973,0
2002-11-08,894.739990234,0
2002-11-15,909.83001709,0
2002-11-22,930.549987793,0
2002-11-29,936.309997559,0
2002-12-06,912.229980469,0
2002-12-13,889.479980469,0
2002-12-20,895.760009766,0
2002-12-27,875.400024414,0
2003-01-03,908.590026855,0
2003-01-10,927.570007324,0
2003-01-17,901.780029297,0
2003-01-24,861.400024414,0
2003-01-31,855.700012207,0
2003-02-07,829.690002441,0
2003-02-14,834.890014648,0
2003-02-21,848.16998291,0
2003-02-28,841.150024414,0
2003-03-07,828.890014648,0
2003-03-14,833.270019531,0
2003-03-21,895.789978027,0
2003-03-28,863.5,0
2003-04-04,878.849975586,0
2003-04-11,868.299987793,0
2003-04-17,893.58001709,0
2003-04-25,898.809997559,0
2003-05-02,930.08001709,0
2003-05-09,933.409973145,0
2003-05-16,944.299987793,0
2003-05-23,933.219970703,0
2003-05-30,963.590026855,0
2003-06-06,987.760009766,0
2003-06-13,988.609985352,0
2003-06-20,995.690002441,0
2003-06-27,976.219970703,0
2003-07-03,985.700012207,0
2003-07-11,998.140014648,0
2003-07-18,993.320007324,0
2003-07-25,998.679992676,0
2003-08-01,980.150024414,0
2003-08-08,977.590026855,0
2003-08-15,990.66998291,0
2003-08-22,993.059997559,0
2003-08-29,1008.01000977,0
2003-09-05,1021.39001465,0
2003-09-12,1018.63000488,0
2003-09-19,1036.30004883,0
2003-09-26,996.849975586,0
2003-10-03,1029.84997559,0
2003-10-10,1038.06005859,0
2003-10-17,1039.31994629,0
2003-10-24,1028.91003418,0
2003-10-31,1050.70996094,0
2003-11-07,1053.20996094,0
2003-11-14,1050.34997559,0
2003-11-21,1035.2800293,0
2003-11-28,1058.19995117,0
2003-12-05,1061.5,0
2003-12-12,1074.14001465,0
2003-12-19,1088.66003418,0
2003-12-26,1095.89001465,0
2004-01-02,1108.47998047,0
2004-01-09,1121.85998535,0
2004-01-16,1139.82995605,0
2004-01-23,1141.55004883,0
2004-01-30,1131.13000488,0
2004-02-06,1142.76000977,0
2004-02-13,1145.81005859,0
2004-02-20,1144.10998535,0
2004-02-27,1144.93994141,0
2004-03-05,1156.85998535,0
2004-03-12,1120.56994629,0
2004-03-19,1109.7800293,0
2004-03-26,1108.06005859,0
2004-04-02,1141.81005859,0
2004-04-08,1139.31994629,0
2004-04-16,1134.60998535,0
2004-04-23,1140.59997559,0
2004-04-30,1107.30004883,0
2004-05-07,1098.69995117,0
2004-05-14,1095.69995117,0
2004-05-21,1093.56005859,0
2004-05-28,1120.68005371,0
2004-06-04,1122.5,0
2004-06-10,1136.4699707,0
2004-06-18,1135.02001953,0
2004-06-25,1134.43005371,0
2004-07-02,1125.38000488,0
2004-07-09,1112.81005859,0
2004-07-16,1101.39001465,0
2004-07-23,1086.19995117,0
2004-07-30,1101.7199707,0
2004-08-06,1063.9699707,0
2004-08-13,1064.80004883,0
2004-08-20,1098.34997559,0
2004-08-27,1107.77001953,0
2004-09-03,1113.63000488,0
2004-09-10,1123.92004395,0
2004-09-17,1128.55004883,0
2004-09-24,1110.10998535,0
2004-10-01,1131.5,0
2004-10-08,1122.14001465,0
2004-10-15,1108.19995117,0
2004-10-22,1095.73999023,0
2004-10-29,1130.19995117,0
2004-11-05,1166.17004395,0
2004-11-12,1184.17004395,0
2004-11-19,1170.33996582,0
2004-11-26,1182.65002441,0
2004-12-03,1191.17004395,0
2004-12-10,1188,0
2004-12-17,1194.19995117,0
2004-12-23,1210.13000488,0
2004-12-31,1211.92004395,0
2005-01-07,1186.18994141,0
2005-01-14,1184.52001953,0
2005-01-21,1167.86999512,0
2005-01-28,1171.35998535,0
2005-02-04,1203.0300293,0
2005-02-11,1205.30004883,0
2005-02-18,1201.58996582,0
2005-02-25,1211.36999512,0
2005-03-04,1222.11999512,0
2005-03-11,1200.07995605,0
2005-03-18,1189.65002441,0
2005-03-24,1171.42004395,0
2005-04-01,1172.92004395,0
2005-04-08,1181.19995117,0
2005-04-15,1142.61999512,0
2005-04-22,1152.11999512,0
2005-04-29,1156.84997559,0
2005-05-06,1171.34997559,0
2005-05-13,1154.05004883,0
2005-05-20,1189.2800293,0
2005-05-27,1198.7800293,0
2005-06-03,1196.02001953,0
2005-06-10,1198.10998535,0
2005-06-17,1216.95996094,0
2005-06-24,1191.56994629,0
2005-07-01,1194.43994141,0
2005-07-08,1211.85998535,0
2005-07-15,1227.92004395,0
2005-07-22,1233.68005371,0
2005-07-29,1234.18005371,0
2005-08-05,1226.42004395,0
2005-08-12,1230.39001465,0
2005-08-19,1219.70996094,0
2005-08-26,1205.09997559,0
2005-09-02,1218.02001953,0
2005-09-09,1241.47998047,0
2005-09-16,1237.91003418,0
2005-09-23,1215.29003906,0
2005-09-30,1228.81005859,0
2005-10-07,1195.90002441,0
2005-10-14,1186.56994629,0
2005-10-21,1179.58996582,0
2005-10-28,1198.41003418,0
2005-11-04,1220.14001465,0
2005-11-11,1234.7199707,0
2005-11-18,1248.27001953,0
2005-11-25,1268.25,0
2005-12-02,1265.07995605,0
2005-12-09,1259.36999512,0
2005-12-16,1267.31994629,0
2005-12-23,1268.66003418,0
2005-12-30,1248.29003906,0
2006-01-06,1285.44995117,0
2006-01-13,1287.60998535,0
2006-01-20,1261.48999023,0
2006-01-27,1283.7199707,0
2006-02-03,1264.0300293,0
2006-02-10,1266.98999023,0
2006-02-17,1287.23999023,0
2006-02-24,1289.43005371,0
2006-03-03,1287.22998047,0
2006-03-10,1281.42004395,0
2006-03-17,1307.25,0
2006-03-24,1302.94995117,0
2006-03-31,1294.86999512,0
2006-04-07,1295.5,0
2006-04-13,1289.11999512,0
2006-04-21,1311.2800293,0
2006-04-28,1310.60998535,0
2006-05-05,1325.76000977,0
2006-05-12,1291.23999023,0
2006-05-19,1267.0300293,0
2006-05-26,1280.16003418,0
2006-06-02,1288.2199707,0
2006-06-09,1252.30004883,0
2006-06-16,1251.54003906,0
2006-06-23,1244.5,0
2006-06-30,1270.19995117,0
2006-07-07,1265.47998047,0
2006-07-14,1236.19995117,0
2006-07-21,1240.29003906,0
2006-07-28,1278.55004883,0
2006-08-04,1279.35998535,0
2006-08-11,1266.73999023,0
2006-08-18,1302.30004883,0
2006-08-25,1295.08996582,0
2006-09-01,1311.01000977,0
2006-09-08,1298.92004395,0
2006-09-15,1319.66003418,0
2006-09-22,1314.7800293,0
2006-09-29,1335.84997559,0
2006-10-06,1349.58996582,0
2006-10-13,1365.61999512,0
2006-10-20,1368.59997559,0
2006-10-27,1377.33996582,0
2006-11-03,1364.30004883,0
2006-11-10,1380.90002441,0
2006-11-17,1401.19995117,0
2006-11-24,1400.94995117,0
2006-12-01,1396.70996094,0
2006-12-08,1409.83996582,0
2006-12-15,1427.08996582,0
2006-12-22,1410.76000977,0
2006-12-29,1418.30004883,0
2007-01-05,1409.70996094,0
2007-01-12,1430.72998047,0
2007-01-19,1430.5,0
2007-01-26,1422.18005371,0
2007-02-02,1448.39001465,0
2007-02-09,1438.06005859,0
2007-02-16,1455.54003906,0
2007-02-23,1451.18994141,0
2007-03-02,1387.17004395,0
2007-03-09,1402.83996582,0
2007-03-16,1386.94995117,0
2007-03-23,1436.10998535,0
2007-03-30,1420.85998535,0
2007-04-05,1443.76000977,0
2007-04-13,1452.84997559,0
2007-04-20,1484.34997559,0
2007-04-27,1494.06994629,0
2007-05-04,1505.61999512,0
2007-05-11,1505.84997559,0
2007-05-18,1522.75,0
2007-05-25,1515.72998047,0
2007-06-01,1536.33996582,0
2007-06-08,1507.67004395,0
2007-06-15,1532.91003418,0
2007-06-22,1502.56005859,0
2007-06-29,1503.34997559,0
2007-07-06,1530.43994141,0
2007-07-13,1552.5,0
2007-07-20,1534.09997559,0
2007-07-27,1458.94995117,0
2007-08-03,1433.06005859,0
2007-08-10,1453.64001465,0
2007-08-17,1445.93994141,0
2007-08-24,1479.36999512,0
2007-08-31,1473.98999023,0
2007-09-07,1453.55004883,0
2007-09-14,1484.25,0
2007-09-21,1525.75,0
2007-09-28,1526.75,0
2007-10-05,1557.58996582,0
2007-10-12,1561.80004883,0
2007-10-19,1500.63000488,0
2007-10-26,1535.2800293,0
2007-11-02,1509.65002441,0
2007-11-09,1453.69995117,0
2007-11-16,1458.73999023,0
2007-11-23,1440.69995117,0
2007-11-30,1481.14001465,0
2007-12-07,1504.66003418,0
2007-12-14,1467.94995117,0
2007-12-21,1484.45996094,0
2007-12-28,1478.48999023,0
2008-01-04,1411.63000488,0
2008-01-11,1401.02001953,0
2008-01-18,1325.18994141,0
2008-01-25,1330.60998535,0
2008-02-01,1395.42004395,0
2008-02-08,1331.29003906,0
2008-02-15,1349.98999023,0
2008-02-22,1353.10998535,0
2008-02-29,1330.63000488,0
2008-03-07,1293.36999512,0
2008-03-14,1288.14001465,0
2008-03-20,1329.51000977,0
2008-03-28,1315.2199707,0
2008-04-04,1370.40002441,0
2008-04-11,1332.82995605,0
2008-04-18,1390.32995605,0
2008-04-25,1397.83996582,0
2008-05-02,1413.90002441,0
2008-05-09,1388.2800293,0
2008-05-16,1425.34997559,0
2008-05-23,1375.93005371,0
2008-05-30,1400.38000488,0
2008-06-06,1360.68005371,0
2008-06-13,1360.0300293,0
2008-06-20,1317.93005371,0
2008-06-27,1278.38000488,0
2008-07-03,1262.90002441,0
2008-07-11,1239.48999023,0
2008-07-18,1260.68005371,0
2008-07-25,1257.76000977,0
2008-08-01,1260.31005859,0
2008-08-08,1296.31994629,0
2008-08-15,1298.19995117,0
2008-08-22,1292.19995117,0
2008-08-29,1282.82995605,0
2008-09-05,1242.31005859,0
2008-09-12,1251.69995117,0
2008-09-19,1255.07995605,0
2008-09-26,1213.27001953,0
2008-10-03,1099.22998047,0
2008-10-10,899.219970703,0
2008-10-17,940.549987793,0
2008-10-24,876.770019531,0
2008-10-31,968.75,0
2008-11-07,930.989990234,0
2008-11-14,873.289978027,0
2008-11-21,800.030029297,0
2008-11-28,896.239990234,0
2008-12-05,876.070007324,0
2008-12-12,879.729980469,0
2008-12-19,887.880004883,0
2008-12-26,872.799987793,0
2009-01-02,931.799987793,0
2009-01-09,890.349975586,0
2009-01-16,850.119995117,0
2009-01-23,831.950012207,0
2009-01-30,825.880004883,0
2009-02-06,868.599975586,0
2009-02-13,826.840026855,0
2009-02-20,770.049987793,0
2009-02-27,735.090026855,0
2009-03-06,683.380004883,0
2009-03-13,756.549987793,0
2009-03-20,768.539978027,0
2009-03-27,815.940002441,0
2009-04-03,842.5,0
2009-04-09,856.559997559,0
2009-04-17,869.599975586,0
2009-04-24,866.229980469,0
2009-05-01,877.520019531,0
2009-05-08,929.229980469,0
2009-05-15,882.880004883,0
2009-05-22,887,0
2009-05-29,919.140014648,0
2009-06-05,940.090026855,0
2009-06-12,946.210021973,0
2009-06-19,921.229980469,0
2009-06-26,918.900024414,0
2009-07-02,896.41998291,0
2009-07-10,879.130004883,0
2009-07-17,940.380004883,0
2009-07-24,979.260009766,0
2009-07-31,987.479980469,0
2009-08-07,1010.47998047,0
2009-08-14,1004.09002686,0
2009-08-21,1026.13000488,0
2009-08-28,1028.93005371,0
2009-09-04,1016.40002441,0
2009-09-11,1042.72998047,0
2009-09-18,1068.30004883,0
2009-09-25,1044.38000488,0
2009-10-02,1025.20996094,0
2009-10-09,1071.48999023,0
2009-10-16,1087.68005371,0
2009-10-23,1079.59997559,0
2009-10-30,1036.18994141,0
2009-11-06,1069.30004883,0
2009-11-13,1093.47998047,0
2009-11-20,1091.38000488,0
2009-11-27,1091.48999023,0
2009-12-04,1105.97998047,0
2009-12-11,1106.41003418,0
2009-12-18,1102.4699707,0
2009-12-24,1126.47998047,0
2009-12-31,1115.09997559,0
2010-01-08,1144.97998047,0
2010-01-15,1136.0300293,0
2010-01-22,1091.76000977,0
2010-01-29,1073.86999512,0
2010-02-05,1066.18994141,0
2010-02-12,1075.51000977,0
2010-02-19,1109.17004395,0
2010-02-26,1104.48999023,0
2010-03-05,1138.69995117,0
2010-03-12,1149.98999023,0
2010-03-19,1159.90002441,0
2010-03-26,1166.58996582,0
2010-04-01,1178.09997559,0
2010-04-09,1194.36999512,0
2010-04-16,1192.13000488,0
2010-04-23,1217.2800293,0
2010-04-30,1186.68994141,0
2010-05-07,1110.88000488,0
2010-05-14,1135.68005371,0
2010-05-21,1087.68994141,0
2010-05-28,1089.41003418,0
2010-06-04,1064.88000488,0
2010-06-11,1091.59997559,0
2010-06-18,1117.51000977,0
2010-06-25,1076.76000977,0
2010-07-02,1022.58001709,0
2010-07-09,1077.95996094,0
2010-07-16,1064.88000488,0
2010-07-23,1102.66003418,0
2010-07-30,1101.59997559,0
2010-08-06,1121.64001465,0
2010-08-13,1079.25,0
2010-08-20,1071.68994141,0
2010-08-27,1064.58996582,0
2010-09-03,1104.51000977,0
2010-09-10,1109.55004883,0
2010-09-17,1125.58996582,0
2010-09-24,1148.67004395,0
2010-10-01,1146.23999023,0
2010-10-08,1165.15002441,0
2010-10-15,1176.18994141,0
2010-10-22,1183.07995605,0
2010-10-29,1183.26000977,0
2010-11-05,1225.84997559,0
2010-11-12,1199.20996094,0
2010-11-19,1199.72998047,0
2010-11-26,1189.40002441,0
2010-12-03,1224.70996094,0
2010-12-10,1240.40002441,0
2010-12-17,1243.91003418,0
2010-12-23,1256.77001953,0
2010-12-31,1257.64001465,0
2011-01-07,1271.5,0
2011-01-14,1293.23999023,0
2011-01-21,1283.34997559,0
2011-01-28,1276.33996582,0
2011-02-04,1310.86999512,0
2011-02-11,1329.15002441,0
2011-02-18,1343.01000977,0
2011-02-25,1319.88000488,0
2011-03-04,1321.15002441,0
2011-03-11,1304.2800293,0
2011-03-18,1279.20996094,0
2011-03-25,1313.80004883,0
2011-04-01,1332.41003418,0
2011-04-08,1328.17004395,0
2011-04-15,1319.68005371,0
2011-04-21,1337.38000488,0
2011-04-29,1363.60998535,0
2011-05-06,1340.19995117,0
2011-05-13,1337.77001953,0
2011-05-20,1333.27001953,0
2011-05-27,1331.09997559,0
2011-06-03,1300.16003418,0
2011-06-10,1270.97998047,0
2011-06-17,1271.5,0
2011-06-24,1268.44995117,0
2011-07-01,1339.67004395,0
2011-07-08,1343.80004883,0
2011-07-15,1316.14001465,0
2011-07-22,1345.02001953,0
2011-07-29,1292.2800293,0
2011-08-05,1199.38000488,0
2011-08-12,1178.81005859,0
2011-08-19,1123.5300293,0
2011-08-26,1176.80004883,0
2011-09-02,1173.9699707,0
2011-09-09,1154.22998047,0
2011-09-16,1216.01000977,0
2011-09-23,1136.43005371,0
2011-09-30,1131.42004395,0
2011-10-07,1155.45996094,0
2011-10-14,1224.57995605,0
2011-10-21,1238.25,0
2011-10-28,1285.08996582,0
2011-11-04,1253.22998047,0
2011-11-11,1263.84997559,0
2011-11-18,1215.65002441,0
2011-11-25,1158.67004395,0
2011-12-02,1244.2800293,0
2011-12-09,1255.18994141,0
2011-12-16,1219.66003418,0
2011-12-23,1265.32995605,0
2011-12-30,1257.59997559,0
2012-01-06,1277.81005859,0
2012-01-13,1289.08996582,0
2012-01-20,1315.38000488,0
2012-01-27,1316.32995605,0
2012-02-03,1344.90002441,0
2012-02-10,1342.64001465,0
2012-02-17,1361.22998047,0
2012-02-24,1365.73999023,0
2012-03-02,1369.63000488,0
2012-03-09,1370.86999512,0
2012-03-16,1404.17004395,0
2012-03-23,1397.10998535,0
2012-03-30,1408.4699707,0
2012-04-05,1398.07995605,0
2012-04-13,1370.26000977,0
2012-04-20,1378.5300293,0
2012-04-27,1403.35998535,0
2012-05-04,1369.09997559,0
2012-05-11,1353.39001465,0
2012-05-18,1295.2199707,0
2012-05-25,1317.81994629,0
2012-06-01,1278.04003906,0
2012-06-08,1325.66003418,0
2012-06-15,1342.83996582,0
2012-06-22,1335.02001953,0
2012-06-29,1362.16003418,0
2012-07-06,1354.68005371,0
2012-07-13,1356.7800293,0
2012-07-20,1362.66003418,0
2012-07-27,1385.9699707,0
2012-08-03,1390.98999023,0
2012-08-10,1405.86999512,0
2012-08-17,1418.16003418,0
2012-08-24,1411.13000488,0
2012-08-31,1406.57995605,0
2012-09-07,1437.92004395,0
2012-09-14,1465.77001953,0
2012-09-21,1460.15002441,0
2012-09-28,1440.67004395,0
2012-10-05,1460.93005371,0
2012-10-12,1428.58996582,0
2012-10-19,1433.18994141,0
2012-10-26,1411.93994141,0
2012-11-02,1414.19995117,0
2012-11-09,1379.84997559,0
2012-11-16,1359.88000488,0
2012-11-23,1409.15002441,0
2012-11-30,1416.18005371,0
2012-12-07,1418.06994629,0
2012-12-14,1413.57995605,0
2012-12-21,1430.15002441,0
2012-12-28,1402.43005371,0
2013-01-04,1466.4699707,0
2013-01-11,1472.05004883,0
2013-01-18,1485.97998047,0
2013-01-25,1502.95996094,0
2013-02-01,1513.17004395,0
2013-02-08,1517.93005371,0
2013-02-15,1519.79003906,0
2013-02-22,1515.59997559,0
2013-03-01,1518.19995117,0
2013-03-08,1551.18005371,0
2013-03-15,1560.69995117,0
2013-03-22,1556.89001465,0
2013-03-28,1569.18994141,0
2013-04-05,1553.2800293,0
2013-04-12,1588.84997559,0
2013-04-19,1555.25,0
2013-04-26,1582.23999023,0
2013-05-03,1614.42004395,0
2013-05-10,1633.69995117,0
2013-05-17,1667.4699707,0
2013-05-24,1649.59997559,0
2013-05-31,1630.73999023,0
2013-06-07,1643.38000488,0
2013-06-14,1626.72998047,0
2013-06-21,1592.43005371,0
2013-06-28,1606.2800293,0
2013-07-05,1631.89001465,0
2013-07-12,1680.18994141,0
2013-07-19,1692.08996582,0
2013-07-26,1691.65002441,0
2013-08-02,1709.67004395,0
2013-08-09,1691.42004395,0
2013-08-16,1655.82995605,0
2013-08-23,1663.5,0
2013-08-30,1632.9699707,0
2013-09-06,1655.17004395,0
2013-09-13,1687.98999023,0
2013-09-20,1709.91003418,0
2013-09-27,1691.75,0
2013-10-04,1690.5,0
2013-10-11,1703.19995117,0
2013-10-18,1744.5,0
2013-10-25,1759.77001953,0
2013-11-01,1761.64001465,0
2013-11-08,1770.60998535,0
2013-11-15,1798.18005371,0
2013-11-22,1804.76000977,0
2013-11-29,1805.81005859,0
2013-12-06,1805.08996582,0
2013-12-13,1775.31994629,0
2013-12-20,1818.31994629,0
2013-12-27,1841.40002441,0
2014-01-03,1831.36999512,0
2014-01-10,1842.36999512,0
2014-01-17,1838.69995117,0
2014-01-24,1790.29003906,0
2014-01-31,1782.58996582,0
2014-02-07,1797.02001953,0
2014-02-14,1838.63000488,0
2014-02-21,1836.25,0
2014-02-28,1859.44995117,0
2014-03-07,1878.04003906,0
2014-03-14,1841.13000488,0
2014-03-21,1866.52001953,0
2014-03-28,1857.61999512,0
2014-04-04,1865.08996582,0
2014-04-11,1815.68994141,0
2014-04-17,1864.84997559,0
2014-04-25,1863.40002441,0
2014-05-02,1881.14001465,0
2014-05-09,1878.47998047,0
2014-05-16,1877.85998535,0
2014-05-23,1900.5300293,0
2014-05-30,1923.56994629,0
2014-06-06,1949.43994141,0
2014-06-13,1936.16003418,0
2014-06-20,1962.86999512,0
2014-06-27,1960.95996094,0
2014-07-03,1985.43994141,0
2014-07-11,1967.56994629,0
2014-07-18,1978.2199707,0
2014-07-25,1978.33996582,0
2014-08-01,1925.15002441,0
2014-08-08,1931.58996582,0
2014-08-15,1955.06005859,0
2014-08-22,1988.40002441,0
2014-08-29,2003.36999512,0
2014-09-05,2007.70996094,0
2014-09-12,1985.54003906,0
2014-09-19,2010.40002441,0
2014-09-26,1982.84997559,0
2014-10-03,1967.90002441,0
2014-10-10,1906.13000488,0
2014-10-17,1886.76000977,0
2014-10-24,1964.57995605,0
2014-10-31,2018.05004883,0
2014-11-07,2031.92004395,0
2014-11-14,2039.81994629,0
2014-11-21,2063.5,0
2014-11-28,2067.56005859,0
2014-12-05,2075.37011719,0
2014-12-12,2002.32995605,0
2014-12-19,2070.64990234,0
2014-12-26,2088.77001953,0
2015-01-02,2058.19995117,0
2015-01-09,2044.81005859,0
2015-01-16,2019.42004395,0
2015-01-23,2051.82006836,0
2015-01-30,1994.98999023,0
2015-02-06,2055.4699707,0
2015-02-13,2096.98999023,0
2015-02-20,2110.30004883,0
2015-02-27,2104.5,0
2015-03-06,2071.26000977,0
2015-03-13,2053.39990234,0
2015-03-20,2108.10009766,0
2015-03-27,2061.02001953,0
2015-04-02,2066.95996094,0
2015-04-10,2102.06005859,0
2015-04-17,2081.17993164,0
2015-04-24,2117.68994141,0
2015-05-01,2108.29003906,0
2015-05-08,2116.10009766,0
2015-05-15,2122.72998047,0
2015-05-22,2126.06005859,0
2015-05-29,2107.38989258,0
2015-06-05,2092.83007812,0
2015-06-12,2094.11010742,0
2015-06-19,2109.98999023,0
2015-06-26,2101.48999023,0
2015-07-02,2076.7800293,0
2015-07-10,2076.62011719,0
2015-07-17,2126.63989258,0
2015-07-24,2079.64990234,0
2015-07-31,2103.84008789,0
2015-08-07,2077.57006836,0
2015-08-14,2091.54003906,0
2015-08-21,1970.89001465,0
2015-08-28,1988.86999512,0
2015-09-04,1921.2199707,0
2015-09-11,1961.05004883,0
2015-09-18,1958.0300293,0
2015-09-25,1931.33996582,0
2015-10-02,1951.35998535,0
2015-10-09,2014.89001465,0
2015-10-16,2033.10998535,0
2015-10-23,2075.14990234,0
2015-10-30,2079.36010742,0
2015-11-06,2099.19995117,0
2015-11-13,2023.04003906,0
2015-11-20,2089.16992188,0
2015-11-27,2090.11010742,0
2015-12-04,2091.68994141,0
2015-12-11,2012.36999512,0
2015-12-18,2005.55004883,0
2015-12-24,2060.98999023,0
2015-12-31,2043.93994141,0
2016-01-08,1922.0300293,0
2016-01-15,1880.32995605,0
2016-01-22,1906.90002441,0
2016-01-29,1940.23999023,0
2016-02-05,1880.05004883,0
2016-02-12,1864.7800293,0
2016-02-19,1917.7800293,0
2016-02-26,1948.05004883,0
2016-03-04,1999.98999023,0
2016-03-11,2022.18994141,0
2016-03-18,2049.58007812,0
2016-03-24,2035.93994141,0
2016-04-01,2072.7800293,0
2016-04-08,2047.59997559,0
2016-04-15,2080.72998047,0
2016-04-22,2091.58007812,0
2016-04-29,2065.30004883,0
2016-05-06,2057.13989258,0
2016-05-13,2046.60998535,0
2016-05-20,2052.32006836,0
2016-05-27,2099.06005859,0
2016-06-03,2099.12988281,0
2016-06-10,2096.07006836,0
2016-06-17,2071.2199707,0
2016-06-24,2037.41003418,0
2016-07-01,2102.94995117,0
2016-07-08,2129.89990234,0
2016-07-15,2161.73999023,0
2016-07-22,2175.0300293,0
2016-07-29,2173.60009766,0
2016-08-05,2182.87011719,0
2016-08-12,2184.05004883,0
2016-08-19,2183.87011719,0
2016-08-26,2169.04003906,0
2016-09-02,2179.97998047,0
2016-09-09,2127.81005859,0
2016-09-16,2139.15991211,0
2016-09-23,2164.68994141,0
2016-09-30,2168.27001953,0
2016-10-07,2153.73999023,0
2016-10-14,2132.97998047,0
2016-10-21,2141.15991211,0
2016-10-28,2126.40991211,0
2016-11-04,2085.17993164,0
2016-11-11,2164.44995117,0
2016-11-18,2181.89990234,0
2016-11-25,2213.35009766,0
2016-12-02,2191.94995117,0
2016-12-09,2259.5300293,0
2016-12-16,2258.07006836,0
2016-12-23,2263.79003906,0
2016-12-30,2238.83007812,0
2017-01-06,2276.97998047,0
2017-01-13,2274.63989258,0
2017-01-20,2271.31005859,0
2017-01-27,2294.68994141,0
2017-02-03,2297.41992188,0
2017-02-10,2316.10009766,0
2017-02-17,2351.15991211,0
2017-02-24,2367.34008789,0
2017-03-03,2383.12011719,0
2017-03-10,2372.60009766,0
2017-03-17,2378.25,0
2017-03-24,2343.97998047,0
2017-03-31,2362.7199707,0
2017-04-07,2355.54003906,0
2017-04-13,2328.94995117,0
2017-04-21,2348.68994141,0
2017-04-28,2384.19995117,0
2017-05-05,2399.29003906,0
2017-05-12,2390.89990234,0
2017-05-19,2381.72998047,0
2017-05-26,2415.82006836,0
2017-06-02,2439.07006836,0
2017-06-09,2431.77001953,0
2017-06-16,2433.14990234,0
2017-06-23,2438.30004883,0
2017-06-30,2423.40991211,0
2017-07-07,2425.17993164,0
2017-07-14,2459.27001953,0
2017-07-21,2472.54003906,0
2017-07-28,2472.10009766,0
2017-08-04,2476.83007812,0
2017-08-11,2441.32006836,0
2017-08-18,2425.55004883,0
2017-08-25,2443.05004883,0
2017-09-01,2476.55004883,0
2017-09-08,2461.42993164,0
2017-09-15,2500.22998047,0
2017-09-22,2502.2199707,0
2017-09-29,2519.36010742,0
2017-10-06,2549.33007812,0
2017-10-13,2553.16992188,0
2017-10-20,2575.20996094,0
2017-10-27,2581.07006836,0
2017-11-03,2587.84008789,0
2017-11-10,2582.30004883,0
2017-11-17,2578.85009766,0
2017-11-24,2602.41992188,0
2017-12-01,2642.2199707,0
2017-12-08,2651.5,0
2017-12-15,2675.81005859,0
2017-12-22,2683.34008789,0
2017-12-29,2673.61010742,0
2018-01-05,2743.14990234,0
2018-01-12,2786.23999023,0
2018-01-19,2810.30004883,0
2018-01-26,2872.87011719,0
2018-02-02,2762.12988281,0
2018-02-09,2619.55004883,0
2018-02-16,2732.2199707,0
2018-02-23,2747.30004883,0
2018-03-02,2691.25,0
2018-03-09,2786.57006836,0
2018-03-16,2752.01000977,0
2018-03-23,2588.26000977,0
2018-03-29,2640.87011719,0
2018-04-06,2604.4699707,0
2018-04-13,2656.30004883,0
2018-04-20,2670.13989258,0
2018-04-27,2669.90991211,0
2018-05-04,2663.41992188,0
2018-05-11,2727.7199707,0
2018-05-18,2712.9699707,0
2018-05-25,2721.33007812,0
2018-06-01,2734.62011719,0
2018-06-08,2779.0300293,0
2018-06-15,2779.65991211,0
2018-06-22,2754.87988281,0
2018-06-29,2718.37011719,0
2018-07-06,2759.82006836,0
2018-07-13,2801.31005859,0
2018-07-20,2801.83007812,0
2018-07-27,2818.82006836,0
2018-08-03,2840.35009766,0
2018-08-10,2833.2800293,0
2018-08-17,2850.12988281,0
2018-08-24,2874.68994141,0
2018-08-31,2901.52001953,0
2018-09-07,2871.67993164,0
2018-09-14,2904.97998047,0
2018-09-21,2929.66992188,0
2018-09-28,2913.97998047,0
2018-10-05,2885.57006836,0
2018-10-12,2767.12988281,0
2018-10-19,2767.7800293,0
2018-10-26,2658.68994141,0
2018-11-02,2723.06005859,0
2018-11-09,2781.01000977,0
2018-11-16,2736.27001953,0
2018-11-23,2632.56005859,0
2018-11-30,2760.16992188,0
2018-12-07,2633.08007812,0
2018-12-14,2599.94995117,0
2018-12-21,2416.62011719,0
2018-12-28,2485.73999023,0
2019-01-04,2531.93994141,0
2019-01-11,2596.26000977,0
2019-01-18,2670.70996094,0
2019-01-25,2664.76000977,0
2019-02-01,2706.5300293,0
2019-02-08,2707.87988281,0
2019-02-15,2775.60009766,0
2019-02-22,2792.66992188,0
2019-03-01,2803.68994141,0
2019-03-08,2743.07006836,0
2019-03-15,2822.47998047,0
2019-03-22,2800.70996094,0
2019-03-29,2834.39990234,0
2019-04-05,2892.73999023,0
2019-04-12,2907.40991211,0
2019-04-18,2905.0300293,0
2019-04-26,2939.87988281,0
2019-05-03,2945.63989258,0
2019-05-10,2881.39990234,0
2019-05-17,2859.5300293,0
2019-05-24,2826.06005859,0
2019-05-31,2752.06005859,0
2019-06-07,2873.34008789,0
2019-06-14,2886.97998047,0
2019-06-21,2950.45996094,0
2019-06-28,2941.76000977,0
2019-07-05,2990.40991211,0
2019-07-12,3013.77001953,0
2019-07-19,2976.61010742,0
2019-07-26,3025.86010742,0
2019-08-02,2932.05004883,0
2019-08-09,2918.64990234,0
2019-08-16,2888.67993164,0
2019-08-23,2847.11010742,0
2019-08-30,2926.45996094,0
2019-09-06,2978.70996094,0
2019-09-13,3007.38989258,0
2019-09-20,2992.07006836,0
2019-09-27,2961.79003906,0
2019-10-04,2952.01000977,0
2019-10-11,2970.27001953,0
2019-10-18,2986.19995117,0
2019-10-25,3022.55004883,0
2019-11-01,3066.90991211,0
2019-11-08,3093.08007812,0
2019-11-15,3120.45996094,0
2019-11-22,3110.29003906,0
2019-11-29,3140.97998047,0
2019-12-06,3145.90991211,0
2019-12-13,3168.80004883,0
2019-12-20,3221.2199707,0
2019-12-27,3240.02001953,0
2020-01-03,3234.85009766,0
2020-01-10,3265.35009766,0
2020-01-17,3329.62011719,0
2020-01-24,3295.4699707,0
2020-01-31,3225.52001953,0
2020-02-07,3327.70996094,0
2020-02-14,3380.15991211,0
2020-02-21,3337.75,0
2020-02-28,2954.2199707,0
2020-03-06,2972.37011719,0
2020-03-13,2711.02001953,0
2020-03-20,2304.91992188,0
2020-03-27,2541.4699707,0
2020-04-03,2488.64990234,0
2020-04-09,2789.82006836,0
2020-04-17,2874.56005859,0
2020-04-24,2836.73999023,0
2020-05-01,2830.70996094,0
2020-05-08,2929.80004883,0
2020-05-15,2863.69995117,0
2020-05-22,2955.44995117,0
2020-05-29,3044.31005859,0
2020-06-05,3193.92993164,0
2020-06-12,3041.31005859,0
2020-06-19,3097.73999023,0
2020-06-26,3009.05004883,0
2020-07-02,3130.01000977,0
2020-07-10,3185.04003906,0
2020-07-17,3224.72998047,0
2020-07-24,3215.62988281,0
2020-07-31,3271.12011719,0
2020-08-07,3351.2800293,0
2020-08-14,3372.85009766,0
2020-08-21,3397.15991211,0
2020-08-28,3508.01000977,0
2020-09-04,3426.95996094,0
2020-09-11,3340.9699707,0
2020-09-18,3319.4699707,0
2020-09-25,3298.45996094,0
2020-10-02,3348.41992188,0
2020-10-09,3477.13989258,0
2020-10-16,3483.81005859,0
2020-10-23,3465.38989258,0
2020-10-30,3269.95996094,0
2020-11-06,3509.43994141,0
2020-11-13,3585.14990234,0
2020-11-20,3557.54003906,0
2020-11-27,3638.35009766,0
2020-12-04,3699.12011719,0
2020-12-11,3663.45996094,0
2020-12-18,3709.40991211,0
2020-12-24,3703.06005859,0
2020-12-31,3756.07006836,0
2021-01-08,3824.67993164,0
2021-01-15,3768.25,0
2021-01-22,3841.4699707,0
2021-01-29,3714.23999023,0
2021-02-05,3886.83007812,0
2021-02-12,3934.83007812,0
2021-02-19,3906.70996094,0
2021-02-26,3811.14990234,0
2021-03-05,3841.93994141,0
2021-03-12,3943.34008789,0
2021-03-19,3913.10009766,0
2021-03-26,3974.54003906,0
2021-04-01,4019.87011719,0
2021-04-09,4128.79980469,0
2021-04-16,4185.47021484,0
2021-04-23,4180.16992188,0
2021-04-30,4181.16992188,0
2021-05-07,4232.60009766,0
2021-05-14,4173.85009766,0
2021-05-21,4155.85986328,0
2021-05-28,4204.10986328,0
2021-06-04,4229.89013672,0
2021-06-11,4247.43994141,0
2021-06-18,4166.45019531,0
2021-06-25,4280.70019531,0
2021-07-02,4352.33984375,0
2021-07-09,4369.54980469,0
2021-07-16,4327.16015625,0
2021-07-23,4411.79003906,0
2021-07-30,4395.25976562,0
2021-08-06,4436.52001953,0
2021-08-13,4468,0
2021-08-20,4441.66992188,0
2021-08-27,4509.37011719,0
2021-09-03,4535.43017578,0
2021-09-10,4458.58007812,0
2021-09-17,4432.99023438,0
2021-09-24,4455.47998047,0
2021-10-01,4357.04003906,0
2021-10-08,4391.33984375,0
2021-10-15,4471.37011719,0
2021-10-22,4544.89990234,0
2021-10-29,4605.37988281,0
2021-11-05,4697.52978516,0
2021-11-12,4682.85009766,0
2021-11-19,4697.95996094,0
2021-11-26,4594.62011719,0
2021-12-03,4538.43017578,0
2021-12-10,4712.02001953,0
2021-12-17,4620.64013672,0
2021-12-23,4725.79003906,0
2021-12-31,4766.18017578,0
2022-01-07,4677.02978516,0
2022-01-14,4662.85009766,0
2022-01-21,4397.93994141,0
2022-01-28,4431.85009766,0
2022-02-04,4500.52978516,0
2022-02-11,4418.64013672,0
2022-02-18,4348.87011719,0
2022-02-25,4384.64990234,0
2022-03-04,4328.87011719,0
2022-03-11,4204.31005859,0
2022-03-18,4463.12011719,0
2022-03-25,4543.06005859,0
2022-04-01,4545.85986328,0
2022-04-08,4488.27978516,0
2022-04-14,4392.58984375,0
2022-04-22,4271.77978516,0
2022-04-29,4131.93017578,0
2022-05-06,4123.33984375,0
2022-05-13,4023.88989258,0
2022-05-20,3901.36010742,0
2022-05-27,4158.24023438,0
2022-06-03,4108.54003906,0
2022-06-10,3900.86010742,0
2022-06-17,3674.84008789,0
2022-06-24,3911.73999023,0
2022-07-01,3825.33007812,0
2022-07-08,3899.37988281,0
2022-07-15,3863.15991211,0
2022-07-22,3961.62988281,0
2022-07-29,4130.29003906,0
2022-08-05,4145.18994141,0
2022-08-12,4280.14990234,0
2022-08-19,4228.47998047,0
2022-08-26,4057.65991211,0
2022-09-02,3924.26000977,0
2022-09-09,4067.36010742,0
2022-09-16,3873.33007812,0
2022-09-23,3693.22998047,0
2022-09-30,3585.62011719,0
2022-10-07,3639.65991211,0
2022-10-14,3583.07006836,0
2022-10-21,3752.75,0
2022-10-28,3901.06005859,0
2022-11-04,3770.55004883,0
2022-11-11,3992.92993164,0
2022-11-18,3965.34008789,0
2022-11-25,4026.12011719,0
2022-12-02,4071.69995117,0
2022-12-09,3934.37988281,0
2022-12-16,3852.36010742,0
2022-12-23,3844.82006836,0
2022-12-30,3839.5,0
2023-01-06,3895.08007812,0
2023-01-13,3999.09008789,0
2023-01-20,3972.61010742,0
2023-01-27,4070.56005859,0
2023-02-03,4136.47998047,0
2023-02-10,4090.45996094,0
2023-02-17,4079.09008789,0
2023-02-24,3970.04003906,0
2023-03-03,4045.63989258,0
2023-03-10,3861.59008789,0
2023-03-17,3916.63989258,0
2023-03-24,3970.98999023,0
2023-03-31,4109.31005859,0
2023-04-06,4105.02001953,0
2023-04-14,4137.64013672,0
2023-04-21,4133.52001953,0
2023-04-28,4169.47998047,0
2023-05-05,4136.25,0
2023-05-12,4124.08007812,0
2023-05-19,4191.97998047,0
2023-05-26,4205.45019531,0
2023-06-02,4282.37011719,0
2023-06-09,4298.85986328,0
2023-06-16,4409.58984375,0
2023-06-23,4348.33007812,0
2023-06-30,4450.37988281,0
2023-07-07,4398.95019531,0
2023-07-14,4505.41992188,0
2023-07-21,4536.33984375,0
2023-07-28,4582.22998047,0
2023-08-04,4478.02978516,0
2023-08-11,4464.04980469,0
2023-08-18,4369.70996094,0
2023-08-25,4405.70996094,0
2023-09-01,4515.77001953,0
2023-09-08,4457.49023438,0
2023-09-15,4450.31982422,0
2023-09-22,4320.06005859,0
2023-09-29,4288.04980469,0
2023-10-06,4308.5,0
2023-10-13,4327.77978516,0
2023-10-20,4224.16015625,0
2023-10-27,4117.37011719,0
2023-11-03,4358.33984375,0
2023-11-10,4415.24023438,0
2023-11-17,4514.02001953,0
2023-11-24,4559.33984375,0
2023-12-01,4594.62988281,0
2023-12-08,4604.37011719,0
2023-12-15,4719.18994141,0
2023-12-22,4754.62988281,0
2023-12-29,4769.83007812,0
2024-01-05,4697.24023438,0
2024-01-12,4783.83007812,0
2024-01-19,4839.81005859,0
2024-01-26,4890.97021484,0
2024-02-02,4958.60986328,0
2024-02-09,5026.60986328,0
2024-02-16,5005.56982422,0
2024-02-23,5088.79980469,0
2024-03-01,5137.08007812,0
2024-03-08,5123.68994141,0
2024-03-15,5117.08984375,0
2024-03-22,5234.18017578,0
2024-03-28,5254.35009766,0
2024-04-05,5204.33984375,0
2024-04-12,5123.41015625,0
2024-04-19,4967.22998047,0
2024-04-26,5099.95996094,0
2024-05-03,5127.79003906,0
2024-05-10,5222.68017578,0
2024-05-17,5303.27001953,0
2024-05-24,5304.72021484,0
2024-05-31,5277.50976562,0
2024-06-07,5346.99023438,0
2024-06-14,5431.60009766,0
2024-06-21,5464.62011719,0
2024-06-28,5460.47998047,0
2024-07-05,5567.18994141,0
2024-07-12,5615.35009766,0
2024-07-19,5505,0
2024-07-26,5459.10009766,0
2024-08-02,5346.56005859,0
2024-08-09,5344.16015625,0
2024-08-16,5554.25,0
2024-08-23,5634.60986328,0
2024-08-30,5648.39990234,0
2024-09-06,5408.41992188,0
2024-09-13,5626.02001953,0
2024-09-20,5702.54980469,0
2024-09-27,5738.16992188,0
2024-10-04,5751.06982422,0
2024-10-11,5815.02978516,0
2024-10-18,5864.66992188,0
2024-10-25,5808.12011719,0
2024-11-01,5728.79980469,0
2024-11-08,5995.54003906,0
2024-11-15,5870.62011719,0
2024-11-22,5969.33984375,0
2024-11-29,6032.37988281,0
2024-12-06,6090.27001953,0
2024-12-13,6051.08984375,0
2024-12-20,5930.85009766,0
2024-12-27,5970.83984375,0
2025-01-03,5942.47021484,0
2025-01-10,5827.04003906,0
2025-01-17,5996.66015625,0
2025-01-24,6101.24023438,0
2025-01-31,6040.52978516,0
2025-02-07,6025.99023438,0
2025-02-14,6114.62988281,0
2025-02-21,6013.12988281,0
2025-02-28,5954.5,0
2025-03-07,5770.20019531,0
2025-03-14,5638.93994141,0
2025-03-21,5667.56005859,0
2025-03-28,5580.93994141,0
2025-04-04,5074.08007812,0
2025-04-11,5363.35986328,0
2025-04-17,5282.70019531,0
2025-04-25,5525.20996094,0
2025-05-02,5686.66992188,0
2025-05-09,5659.91015625,0
2025-05-16,5958.37988281,0
2025-05-23,5802.81982422,0
2025-05-30,5911.68994141,0
2025-06-06,6000.35986328,0
2025-06-13,5976.97021484,0
2025-06-20,5967.83984375,0
2025-06-27,6173.06982422,0
2025-07-03,6279.35009766,0
2025-07-11,6259.75,0
2025-07-18,6296.79003906,0
2025-07-25,6388.64013672,0
2025-08-01,6238.00976562,0
2025-08-08,6389.45019531,0
2025-08-15,6449.79980469,0
2025-08-22,6466.91015625,0
2025-08-29,6460.25976562,0
2025-09-05,6481.5,0
2025-09-12,6584.29003906,0
2025-09-19,6664.35986328,0
2025-09-26,6643.70019531,0
2025-10-03,6715.79003906,0
2025-10-10,6552.50976562,0
2025-10-17,6664.00976562,0
2025-10-24,6791.68994141,0
2025-10-31,6840.20019531,0
2025-11-07,6728.79980469,0
2025-11-14,6734.10986328,0
2025-11-21,6602.99023438,0
2025-11-28,6849.08984375,0
2025-12-05,6870.39990234,0
2025-12-12,6827.41015625,0
2025-12-19,6834.5,0
2025-12-26,6929.93994141,0
2026-01-02,6858.47021484,0
2026-01-09,6966.27978516,0
2026-01-16,6940.00976562,0
2026-01-23,6915.60986328,0
2026-01-30,6939.02978516,0
2026-02-06,6932.29980469,0
2026-02-13,6836.16992188,0
2026-02-20,6909.50976562,0
2026-02-27,6878.87988281,0
2026-03-06,6740.02001953,0
2026-03-13,6632.18994141,0
2026-03-20,6506.47998047,0
2026-03-27,6368.85009766,0
2026-04-02,6582.68994141,0
2026-04-10,6816.89013672,0
2026-04-17,7126.06005859,0
2026-04-24,7165.08007812,0
2026-05-01,7230.12011719,0
2026-05-08,7398.93017578,0
2026-05-15,7408.5,0
2026-05-22,7473.47021484,0
2026-05-29,7580.06005859,0
2026-06-05,7383.74023438,0
2026-06-12,7431.45996094,0
2026-06-18,7500.58007812,0
2026-06-26,7354.02001953,0
2026-07-02,7483.24023438,0
2026-07-10,7575.39013672,0
2026-07-17,7457.68994141,0
2026-07-24,7411.97998047,0
2026-07-31,7489.72021484,0
2026-08-07,7757.64013672,0
2026-08-14,7785.75976562,0
2026-08-21,7674.37011719,0
2026-08-27,7730.99023438,0
