date,close,dividend
1993-01-29,43.9375,0
1993-02-01,44.25,0
1993-02-02,44.34375,0
1993-02-03,44.8125,0
1993-02-04,45,0
1993-02-05,44.96875,0
1993-02-08,44.96875,0
1993-02-09,44.65625,0
1993-02-10,44.71875,0
1993-02-11,44.9375,0
1993-02-12,44.59375,0
1993-02-16,43.46875,0
1993-02-17,43.4375,0
1993-02-18,43.40625,0
1993-02-19,43.5625,0
1993-02-22,43.71875,0
1993-02-23,43.6875,0
1993-02-24,44.25,0
1993-02-25,44.34375,0
1993-02-26,44.40625,0
1993-03-01,44.28125,0
1993-03-02,44.9375,0
1993-03-03,45.125,0
1993-03-04,44.875,0
1993-03-05,44.75,0
1993-03-08,45.75,0
1993-03-09,45.59375,0
1993-03-10,45.6875,0
1993-03-11,45.5625,0
1993-03-12,45.09375,0
1993-03-15,45.3125,0
1993-03-16,45.3125,0
1993-03-17,45.03125,0
1993-03-18,45.3125,0
1993-03-19,45.03125,0.213
1993-03-22,44.78125,0
1993-03-23,44.875,0
1993-03-24,44.875,0
1993-03-25,45.15625,0
1993-03-26,44.90625,0
1993-03-29,45.09375,0
1993-03-30,45.21875,0
1993-03-31,45.1875,0
1993-04-01,45.03125,0
1993-04-02,44.09375,0
1993-04-05,44.3125,0
1993-04-06,44.1875,0
1993-04-07,44.34375,0
1993-04-08,44.28125,0
1993-04-12,44.90625,0
1993-04-13,45,0
1993-04-14,44.9375,0
1993-04-15,44.9375,0
1993-04-16,44.9375,0
1993-04-19,44.75,0
1993-04-20,44.53125,0
1993-04-21,44.5,0
1993-04-22,43.9375,0
1993-04-23,43.75,0
1993-04-26,43.40625,0
1993-04-27,43.875,0
1993-04-28,43.78125,0
1993-04-29,43.96875,0
1993-04-30,44.03125,0
1993-05-03,44.3125,0
1993-05-04,44.46875,0
1993-05-05,44.59375,0
1993-05-06,44.4375,0
1993-05-07,44.34375,0
1993-05-10,44.4375,0
1993-05-11,44.625,0
1993-05-12,44.5625,0
1993-05-13,44.03125,0
1993-05-14,44,0
1993-05-17,44.15625,0
1993-05-18,44.125,0
1993-05-19,45.03125,0
1993-05-20,45.15625,0
1993-05-21,44.75,0
1993-05-24,44.9375,0
1993-05-25,45.03125,0
1993-05-26,45.59375,0
1993-05-27,45.4375,0
1993-05-28,45.21875,0
1993-06-01,45.65625,0
1993-06-02,45.59375,0
1993-06-03,45.4375,0
1993-06-04,45.28125,0
1993-06-07,45.125,0
1993-06-08,44.71875,0
1993-06-09,44.875,0
1993-06-10,44.90625,0
1993-06-11,45.09375,0
1993-06-14,45.03125,0
1993-06-15,44.9375,0
1993-06-16,45.03125,0
1993-06-17,45.1875,0
1993-06-18,44.5,0.318
1993-06-21,44.59375,0
1993-06-22,44.625,0
1993-06-23,44.21875,0
1993-06-24,44.8125,0
1993-06-25,44.78125,0
1993-06-28,45.28125,0
1993-06-29,45.0625,0
1993-06-30,45.0625,0
1993-07-01,44.9375,0
1993-07-02,44.6875,0
1993-07-06,44.21875,0
1993-07-07,44.34375,0
1993-07-08,44.84375,0
1993-07-09,44.96875,0
1993-07-12,44.9375,0
1993-07-13,44.90625,0
1993-07-14,45.0625,0
1993-07-15,44.875,0
1993-07-16,44.75,0
1993-07-19,44.71875,0
1993-07-20,44.84375,0
1993-07-21,44.8125,0
1993-07-22,44.5,0
1993-07-23,44.71875,0
1993-07-26,44.96875,0
1993-07-27,44.9375,0
1993-07-28,44.84375,0
1993-07-29,45.09375,0
1993-07-30,44.84375,0
1993-08-02,44.96875,0
1993-08-03,45,0
1993-08-04,45,0
1993-08-05,44.90625,0
1993-08-06,44.96875,0
1993-08-09,45.21875,0
1993-08-10,45.1875,0
1993-08-11,45.1875,0
1993-08-12,45.0625,0
1993-08-13,45.125,0
1993-08-16,45.375,0
1993-08-17,45.53125,0
1993-08-18,45.78125,0
1993-08-19,45.78125,0
1993-08-20,45.8125,0
1993-08-23,45.71875,0
1993-08-24,46.21875,0
1993-08-25,46.25,0
1993-08-26,46.28125,0
1993-08-27,46.25,0
1993-08-30,46.4375,0
1993-08-31,46.5625,0
1993-09-01,46.5,0
1993-09-02,46.34375,0
1993-09-03,46.375,0
1993-09-07,46.0625,0
1993-09-08,45.90625,0
1993-09-09,46,0
1993-09-10,46.40625,0
1993-09-13,46.4375,0
1993-09-14,46.25,0
1993-09-15,46.375,0
1993-09-16,46.1875,0
1993-09-17,45.8125,0.286
1993-09-20,45.4375,0
1993-09-21,45.28125,0
1993-09-22,45.65625,0
1993-09-23,45.90625,0
1993-09-24,45.78125,0
1993-09-27,46.28125,0
1993-09-28,46.1875,0
1993-09-29,46.03125,0
1993-09-30,45.9375,0
1993-10-01,46.15625,0
1993-10-04,46.21875,0
1993-10-05,46.15625,0
1993-10-06,46.125,0
1993-10-07,46,0
1993-10-08,46.0625,0
1993-10-11,46.15625,0
1993-10-12,46.21875,0
1993-10-13,46.21875,0
1993-10-14,46.8125,0
1993-10-15,47.0625,0
1993-10-18,46.9375,0
1993-10-19,46.59375,0
1993-10-20,46.65625,0
1993-10-21,46.59375,0
1993-10-22,46.375,0
1993-10-25,46.5,0
1993-10-26,46.46875,0
1993-10-27,46.5,0
1993-10-28,46.84375,0
1993-10-29,46.84375,0
1993-11-01,46.96875,0
1993-11-02,46.9375,0
1993-11-03,46.34375,0
1993-11-04,45.84375,0
1993-11-05,46.0625,0
1993-11-08,46.125,0
1993-11-09,46.15625,0
1993-11-10,46.5,0
1993-11-11,46.375,0
1993-11-12,46.59375,0
1993-11-15,46.5625,0
1993-11-16,46.78125,0
1993-11-17,46.53125,0
1993-11-18,46.40625,0
1993-11-19,46.3125,0
1993-11-22,46.03125,0
1993-11-23,46.28125,0
1993-11-24,46.46875,0
1993-11-26,46.5,0
1993-11-29,46.3125,0
1993-11-30,46.34375,0
1993-12-01,46.40625,0
1993-12-02,46.53125,0
1993-12-03,46.71875,0
1993-12-06,46.875,0
1993-12-07,46.84375,0
1993-12-08,46.84375,0
1993-12-09,46.6875,0
1993-12-10,46.59375,0
1993-12-13,46.875,0
1993-12-14,46.53125,0
1993-12-15,46.46875,0
1993-12-16,46.625,0
1993-12-17,46.5625,0.317
1993-12-20,46.625,0
1993-12-21,46.46875,0
1993-12-22,46.78125,0
1993-12-23,46.75,0
1993-12-27,47,0
1993-12-28,47.09375,0
1993-12-29,47.03125,0
1993-12-30,46.84375,0
1993-12-31,46.59375,0
1994-01-03,46.46875,0
1994-01-04,46.65625,0
1994-01-05,46.75,0
1994-01-06,46.75,0
1994-01-07,47.03125,0
1994-01-10,47.59375,0
1994-01-11,47.5,0
1994-01-12,47.34375,0
1994-01-13,47.21875,0
1994-01-14,47.40625,0
1994-01-17,47.40625,0
1994-01-18,47.46875,0
1994-01-19,47.34375,0
1994-01-20,47.46875,0
1994-01-21,47.375,0
1994-01-24,47.1875,0
1994-01-25,47.1875,0
1994-01-26,47.3125,0
1994-01-27,47.75,0
1994-01-28,47.875,0
1994-01-31,48.21875,0
1994-02-01,47.96875,0
1994-02-02,48.28125,0
1994-02-03,48.0625,0
1994-02-04,46.96875,0
1994-02-07,47.1875,0
1994-02-08,47.21875,0
1994-02-09,47.40625,0
1994-02-10,47,0
1994-02-11,47.15625,0
1994-02-14,47.21875,0
1994-02-15,47.46875,0
1994-02-16,47.4375,0
1994-02-17,47.15625,0
1994-02-18,46.875,0
1994-02-22,47.34375,0
1994-02-23,47.21875,0
1994-02-24,46.59375,0
1994-02-25,46.8125,0
1994-02-28,46.8125,0
1994-03-01,46.625,0
1994-03-02,46.6875,0
1994-03-03,46.5625,0
1994-03-04,46.6875,0
1994-03-07,46.9375,0
1994-03-08,46.75,0
1994-03-09,46.96875,0
1994-03-10,46.59375,0
1994-03-11,46.84375,0
1994-03-14,46.90625,0
1994-03-15,46.875,0
1994-03-16,47.25,0
1994-03-17,47.25,0
1994-03-18,46.96875,0.271
1994-03-21,46.84375,0
1994-03-22,46.96875,0
1994-03-23,46.9375,0
1994-03-24,46.375,0
1994-03-25,45.9375,0
1994-03-28,46,0
1994-03-29,45.09375,0
1994-03-30,44.46875,0
1994-03-31,44.59375,0
1994-04-04,43.90625,0
1994-04-05,44.8125,0
1994-04-06,44.8125,0
1994-04-07,45.03125,0
1994-04-08,44.6875,0
1994-04-11,44.875,0
1994-04-12,44.8125,0
1994-04-13,44.578125,0
1994-04-14,44.59375,0
1994-04-15,44.59375,0
1994-04-18,44.296875,0
1994-04-19,44.359375,0
1994-04-20,44.3125,0
1994-04-21,44.90625,0
1994-04-22,44.859375,0
1994-04-25,45.328125,0
1994-04-26,45.28125,0
1994-04-28,44.953125,0
1994-04-29,45.09375,0
1994-05-02,45.375,0
1994-05-03,45.328125,0
1994-05-04,45.25,0
1994-05-05,45.1875,0
1994-05-06,44.75,0
1994-05-09,44.359375,0
1994-05-10,44.703125,0
1994-05-11,44.296875,0
1994-05-12,44.515625,0
1994-05-13,44.515625,0
1994-05-16,44.53125,0
1994-05-17,45.1875,0
1994-05-18,45.515625,0
1994-05-19,45.734375,0
1994-05-20,45.5625,0
1994-05-23,45.484375,0
1994-05-24,45.671875,0
1994-05-25,45.796875,0
1994-05-26,45.828125,0
1994-05-27,45.875,0
1994-05-31,45.8125,0
1994-06-01,46.015625,0
1994-06-02,45.96875,0
1994-06-03,46.234375,0
1994-06-06,46.21875,0
1994-06-07,46.15625,0
1994-06-08,45.78125,0
1994-06-09,46.03125,0
1994-06-10,46.109375,0
1994-06-13,46.171875,0
1994-06-14,46.53125,0
1994-06-15,46.34375,0
1994-06-16,46.4375,0
1994-06-17,45.875,0.305
1994-06-20,45.484375,0
1994-06-21,45.09375,0
1994-06-22,45.265625,0
1994-06-23,45,0
1994-06-24,44.0625,0
1994-06-27,44.828125,0
1994-06-28,44.609375,0
1994-06-29,44.75,0
1994-06-30,44.46875,0
1994-07-01,44.5625,0
1994-07-05,44.796875,0
1994-07-06,44.734375,0
1994-07-07,44.921875,0
1994-07-08,44.90625,0
1994-07-11,44.75,0
1994-07-12,44.8125,0
1994-07-13,44.890625,0
1994-07-14,45.375,0
1994-07-15,45.390625,0
1994-07-18,45.46875,0
1994-07-19,45.375,0
1994-07-20,45.171875,0
1994-07-21,45.265625,0
1994-07-22,45.34375,0
1994-07-25,45.40625,0
1994-07-26,45.359375,0
1994-07-27,45.359375,0
1994-07-28,45.453125,0
1994-07-29,45.90625,0
1994-08-01,46.125,0
1994-08-02,46.1875,0
1994-08-03,46.203125,0
1994-08-04,45.9375,0
1994-08-05,45.78125,0
1994-08-08,45.890625,0
1994-08-09,45.96875,0
1994-08-10,46.140625,0
1994-08-11,45.96875,0
1994-08-12,46.328125,0
1994-08-15,46.3125,0
1994-08-16,46.640625,0
1994-08-17,46.609375,0
1994-08-18,46.453125,0
1994-08-19,46.421875,0
1994-08-22,46.375,0
1994-08-23,46.640625,0
1994-08-24,47.140625,0
1994-08-25,47.015625,0
1994-08-26,47.6875,0
1994-08-29,47.65625,0
1994-08-30,47.78125,0
1994-08-31,47.65625,0
1994-09-01,47.5,0
1994-09-02,47.296875,0
1994-09-06,47.3125,0
1994-09-07,47.265625,0
1994-09-08,47.5,0
1994-09-09,47,0
1994-09-12,46.859375,0
1994-09-13,47,0
1994-09-14,47.046875,0
1994-09-15,47.640625,0
1994-09-16,47.015625,0.288
1994-09-19,47.0625,0
1994-09-20,46.171875,0
1994-09-21,46.171875,0
1994-09-22,46.0625,0
1994-09-23,45.90625,0
1994-09-26,46.140625,0
1994-09-27,46.109375,0
1994-09-28,46.46875,0
1994-09-29,46.234375,0
1994-09-30,46.171875,0
1994-10-03,46.0625,0
1994-10-04,45.375,0
1994-10-05,45.390625,0
1994-10-06,45.25,0
1994-10-07,45.453125,0
1994-10-10,45.9375,0
1994-10-11,46.625,0
1994-10-12,46.6875,0
1994-10-13,46.84375,0
1994-10-14,47.046875,0
1994-10-17,46.953125,0
1994-10-18,46.84375,0
1994-10-19,47.0625,0
1994-10-20,46.75,0
1994-10-21,46.5625,0
1994-10-24,46.171875,0
1994-10-25,46.21875,0
1994-10-26,46.390625,0
1994-10-27,46.671875,0
1994-10-28,47.65625,0
1994-10-31,47.484375,0
1994-11-01,46.953125,0
1994-11-02,46.6875,0
1994-11-03,46.9375,0
1994-11-04,46.328125,0
1994-11-07,46.46875,0
1994-11-08,46.828125,0
1994-11-09,46.90625,0
1994-11-10,46.578125,0
1994-11-11,46.40625,0
1994-11-14,46.84375,0
1994-11-15,46.6875,0
1994-11-16,46.84375,0
1994-11-17,46.53125,0
1994-11-18,46.46875,0
1994-11-21,46,0
1994-11-22,45,0
1994-11-23,45.25,0
1994-11-25,45.46875,0
1994-11-28,45.671875,0
1994-11-29,45.65625,0
1994-11-30,45.59375,0
1994-12-01,45.140625,0
1994-12-02,45.5625,0
1994-12-05,45.609375,0
1994-12-06,45.640625,0
1994-12-07,45.3125,0
1994-12-08,44.875,0
1994-12-09,45.046875,0
1994-12-12,45.34375,0
1994-12-13,45.515625,0
1994-12-14,45.75,0
1994-12-15,45.890625,0
1994-12-16,45.75,0.363
1994-12-19,45.8125,0
1994-12-20,45.671875,0
1994-12-21,46.15625,0
1994-12-22,46.015625,0
1994-12-23,46.0625,0
1994-12-27,46.3125,0
1994-12-28,46.078125,0
1994-12-29,46.109375,0
1994-12-30,45.5625,0
1995-01-03,45.78125,0
1995-01-04,46,0
1995-01-05,46,0
1995-01-06,46.046875,0
1995-01-09,46.09375,0
1995-01-10,46.140625,0
1995-01-11,46.171875,0
1995-01-12,46.1875,0
1995-01-13,46.734375,0
1995-01-16,47.015625,0
1995-01-17,47.03125,0
1995-01-18,46.984375,0
1995-01-19,46.71875,0
1995-01-20,46.546875,0
1995-01-23,46.6875,0
1995-01-24,46.75,0
1995-01-25,46.875,0
1995-01-26,46.921875,0
1995-01-27,47.109375,0
1995-01-30,46.90625,0
1995-01-31,47.09375,0
1995-02-01,47.078125,0
1995-02-02,47.359375,0
1995-02-03,48.03125,0
1995-02-06,48.234375,0
1995-02-07,48.296875,0
1995-02-08,48.296875,0
1995-02-09,48.296875,0
1995-02-10,48.359375,0
1995-02-13,48.375,0
1995-02-14,48.4375,0
1995-02-15,48.703125,0
1995-02-16,48.640625,0
1995-02-17,48.453125,0
1995-02-21,48.4375,0
1995-02-22,48.796875,0
1995-02-23,48.875,0
1995-02-24,49,0
1995-02-27,48.609375,0
1995-02-28,49.015625,0
1995-03-01,48.703125,0
1995-03-02,48.765625,0
1995-03-03,48.78125,0
1995-03-06,48.8125,0
1995-03-07,48.4375,0
1995-03-08,48.5625,0
1995-03-09,48.546875,0
1995-03-10,49.265625,0
1995-03-13,49.21875,0
1995-03-14,49.578125,0
1995-03-15,49.484375,0
1995-03-16,49.78125,0
1995-03-17,49.5625,0.268
1995-03-20,49.5625,0
1995-03-21,49.4375,0
1995-03-22,49.484375,0
1995-03-23,49.515625,0
1995-03-24,50.21875,0
1995-03-27,50.421875,0
1995-03-28,50.421875,0
1995-03-29,50.40625,0
1995-03-30,50.3125,0
1995-03-31,50.109375,0
1995-04-03,50.234375,0
1995-04-04,50.5625,0
1995-04-05,50.5625,0
1995-04-06,50.75,0
1995-04-07,50.703125,0
1995-04-10,50.796875,0
1995-04-11,50.625,0
1995-04-12,50.796875,0
1995-04-13,51.078125,0
1995-04-17,50.78125,0
1995-04-18,50.609375,0
1995-04-19,50.5625,0
1995-04-20,50.640625,0
1995-04-21,50.890625,0
1995-04-24,51.484375,0
1995-04-25,51.34375,0
1995-04-26,51.390625,0
1995-04-27,51.515625,0
1995-04-28,51.59375,0
1995-05-01,51.453125,0
1995-05-02,51.5625,0
1995-05-03,52.28125,0
1995-05-04,52.25,0
1995-05-05,52.1875,0
1995-05-08,52.5625,0
1995-05-09,52.515625,0
1995-05-10,52.578125,0
1995-05-11,52.71875,0
1995-05-12,52.75,0
1995-05-15,53,0
1995-05-16,53.03125,0
1995-05-17,52.828125,0
1995-05-18,52.0625,0
1995-05-19,52.09375,0
1995-05-22,52.671875,0
1995-05-23,53.15625,0
1995-05-24,53.125,0
1995-05-25,53.171875,0
1995-05-26,52.5625,0
1995-05-30,52.546875,0
1995-05-31,53.640625,0
1995-06-01,53.5,0
1995-06-02,53.546875,0
1995-06-05,53.875,0
1995-06-06,53.78125,0
1995-06-07,53.5,0
1995-06-08,53.375,0
1995-06-09,53.0625,0
1995-06-12,53.359375,0
1995-06-13,53.9375,0
1995-06-14,53.890625,0
1995-06-15,54.125,0
1995-06-16,53.96875,0.316
1995-06-19,54.578125,0
1995-06-20,54.4375,0
1995-06-21,54.40625,0
1995-06-22,55.125,0
1995-06-23,55.015625,0
1995-06-26,54.359375,0
1995-06-27,54.25,0
1995-06-28,54.53125,0
1995-06-29,54.4375,0
1995-06-30,54.40625,0
1995-07-03,54.609375,0
1995-07-05,54.8125,0
1995-07-06,55.515625,0
1995-07-07,55.765625,0
1995-07-10,55.796875,0
1995-07-11,55.53125,0
1995-07-12,56.21875,0
1995-07-13,56.09375,0
1995-07-14,56.046875,0
1995-07-17,56.359375,0
1995-07-18,55.875,0
1995-07-19,55.265625,0
1995-07-20,55.46875,0
1995-07-21,55.40625,0
1995-07-24,55.8125,0
1995-07-25,56.234375,0
1995-07-26,56.1875,0
1995-07-27,56.65625,0
1995-07-28,56.296875,0
1995-07-31,56.15625,0
1995-08-01,56.0625,0
1995-08-02,55.9375,0
1995-08-03,55.921875,0
1995-08-04,55.984375,0
1995-08-07,56.109375,0
1995-08-08,56.109375,0
1995-08-09,56.09375,0
1995-08-10,55.96875,0
1995-08-11,55.65625,0
1995-08-14,56.15625,0
1995-08-15,56.046875,0
1995-08-16,56.203125,0
1995-08-17,56.109375,0
1995-08-18,56.171875,0
1995-08-21,56.015625,0
1995-08-22,56.125,0
1995-08-23,55.921875,0
1995-08-24,55.984375,0
1995-08-25,56.296875,0
1995-08-28,56.09375,0
1995-08-29,56.234375,0
1995-08-30,56.359375,0
1995-08-31,56.40625,0
1995-09-01,56.65625,0
1995-09-05,57.1875,0
1995-09-06,57.296875,0
1995-09-07,57.328125,0
1995-09-08,57.546875,0
1995-09-11,57.703125,0
1995-09-12,57.96875,0
1995-09-13,58.234375,0
1995-09-14,58.765625,0
1995-09-15,58.4375,0.312
1995-09-18,58.21875,0
1995-09-19,58.5,0
1995-09-20,58.78125,0
1995-09-21,58.296875,0
1995-09-22,58.3125,0
1995-09-25,58.21875,0
1995-09-26,58.203125,0
1995-09-27,58.15625,0
1995-09-28,58.59375,0
1995-09-29,58.484375,0
1995-10-02,58.1875,0
1995-10-03,58.25,0
1995-10-04,58.1875,0
1995-10-05,58.359375,0
1995-10-06,58.40625,0
1995-10-09,57.921875,0
1995-10-10,57.890625,0
1995-10-11,58.078125,0
1995-10-12,58.4375,0
1995-10-13,58.625,0
1995-10-16,58.34375,0
1995-10-17,58.734375,0
1995-10-18,58.90625,0
1995-10-19,59.1875,0
1995-10-20,58.828125,0
1995-10-23,58.703125,0
1995-10-24,58.765625,0
1995-10-25,58.28125,0
1995-10-26,57.75,0
1995-10-27,58.1875,0
1995-10-30,58.5625,0
1995-10-31,58.3125,0
1995-11-01,58.78125,0
1995-11-02,59.15625,0
1995-11-03,59.234375,0
1995-11-06,59.03125,0
1995-11-07,58.8125,0
1995-11-08,59.34375,0
1995-11-09,59.5625,0
1995-11-10,59.53125,0
1995-11-13,59.46875,0
1995-11-14,59.078125,0
1995-11-15,59.671875,0
1995-11-16,60,0
1995-11-17,60.1875,0
1995-11-20,59.875,0
1995-11-21,60.359375,0
1995-11-22,60.171875,0
1995-11-24,60.328125,0
1995-11-27,60.34375,0
1995-11-28,60.984375,0
1995-11-29,61.046875,0
1995-11-30,60.90625,0
1995-12-01,60.984375,0
1995-12-04,61.734375,0
1995-12-05,62.140625,0
1995-12-06,62.28125,0
1995-12-07,61.953125,0
1995-12-08,62.15625,0
1995-12-11,62.421875,0
1995-12-12,62.234375,0
1995-12-13,62.625,0
1995-12-14,62.171875,0
1995-12-15,61.8125,0.382
1995-12-18,60.625,0
1995-12-19,61.265625,0
1995-12-20,60.671875,0
1995-12-21,60.984375,0
1995-12-22,61.203125,0
1995-12-26,61.5,0
1995-12-27,61.46875,0
1995-12-28,61.40625,0
1995-12-29,61.484375,0
1996-01-02,62.140625,0
1996-01-03,62.3125,0
1996-01-04,61.71875,0
1996-01-05,61.59375,0
1996-01-08,61.828125,0
1996-01-09,60.765625,0
1996-01-10,59.96875,0
1996-01-11,60.328125,0
1996-01-12,60.234375,0
1996-01-15,60.109375,0
1996-01-16,60.84375,0
1996-01-17,60.65625,0
1996-01-18,60.859375,0
1996-01-19,61.265625,0
1996-01-22,61.28125,0
1996-01-23,61.421875,0
1996-01-24,61.921875,0
1996-01-25,61.703125,0
1996-01-26,62.234375,0
1996-01-29,62.484375,0
1996-01-30,63.015625,0
1996-01-31,63.671875,0
1996-02-01,63.90625,0
1996-02-02,63.640625,0
1996-02-05,64.15625,0
1996-02-06,64.765625,0
1996-02-07,65.140625,0
1996-02-08,65.84375,0
1996-02-09,65.828125,0
1996-02-12,66.328125,0
1996-02-13,66.1875,0
1996-02-14,65.609375,0
1996-02-15,65.203125,0
1996-02-16,64.9375,0
1996-02-20,64.296875,0
1996-02-21,65.09375,0
1996-02-22,66.125,0
1996-02-23,65.9375,0
1996-02-26,65,0
1996-02-27,64.796875,0
1996-02-28,64.5,0
1996-02-29,63.875,0
1996-03-01,64.890625,0
1996-03-04,65.265625,0
1996-03-05,65.875,0
1996-03-06,65.296875,0
1996-03-07,65.625,0
1996-03-08,63.5,0
1996-03-11,64.234375,0
1996-03-12,63.734375,0
1996-03-13,64.171875,0
1996-03-14,64.453125,0
1996-03-15,64.125,0.285
1996-03-18,65.359375,0
1996-03-19,65.21875,0
1996-03-20,65.140625,0
1996-03-21,64.984375,0
1996-03-22,65.15625,0
1996-03-25,65.03125,0
1996-03-26,65.34375,0
1996-03-27,64.75,0
1996-03-28,65,0
1996-03-29,64.6875,0
1996-04-01,65.4375,0
1996-04-02,65.5625,0
1996-04-03,65.5625,0
1996-04-04,65.515625,0
1996-04-08,64.390625,0
1996-04-09,64.140625,0
1996-04-10,63,0
1996-04-11,62.921875,0
1996-04-12,63.71875,0
1996-04-15,64.25,0
1996-04-16,64.4375,0
1996-04-17,64.28125,0
1996-04-18,64.375,0
1996-04-19,64.53125,0
1996-04-22,65.03125,0
1996-04-23,65.234375,0
1996-04-24,65,0
1996-04-25,65.296875,0
1996-04-26,65.4375,0
1996-04-29,65.4375,0
1996-04-30,65.390625,0
1996-05-01,65.53125,0
1996-05-02,64.40625,0
1996-05-03,64.3125,0
1996-05-06,64.25,0
1996-05-07,63.984375,0
1996-05-08,64.78125,0
1996-05-09,64.734375,0
1996-05-10,65.375,0
1996-05-13,66.359375,0
1996-05-14,66.765625,0
1996-05-15,66.6875,0
1996-05-16,66.828125,0
1996-05-17,67.1875,0
1996-05-20,67.640625,0
1996-05-21,67.546875,0
1996-05-22,68.1875,0
1996-05-23,67.90625,0
1996-05-24,68.171875,0
1996-05-28,67.484375,0
1996-05-29,67.03125,0
1996-05-30,67.375,0
1996-05-31,66.875,0
1996-06-03,67.0625,0
1996-06-04,67.53125,0
1996-06-05,68.125,0
1996-06-06,67.625,0
1996-06-07,67.625,0
1996-06-10,67.40625,0
1996-06-11,67.34375,0
1996-06-12,67.21875,0
1996-06-13,67.21875,0
1996-06-14,66.9375,0
1996-06-17,66.890625,0
1996-06-18,66.34375,0
1996-06-19,66.640625,0
1996-06-20,66.59375,0
1996-06-21,66.8125,0.351
1996-06-24,66.9375,0
1996-06-25,66.859375,0
1996-06-26,66.40625,0
1996-06-27,66.875,0
1996-06-28,67.109375,0
1996-07-01,67.6875,0
1996-07-02,67.4375,0
1996-07-03,67.296875,0
1996-07-05,65.578125,0
1996-07-08,65.3125,0
1996-07-09,65.578125,0
1996-07-10,65.84375,0
1996-07-11,64.515625,0
1996-07-12,64.5625,0
1996-07-15,62.65625,0
1996-07-16,62.8125,0
1996-07-17,63.5625,0
1996-07-18,64.4375,0
1996-07-19,63.96875,0
1996-07-22,63.5,0
1996-07-23,62.6875,0
1996-07-24,62.8125,0
1996-07-25,63.375,0
1996-07-26,63.71875,0
1996-07-29,63.015625,0
1996-07-30,63.625,0
1996-07-31,64.09375,0
1996-08-01,65.15625,0
1996-08-02,66.5625,0
1996-08-05,66.171875,0
1996-08-06,66.375,0
1996-08-07,66.546875,0
1996-08-08,66.4375,0
1996-08-09,66.21875,0
1996-08-12,66.703125,0
1996-08-13,66.171875,0
1996-08-14,66.40625,0
1996-08-15,66.28125,0
1996-08-16,66.84375,0
1996-08-19,66.875,0
1996-08-20,66.828125,0
1996-08-21,66.59375,0
1996-08-22,67.21875,0
1996-08-23,66.859375,0
1996-08-26,66.53125,0
1996-08-27,66.78125,0
1996-08-28,66.671875,0
1996-08-29,66.015625,0
1996-08-30,65.328125,0
1996-09-03,65.75,0
1996-09-04,65.8125,0
1996-09-05,65.015625,0
1996-09-06,65.9375,0
1996-09-09,66.71875,0
1996-09-10,66.6875,0
1996-09-11,67.0625,0
1996-09-12,67.53125,0
1996-09-13,68.5625,0
1996-09-16,68.8125,0
1996-09-17,68.65625,0
1996-09-18,68.484375,0
1996-09-19,68.75,0
1996-09-20,68.640625,0.352
1996-09-23,68.625,0
1996-09-24,68.609375,0
1996-09-25,68.65625,0
1996-09-26,68.625,0
1996-09-27,68.6875,0
1996-09-30,68.625,0
1996-10-01,69,0
1996-10-02,69.46875,0
1996-10-03,69.40625,0
1996-10-04,70.34375,0
1996-10-07,70.421875,0
1996-10-08,70.140625,0
1996-10-09,69.59375,0
1996-10-10,69.453125,0
1996-10-11,70.3125,0
1996-10-14,70.40625,0
1996-10-15,70.3125,0
1996-10-16,70.65625,0
1996-10-17,70.84375,0
1996-10-18,71.21875,0
1996-10-21,71.125,0
1996-10-22,70.625,0
1996-10-23,70.859375,0
1996-10-24,70.25,0
1996-10-25,70.3125,0
1996-10-28,69.84375,0
1996-10-29,70.40625,0
1996-10-30,70.171875,0
1996-10-31,70.84375,0
1996-11-01,70.59375,0
1996-11-04,71.0625,0
1996-11-05,71.46875,0
1996-11-06,72.84375,0
1996-11-07,73.015625,0
1996-11-08,73.421875,0
1996-11-11,73.34375,0
1996-11-12,73.125,0
1996-11-13,73.453125,0
1996-11-14,73.9375,0
1996-11-15,74.03125,0
1996-11-18,74.046875,0
1996-11-19,74.578125,0
1996-11-20,74.703125,0
1996-11-21,74.59375,0
1996-11-22,75.171875,0
1996-11-25,76.125,0
1996-11-26,75.875,0
1996-11-27,75.734375,0
1996-11-29,76.015625,0
1996-12-02,76.046875,0
1996-12-03,74.75,0
1996-12-04,74.953125,0
1996-12-05,74.75,0
1996-12-06,74.3125,0
1996-12-09,75.40625,0
1996-12-10,75.046875,0
1996-12-11,74.359375,0
1996-12-12,73.125,0
1996-12-13,73.3125,0
1996-12-16,72.375,0
1996-12-17,72.953125,0
1996-12-18,73.53125,0
1996-12-19,75.046875,0
1996-12-20,74.84375,0.367
1996-12-23,74.65625,0
1996-12-24,75.203125,0
1996-12-26,75.78125,0
1996-12-27,75.875,0
1996-12-30,75.21875,0
1996-12-31,73.84375,0
1997-01-02,74.03125,0
1997-01-03,75.09375,0
1997-01-06,74.4375,0
1997-01-07,75.34375,0
1997-01-08,74.6875,0
1997-01-09,75.3125,0
1997-01-10,76.125,0
1997-01-13,76.015625,0
1997-01-14,76.96875,0
1997-01-15,76.78125,0
1997-01-16,77.09375,0
1997-01-17,77.5625,0
1997-01-20,77.65625,0
1997-01-21,78.28125,0
1997-01-22,78.84375,0
1997-01-23,77.75,0
1997-01-24,76.75,0
1997-01-27,76.53125,0
1997-01-28,76.75,0
1997-01-29,77.5,0
1997-01-30,78.5,0
1997-01-31,78.40625,0
1997-02-03,78.640625,0
1997-02-04,79.125,0
1997-02-05,77.640625,0
1997-02-06,78.15625,0
1997-02-07,79.21875,0
1997-02-10,78.46875,0
1997-02-11,79.375,0
1997-02-12,80.5,0
1997-02-13,81.375,0
1997-02-14,81.1875,0
1997-02-18,81.875,0
1997-02-19,81.328125,0
1997-02-20,80.34375,0
1997-02-21,80.375,0
1997-02-24,81.328125,0
1997-02-25,81.390625,0
1997-02-26,80.59375,0
1997-02-27,79.390625,0
1997-02-28,79.15625,0
1997-03-03,79.6875,0
1997-03-04,79.25,0
1997-03-05,80.59375,0
1997-03-06,80.125,0
1997-03-07,80.84375,0
1997-03-10,81.6875,0
1997-03-11,81.25,0
1997-03-12,80.53125,0
1997-03-13,79.28125,0
1997-03-14,79.6875,0
1997-03-17,79.90625,0
1997-03-18,79.046875,0
1997-03-19,78.78125,0
1997-03-20,78.375,0
1997-03-21,78.4375,0.299
1997-03-24,79.53125,0
1997-03-25,78.75,0
1997-03-26,79.09375,0
1997-03-27,77,0
1997-03-31,75.375,0
1997-04-01,75.859375,0
1997-04-02,74.5,0
1997-04-03,74.90625,0
1997-04-04,75.84375,0
1997-04-07,76.140625,0
1997-04-08,76.6875,0
1997-04-09,76.0625,0
1997-04-10,75.78125,0
1997-04-11,73.375,0
1997-04-14,74.359375,0
1997-04-15,75.625,0
1997-04-16,76.5,0
1997-04-17,76.1875,0
1997-04-18,76.5625,0
1997-04-21,76.0625,0
1997-04-22,77.734375,0
1997-04-23,77.8125,0
1997-04-24,77.421875,0
1997-04-25,76.53125,0
1997-04-28,77.28125,0
1997-04-29,79.71875,0
1997-04-30,80.09375,0
1997-05-01,80,0
1997-05-02,81.4375,0
1997-05-05,83.375,0
1997-05-06,83.3125,0
1997-05-07,81.5,0
1997-05-08,82.0625,0
1997-05-09,82.625,0
1997-05-12,84,0
1997-05-13,83.65625,0
1997-05-14,83.8125,0
1997-05-15,84.375,0
1997-05-16,83.21875,0
1997-05-19,83.46875,0
1997-05-20,84.46875,0
1997-05-21,84.28125,0
1997-05-22,84,0
1997-05-23,84.78125,0
1997-05-27,85.125,0
1997-05-28,85.109375,0
1997-05-29,84.609375,0
1997-05-30,85.15625,0
1997-06-02,84.78125,0
1997-06-03,84.5,0
1997-06-04,84.40625,0
1997-06-05,84.71875,0
1997-06-06,86.375,0
1997-06-09,86.8125,0
1997-06-10,87.078125,0
1997-06-11,87.28125,0
1997-06-12,88.96875,0
1997-06-13,89.71875,0
1997-06-16,89.75,0
1997-06-17,89.625,0
1997-06-18,89.3125,0
1997-06-19,90.234375,0
1997-06-20,89.578125,0.35
1997-06-23,87.40625,0
1997-06-24,89.625,0
1997-06-25,89,0
1997-06-26,88.5625,0
1997-06-27,88.90625,0
1997-06-30,88.3125,0
1997-07-01,89.34375,0
1997-07-02,90.8125,0
1997-07-03,92.0625,0
1997-07-07,91.125,0
1997-07-08,92.078125,0
1997-07-09,91.0625,0
1997-07-10,91.46875,0
1997-07-11,91.78125,0
1997-07-14,92.0625,0
1997-07-15,92.53125,0
1997-07-16,93.75,0
1997-07-17,93.28125,0
1997-07-18,91.296875,0
1997-07-21,91.3125,0
1997-07-22,93.734375,0
1997-07-23,93.65625,0
1997-07-24,94.09375,0
1997-07-25,94.03125,0
1997-07-28,93.96875,0
1997-07-29,94.28125,0
1997-07-30,95.40625,0
1997-07-31,95.3125,0
1997-08-01,94.9375,0
1997-08-04,95.1875,0
1997-08-05,95.25,0
1997-08-06,96.03125,0
1997-08-07,95.3125,0
1997-08-08,93.375,0
1997-08-11,94.0625,0
1997-08-12,92.5625,0
1997-08-13,92.28125,0
1997-08-14,92.625,0
1997-08-15,89.78125,0
1997-08-18,91.78125,0
1997-08-19,92.84375,0
1997-08-20,94.25,0
1997-08-21,92.59375,0
1997-08-22,92.5625,0
1997-08-25,92.21875,0
1997-08-26,90.859375,0
1997-08-27,91.40625,0
1997-08-28,90.015625,0
1997-08-29,90.375,0
1997-09-02,93.3125,0
1997-09-03,92.8125,0
1997-09-04,93.40625,0
1997-09-05,93.140625,0
1997-09-08,93.546875,0
1997-09-09,93.59375,0
1997-09-10,91.65625,0
1997-09-11,91.1875,0
1997-09-12,92.65625,0
1997-09-15,92.5,0
1997-09-16,94.8125,0
1997-09-17,94.8125,0
1997-09-18,95.21875,0
1997-09-19,95.03125,0.348
1997-09-22,95.5625,0
1997-09-23,95.125,0
1997-09-24,94.34375,0
1997-09-25,93.6875,0
1997-09-26,94.46875,0
1997-09-29,95.375,0
1997-09-30,94.375,0
1997-10-01,95.625,0
1997-10-02,96.15625,0
1997-10-03,96.640625,0
1997-10-06,97.28125,0
1997-10-07,98.1875,0
1997-10-08,97.5,0
1997-10-09,97.15625,0
1997-10-10,96.875,0
1997-10-13,96.96875,0
1997-10-14,97,0
1997-10-15,96.78125,0
1997-10-16,95.25,0
1997-10-17,94.28125,0
1997-10-20,95.625,0
1997-10-21,97.484375,0
1997-10-22,96.84375,0
1997-10-23,94.9375,0
1997-10-24,94,0
1997-10-27,87.1875,0
1997-10-28,92.21875,0
1997-10-29,91.96875,0
1997-10-30,89.9375,0
1997-10-31,92.0625,0
1997-11-03,94,0
1997-11-04,94,0
1997-11-05,94.3125,0
1997-11-06,93.953125,0
1997-11-07,92.9375,0
1997-11-10,92.375,0
1997-11-11,92.40625,0
1997-11-12,90.5,0
1997-11-13,91.8125,0
1997-11-14,93.0625,0
1997-11-17,94.78125,0
1997-11-18,94.1875,0
1997-11-19,94.65625,0
1997-11-20,96.09375,0
1997-11-21,96.75,0
1997-11-24,95,0
1997-11-25,95.25,0
1997-11-26,95.53125,0
1997-11-28,95.625,0
1997-12-01,98.09375,0
1997-12-02,97.5,0
1997-12-03,97.78125,0
1997-12-04,97.6875,0
1997-12-05,98.9375,0
1997-12-08,98.65625,0
1997-12-09,98.0625,0
1997-12-10,97.21875,0
1997-12-11,95.5625,0
1997-12-12,95.75,0
1997-12-15,96.71875,0
1997-12-16,97.3125,0
1997-12-17,96.8125,0
1997-12-18,95.875,0
1997-12-19,94.78125,0.38
1997-12-22,95.390625,0
1997-12-23,93.6875,0
1997-12-24,93.40625,0
1997-12-26,93.78125,0
1997-12-29,95.625,0
1997-12-30,97.125,0
1997-12-31,97.0625,0
1998-01-02,97.5625,0
1998-01-05,97.78125,0
1998-01-06,96.21875,0
1998-01-07,96.46875,0
1998-01-08,95.625,0
1998-01-09,92.3125,0
1998-01-12,94,0
1998-01-13,95.3125,0
1998-01-14,95.75,0
1998-01-15,94.953125,0
1998-01-16,96.3125,0
1998-01-20,97.875,0
1998-01-21,96.9375,0
1998-01-22,96.078125,0
1998-01-23,95.9375,0
1998-01-26,95.875,0
1998-01-27,96.84375,0
1998-01-28,97.71875,0
1998-01-29,98.25,0
1998-01-30,98.3125,0
1998-02-02,99.9375,0
1998-02-03,100.6875,0
1998-02-04,100.5625,0
1998-02-05,100.5,0
1998-02-06,101.625,0
1998-02-09,101.28125,0
1998-02-10,102.25,0
1998-02-11,102.15625,0
1998-02-12,102.59375,0
1998-02-13,102,0
1998-02-17,102.5,0
1998-02-18,103.4375,0
1998-02-19,102.890625,0
1998-02-20,103.65625,0
1998-02-23,104.0625,0
1998-02-24,103.25,0
1998-02-25,104.53125,0
1998-02-26,105.125,0
1998-02-27,105.125,0
1998-03-02,104.90625,0
1998-03-03,105.5,0
1998-03-04,104.8125,0
1998-03-05,103.84375,0
1998-03-06,105.9375,0
1998-03-09,105.5625,0
1998-03-10,106.5625,0
1998-03-11,107.0625,0
1998-03-12,107.5,0
1998-03-13,107.09375,0
1998-03-16,108.25,0
1998-03-17,108.5625,0
1998-03-18,108.96875,0
1998-03-19,109.25,0
1998-03-20,109.875,0.313
1998-03-23,109.625,0
1998-03-24,110.5625,0
1998-03-25,110.15625,0
1998-03-26,110.09375,0
1998-03-27,109.625,0
1998-03-30,109.5625,0
1998-03-31,109.9375,0
1998-04-01,110.828125,0
1998-04-02,112.03125,0
1998-04-03,112.59375,0
1998-04-06,111.6875,0
1998-04-07,110.9375,0
1998-04-08,110.3125,0
1998-04-09,111.1875,0
1998-04-13,110.875,0
1998-04-14,111.8125,0
1998-04-15,112.125,0
1998-04-16,110.8125,0
1998-04-17,112.28125,0
1998-04-20,112.25,0
1998-04-21,112.78125,0
1998-04-22,113.09375,0
1998-04-23,112,0
1998-04-24,110.8125,0
1998-04-27,108.71875,0
1998-04-28,108.5625,0
1998-04-29,109.3125,0
1998-04-30,111.34375,0
1998-05-01,112.59375,0
1998-05-04,112.3125,0
1998-05-05,111.53125,0
1998-05-06,110.21875,0
1998-05-07,109.34375,0
1998-05-08,111.125,0
1998-05-11,110.75,0
1998-05-12,111.9375,0
1998-05-13,112.21875,0
1998-05-14,111.65625,0
1998-05-15,111.03125,0
1998-05-18,110.59375,0
1998-05-19,111.34375,0
1998-05-20,112.40625,0
1998-05-21,111.6875,0
1998-05-22,111.25,0
1998-05-26,109.46875,0
1998-05-27,109.625,0
1998-05-28,110.125,0
1998-05-29,109.03125,0
1998-06-01,109.53125,0
1998-06-02,109.625,0
1998-06-03,107.875,0
1998-06-04,109.875,0
1998-06-05,112,0
1998-06-08,111.875,0
1998-06-09,112.21875,0
1998-06-10,111.5,0
1998-06-11,109.40625,0
1998-06-12,110.4375,0
1998-06-15,107.53125,0
1998-06-16,109.1875,0
1998-06-17,111.46875,0
1998-06-18,110.96875,0
1998-06-19,110.0625,0.352
1998-06-22,110.59375,0
1998-06-23,111.90625,0
1998-06-24,113.40625,0
1998-06-25,113.21875,0
1998-06-26,113.6875,0
1998-06-29,114.09375,0
1998-06-30,113.3125,0
1998-07-01,114.625,0
1998-07-02,114.84375,0
1998-07-06,116,0
1998-07-07,115.78125,0
1998-07-08,116.625,0
1998-07-09,115.84375,0
1998-07-10,116.46875,0
1998-07-13,116.5,0
1998-07-14,117.8125,0
1998-07-15,117.59375,0
1998-07-16,118.40625,0
1998-07-17,118.5625,0
1998-07-20,118.5625,0
1998-07-21,116.5,0
1998-07-22,116.5,0
1998-07-23,114.1875,0
1998-07-24,114.09375,0
1998-07-27,114.90625,0
1998-07-28,112.96875,0
1998-07-29,112.53125,0
1998-07-30,114.21875,0
1998-07-31,111.78125,0
1998-08-03,111.3125,0
1998-08-04,107,0
1998-08-05,108.46875,0
1998-08-06,108.9375,0
1998-08-07,109.125,0
1998-08-10,108.5,0
1998-08-11,106.875,0
1998-08-12,108.6875,0
1998-08-13,107.375,0
1998-08-14,106.125,0
1998-08-17,108.375,0
1998-08-18,110.375,0
1998-08-19,110.09375,0
1998-08-20,109.4375,0
1998-08-21,108.5625,0
1998-08-24,109.25,0
1998-08-25,109.5,0
1998-08-26,108.875,0
1998-08-27,103.75,0
1998-08-28,103.375,0
1998-08-31,96,0
1998-09-01,100.0625,0
1998-09-02,99.34375,0
1998-09-03,98.5625,0
1998-09-04,97.75,0
1998-09-08,103,0
1998-09-09,100.5,0
1998-09-10,98.5,0
1998-09-11,101.6875,0
1998-09-14,103.4375,0
1998-09-15,104.0625,0
1998-09-16,105,0
1998-09-17,102,0
1998-09-18,102.09375,0.359
1998-09-21,102.03125,0
1998-09-22,102.875,0
1998-09-23,107,0
1998-09-24,104.375,0
1998-09-25,104.25,0
1998-09-28,105.1875,0
1998-09-29,104.9375,0
1998-09-30,101.75,0
1998-10-01,98.8125,0
1998-10-02,100.71875,0
1998-10-05,98.6875,0
1998-10-06,98.59375,0
1998-10-07,97.125,0
1998-10-08,96.59375,0
1998-10-09,98.53125,0
1998-10-12,99.96875,0
1998-10-13,99.625,0
1998-10-14,100.5625,0
1998-10-15,105.96875,0
1998-10-16,106,0
1998-10-19,106.375,0
1998-10-20,107,0
1998-10-21,106.625,0
1998-10-22,108.21875,0
1998-10-23,106.84375,0
1998-10-26,107.625,0
1998-10-27,107,0
1998-10-28,106.8125,0
1998-10-29,109.40625,0
1998-10-30,110,0
1998-11-02,111.875,0
1998-11-03,111.0625,0
1998-11-04,112.25,0
1998-11-05,113.78125,0
1998-11-06,114.125,0
1998-11-09,113.3125,0
1998-11-10,113,0
1998-11-11,112.25,0
1998-11-12,112.125,0
1998-11-13,113.21875,0
1998-11-16,114.0625,0
1998-11-17,114.0625,0
1998-11-18,114.75,0
1998-11-19,115.75,0
1998-11-20,116.625,0
1998-11-23,119.375,0
1998-11-24,118.625,0
1998-11-25,118.625,0
1998-11-27,119.5,0
1998-11-30,116.125,0
1998-12-01,117.625,0
1998-12-02,117.28125,0
1998-12-03,115.34375,0
1998-12-04,118.375,0
1998-12-07,118.9375,0
1998-12-08,118.40625,0
1998-12-09,118.625,0
1998-12-10,116.890625,0
1998-12-11,117.125,0
1998-12-14,113.75,0
1998-12-15,116.6875,0
1998-12-16,116.53125,0
1998-12-17,118.390625,0
1998-12-18,118.5,0.392
1998-12-21,120.15625,0
1998-12-22,120.6875,0
1998-12-23,123.21875,0
1998-12-24,122.6875,0
1998-12-28,122.375,0
1998-12-29,124.3125,0
1998-12-30,123.3125,0
1998-12-31,123.3125,0
1999-01-04,123.03125,0
1999-01-05,124.4375,0
1999-01-06,127.4375,0
1999-01-07,126.8125,0
1999-01-08,127.75,0
1999-01-11,126.53125,0
1999-01-12,124.25,0
1999-01-13,123.375,0
1999-01-14,121.21875,0
1999-01-15,124.375,0
1999-01-19,125.1875,0
1999-01-20,126.1875,0
1999-01-21,122.84375,0
1999-01-22,122.5625,0
1999-01-25,123.8125,0
1999-01-26,126.0625,0
1999-01-27,124.59375,0
1999-01-28,126.6875,0
1999-01-29,127.65625,0
1999-02-01,126.90625,0
1999-02-02,126.125,0
1999-02-03,127.40625,0
1999-02-04,125.5,0
1999-02-05,124.0625,0
1999-02-08,124.3125,0
1999-02-09,121.53125,0
1999-02-10,122.3125,0
1999-02-11,125.125,0
1999-02-12,123.625,0
1999-02-16,122.875,0
1999-02-17,122.75,0
1999-02-18,123.71875,0
1999-02-19,124.25,0
1999-02-22,127.5625,0
1999-02-23,127.5,0
1999-02-24,125.25,0
1999-02-25,124.0625,0
1999-02-26,123.5625,0
1999-03-01,123.90625,0
1999-03-02,122.8125,0
1999-03-03,123.46875,0
1999-03-04,125.03125,0
1999-03-05,127.546875,0
1999-03-08,128.375,0
1999-03-09,128.0625,0
1999-03-10,129.1875,0
1999-03-11,130.625,0
1999-03-12,129.375,0
1999-03-15,131.21875,0
1999-03-16,130.71875,0
1999-03-17,130.15625,0
1999-03-18,132.25,0
1999-03-19,129.6875,0.32
1999-03-22,129.9375,0
1999-03-23,126.1875,0
1999-03-24,126.90625,0
1999-03-25,129.5,0
1999-03-26,128.5625,0
1999-03-29,131.15625,0
1999-03-30,130.46875,0
1999-03-31,128.375,0
1999-04-01,129.34375,0
1999-04-05,132.40625,0
1999-04-06,132.09375,0
1999-04-07,133.15625,0
1999-04-08,134.84375,0
1999-04-09,134.875,0
1999-04-12,136.3125,0
1999-04-13,135.4375,0
1999-04-14,133.15625,0
1999-04-15,132.65625,0
1999-04-16,131.53125,0
1999-04-19,129.5,0
1999-04-20,131.125,0
1999-04-21,134.875,0
1999-04-22,136.15625,0
1999-04-23,135.8125,0
1999-04-26,136.59375,0
1999-04-27,137.25,0
1999-04-28,135.375,0
1999-04-29,134.34375,0
1999-04-30,133.25,0
1999-05-03,135.6875,0
1999-05-04,133.75,0
1999-05-05,134.8125,0
1999-05-06,133.984375,0
1999-05-07,135,0
1999-05-10,134.328125,0
1999-05-11,135.6875,0
1999-05-12,136.75,0
1999-05-13,137.34375,0
1999-05-14,133.78125,0
1999-05-17,134.1875,0
1999-05-18,133.9375,0
1999-05-19,134.90625,0
1999-05-20,134.09375,0
1999-05-21,133.34375,0
1999-05-24,131.125,0
1999-05-25,129,0
1999-05-26,130.4375,0
1999-05-27,128.5625,0
1999-05-28,130.203125,0
1999-06-01,129.75,0
1999-06-02,129.875,0
1999-06-03,130.59375,0
1999-06-04,133.21875,0
1999-06-07,133.5625,0
1999-06-08,132.25,0
1999-06-09,132.125,0
1999-06-10,130.90625,0
1999-06-11,129.8125,0
1999-06-14,129.9375,0
1999-06-15,130.8125,0
1999-06-16,133.3125,0
1999-06-17,134.5625,0
1999-06-18,134.3125,0.405
1999-06-21,134.625,0
1999-06-22,133.6875,0
1999-06-23,133.03125,0
1999-06-24,132.03125,0
1999-06-25,131.703125,0
1999-06-28,133.3125,0
1999-06-29,134.5625,0
1999-06-30,137,0
1999-07-01,138.03125,0
1999-07-02,139.40625,0
1999-07-06,139.375,0
1999-07-07,139.5625,0
1999-07-08,139.671875,0
1999-07-09,140.5,0
1999-07-12,139.875,0
1999-07-13,139.375,0
1999-07-14,140.15625,0
1999-07-15,141.046875,0
1999-07-16,141.8125,0
1999-07-19,140.875,0
1999-07-20,137.984375,0
1999-07-21,137.828125,0
1999-07-22,136.015625,0
1999-07-23,135.75,0
1999-07-26,134.75,0
1999-07-27,135.875,0
1999-07-28,136.3125,0
1999-07-29,134.40625,0
1999-07-30,132.75,0
1999-08-02,133.0625,0
1999-08-03,132.4375,0
1999-08-04,130.625,0
1999-08-05,131.8125,0
1999-08-06,130.375,0
1999-08-09,130.09375,0
1999-08-10,128.65625,0
1999-08-11,130.21875,0
1999-08-12,130.140625,0
1999-08-13,133.15625,0
1999-08-16,133.75,0
1999-08-17,134.625,0
1999-08-18,133.65625,0
1999-08-19,132.5625,0
1999-08-20,133.90625,0
1999-08-23,136.46875,0
1999-08-24,136.96875,0
1999-08-25,138.375,0
1999-08-26,136.71875,0
1999-08-27,135.0625,0
1999-08-30,132.5625,0
1999-08-31,132.0625,0
1999-09-01,133.6875,0
1999-09-02,132.109375,0
1999-09-03,135.96875,0
1999-09-07,135.46875,0
1999-09-08,134.8125,0
1999-09-09,134.75,0
1999-09-10,135.875,0
1999-09-13,134.953125,0
1999-09-14,134.0625,0
1999-09-15,131.9375,0
1999-09-16,132.453125,0
1999-09-17,133.75,0.372
1999-09-20,133.5625,0
1999-09-21,130.75,0
1999-09-22,130.609375,0
1999-09-23,127.875,0
1999-09-24,127.75,0
1999-09-27,128.59375,0
1999-09-28,128.34375,0
1999-09-29,126.8125,0
1999-09-30,128.75,0
1999-10-01,128.46875,0
1999-10-04,130.75,0
1999-10-05,130.625,0
1999-10-06,132.625,0
1999-10-07,131.875,0
1999-10-08,133.875,0
1999-10-11,133.65625,0
1999-10-12,131.59375,0
1999-10-13,128.1875,0
1999-10-14,128.15625,0
1999-10-15,124.875,0
1999-10-18,125.78125,0
1999-10-19,127,0
1999-10-20,128.25,0
1999-10-21,129,0
1999-10-22,130.09375,0
1999-10-25,129.4375,0
1999-10-26,127.8125,0
1999-10-27,130.125,0
1999-10-28,134.5625,0
1999-10-29,137,0
1999-11-01,135.5625,0
1999-11-02,134.59375,0
1999-11-03,135.5,0
1999-11-04,136.53125,0
1999-11-05,137.875,0
1999-11-08,138,0
1999-11-09,136.703125,0
1999-11-10,137.71875,0
1999-11-11,138.5,0
1999-11-12,139.75,0
1999-11-15,140.078125,0
1999-11-16,141.25,0
1999-11-17,141.625,0
1999-11-18,142.625,0
1999-11-19,142.5,0
1999-11-22,142.46875,0
1999-11-23,141.21875,0
1999-11-24,141.96875,0
1999-11-26,141.4375,0
1999-11-29,140.9375,0
1999-11-30,139.28125,0
1999-12-01,140.40625,0
1999-12-02,141.25,0
1999-12-03,143.84375,0
1999-12-06,142.78125,0
1999-12-07,141.625,0
1999-12-08,140.71875,0
1999-12-09,141.40625,0
1999-12-10,141.875,0
1999-12-13,142.125,0
1999-12-14,140.75,0
1999-12-15,141.5,0
1999-12-16,142.125,0
1999-12-17,142.6875,0.348
1999-12-20,141.65625,0
1999-12-21,143.8125,0
1999-12-22,144.1875,0
1999-12-23,146.484375,0
1999-12-27,146.28125,0
1999-12-28,146.1875,0
1999-12-29,146.8125,0
1999-12-30,146.640625,0
1999-12-31,146.875,0
2000-01-03,145.4375,0
2000-01-04,139.75,0
2000-01-05,140,0
2000-01-06,137.75,0
2000-01-07,145.75,0
2000-01-10,146.25,0
2000-01-11,144.5,0
2000-01-12,143.0625,0
2000-01-13,145,0
2000-01-14,146.96875,0
2000-01-18,145.8125,0
2000-01-19,147,0
2000-01-20,144.75,0
2000-01-21,144.4375,0
2000-01-24,140.34375,0
2000-01-25,141.9375,0
2000-01-26,140.8125,0
2000-01-27,140.25,0
2000-01-28,135.875,0
2000-01-31,139.5625,0
2000-02-01,140.9375,0
2000-02-02,141.0625,0
2000-02-03,143.1875,0
2000-02-04,142.59375,0
2000-02-07,142.375,0
2000-02-08,144.3125,0
2000-02-09,141.28125,0
2000-02-10,141.5625,0
2000-02-11,138.6875,0
2000-02-14,139.5,0
2000-02-15,141.078125,0
2000-02-16,139,0
2000-02-17,138.28125,0
2000-02-18,135.3125,0
2000-02-22,134.96875,0
2000-02-23,136.5625,0
2000-02-24,133.8125,0
2000-02-25,133.328125,0
2000-02-28,136.125,0
2000-02-29,137.4375,0
2000-03-01,138.4375,0
2000-03-02,138.53125,0
2000-03-03,141.125,0
2000-03-06,139.75,0
2000-03-07,137.046875,0
2000-03-08,136.875,0
2000-03-09,140.875,0
2000-03-10,140.125,0
2000-03-13,138.59375,0
2000-03-14,136.625,0
2000-03-15,139.8125,0
2000-03-16,146.34375,0
2000-03-17,146.9375,0.371
2000-03-20,146.1875,0
2000-03-21,149.1875,0
2000-03-22,150.09375,0
2000-03-23,152.65625,0
2000-03-24,153.5625,0
2000-03-27,151.9375,0
2000-03-28,151.0625,0
2000-03-29,151.21875,0
2000-03-30,148.6875,0
2000-03-31,150.375,0
2000-04-03,151.25,0
2000-04-04,150.125,0
2000-04-05,149.1875,0
2000-04-06,150.484375,0
2000-04-07,151.4375,0
2000-04-10,150.84375,0
2000-04-11,150.40625,0
2000-04-12,146.28125,0
2000-04-13,144.25,0
2000-04-14,136,0
2000-04-17,140.75,0
2000-04-18,144.46875,0
2000-04-19,143.125,0
2000-04-20,143.8125,0
2000-04-24,142.25,0
2000-04-25,148.15625,0
2000-04-26,146.484375,0
2000-04-27,146,0
2000-04-28,145.09375,0
2000-05-01,147.0625,0
2000-05-02,144.125,0
2000-05-03,140.75,0
2000-05-04,141.8125,0
2000-05-05,143.53125,0
2000-05-08,142.453125,0
2000-05-09,141.3125,0
2000-05-10,138.125,0
2000-05-11,141.28125,0
2000-05-12,142.8125,0
2000-05-15,145.28125,0
2000-05-16,146.6875,0
2000-05-17,145.15625,0
2000-05-18,143.375,0
2000-05-19,141.125,0
2000-05-22,140.0625,0
2000-05-23,138,0
2000-05-24,140.25,0
2000-05-25,137.84375,0
2000-05-26,138,0
2000-05-30,142.5,0
2000-05-31,142.8125,0
2000-06-01,145.3125,0
2000-06-02,147.84375,0
2000-06-05,147.125,0
2000-06-06,146.46875,0
2000-06-07,147.484375,0
2000-06-08,146.90625,0
2000-06-09,146.59375,0
2000-06-12,144.875,0
2000-06-13,147.59375,0
2000-06-14,147.84375,0
2000-06-15,148.15625,0
2000-06-16,146.59375,0.348
2000-06-19,148.46875,0
2000-06-20,147.9375,0
2000-06-21,147.875,0
2000-06-22,145.625,0
2000-06-23,144.375,0
2000-06-26,146.234375,0
2000-06-27,145.15625,0
2000-06-28,145.5625,0
2000-06-29,144.1875,0
2000-06-30,145.28125,0
2000-07-03,147.28125,0
2000-07-05,144.625,0
2000-07-06,145.75,0
2000-07-07,148.09375,0
2000-07-10,147.84375,0
2000-07-11,148.15625,0
2000-07-12,149.125,0
2000-07-13,149.78125,0
2000-07-14,151.25,0
2000-07-17,151,0
2000-07-18,149.765625,0
2000-07-19,148.5625,0
2000-07-20,150.625,0
2000-07-21,147.6875,0
2000-07-24,146.84375,0
2000-07-25,147.3125,0
2000-07-26,145.875,0
2000-07-27,145.375,0
2000-07-28,142.09375,0
2000-07-31,143,0
2000-08-01,143.875,0
2000-08-02,144.59375,0
2000-08-03,145.59375,0
2000-08-04,146.375,0
2000-08-07,148.125,0
2000-08-08,148.6875,0
2000-08-09,147.4375,0
2000-08-10,146.71875,0
2000-08-11,147.40625,0
2000-08-14,149.28125,0
2000-08-15,149.15625,0
2000-08-16,148.625,0
2000-08-17,150.1875,0
2000-08-18,149.6875,0
2000-08-21,150.5,0
2000-08-22,150.25,0
2000-08-23,150.84375,0
2000-08-24,151.3125,0
2000-08-25,151.25,0
2000-08-28,151.765625,0
2000-08-29,151.796875,0
2000-08-30,150.34375,0
2000-08-31,152.34375,0
2000-09-01,152.5,0
2000-09-05,151.28125,0
2000-09-06,149.5625,0
2000-09-07,150.84375,0
2000-09-08,149.8125,0
2000-09-11,149.59375,0
2000-09-12,148.5,0
2000-09-13,148.890625,0
2000-09-14,149.640625,0
2000-09-15,146,0.375
2000-09-18,144.65625,0
2000-09-19,145.96875,0
2000-09-20,144.890625,0
2000-09-21,142.6875,0
2000-09-22,145.28125,0
2000-09-25,144.25,0
2000-09-26,142.40625,0
2000-09-27,143.15625,0
2000-09-28,145,0
2000-09-29,143.625,0
2000-10-02,143.84375,0
2000-10-03,142.5,0
2000-10-04,143.6875,0
2000-10-05,144.1875,0
2000-10-06,141.0625,0
2000-10-09,140,0
2000-10-10,137.6875,0
2000-10-11,136.53125,0
2000-10-12,133.125,0
2000-10-13,137.5625,0
2000-10-16,138.1875,0
2000-10-17,134.75,0
2000-10-18,134.25,0
2000-10-19,139.3125,0
2000-10-20,139.90625,0
2000-10-23,140.53125,0
2000-10-24,139.59375,0
2000-10-25,136.3125,0
2000-10-26,136.6875,0
2000-10-27,139.28125,0
2000-10-30,140.53125,0
2000-10-31,142.953125,0
2000-11-01,142.46875,0
2000-11-02,142.703125,0
2000-11-03,142.78125,0
2000-11-06,143.78125,0
2000-11-07,143.75,0
2000-11-08,140.5625,0
2000-11-09,140.03125,0
2000-11-10,136.625,0
2000-11-13,135.5625,0
2000-11-14,139.125,0
2000-11-15,139.5625,0
2000-11-16,137.375,0
2000-11-17,136.640625,0
2000-11-20,134.6875,0
2000-11-21,135.375,0
2000-11-22,132.140625,0
2000-11-24,134.84375,0
2000-11-27,136.03125,0
2000-11-28,133.6875,0
2000-11-29,133.4375,0
2000-11-30,132.28125,0
2000-12-01,132.21875,0
2000-12-04,133.34375,0
2000-12-05,137.71875,0
2000-12-06,135.515625,0
2000-12-07,133.65625,0
2000-12-08,133.96875,0
2000-12-11,138.625,0
2000-12-12,138.03125,0
2000-12-13,136.140625,0
2000-12-14,134.40625,0
2000-12-15,130.96875,0.411
2000-12-18,132.71875,0
2000-12-19,130.015625,0
2000-12-20,126.25,0
2000-12-21,127.125,0
2000-12-22,130.9375,0
2000-12-26,132.34375,0
2000-12-27,133.3125,0
2000-12-28,133.71875,0
2000-12-29,131.1875,0
2001-01-02,128.8125,0
2001-01-03,135,0
2001-01-04,133.546875,0
2001-01-05,129.1875,0
2001-01-08,130.1875,0
2001-01-09,129.84375,0
2001-01-10,132.125,0
2001-01-11,132.25,0
2001-01-12,132,0
2001-01-16,132.84375,0
2001-01-17,133.453125,0
2001-01-18,134.78125,0
2001-01-19,134.015625,0
2001-01-22,134.90625,0
2001-01-23,135.96875,0
2001-01-24,136.375,0
2001-01-25,136.03125,0
2001-01-26,135.875,0
2001-01-29,136.600006104,0
2001-01-30,137.800003052,0
2001-01-31,137.020004272,0
2001-02-01,137.929992676,0
2001-02-02,134.800003052,0
2001-02-05,135.789993286,0
2001-02-06,135.38999939,0
2001-02-07,134.690002441,0
2001-02-08,133.119995117,0
2001-02-09,131.839996338,0
2001-02-12,133.350006104,0
2001-02-13,132.259994507,0
2001-02-14,132.059997559,0
2001-02-15,133.339996338,0
2001-02-16,130.399993896,0
2001-02-20,128.38999939,0
2001-02-21,125.620002747,0
2001-02-22,125.809997559,0
2001-02-23,124.959999084,0
2001-02-26,127.620002747,0
2001-02-27,126.440002441,0
2001-02-28,123.949996948,0
2001-03-01,124.599998474,0
2001-03-02,123.61000061,0
2001-03-05,124.739997864,0
2001-03-06,126.080001831,0
2001-03-07,126.980003357,0
2001-03-08,127.120002747,0
2001-03-09,123.36000061,0
2001-03-12,118.080001831,0
2001-03-13,120.019996643,0
2001-03-14,117.650001526,0
2001-03-15,117.680000305,0
2001-03-16,115.010002136,0.316
2001-03-19,117.349998474,0
2001-03-20,114.199996948,0
2001-03-21,112.260002136,0
2001-03-22,111.120002747,0
2001-03-23,114.480003357,0
2001-03-26,115.940002441,0
2001-03-27,118.309997559,0
2001-03-28,115.040000916,0
2001-03-29,115.480003357,0
2001-03-30,116.690002441,0
2001-04-02,114.199996948,0
2001-04-03,110.38999939,0
2001-04-04,110.849998474,0
2001-04-05,115.050003052,0
2001-04-06,113.300003052,0
2001-04-09,114.559997559,0
2001-04-10,116.650001526,0
2001-04-11,116.730003357,0
2001-04-12,118.849998474,0
2001-04-16,117.599998474,0
2001-04-17,119.260002136,0
2001-04-18,124,0
2001-04-19,125.650001526,0
2001-04-20,124.5,0
2001-04-23,122.239997864,0
2001-04-24,121.580001831,0
2001-04-25,123.169998169,0
2001-04-26,123.720001221,0
2001-04-27,125.779998779,0
2001-04-30,126.660003662,0
2001-05-01,127.050003052,0
2001-05-02,126.819999695,0
2001-05-03,125.209999084,0
2001-05-04,127.339996338,0
2001-05-07,126.239997864,0
2001-05-08,126.180000305,0
2001-05-09,125.650001526,0
2001-05-10,126.019996643,0
2001-05-11,125.150001526,0
2001-05-14,125.400001526,0
2001-05-15,125.980003357,0
2001-05-16,128.949996948,0
2001-05-17,129.149993896,0
2001-05-18,129.740005493,0
2001-05-21,131.649993896,0
2001-05-22,131.479995728,0
2001-05-23,129.25,0
2001-05-24,129.630004883,0
2001-05-25,128.100006104,0
2001-05-29,127.080001831,0
2001-05-30,125.300003052,0
2001-05-31,125.949996948,0
2001-06-01,126.730003357,0
2001-06-04,127.339996338,0
2001-06-05,128.800003052,0
2001-06-06,127.730003357,0
2001-06-07,128.190002441,0
2001-06-08,127,0
2001-06-11,126.099998474,0
2001-06-12,125.879997253,0
2001-06-13,124.800003052,0
2001-06-14,122,0
2001-06-15,121.849998474,0.346
2001-06-18,121.260002136,0
2001-06-19,121.790000916,0
2001-06-20,122.430000305,0
2001-06-21,123.819999695,0
2001-06-22,122.849998474,0
2001-06-25,121.720001221,0
2001-06-26,121.550003052,0
2001-06-27,121.480003357,0
2001-06-28,122.150001526,0
2001-06-29,122.599998474,0
2001-07-02,124.129997253,0
2001-07-03,124.099998474,0
2001-07-05,121.680000305,0
2001-07-06,119.050003052,0
2001-07-09,119.699996948,0
2001-07-10,118.260002136,0
2001-07-11,118.379997253,0
2001-07-12,121.190002441,0
2001-07-13,122.239997864,0
2001-07-16,120.709999084,0
2001-07-17,121.839996338,0
2001-07-18,121.010002136,0
2001-07-19,122.069999695,0
2001-07-20,121.339996338,0
2001-07-23,118.949996948,0
2001-07-24,117.800003052,0
2001-07-25,119.099998474,0
2001-07-26,120.349998474,0
2001-07-27,120.809997559,0
2001-07-30,120.849998474,0
2001-07-31,121.349998474,0
2001-08-01,122.11000061,0
2001-08-02,122.61000061,0
2001-08-03,121.940002441,0
2001-08-06,120.300003052,0
2001-08-07,120.769996643,0
2001-08-08,118.529998779,0
2001-08-09,118.879997253,0
2001-08-10,119.290000916,0
2001-08-13,119.319999695,0
2001-08-14,119.269996643,0
2001-08-15,118.239997864,0
2001-08-16,118.650001526,0
2001-08-17,116.75,0
2001-08-20,117.830001831,0
2001-08-21,115.819999695,0
2001-08-22,117.019996643,0
2001-08-23,116.599998474,0
2001-08-24,119.019996643,0
2001-08-27,118.309997559,0
2001-08-28,116.580001831,0
2001-08-29,115.540000916,0
2001-08-30,113.319999695,0
2001-08-31,114.150001526,0
2001-09-04,113.419998169,0
2001-09-05,113.699996948,0
2001-09-06,110.769996643,0
2001-09-07,108.720001221,0
2001-09-10,110.050003052,0
2001-09-17,104.300003052,0
2001-09-18,104.050003052,0
2001-09-19,101.949996948,0
2001-09-20,98.7099990845,0
2001-09-21,97.2799987793,0.369
2001-09-24,100.699996948,0
2001-09-25,101.75,0
2001-09-26,101.38999939,0
2001-09-27,102.269996643,0
2001-09-28,104.440002441,0
2001-10-01,104.269996643,0
2001-10-02,105.580001831,0
2001-10-03,107.349998474,0
2001-10-04,107.440002441,0
2001-10-05,107.230003357,0
2001-10-08,106.529998779,0
2001-10-09,105.959999084,0
2001-10-10,108.319999695,0
2001-10-11,110,0
2001-10-12,109.5,0
2001-10-15,109.300003052,0
2001-10-16,109.989997864,0
2001-10-17,107.650001526,0
2001-10-18,107.419998169,0
2001-10-19,107.349998474,0
2001-10-22,109.470001221,0
2001-10-23,108.910003662,0
2001-10-24,108.620002747,0
2001-10-25,110.569999695,0
2001-10-26,110.319999695,0
2001-10-29,107.449996948,0
2001-10-30,106.160003662,0
2001-10-31,105.800003052,0
2001-11-01,108.510002136,0
2001-11-02,109.25,0
2001-11-05,110.680000305,0
2001-11-06,112.400001526,0
2001-11-07,112.25,0
2001-11-08,112.599998474,0
2001-11-09,112.720001221,0
2001-11-12,112.029998779,0
2001-11-13,114.550003052,0
2001-11-14,114.660003662,0
2001-11-15,114.870002747,0
2001-11-16,114.36000061,0
2001-11-19,115.769996643,0
2001-11-20,114.800003052,0
2001-11-21,114.040000916,0
2001-11-23,115.680000305,0
2001-11-26,115.930000305,0
2001-11-27,115.430000305,0
2001-11-28,113.339996338,0
2001-11-29,114.870002747,0
2001-11-30,114.050003052,0
2001-12-03,113.370002747,0
2001-12-04,115.290000916,0
2001-12-05,117.400001526,0
2001-12-06,117.339996338,0
2001-12-07,116.559997559,0
2001-12-10,114.379997253,0
2001-12-11,114.150001526,0
2001-12-12,114.279998779,0
2001-12-13,112.059997559,0
2001-12-14,113.129997253,0
2001-12-17,114.300003052,0
2001-12-18,114.980003357,0
2001-12-19,115.790000916,0
2001-12-20,114.650001526,0
2001-12-21,114.949996948,0.393
2001-12-24,114.730003357,0
2001-12-26,115.36000061,0
2001-12-27,116.059997559,0
2001-12-28,116,0
2001-12-31,114.300003052,0
2002-01-02,115.529998779,0
2002-01-03,116.839996338,0
2002-01-04,117.620002747,0
2002-01-07,116.790000916,0
2002-01-08,116.519996643,0
2002-01-09,115.569999695,0
2002-01-10,116.080001831,0
2002-01-11,114.940002441,0
2002-01-14,114.220001221,0
2002-01-15,115.150001526,0
2002-01-16,112.819999695,0
2002-01-17,113.669998169,0
2002-01-18,113.150001526,0
2002-01-22,112.370002747,0
2002-01-23,113.230003357,0
2002-01-24,113.580001831,0
2002-01-25,113.550003052,0
2002-01-28,113.86000061,0
2002-01-29,110.279998779,0
2002-01-30,111.870002747,0
2002-01-31,113.180000305,0
2002-02-01,112.650001526,0
2002-02-04,109.849998474,0
2002-02-05,109.169998169,0
2002-02-06,108.699996948,0
2002-02-07,108.019996643,0
2002-02-08,110.089996338,0
2002-02-11,111.440002441,0
2002-02-12,111.089996338,0
2002-02-13,112.269996643,0
2002-02-14,112.059997559,0
2002-02-15,110.88999939,0
2002-02-19,108.760002136,0
2002-02-20,110.589996338,0
2002-02-21,108.300003052,0
2002-02-22,109.63999939,0
2002-02-25,111.449996948,0
2002-02-26,111.220001221,0
2002-02-27,111.650001526,0
2002-02-28,111.150001526,0
2002-03-01,113.739997864,0
2002-03-04,115.75,0
2002-03-05,115.379997253,0
2002-03-06,116.75,0
2002-03-07,116.5,0
2002-03-08,116.989997864,0
2002-03-11,117.239997864,0
2002-03-12,117.169998169,0
2002-03-13,116.040000916,0
2002-03-14,115.879997253,0
2002-03-15,116.650001526,0.331
2002-03-18,116.669998169,0
2002-03-19,117.449996948,0
2002-03-20,115.239997864,0
2002-03-21,115.290000916,0
2002-03-22,115.040000916,0
2002-03-25,113.61000061,0
2002-03-26,114.269996643,0
2002-03-27,114.569999695,0
2002-03-28,114.519996643,0
2002-04-01,114.569999695,0
2002-04-02,113.940002441,0
2002-04-03,113.13999939,0
2002-04-04,112.669998169,0
2002-04-05,112.690002441,0
2002-04-08,112.930000305,0
2002-04-09,112.13999939,0
2002-04-10,113.410003662,0
2002-04-11,110.589996338,0
2002-04-12,111.419998169,0
2002-04-15,110.569999695,0
2002-04-16,113.199996948,0
2002-04-17,112.959999084,0
2002-04-18,112.470001221,0
2002-04-19,112.879997253,0
2002-04-22,111,0
2002-04-23,110.519996643,0
2002-04-24,109.410003662,0
2002-04-25,109.470001221,0
2002-04-26,107.38999939,0
2002-04-29,106.86000061,0
2002-04-30,107.86000061,0
2002-05-01,109.180000305,0
2002-05-02,108.760002136,0
2002-05-03,107.580001831,0
2002-05-06,105.470001221,0
2002-05-07,105.099998474,0
2002-05-08,109.010002136,0
2002-05-09,107.75,0
2002-05-10,105.720001221,0
2002-05-13,107.870002747,0
2002-05-14,110.220001221,0
2002-05-15,109.790000916,0
2002-05-16,110.36000061,0
2002-05-17,110.900001526,0
2002-05-20,109.699996948,0
2002-05-21,108.699996948,0
2002-05-22,108.940002441,0
2002-05-23,110.099998474,0
2002-05-24,108.690002441,0
2002-05-28,108.099998474,0
2002-05-29,107.300003052,0
2002-05-30,107,0
2002-05-31,107.220001221,0
2002-06-03,104.370002747,0
2002-06-04,104.629997253,0
2002-06-05,105.61000061,0
2002-06-06,103.459999084,0
2002-06-07,103.339996338,0
2002-06-10,103.739997864,0
2002-06-11,101.959999084,0
2002-06-12,102.580001831,0
2002-06-13,101.550003052,0
2002-06-14,101.400001526,0
2002-06-17,104.120002747,0
2002-06-18,104.970001221,0
2002-06-19,102.519996643,0
2002-06-20,101.209999084,0
2002-06-21,99.2799987793,0.353
2002-06-24,99.8000030518,0
2002-06-25,97.5599975586,0
2002-06-26,97.7200012207,0
2002-06-27,99.4300003052,0
2002-06-28,98.9599990845,0
2002-07-01,97.0299987793,0
2002-07-02,94.9700012207,0
2002-07-03,95.5100021362,0
2002-07-05,99.3099975586,0
2002-07-08,98.0699996948,0
2002-07-09,95.5999984741,0
2002-07-10,92.1200027466,0
2002-07-11,92.8700027466,0
2002-07-12,91.8499984741,0
2002-07-15,92.3399963379,0
2002-07-16,90.5599975586,0
2002-07-17,90.7399978638,0
2002-07-18,87.8000030518,0
2002-07-19,84.7099990845,0
2002-07-22,82.1999969482,0
2002-07-23,79.9499969482,0
2002-07-24,84.7200012207,0
2002-07-25,84,0
2002-07-26,85.5999984741,0
2002-07-29,89.7699966431,0
2002-07-30,90.9400024414,0
2002-07-31,91.1600036621,0
2002-08-01,88.7799987793,0
2002-08-02,86.7900009155,0
2002-08-05,83.7699966431,0
2002-08-06,86.5899963379,0
2002-08-07,88.0999984741,0
2002-08-08,90.9499969482,0
2002-08-09,91.2900009155,0
2002-08-12,90.6200027466,0
2002-08-13,88.9700012207,0
2002-08-14,92.2200012207,0
2002-08-15,93.5,0
2002-08-16,93.2200012207,0
2002-08-19,95.4000015259,0
2002-08-20,94.3899993896,0
2002-08-21,95.75,0
2002-08-22,96.6800003052,0
2002-08-23,94.5999984741,0
2002-08-26,95.2600021362,0
2002-08-27,94.1600036621,0
2002-08-28,92.0999984741,0
2002-08-29,92.1399993896,0
2002-08-30,91.7799987793,0
2002-09-03,88.2799987793,0
2002-09-04,89.5400009155,0
2002-09-05,88.7799987793,0
2002-09-06,90,0
2002-09-09,90.6600036621,0
2002-09-10,91.6999969482,0
2002-09-11,91.1299972534,0
2002-09-12,89.4499969482,0
2002-09-13,89.6699981689,0
2002-09-16,89.8899993896,0
2002-09-17,87.8300018311,0
2002-09-18,86.9499969482,0
2002-09-19,84.6999969482,0
2002-09-20,84.3499984741,0.378
2002-09-23,83.6600036621,0
2002-09-24,82.3099975586,0
2002-09-25,84.3499984741,0
2002-09-26,85.7300033569,0
2002-09-27,82.75,0
2002-09-30,81.7900009155,0
2002-10-01,85.7200012207,0
2002-10-02,83.1500015259,0
2002-10-03,82.3099975586,0
2002-10-04,80.8000030518,0
2002-10-07,79.1299972534,0
2002-10-08,80.3700027466,0
2002-10-09,78.0999984741,0
2002-10-10,80.6299972534,0
2002-10-11,84.1600036621,0
2002-10-14,84.6299972534,0
2002-10-15,88.6999969482,0
2002-10-16,86.5500030518,0
2002-10-17,88.2699966431,0
2002-10-18,88.6399993896,0
2002-10-21,90.1699981689,0
2002-10-22,89.5199966431,0
2002-10-23,90.1999969482,0
2002-10-24,88.3600006104,0
2002-10-25,90.1999969482,0
2002-10-28,89.6100006104,0
2002-10-29,88.5699996948,0
2002-10-30,89.4300003052,0
2002-10-31,88.5199966431,0
2002-11-01,90.2699966431,0
2002-11-04,91.1299972534,0
2002-11-05,91.8499984741,0
2002-11-06,93.0400009155,0
2002-11-07,90.7600021362,0
2002-11-08,89.6500015259,0
2002-11-11,88.2600021362,0
2002-11-12,88.9599990845,0
2002-11-13,89.0500030518,0
2002-11-14,90.7300033569,0
2002-11-15,91.4000015259,0
2002-11-18,90.4800033569,0
2002-11-19,90.3600006104,0
2002-11-20,92.3700027466,0
2002-11-21,94.0899963379,0
2002-11-22,93.4199981689,0
2002-11-25,93.4800033569,0
2002-11-26,91.6999969482,0
2002-11-27,94.2799987793,0
2002-11-29,93.9800033569,0
2002-12-02,94.1299972534,0
2002-12-03,92.8700027466,0
2002-12-04,92.4499969482,0
2002-12-05,91.4300003052,0
2002-12-06,92.0299987793,0
2002-12-09,89.5,0
2002-12-10,90.6999969482,0
2002-12-11,90.7799987793,0
2002-12-12,90.7699966431,0
2002-12-13,89.3399963379,0
2002-12-16,91.6500015259,0
2002-12-17,90.8499984741,0
2002-12-18,89.8000030518,0
2002-12-19,89.1600036621,0
2002-12-20,89.9899978638,0.436
2002-12-23,90.0199966431,0
2002-12-24,89.3499984741,0
2002-12-26,89.3899993896,0
2002-12-27,87.3799972534,0
2002-12-30,88.1100006104,0
2002-12-31,88.2300033569,0
2003-01-02,91.0699996948,0
2003-01-03,91.3499984741,0
2003-01-06,92.9599990845,0
2003-01-07,92.7300033569,0
2003-01-08,91.3899993896,0
2003-01-09,92.8099975586,0
2003-01-10,93.0599975586,0
2003-01-13,93.0299987793,0
2003-01-14,93.3300018311,0
2003-01-15,92.4000015259,0
2003-01-16,92.0199966431,0
2003-01-17,90.6600036621,0
2003-01-21,89.25,0
2003-01-22,88.1699981689,0
2003-01-23,88.7099990845,0
2003-01-24,86.3799972534,0
2003-01-27,85.1999969482,0
2003-01-28,85.8300018311,0
2003-01-29,86.4800033569,0
2003-01-30,84.4300003052,0
2003-01-31,86.0599975586,0
2003-02-03,86.2300033569,0
2003-02-04,85.3799972534,0
2003-02-05,84.8499984741,0
2003-02-06,84.4499969482,0
2003-02-07,83.4199981689,0
2003-02-10,84.0100021362,0
2003-02-11,83.4300003052,0
2003-02-12,82.0999984741,0
2003-02-13,82.3499984741,0
2003-02-14,84.1500015259,0
2003-02-18,85.6299972534,0
2003-02-19,85.1800003052,0
2003-02-20,84.3300018311,0
2003-02-21,85.1800003052,0
2003-02-24,83.8000030518,0
2003-02-25,84.4700012207,0
2003-02-26,83.2399978638,0
2003-02-27,84.3399963379,0
2003-02-28,84.9000015259,0
2003-03-03,84.0899963379,0
2003-03-04,82.75,0
2003-03-05,83.4499969482,0
2003-03-06,82.75,0
2003-03-07,83.3199996948,0
2003-03-10,81.3199996948,0
2003-03-11,80.5199966431,0
2003-03-12,81.0599975586,0
2003-03-13,83.8600006104,0
2003-03-14,84.1299972534,0
2003-03-17,86.7799987793,0
2003-03-18,87.2900009155,0
2003-03-19,87.9599990845,0
2003-03-20,88.1500015259,0
2003-03-21,89.6699981689,0.354
2003-03-24,86.6900024414,0
2003-03-25,87.5199966431,0
2003-03-26,87.0800018311,0
2003-03-27,87.1500015259,0
2003-03-28,86.7099990845,0
2003-03-31,84.7399978638,0
2003-04-01,86.0400009155,0
2003-04-02,88.1200027466,0
2003-04-03,87.6999969482,0
2003-04-04,88.2200012207,0
2003-04-07,88.0500030518,0
2003-04-08,88.1900024414,0
2003-04-09,87.0299987793,0
2003-04-10,87.5100021362,0
2003-04-11,87.1500015259,0
2003-04-14,88.9499969482,0
2003-04-15,89.7799987793,0
2003-04-16,88.25,0
2003-04-17,89.5599975586,0
2003-04-21,89.6500015259,0
2003-04-22,91.3399963379,0
2003-04-23,92.1800003052,0
2003-04-24,91.3600006104,0
2003-04-25,90.2300033569,0
2003-04-28,91.7900009155,0
2003-04-29,92.1100006104,0
2003-04-30,91.9100036621,0
2003-05-01,91.9000015259,0
2003-05-02,93.2099990845,0
2003-05-05,93.0299987793,0
2003-05-06,93.9100036621,0
2003-05-07,93.3899993896,0
2003-05-08,92.4499969482,0
2003-05-09,93.7300033569,0
2003-05-12,94.8799972534,0
2003-05-13,94.7099990845,0
2003-05-14,94.5100021362,0
2003-05-15,95.1100006104,0
2003-05-16,94.8700027466,0
2003-05-19,92.6500015259,0
2003-05-20,92.4599990845,0
2003-05-21,92.6500015259,0
2003-05-22,93.5699996948,0
2003-05-23,93.7600021362,0
2003-05-27,95.4000015259,0
2003-05-28,95.6699981689,0
2003-05-29,95.4199981689,0
2003-05-30,96.9499969482,0
2003-06-02,97.3499984741,0
2003-06-03,97.75,0
2003-06-04,99.1600036621,0
2003-06-05,99.6500015259,0
2003-06-06,99.2600021362,0
2003-06-09,98.25,0
2003-06-10,99.25,0
2003-06-11,100.300003052,0
2003-06-12,100.61000061,0
2003-06-13,99.5599975586,0
2003-06-16,101.660003662,0
2003-06-17,101.660003662,0
2003-06-18,101.569999695,0
2003-06-19,100.019996643,0
2003-06-20,99.4400024414,0.36
2003-06-23,98.4199981689,0
2003-06-24,98.5199966431,0
2003-06-25,97.5299987793,0
2003-06-26,98.8000030518,0
2003-06-27,97.6600036621,0
2003-06-30,97.6299972534,0
2003-07-01,98.5299987793,0
2003-07-02,99.7699966431,0
2003-07-03,98.7399978638,0
2003-07-07,100.699996948,0
2003-07-08,101.150001526,0
2003-07-09,100.580001831,0
2003-07-10,99.3000030518,0
2003-07-11,100.239997864,0
2003-07-14,100.730003357,0
2003-07-15,100.510002136,0
2003-07-16,99.9199981689,0
2003-07-17,98.5,0
2003-07-18,99.5100021362,0
2003-07-21,98.2799987793,0
2003-07-22,99.1699981689,0
2003-07-23,99.2399978638,0
2003-07-24,98.4899978638,0
2003-07-25,100.230003357,0
2003-07-28,99.8600006104,0
2003-07-29,99.4000015259,0
2003-07-30,99.1600036621,0
2003-07-31,99.3899993896,0
2003-08-01,98.5100021362,0
2003-08-04,98.5100021362,0
2003-08-05,96.4199981689,0
2003-08-06,96.9800033569,0
2003-08-07,98,0
2003-08-08,98.2799987793,0
2003-08-11,98.6500015259,0
2003-08-12,99.5500030518,0
2003-08-13,99.0400009155,0
2003-08-14,99.3099975586,0
2003-08-15,99.6200027466,0
2003-08-18,100.480003357,0
2003-08-19,100.86000061,0
2003-08-20,100.449996948,0
2003-08-21,100.769996643,0
2003-08-22,99.7699966431,0
2003-08-25,99.9300003052,0
2003-08-26,100.11000061,0
2003-08-27,100.13999939,0
2003-08-28,100.760002136,0
2003-08-29,101.440002441,0
2003-09-02,102.800003052,0
2003-09-03,103.36000061,0
2003-09-04,103.410003662,0
2003-09-05,102.830001831,0
2003-09-08,103.680000305,0
2003-09-09,103,0
2003-09-10,101.959999084,0
2003-09-11,102.260002136,0
2003-09-12,102.449996948,0
2003-09-15,102.089996338,0
2003-09-16,103.580001831,0
2003-09-17,103.379997253,0
2003-09-18,104.599998474,0
2003-09-19,103.669998169,0.4
2003-09-22,102.550003052,0
2003-09-23,102.940002441,0
2003-09-24,101.11000061,0
2003-09-25,100.279998779,0
2003-09-26,99.9499969482,0
2003-09-29,100.930000305,0
2003-09-30,99.9499969482,0
2003-10-01,102.080001831,0
2003-10-02,102.449996948,0
2003-10-03,103.38999939,0
2003-10-06,103.86000061,0
2003-10-07,104.260002136,0
2003-10-08,104,0
2003-10-09,104.279998779,0
2003-10-10,104.569999695,0
2003-10-13,104.900001526,0
2003-10-14,105.269996643,0
2003-10-15,104.989997864,0
2003-10-16,105.410003662,0
2003-10-17,104.260002136,0
2003-10-20,105.040000916,0
2003-10-21,104.86000061,0
2003-10-22,103.540000916,0
2003-10-23,103.349998474,0
2003-10-24,103.580001831,0
2003-10-27,103.629997253,0
2003-10-28,105.040000916,0
2003-10-29,105.180000305,0
2003-10-30,105.400001526,0
2003-10-31,105.300003052,0
2003-11-03,105.989997864,0
2003-11-04,105.760002136,0
2003-11-05,105.839996338,0
2003-11-06,106.400001526,0
2003-11-07,105.61000061,0
2003-11-10,105.180000305,0
2003-11-11,105.150001526,0
2003-11-12,106.330001831,0
2003-11-13,106.36000061,0
2003-11-14,105.459999084,0
2003-11-17,104.930000305,0
2003-11-18,103.839996338,0
2003-11-19,104.720001221,0
2003-11-20,103.779998779,0
2003-11-21,104.209999084,0
2003-11-24,105.589996338,0
2003-11-25,105.989997864,0
2003-11-26,106.370002747,0
2003-11-28,106.449996948,0
2003-12-01,107.599998474,0
2003-12-02,107.330001831,0
2003-12-03,107.160003662,0
2003-12-04,107.599998474,0
2003-12-05,106.849998474,0
2003-12-08,107.569999695,0
2003-12-09,106.739997864,0
2003-12-10,106.730003357,0
2003-12-11,107.930000305,0
2003-12-12,108.13999939,0
2003-12-15,107.599998474,0
2003-12-16,108.160003662,0
2003-12-17,108.5,0
2003-12-18,109.720001221,0
2003-12-19,108.900001526,0.516
2003-12-22,109.660003662,0
2003-12-23,109.730003357,0
2003-12-24,109.620002747,0
2003-12-26,109.699996948,0
2003-12-29,111.160003662,0
2003-12-30,111.180000305,0
2003-12-31,111.279998779,0
2004-01-02,111.230003357,0
2004-01-05,112.440002441,0
2004-01-06,112.550003052,0
2004-01-07,112.930000305,0
2004-01-08,113.379997253,0
2004-01-09,112.38999939,0
2004-01-12,113.220001221,0
2004-01-13,112.559997559,0
2004-01-14,113.5,0
2004-01-15,113.779998779,0
2004-01-16,114.230003357,0
2004-01-20,114.199996948,0
2004-01-21,115.099998474,0
2004-01-22,114.800003052,0
2004-01-23,114.430000305,0
2004-01-26,115.870002747,0
2004-01-27,114.680000305,0
2004-01-28,113.370002747,0
2004-01-29,113.480003357,0
2004-01-30,113.480003357,0
2004-02-02,113.970001221,0
2004-02-03,113.779998779,0
2004-02-04,112.849998474,0
2004-02-05,113.180000305,0
2004-02-06,114.449996948,0
2004-02-09,114.480003357,0
2004-02-10,114.849998474,0
2004-02-11,116.069999695,0
2004-02-12,115.650001526,0
2004-02-13,115.129997253,0
2004-02-17,116.169998169,0
2004-02-18,115.660003662,0
2004-02-19,115.230003357,0
2004-02-20,114.879997253,0
2004-02-23,114.589996338,0
2004-02-24,114.38999939,0
2004-02-25,114.870002747,0
2004-02-26,114.940002441,0
2004-02-27,115.019996643,0
2004-03-01,116.160003662,0
2004-03-02,115.480003357,0
2004-03-03,115.690002441,0
2004-03-04,115.989997864,0
2004-03-05,116.379997253,0
2004-03-08,114.959999084,0
2004-03-09,114.5,0
2004-03-10,112.580001831,0
2004-03-11,111.120002747,0
2004-03-12,112.580001831,0
2004-03-15,111.199996948,0
2004-03-16,111.790000916,0
2004-03-17,113.040000916,0
2004-03-18,113.069999695,0
2004-03-19,111.059997559,0.395
2004-03-22,109.650001526,0
2004-03-23,109.459999084,0
2004-03-24,109.550003052,0
2004-03-25,111,0
2004-03-26,111.029998779,0
2004-03-29,112.589996338,0
2004-03-30,112.970001221,0
2004-03-31,113.099998474,0
2004-04-01,113.779998779,0
2004-04-02,114.63999939,0
2004-04-05,115.269996643,0
2004-04-06,114.900001526,0
2004-04-07,114.629997253,0
2004-04-08,114.370002747,0
2004-04-12,114.819999695,0
2004-04-13,113.209999084,0
2004-04-14,113.38999939,0
2004-04-15,112.959999084,0
2004-04-16,113.830001831,0
2004-04-19,113.830001831,0
2004-04-20,111.919998169,0
2004-04-21,112.669998169,0
2004-04-22,114.25,0
2004-04-23,114.36000061,0
2004-04-26,114.199996948,0
2004-04-27,114.300003052,0
2004-04-28,112.819999695,0
2004-04-29,111.830001831,0
2004-04-30,110.959999084,0
2004-05-03,112.150001526,0
2004-05-04,112.059997559,0
2004-05-05,112.779998779,0
2004-05-06,111.809997559,0
2004-05-07,109.959999084,0
2004-05-10,108.830001831,0
2004-05-11,109.75,0
2004-05-12,110.449996948,0
2004-05-13,109.989997864,0
2004-05-14,110.040000916,0
2004-05-17,109.099998474,0
2004-05-18,109.650001526,0
2004-05-19,109.269996643,0
2004-05-20,109.620002747,0
2004-05-21,109.809997559,0
2004-05-24,110.269996643,0
2004-05-25,111.849998474,0
2004-05-26,112.239997864,0
2004-05-27,112.870002747,0
2004-05-28,112.86000061,0
2004-06-01,112.709999084,0
2004-06-02,113.129997253,0
2004-06-03,112.089996338,0
2004-06-04,112.980003357,0
2004-06-07,114.699996948,0
2004-06-08,114.86000061,0
2004-06-09,113.790000916,0
2004-06-10,114.349998474,0
2004-06-14,113.220001221,0
2004-06-15,114.019996643,0
2004-06-16,114,0
2004-06-17,113.830001831,0
2004-06-18,113.629997253,0.414
2004-06-21,113.199996948,0
2004-06-22,113.769996643,0
2004-06-23,114.75,0
2004-06-24,114.38999939,0
2004-06-25,113.839996338,0
2004-06-28,113.449996948,0
2004-06-29,113.919998169,0
2004-06-30,114.529998779,0
2004-07-01,112.940002441,0
2004-07-02,112.879997253,0
2004-07-06,111.88999939,0
2004-07-07,112.220001221,0
2004-07-08,111.440002441,0
2004-07-09,111.730003357,0
2004-07-12,111.779998779,0
2004-07-13,111.86000061,0
2004-07-14,111.519996643,0
2004-07-15,110.800003052,0
2004-07-16,110.709999084,0
2004-07-19,110.239997864,0
2004-07-20,111.63999939,0
2004-07-21,109.580001831,0
2004-07-22,109.879997253,0
2004-07-23,108.959999084,0
2004-07-26,108.75,0
2004-07-27,109.769996643,0
2004-07-28,110.099998474,0
2004-07-29,110.569999695,0
2004-07-30,110.839996338,0
2004-08-02,111.069999695,0
2004-08-03,110.209999084,0
2004-08-04,110.199996948,0
2004-08-05,108.400001526,0
2004-08-06,106.849998474,0
2004-08-09,107,0
2004-08-10,108.379997253,0
2004-08-11,108.160003662,0
2004-08-12,106.980003357,0
2004-08-13,107.190002441,0
2004-08-16,108.300003052,0
2004-08-17,108.910003662,0
2004-08-18,110.029998779,0
2004-08-19,109.709999084,0
2004-08-20,110.480003357,0
2004-08-23,110.199996948,0
2004-08-24,110.349998474,0
2004-08-25,111.099998474,0
2004-08-26,111.099998474,0
2004-08-27,111.449996948,0
2004-08-30,110.529998779,0
2004-08-31,111.11000061,0
2004-09-01,111.319999695,0
2004-09-02,112.580001831,0
2004-09-03,112.120002747,0
2004-09-07,112.86000061,0
2004-09-08,112.580001831,0
2004-09-09,112.480003357,0
2004-09-10,113.059997559,0
2004-09-13,113.430000305,0
2004-09-14,113.660003662,0
2004-09-15,112.800003052,0
2004-09-16,113.13999939,0
2004-09-17,113.150001526,0.469
2004-09-20,112.470001221,0
2004-09-21,112.959999084,0
2004-09-22,111.550003052,0
2004-09-23,110.949996948,0
2004-09-24,111.459999084,0
2004-09-27,110.75,0
2004-09-28,111.279998779,0
2004-09-29,111.839996338,0
2004-09-30,111.760002136,0
2004-10-01,113.650001526,0
2004-10-04,113.839996338,0
2004-10-05,113.900001526,0
2004-10-06,114.680000305,0
2004-10-07,113.449996948,0
2004-10-08,112.510002136,0
2004-10-11,112.970001221,0
2004-10-12,112.529998779,0
2004-10-13,111.540000916,0
2004-10-14,110.63999939,0
2004-10-15,111.260002136,0
2004-10-18,111.680000305,0
2004-10-19,110.739997864,0
2004-10-20,110.519996643,0
2004-10-21,111.239997864,0
2004-10-22,109.989997864,0
2004-10-25,109.86000061,0
2004-10-26,111.540000916,0
2004-10-27,112.879997253,0
2004-10-28,113.220001221,0
2004-10-29,113.199996948,0
2004-11-01,113.510002136,0
2004-11-02,113.550003052,0
2004-11-03,114.980003357,0
2004-11-04,116.550003052,0
2004-11-05,117.279998779,0
2004-11-08,117.11000061,0
2004-11-09,116.879997253,0
2004-11-10,116.970001221,0
2004-11-11,117.86000061,0
2004-11-12,118.790000916,0
2004-11-15,118.730003357,0.351
2004-11-16,117.879997253,0
2004-11-17,118.580001831,0
2004-11-18,118.739997864,0
2004-11-19,117.419998169,0
2004-11-22,117.980003357,0
2004-11-23,118.160003662,0
2004-11-24,118.440002441,0
2004-11-26,118.349998474,0
2004-11-29,117.809997559,0
2004-11-30,117.88999939,0
2004-12-01,119.230003357,0
2004-12-02,119.330001831,0
2004-12-03,119.25,0
2004-12-06,119.209999084,0
2004-12-07,118.099998474,0
2004-12-08,118.790000916,0
2004-12-09,119.209999084,0
2004-12-10,119.330001831,0
2004-12-13,120.370002747,0
2004-12-14,120.790000916,0
2004-12-15,120.879997253,0
2004-12-16,120.809997559,0
2004-12-17,119.440002441,0.568
2004-12-20,119.470001221,0
2004-12-21,120.38999939,0
2004-12-22,120.680000305,0
2004-12-23,120.769996643,0
2004-12-27,120.519996643,0
2004-12-28,121.180000305,0
2004-12-29,121.36000061,0
2004-12-30,121.129997253,0
2004-12-31,120.870002747,0
2005-01-03,120.300003052,0
2005-01-04,118.830001831,0
2005-01-05,118.010002136,0
2005-01-06,118.61000061,0
2005-01-07,118.440002441,0
2005-01-10,119,0
2005-01-11,118.180000305,0
2005-01-12,118.569999695,0
2005-01-13,117.620002747,0
2005-01-14,118.239997864,0
2005-01-18,119.470001221,0
2005-01-19,118.220001221,0
2005-01-20,117.5,0
2005-01-21,116.779998779,0
2005-01-24,116.550003052,0
2005-01-25,116.879997253,0
2005-01-26,117.230003357,0
2005-01-27,117.430000305,0
2005-01-28,117.430000305,0
2005-01-31,118.160003662,0
2005-02-01,118.910003662,0
2005-02-02,119.269996643,0
2005-02-03,118.959999084,0
2005-02-04,120.230003357,0
2005-02-07,120.069999695,0
2005-02-08,120.209999084,0
2005-02-09,119.309997559,0
2005-02-10,119.739997864,0
2005-02-11,120.769996643,0
2005-02-14,120.680000305,0
2005-02-15,121.129997253,0
2005-02-16,121.209999084,0
2005-02-17,120.230003357,0
2005-02-18,120.38999939,0
2005-02-22,118.599998474,0
2005-02-23,119.449996948,0
2005-02-24,120.239997864,0
2005-02-25,121.430000305,0
2005-02-28,120.629997253,0
2005-03-01,121.230003357,0
2005-03-02,121.169998169,0
2005-03-03,121.220001221,0
2005-03-04,122.730003357,0
2005-03-07,122.790000916,0
2005-03-08,122.330001831,0
2005-03-09,120.970001221,0
2005-03-10,121.239997864,0
2005-03-11,120.38999939,0
2005-03-14,121.13999939,0
2005-03-15,120.13999939,0
2005-03-16,119.120002747,0
2005-03-17,119.36000061,0
2005-03-18,118.540000916,0.467
2005-03-21,118.099998474,0
2005-03-22,116.900001526,0
2005-03-23,117,0
2005-03-24,117.13999939,0
2005-03-28,117.309997559,0
2005-03-29,116.529998779,0
2005-03-30,118.180000305,0
2005-03-31,117.959999084,0
2005-04-01,117.430000305,0
2005-04-04,117.629997253,0
2005-04-05,118.190002441,0
2005-04-06,118.599998474,0
2005-04-07,119.239997864,0
2005-04-08,118,0
2005-04-11,118.089996338,0
2005-04-12,118.699996948,0
2005-04-13,117.300003052,0
2005-04-14,115.769996643,0
2005-04-15,114.150001526,0
2005-04-18,114.5,0
2005-04-19,115.410003662,0
2005-04-20,113.800003052,0
2005-04-21,116.010002136,0
2005-04-22,115.569999695,0
2005-04-25,116.330001831,0
2005-04-26,115.199996948,0
2005-04-27,115.650001526,0
2005-04-28,114.199996948,0
2005-04-29,115.75,0
2005-05-02,116.400001526,0
2005-05-03,116.599998474,0
2005-05-04,117.5,0
2005-05-05,117.459999084,0
2005-05-06,117.089996338,0
2005-05-09,117.819999695,0
2005-05-10,116.599998474,0
2005-05-11,117.239997864,0
2005-05-12,115.949996948,0
2005-05-13,115.720001221,0
2005-05-16,116.800003052,0
2005-05-17,117.580001831,0
2005-05-18,118.790000916,0
2005-05-19,119.290000916,0
2005-05-20,119.120002747,0
2005-05-23,119.779998779,0
2005-05-24,119.5,0
2005-05-25,119.410003662,0
2005-05-26,120.050003052,0
2005-05-27,120.25,0
2005-05-31,119.480003357,0
2005-06-01,120.5,0
2005-06-02,120.760002136,0
2005-06-03,120.150001526,0
2005-06-06,120.040000916,0
2005-06-07,120.129997253,0
2005-06-08,119.910003662,0
2005-06-09,120.480003357,0
2005-06-10,120.199996948,0
2005-06-13,120.580001831,0
2005-06-14,120.86000061,0
2005-06-15,121.089996338,0
2005-06-16,121.400001526,0
2005-06-17,121.36000061,0.488
2005-06-20,121.400001526,0
2005-06-21,121.470001221,0
2005-06-22,121.569999695,0
2005-06-23,119.86000061,0
2005-06-24,118.980003357,0
2005-06-27,119.150001526,0
2005-06-28,120.150001526,0
2005-06-29,119.830001831,0
2005-06-30,119.180000305,0
2005-07-01,119.529998779,0
2005-07-05,120.489997864,0
2005-07-06,119.480003357,0
2005-07-07,119.949996948,0
2005-07-08,121.319999695,0
2005-07-11,121.940002441,0
2005-07-12,122.260002136,0
2005-07-13,122.430000305,0
2005-07-14,122.910003662,0
2005-07-15,122.839996338,0
2005-07-18,122.349998474,0
2005-07-19,123.019996643,0
2005-07-20,123.440002441,0
2005-07-21,122.720001221,0
2005-07-22,123.540000916,0
2005-07-25,123.190002441,0
2005-07-26,123.339996338,0
2005-07-27,123.790000916,0
2005-07-28,124.569999695,0
2005-07-29,123.739997864,0
2005-08-01,123.650001526,0
2005-08-02,124.38999939,0
2005-08-03,124.720001221,0
2005-08-04,123.720001221,0
2005-08-05,122.879997253,0
2005-08-08,122.650001526,0
2005-08-09,123.38999939,0
2005-08-10,123.330001831,0
2005-08-11,123.819999695,0
2005-08-12,123.059997559,0
2005-08-15,123.819999695,0
2005-08-16,122.209999084,0
2005-08-17,122.199996948,0
2005-08-18,122.190002441,0
2005-08-19,122.470001221,0
2005-08-22,122.470001221,0
2005-08-23,122.239997864,0
2005-08-24,121.150001526,0
2005-08-25,121.589996338,0
2005-08-26,120.760002136,0
2005-08-29,121.690002441,0
2005-08-30,121.050003052,0
2005-08-31,122.580001831,0
2005-09-01,122.489997864,0
2005-09-02,122.269996643,0
2005-09-06,123.699996948,0
2005-09-07,123.910003662,0
2005-09-08,123.5,0
2005-09-09,124.599998474,0
2005-09-12,124.349998474,0
2005-09-13,123.660003662,0
2005-09-14,123.209999084,0
2005-09-15,123.150001526,0
2005-09-16,123.5,0.522
2005-09-19,123.089996338,0
2005-09-20,122.050003052,0
2005-09-21,120.910003662,0
2005-09-22,121.339996338,0
2005-09-23,121.440002441,0
2005-09-26,121.580001831,0
2005-09-27,121.550003052,0
2005-09-28,121.669998169,0
2005-09-29,122.660003662,0
2005-09-30,123.040000916,0
2005-10-03,122.599998474,0
2005-10-04,121.220001221,0
2005-10-05,119.629997253,0
2005-10-06,119.199996948,0
2005-10-07,119.61000061,0
2005-10-10,118.599998474,0
2005-10-11,118.430000305,0
2005-10-12,117.5,0
2005-10-13,117.430000305,0
2005-10-14,118.669998169,0
2005-10-17,119.11000061,0
2005-10-18,117.819999695,0
2005-10-19,119.779998779,0
2005-10-20,117.669998169,0
2005-10-21,118.129997253,0
2005-10-24,119.959999084,0
2005-10-25,119.720001221,0
2005-10-26,119.370002747,0
2005-10-27,118.099998474,0
2005-10-28,119.800003052,0
2005-10-31,120.129997253,0
2005-11-01,120.489997864,0
2005-11-02,121.75,0
2005-11-03,122.269996643,0
2005-11-04,122.11000061,0
2005-11-07,122.230003357,0
2005-11-08,122.230003357,0
2005-11-09,122.38999939,0
2005-11-10,123.339996338,0
2005-11-11,123.760002136,0
2005-11-14,123.690002441,0
2005-11-15,123.239997864,0
2005-11-16,123.489997864,0
2005-11-17,124.63999939,0
2005-11-18,125.129997253,0
2005-11-21,125.760002136,0
2005-11-22,126.300003052,0
2005-11-23,127.029998779,0
2005-11-25,127.129997253,0
2005-11-28,126.230003357,0
2005-11-29,126.089996338,0
2005-11-30,125.410003662,0
2005-12-01,126.690002441,0
2005-12-02,126.849998474,0
2005-12-05,126.580001831,0
2005-12-06,126.819999695,0
2005-12-07,126.080001831,0
2005-12-08,126,0
2005-12-09,126.330001831,0
2005-12-12,126.449996948,0
2005-12-13,127.309997559,0
2005-12-14,127.809997559,0
2005-12-15,127.440002441,0
2005-12-16,126.36000061,0.672
2005-12-19,125.709999084,0
2005-12-20,125.830001831,0
2005-12-21,126.029998779,0
2005-12-22,126.690002441,0
2005-12-23,126.760002136,0
2005-12-27,125.470001221,0
2005-12-28,125.75,0
2005-12-29,125.190002441,0
2005-12-30,124.510002136,0
2006-01-03,126.699996948,0
2006-01-04,127.300003052,0
2006-01-05,127.379997253,0
2006-01-06,128.440002441,0
2006-01-09,128.770004272,0
2006-01-10,128.899993896,0
2006-01-11,129.309997559,0
2006-01-12,128.800003052,0
2006-01-13,128.679992676,0
2006-01-17,128.330001831,0
2006-01-18,127.819999695,0
2006-01-19,128.309997559,0
2006-01-20,125.970001221,0
2006-01-23,126.419998169,0
2006-01-24,126.550003052,0
2006-01-25,126.660003662,0
2006-01-26,127.36000061,0
2006-01-27,128.539993286,0
2006-01-30,128.440002441,0
2006-01-31,127.5,0
2006-02-01,128.38999939,0
2006-02-02,126.900001526,0
2006-02-03,126.269996643,0
2006-02-06,126.599998474,0
2006-02-07,125.480003357,0
2006-02-08,126.620002747,0
2006-02-09,126.410003662,0
2006-02-10,126.63999939,0
2006-02-13,126.410003662,0
2006-02-14,127.75,0
2006-02-15,128.199996948,0
2006-02-16,129.160003662,0
2006-02-17,128.809997559,0
2006-02-21,128.490005493,0
2006-02-22,129.270004272,0
2006-02-23,129.080001831,0
2006-02-24,129.410003662,0
2006-02-27,129.460006714,0
2006-02-28,128.229995728,0
2006-03-01,129.369995117,0
2006-03-02,129.36000061,0
2006-03-03,128.759994507,0
2006-03-06,128.169998169,0
2006-03-07,127.970001221,0
2006-03-08,128.240005493,0
2006-03-09,127.379997253,0
2006-03-10,128.589996338,0
2006-03-13,128.830001831,0
2006-03-14,130.179992676,0
2006-03-15,130.759994507,0
2006-03-16,131.029998779,0
2006-03-17,130.619995117,0.519
2006-03-20,130.410003662,0
2006-03-21,129.589996338,0
2006-03-22,130.380004883,0
2006-03-23,130.11000061,0
2006-03-24,130.210006714,0
2006-03-27,130.020004272,0
2006-03-28,129.220001221,0
2006-03-29,130.029998779,0
2006-03-30,129.800003052,0
2006-03-31,129.830001831,0
2006-04-03,129.729995728,0
2006-04-04,130.559997559,0
2006-04-05,131.009994507,0
2006-04-06,130.869995117,0
2006-04-07,129.539993286,0
2006-04-10,129.740005493,0
2006-04-11,128.63999939,0
2006-04-12,128.880004883,0
2006-04-13,128.710006714,0
2006-04-17,128.660003662,0
2006-04-18,130.699996948,0
2006-04-19,130.949996948,0
2006-04-20,131.130004883,0
2006-04-21,131.149993896,0
2006-04-24,130.910003662,0
2006-04-25,130.369995117,0
2006-04-26,130.399993896,0
2006-04-27,131.029998779,0
2006-04-28,131.470001221,0
2006-05-01,130.399993896,0
2006-05-02,131.380004883,0
2006-05-03,130.88999939,0
2006-05-04,131.36000061,0
2006-05-05,132.520004272,0
2006-05-08,132.36000061,0
2006-05-09,132.619995117,0
2006-05-10,132.550003052,0
2006-05-11,130.949996948,0
2006-05-12,129.240005493,0
2006-05-15,129.5,0
2006-05-16,129.309997559,0
2006-05-17,126.849998474,0
2006-05-18,126.209999084,0
2006-05-19,127.099998474,0
2006-05-22,126.129997253,0
2006-05-23,125.169998169,0
2006-05-24,126.169998169,0
2006-05-25,127.730003357,0
2006-05-26,128.380004883,0
2006-05-30,126.099998474,0
2006-05-31,127.510002136,0
2006-06-01,128.729995728,0
2006-06-02,129,0
2006-06-05,127.120002747,0
2006-06-06,126.809997559,0
2006-06-07,125.86000061,0
2006-06-08,125.75,0
2006-06-09,125.349998474,0
2006-06-12,123.989997864,0
2006-06-13,122.550003052,0
2006-06-14,123.5,0
2006-06-15,126.120002747,0
2006-06-16,124.650001526,0.555
2006-06-19,123.669998169,0
2006-06-20,124.089996338,0
2006-06-21,125.010002136,0
2006-06-22,124.459999084,0
2006-06-23,124.440002441,0
2006-06-26,124.989997864,0
2006-06-27,123.910003662,0
2006-06-28,124.75,0
2006-06-29,127.269996643,0
2006-06-30,127.279998779,0
2006-07-03,127.800003052,0
2006-07-05,127.069999695,0
2006-07-06,127.440002441,0
2006-07-07,126.61000061,0
2006-07-10,126.849998474,0
2006-07-11,127.410003662,0
2006-07-12,126.050003052,0
2006-07-13,124,0
2006-07-14,123.519996643,0
2006-07-17,123.339996338,0
2006-07-18,123.970001221,0
2006-07-19,125.690002441,0
2006-07-20,124.830001831,0
2006-07-21,123.949996948,0
2006-07-24,126.209999084,0
2006-07-25,126.660003662,0
2006-07-26,126.830001831,0
2006-07-27,126.709999084,0
2006-07-28,127.980003357,0
2006-07-31,127.849998474,0
2006-08-01,127.220001221,0
2006-08-02,128.080001831,0
2006-08-03,128.419998169,0
2006-08-04,128.199996948,0
2006-08-07,127.900001526,0
2006-08-08,127.410003662,0
2006-08-09,126.980003357,0
2006-08-10,127.370002747,0
2006-08-11,127.010002136,0
2006-08-14,127.11000061,0
2006-08-15,128.630004883,0
2006-08-16,129.699996948,0
2006-08-17,130.029998779,0
2006-08-18,130.690002441,0
2006-08-21,130.130004883,0
2006-08-22,130.119995117,0
2006-08-23,129.759994507,0
2006-08-24,129.649993896,0
2006-08-25,129.809997559,0
2006-08-28,130.429992676,0
2006-08-29,130.580001831,0
2006-08-30,130.660003662,0
2006-08-31,130.63999939,0
2006-09-01,131.419998169,0
2006-09-05,131.669998169,0
2006-09-06,130.509994507,0
2006-09-07,129.910003662,0
2006-09-08,130.279998779,0
2006-09-11,130.410003662,0
2006-09-12,131.690002441,0
2006-09-13,132.220001221,0
2006-09-14,132.229995728,0
2006-09-15,131.960006714,0.579
2006-09-18,132.13999939,0
2006-09-19,131.809997559,0
2006-09-20,132.509994507,0
2006-09-21,131.869995117,0
2006-09-22,131.470001221,0
2006-09-25,132.479995728,0
2006-09-26,133.580001831,0
2006-09-27,133.740005493,0
2006-09-28,133.690002441,0
2006-09-29,133.580001831,0
2006-10-02,133.080001831,0
2006-10-03,133.36000061,0
2006-10-04,134.919998169,0
2006-10-05,135.179992676,0
2006-10-06,135.009994507,0
2006-10-09,135.089996338,0
2006-10-10,135.270004272,0
2006-10-11,135.11000061,0
2006-10-12,136.279998779,0
2006-10-13,136.630004883,0
2006-10-16,136.839996338,0
2006-10-17,136.410003662,0
2006-10-18,136.589996338,0
2006-10-19,136.809997559,0
2006-10-20,136.839996338,0
2006-10-23,137.470001221,0
2006-10-24,137.880004883,0
2006-10-25,138.350006104,0
2006-10-26,138.779998779,0
2006-10-27,137.910003662,0
2006-10-30,137.809997559,0
2006-10-31,137.789993286,0
2006-11-01,136.86000061,0
2006-11-02,136.779998779,0
2006-11-03,136.539993286,0
2006-11-06,138.080001831,0
2006-11-07,138.61000061,0
2006-11-08,138.910003662,0
2006-11-09,138.179992676,0
2006-11-10,138.240005493,0
2006-11-13,138.580001831,0
2006-11-14,139.619995117,0
2006-11-15,140.020004272,0
2006-11-16,140.380004883,0
2006-11-17,140.419998169,0
2006-11-20,140.5,0
2006-11-21,140.63999939,0
2006-11-22,140.919998169,0
2006-11-24,140.350006104,0
2006-11-27,138.419998169,0
2006-11-28,139.020004272,0
2006-11-29,140.470001221,0
2006-11-30,140.529998779,0
2006-12-01,140.220001221,0
2006-12-04,141.289993286,0
2006-12-05,141.899993896,0
2006-12-06,141.779998779,0
2006-12-07,141.160003662,0
2006-12-08,141.419998169,0
2006-12-11,141.830001831,0
2006-12-12,141.720001221,0
2006-12-13,141.869995117,0
2006-12-14,143.119995117,0
2006-12-15,142.339996338,0.793
2006-12-18,141.949996948,0
2006-12-19,142.220001221,0
2006-12-20,142.13999939,0
2006-12-21,141.619995117,0
2006-12-22,140.75,0
2006-12-26,141.580001831,0
2006-12-27,142.509994507,0
2006-12-28,142.210006714,0
2006-12-29,141.619995117,0
2007-01-03,141.369995117,0
2007-01-04,141.669998169,0
2007-01-05,140.539993286,0
2007-01-08,141.190002441,0
2007-01-09,141.070007324,0
2007-01-10,141.539993286,0
2007-01-11,142.160003662,0
2007-01-12,143.240005493,0
2007-01-16,142.960006714,0
2007-01-17,143.020004272,0
2007-01-18,142.539993286,0
2007-01-19,142.820007324,0
2007-01-22,142.380004883,0
2007-01-23,142.800003052,0
2007-01-24,143.949996948,0
2007-01-25,142.259994507,0
2007-01-26,142.130004883,0
2007-01-29,142.050003052,0
2007-01-30,142.789993286,0
2007-01-31,143.75,0
2007-02-01,144.61000061,0
2007-02-02,144.809997559,0
2007-02-05,144.850006104,0
2007-02-06,144.88999939,0
2007-02-07,145.210006714,0
2007-02-08,145.020004272,0
2007-02-09,143.940002441,0
2007-02-12,143.449996948,0
2007-02-13,144.660003662,0
2007-02-14,145.61000061,0
2007-02-15,145.800003052,0
2007-02-16,145.729995728,0
2007-02-20,146.039993286,0
2007-02-21,145.979995728,0
2007-02-22,145.869995117,0
2007-02-23,145.300003052,0
2007-02-26,145.169998169,0
2007-02-27,139.5,0
2007-02-28,140.929992676,0
2007-03-01,140.509994507,0
2007-03-02,138.669998169,0
2007-03-05,137.350006104,0
2007-03-06,139.699996948,0
2007-03-07,139.559997559,0
2007-03-08,140.740005493,0
2007-03-09,140.779998779,0
2007-03-12,140.990005493,0
2007-03-13,138.25,0
2007-03-14,139.279998779,0
2007-03-15,139.470001221,0
2007-03-16,138.529998779,0.551
2007-03-19,140.199996948,0
2007-03-20,140.970001221,0
2007-03-21,143.289993286,0
2007-03-22,143.179992676,0
2007-03-23,143.38999939,0
2007-03-26,143.199996948,0
2007-03-27,142.86000061,0
2007-03-28,141.820007324,0
2007-03-29,141.970001221,0
2007-03-30,142,0
2007-04-02,142.160003662,0
2007-04-03,143.690002441,0
2007-04-04,143.850006104,0
2007-04-05,144.240005493,0
2007-04-09,144.440002441,0
2007-04-10,144.61000061,0
2007-04-11,144.020004272,0
2007-04-12,144.660003662,0
2007-04-13,145.320007324,0
2007-04-16,146.699996948,0
2007-04-17,147.089996338,0
2007-04-18,147.270004272,0
2007-04-19,147.229995728,0
2007-04-20,148.619995117,0
2007-04-23,148.059997559,0
2007-04-24,148.119995117,0
2007-04-25,149.479995728,0
2007-04-26,149.649993896,0
2007-04-27,149.529998779,0
2007-04-30,148.289993286,0
2007-05-01,148.669998169,0
2007-05-02,149.539993286,0
2007-05-03,150.350006104,0
2007-05-04,150.919998169,0
2007-05-07,150.949996948,0
2007-05-08,150.75,0
2007-05-09,151.160003662,0
2007-05-10,149.580001831,0
2007-05-11,150.86000061,0
2007-05-14,150.529998779,0
2007-05-15,150.570007324,0
2007-05-16,151.600006104,0
2007-05-17,151.300003052,0
2007-05-18,152.619995117,0
2007-05-21,152.539993286,0
2007-05-22,152.419998169,0
2007-05-23,152.440002441,0
2007-05-24,151.059997559,0
2007-05-25,151.690002441,0
2007-05-29,152.240005493,0
2007-05-30,153.479995728,0
2007-05-31,153.320007324,0
2007-06-01,154.080001831,0
2007-06-04,154.100006104,0
2007-06-05,153.490005493,0
2007-06-06,151.839996338,0
2007-06-07,149.100006104,0
2007-06-08,151.039993286,0
2007-06-11,151.300003052,0
2007-06-12,149.649993896,0
2007-06-13,151.88999939,0
2007-06-14,152.86000061,0
2007-06-15,153.070007324,0.656
2007-06-18,152.88999939,0
2007-06-19,153.270004272,0
2007-06-20,151.13999939,0
2007-06-21,151.979995728,0
2007-06-22,150.550003052,0
2007-06-25,149.830001831,0
2007-06-26,148.289993286,0
2007-06-27,150.399993896,0
2007-06-28,150.380004883,0
2007-06-29,150.429992676,0
2007-07-02,151.789993286,0
2007-07-03,152.339996338,0
2007-07-05,152.179992676,0
2007-07-06,152.979995728,0
2007-07-09,153.100006104,0
2007-07-10,150.919998169,0
2007-07-11,151.990005493,0
2007-07-12,154.38999939,0
2007-07-13,154.850006104,0
2007-07-16,154.830001831,0
2007-07-17,154.75,0
2007-07-18,154.470001221,0
2007-07-19,155.070007324,0
2007-07-20,153.5,0
2007-07-23,153.970001221,0
2007-07-24,151.300003052,0
2007-07-25,151.61000061,0
2007-07-26,148.020004272,0
2007-07-27,145.11000061,0
2007-07-30,147.380004883,0
2007-07-31,145.720001221,0
2007-08-01,146.429992676,0
2007-08-02,147.600006104,0
2007-08-03,143.800003052,0
2007-08-06,146.210006714,0
2007-08-07,147.770004272,0
2007-08-08,149.830001831,0
2007-08-09,145.38999939,0
2007-08-10,144.710006714,0
2007-08-13,145.229995728,0
2007-08-14,143.009994507,0
2007-08-15,141.039993286,0
2007-08-16,142.100006104,0
2007-08-17,144.710006714,0
2007-08-20,144.63999939,0
2007-08-21,144.929992676,0
2007-08-22,146.649993896,0
2007-08-23,146.520004272,0
2007-08-24,148.330001831,0
2007-08-27,146.949996948,0
2007-08-28,143.720001221,0
2007-08-29,146.539993286,0
2007-08-30,146.149993896,0
2007-08-31,147.589996338,0
2007-09-04,149.080001831,0
2007-09-05,147.789993286,0
2007-09-06,148.130004883,0
2007-09-07,146.070007324,0
2007-09-10,145.789993286,0
2007-09-11,147.490005493,0
2007-09-12,147.869995117,0
2007-09-13,148.910003662,0
2007-09-14,148.899993896,0
2007-09-17,148.100006104,0
2007-09-18,152.460006714,0
2007-09-19,153.36000061,0
2007-09-20,152.279998779,0
2007-09-21,151.970001221,0.719
2007-09-24,151.690002441,0
2007-09-25,151.38999939,0
2007-09-26,152.190002441,0
2007-09-27,153.089996338,0
2007-09-28,152.580001831,0
2007-10-01,154.300003052,0
2007-10-02,154.089996338,0
2007-10-03,153.779998779,0
2007-10-04,154.020004272,0
2007-10-05,155.850006104,0
2007-10-08,155.020004272,0
2007-10-09,156.479995728,0
2007-10-10,156.220001221,0
2007-10-11,155.470001221,0
2007-10-12,156.330001831,0
2007-10-15,155.009994507,0
2007-10-16,153.779998779,0
2007-10-17,154.25,0
2007-10-18,153.690002441,0
2007-10-19,149.669998169,0
2007-10-22,150.539993286,0
2007-10-23,151.759994507,0
2007-10-24,151.479995728,0
2007-10-25,151.839996338,0
2007-10-26,153.619995117,0
2007-10-29,154.130004883,0
2007-10-30,153.059997559,0
2007-10-31,154.649993896,0
2007-11-01,151.029998779,0
2007-11-02,151.199996948,0
2007-11-05,150.050003052,0
2007-11-06,152.070007324,0
2007-11-07,147.910003662,0
2007-11-08,147.160003662,0
2007-11-09,145.13999939,0
2007-11-12,143.699996948,0
2007-11-13,148.080001831,0
2007-11-14,147.669998169,0
2007-11-15,145.539993286,0
2007-11-16,145.789993286,0
2007-11-19,143.759994507,0
2007-11-20,144.63999939,0
2007-11-21,141.679992676,0
2007-11-23,144.130004883,0
2007-11-26,140.949996948,0
2007-11-27,142.570007324,0
2007-11-28,147.130004883,0
2007-11-29,147.179992676,0
2007-11-30,148.660003662,0
2007-12-03,147.679992676,0
2007-12-04,146.36000061,0
2007-12-05,148.809997559,0
2007-12-06,150.940002441,0
2007-12-07,150.910003662,0
2007-12-10,152.080001831,0
2007-12-11,147.910003662,0
2007-12-12,149.369995117,0
2007-12-13,149.059997559,0
2007-12-14,147.169998169,0
2007-12-17,145.070007324,0
2007-12-18,145.880004883,0
2007-12-19,145.880004883,0
2007-12-20,146.800003052,0
2007-12-21,148.130004883,0.775
2007-12-24,149.229995728,0
2007-12-26,149.550003052,0
2007-12-27,147.669998169,0
2007-12-28,147.300003052,0
2007-12-31,146.210006714,0
2008-01-02,144.929992676,0
2008-01-03,144.86000061,0
2008-01-04,141.309997559,0
2008-01-07,141.190002441,0
2008-01-08,138.910003662,0
2008-01-09,140.369995117,0
2008-01-10,141.289993286,0
2008-01-11,140.149993896,0
2008-01-14,141.279998779,0
2008-01-15,138.169998169,0
2008-01-16,136.979995728,0
2008-01-17,133.429992676,0
2008-01-18,132.059997559,0
2008-01-22,130.720001221,0
2008-01-23,133.86000061,0
2008-01-24,134.990005493,0
2008-01-25,133.039993286,0
2008-01-28,135.240005493,0
2008-01-29,135.910003662,0
2008-01-30,134.910003662,0
2008-01-31,137.369995117,0
2008-02-01,139.580001831,0
2008-02-04,137.820007324,0
2008-02-05,134.130004883,0
2008-02-06,133.050003052,0
2008-02-07,133.929992676,0
2008-02-08,133.070007324,0
2008-02-11,133.75,0
2008-02-12,134.990005493,0
2008-02-13,136.369995117,0
2008-02-14,135.169998169,0
2008-02-15,135.13999939,0
2008-02-19,135.520004272,0
2008-02-20,135.919998169,0
2008-02-21,134.789993286,0
2008-02-22,135.619995117,0
2008-02-25,137.330001831,0
2008-02-26,138.36000061,0
2008-02-27,138.220001221,0
2008-02-28,136.869995117,0
2008-02-29,133.820007324,0
2008-03-03,133.5,0
2008-03-04,132.990005493,0
2008-03-05,133.830001831,0
2008-03-06,131.059997559,0
2008-03-07,129.710006714,0
2008-03-10,128,0
2008-03-11,132.600006104,0
2008-03-12,131.36000061,0
2008-03-13,131.649993896,0
2008-03-14,129.61000061,0
2008-03-17,128.300003052,0
2008-03-18,133.630004883,0
2008-03-19,130.320007324,0
2008-03-20,132.080001831,0.642
2008-03-24,134.720001221,0
2008-03-25,134.850006104,0
2008-03-26,133.199996948,0
2008-03-27,132.779998779,0
2008-03-28,131.509994507,0
2008-03-31,131.970001221,0
2008-04-01,136.61000061,0
2008-04-02,136.699996948,0
2008-04-03,137.039993286,0
2008-04-04,136.88999939,0
2008-04-07,136.960006714,0
2008-04-08,136.820007324,0
2008-04-09,135.830001831,0
2008-04-10,136.020004272,0
2008-04-11,133.380004883,0
2008-04-14,132.929992676,0
2008-04-15,133.240005493,0
2008-04-16,136.850006104,0
2008-04-17,137.050003052,0
2008-04-18,138.479995728,0
2008-04-21,138.550003052,0
2008-04-22,137.940002441,0
2008-04-23,137.720001221,0
2008-04-24,138.320007324,0
2008-04-25,139.600006104,0
2008-04-28,139.630004883,0
2008-04-29,139.080001831,0
2008-04-30,138.259994507,0
2008-05-01,141.119995117,0
2008-05-02,141.509994507,0
2008-05-05,140.830001831,0
2008-05-06,142.050003052,0
2008-05-07,139.520004272,0
2008-05-08,139.160003662,0
2008-05-09,138.899993896,0
2008-05-12,140.460006714,0
2008-05-13,140.479995728,0
2008-05-14,140.770004272,0
2008-05-15,142.529998779,0
2008-05-16,142.660003662,0
2008-05-19,143.050003052,0
2008-05-20,141.88999939,0
2008-05-21,139.490005493,0
2008-05-22,139.509994507,0
2008-05-23,137.63999939,0
2008-05-27,138.660003662,0
2008-05-28,139.300003052,0
2008-05-29,140,0
2008-05-30,140.350006104,0
2008-06-02,138.899993896,0
2008-06-03,138.089996338,0
2008-06-04,138.020004272,0
2008-06-05,140.779998779,0
2008-06-06,136.289993286,0
2008-06-09,136.619995117,0
2008-06-10,135.940002441,0
2008-06-11,133.940002441,0
2008-06-12,134.449996948,0
2008-06-13,136.149993896,0
2008-06-16,136.229995728,0
2008-06-17,135.570007324,0
2008-06-18,134.25,0
2008-06-19,134.419998169,0
2008-06-20,131.580001831,0.669
2008-06-23,131.449996948,0
2008-06-24,131.190002441,0
2008-06-25,131.809997559,0
2008-06-26,128.229995728,0
2008-06-27,127.529998779,0
2008-06-30,127.980003357,0
2008-07-01,128.380004883,0
2008-07-02,126.180000305,0
2008-07-03,126.309997559,0
2008-07-07,125.019996643,0
2008-07-08,127.239997864,0
2008-07-09,124.790000916,0
2008-07-10,125.300003052,0
2008-07-11,123.839996338,0
2008-07-14,122.720001221,0
2008-07-15,120.989997864,0
2008-07-16,123.959999084,0
2008-07-17,125.199996948,0
2008-07-18,125.980003357,0
2008-07-21,126.050003052,0
2008-07-22,127.480003357,0
2008-07-23,128.169998169,0
2008-07-24,125.510002136,0
2008-07-25,125.480003357,0
2008-07-28,123.63999939,0
2008-07-29,126.279998779,0
2008-07-30,128.529998779,0
2008-07-31,126.830001831,0
2008-08-01,126.160003662,0
2008-08-04,124.989997864,0
2008-08-05,128.36000061,0
2008-08-06,128.929992676,0
2008-08-07,127.010002136,0
2008-08-08,129.369995117,0
2008-08-11,130.710006714,0
2008-08-12,129.350006104,0
2008-08-13,128.570007324,0
2008-08-14,129.539993286,0
2008-08-15,130.169998169,0
2008-08-18,128.38999939,0
2008-08-19,126.989997864,0
2008-08-20,127.580001831,0
2008-08-21,127.800003052,0
2008-08-22,129.649993896,0
2008-08-25,127.019996643,0
2008-08-26,127.38999939,0
2008-08-27,128.630004883,0
2008-08-28,130.190002441,0
2008-08-29,128.789993286,0
2008-09-02,127.989997864,0
2008-09-03,127.879997253,0
2008-09-04,124.029998779,0
2008-09-05,124.419998169,0
2008-09-08,126.989997864,0
2008-09-09,123.220001221,0
2008-09-10,123.720001221,0
2008-09-11,125.510002136,0
2008-09-12,126.089996338,0
2008-09-15,120.089996338,0
2008-09-16,122.099998474,0
2008-09-17,116.61000061,0
2008-09-18,120.069999695,0
2008-09-19,124.120002747,0.691
2008-09-22,121.309997559,0
2008-09-23,118.550003052,0
2008-09-24,118.930000305,0
2008-09-25,120.790000916,0
2008-09-26,120.849998474,0
2008-09-29,111.379997253,0
2008-09-30,115.989997864,0
2008-10-01,116.059997559,0
2008-10-02,111.849998474,0
2008-10-03,110.339996338,0
2008-10-06,104.720001221,0
2008-10-07,100.029998779,0
2008-10-08,97.5100021362,0
2008-10-09,90.6999969482,0
2008-10-10,88.5,0
2008-10-13,101.349998474,0
2008-10-14,99.8499984741,0
2008-10-15,90.0199966431,0
2008-10-16,93.7699966431,0
2008-10-17,93.2099990845,0
2008-10-20,98.8099975586,0
2008-10-21,95.8600006104,0
2008-10-22,90.6399993896,0
2008-10-23,91.6900024414,0
2008-10-24,87.0400009155,0
2008-10-27,83.9499969482,0
2008-10-28,93.7600021362,0
2008-10-29,93.0800018311,0
2008-10-30,96.3000030518,0
2008-10-31,96.8300018311,0
2008-11-03,97.1100006104,0
2008-11-04,100.410003662,0
2008-11-05,96.1900024414,0
2008-11-06,90.8600006104,0
2008-11-07,93.8600006104,0
2008-11-10,92.6299972534,0
2008-11-11,89.7699966431,0
2008-11-12,85.8199996948,0
2008-11-13,91.1699981689,0
2008-11-14,86.6200027466,0
2008-11-17,85.4700012207,0
2008-11-18,87.0800018311,0
2008-11-19,81.5,0
2008-11-20,75.4499969482,0
2008-11-21,79.5199966431,0
2008-11-24,85.0299987793,0
2008-11-25,85.6600036621,0
2008-11-26,88.9700012207,0
2008-11-28,90.0899963379,0
2008-12-01,82.1100006104,0
2008-12-02,85.2699966431,0
2008-12-03,87.3199996948,0
2008-12-04,85.3000030518,0
2008-12-05,87.9300003052,0
2008-12-08,91,0
2008-12-09,89.5,0
2008-12-10,90.1100006104,0
2008-12-11,87.9400024414,0
2008-12-12,88.9899978638,0
2008-12-15,87.75,0
2008-12-16,91.8799972534,0
2008-12-17,90.9899978638,0
2008-12-18,89.2900009155,0
2008-12-19,88.1900024414,0.719
2008-12-22,87.0599975586,0
2008-12-23,86.1600036621,0
2008-12-24,86.6600036621,0
2008-12-26,87.1600036621,0
2008-12-29,86.9100036621,0
2008-12-30,88.9700012207,0
2008-12-31,90.2399978638,0
2009-01-02,92.9599990845,0
2009-01-05,92.8499984741,0
2009-01-06,93.4700012207,0
2009-01-07,90.6699981689,0
2009-01-08,91.0400009155,0
2009-01-09,89.0899963379,0
2009-01-12,86.9499969482,0
2009-01-13,87.1100006104,0
2009-01-14,84.3700027466,0
2009-01-15,84.4000015259,0
2009-01-16,85.0599975586,0
2009-01-20,80.5699996948,0
2009-01-21,84.0500030518,0
2009-01-22,82.75,0
2009-01-23,83.1100006104,0
2009-01-26,83.6800003052,0
2009-01-27,84.5299987793,0
2009-01-28,87.3899993896,0
2009-01-29,84.5500030518,0
2009-01-30,82.8300018311,0
2009-02-02,82.5800018311,0
2009-02-03,83.7399978638,0
2009-02-04,83.3300018311,0
2009-02-05,84.5699996948,0
2009-02-06,86.9800033569,0
2009-02-09,87.0999984741,0
2009-02-10,83.1100006104,0
2009-02-11,83.5999984741,0
2009-02-12,83.6600036621,0
2009-02-13,82.7600021362,0
2009-02-17,79.2200012207,0
2009-02-18,79.0299987793,0
2009-02-19,78.1800003052,0
2009-02-20,77.4199981689,0
2009-02-23,74.6500015259,0
2009-02-24,77.4800033569,0
2009-02-25,76.8700027466,0
2009-02-26,75.6200027466,0
2009-02-27,73.9300003052,0
2009-03-02,70.5999984741,0
2009-03-03,70.0699996948,0
2009-03-04,71.7300033569,0
2009-03-05,68.8000030518,0
2009-03-06,68.9199981689,0
2009-03-09,68.1100006104,0
2009-03-10,72.1699981689,0
2009-03-11,72.6399993896,0
2009-03-12,75.5,0
2009-03-13,76.0899963379,0
2009-03-16,75.8600006104,0
2009-03-17,78.1800003052,0
2009-03-18,79.9300003052,0
2009-03-19,78.9400024414,0
2009-03-20,76.7099990845,0.561
2009-03-23,82.2200012207,0
2009-03-24,80.5999984741,0
2009-03-25,81.4499969482,0
2009-03-26,83.1100006104,0
2009-03-27,81.6100006104,0
2009-03-30,78.7900009155,0
2009-03-31,79.5199966431,0
2009-04-01,81.0599975586,0
2009-04-02,83.4300003052,0
2009-04-03,84.2600021362,0
2009-04-06,83.5999984741,0
2009-04-07,81.6500015259,0
2009-04-08,82.5299987793,0
2009-04-09,85.8099975586,0
2009-04-13,85.8300018311,0
2009-04-14,84.3499984741,0
2009-04-15,85.25,0
2009-04-16,86.5,0
2009-04-17,87.0800018311,0
2009-04-20,83.4300003052,0
2009-04-21,85.0599975586,0
2009-04-22,84.5400009155,0
2009-04-23,85.3700027466,0
2009-04-24,86.6600036621,0
2009-04-27,85.8399963379,0
2009-04-28,85.5699996948,0
2009-04-29,87.3899993896,0
2009-04-30,87.4199981689,0
2009-05-01,87.8899993896,0
2009-05-04,90.8799972534,0
2009-05-05,90.5699996948,0
2009-05-06,92.1399993896,0
2009-05-07,90.8600006104,0
2009-05-08,92.9800033569,0
2009-05-11,91.2399978638,0
2009-05-12,90.9700012207,0
2009-05-13,88.6800003052,0
2009-05-14,89.4400024414,0
2009-05-15,88.7099990845,0
2009-05-18,91.2300033569,0
2009-05-19,91.1200027466,0
2009-05-20,90.5100021362,0
2009-05-21,89.2099990845,0
2009-05-22,89.0199966431,0
2009-05-26,91.3000030518,0
2009-05-27,89.6699981689,0
2009-05-28,90.9199981689,0
2009-05-29,92.5299987793,0
2009-06-01,94.7699966431,0
2009-06-02,94.8499984741,0
2009-06-03,93.6500015259,0
2009-06-04,94.5299987793,0
2009-06-05,94.5500030518,0
2009-06-08,94.1600036621,0
2009-06-09,94.6399993896,0
2009-06-10,94.4000015259,0
2009-06-11,94.8199996948,0
2009-06-12,95.0800018311,0
2009-06-15,92.9000015259,0
2009-06-16,91.6399993896,0
2009-06-17,91.5500030518,0
2009-06-18,92.2200012207,0
2009-06-19,92.0400009155,0.518
2009-06-22,89.2799987793,0
2009-06-23,89.3499984741,0
2009-06-24,90.1200027466,0
2009-06-25,92.0800018311,0
2009-06-26,91.8399963379,0
2009-06-29,92.6999969482,0
2009-06-30,91.9499969482,0
2009-07-01,92.3300018311,0
2009-07-02,89.8099975586,0
2009-07-06,89.8000030518,0
2009-07-07,88.0599975586,0
2009-07-08,88,0
2009-07-09,88.1699981689,0
2009-07-10,87.9599990845,0
2009-07-13,90.0999984741,0
2009-07-14,90.6100006104,0
2009-07-15,93.2600021362,0
2009-07-16,93.1100006104,0
2009-07-17,94.1299972534,0
2009-07-20,95.1299972534,0
2009-07-21,95.5699996948,0
2009-07-22,95.5500030518,0
2009-07-23,97.6600036621,0
2009-07-24,98.0599975586,0
2009-07-27,98.3499984741,0
2009-07-28,97.8899993896,0
2009-07-29,97.6500015259,0
2009-07-30,98.6699981689,0
2009-07-31,98.8099975586,0
2009-08-03,100.440002441,0
2009-08-04,100.699996948,0
2009-08-05,100.410003662,0
2009-08-06,99.8899993896,0
2009-08-07,101.199996948,0
2009-08-10,100.989997864,0
2009-08-11,99.7300033569,0
2009-08-12,100.800003052,0
2009-08-13,101.569999695,0
2009-08-14,100.790000916,0
2009-08-17,98.3099975586,0
2009-08-18,99.0899963379,0
2009-08-19,99.9599990845,0
2009-08-20,100.989997864,0
2009-08-21,102.970001221,0
2009-08-24,102.959999084,0
2009-08-25,103.160003662,0
2009-08-26,103.169998169,0
2009-08-27,103.400001526,0
2009-08-28,103.379997253,0
2009-08-31,102.459999084,0
2009-09-01,100.199996948,0
2009-09-02,99.8199996948,0
2009-09-03,100.650001526,0
2009-09-04,102.059997559,0
2009-09-08,102.940002441,0
2009-09-09,103.730003357,0
2009-09-10,104.790000916,0
2009-09-11,104.769996643,0
2009-09-14,105.279998779,0
2009-09-15,105.720001221,0
2009-09-16,107.319999695,0
2009-09-17,107.160003662,0
2009-09-18,106.720001221,0.508
2009-09-21,106.449996948,0
2009-09-22,107.069999695,0
2009-09-23,106.180000305,0
2009-09-24,105.010002136,0
2009-09-25,104.449996948,0
2009-09-28,106.319999695,0
2009-09-29,106,0
2009-09-30,105.589996338,0
2009-10-01,102.970001221,0
2009-10-02,102.489997864,0
2009-10-05,104.019996643,0
2009-10-06,105.510002136,0
2009-10-07,105.800003052,0
2009-10-08,106.61000061,0
2009-10-09,107.260002136,0
2009-10-12,107.680000305,0
2009-10-13,107.459999084,0
2009-10-14,109.309997559,0
2009-10-15,109.709999084,0
2009-10-16,108.88999939,0
2009-10-19,109.790000916,0
2009-10-20,109.209999084,0
2009-10-21,108.230003357,0
2009-10-22,109.330001831,0
2009-10-23,108.080001831,0
2009-10-26,106.910003662,0
2009-10-27,106.419998169,0
2009-10-28,104.410003662,0
2009-10-29,106.650001526,0
2009-10-30,103.559997559,0
2009-11-02,104.319999695,0
2009-11-03,104.650001526,0
2009-11-04,104.919998169,0
2009-11-05,106.849998474,0
2009-11-06,107.129997253,0
2009-11-09,109.569999695,0
2009-11-10,109.589996338,0
2009-11-11,110.150001526,0
2009-11-12,109.029998779,0
2009-11-13,109.620002747,0
2009-11-16,111.209999084,0
2009-11-17,111.339996338,0
2009-11-18,111.269996643,0
2009-11-19,109.819999695,0
2009-11-20,109.430000305,0
2009-11-23,110.819999695,0
2009-11-24,110.989997864,0
2009-11-25,111.379997253,0
2009-11-27,109.569999695,0
2009-11-30,109.940002441,0
2009-12-01,111.300003052,0
2009-12-02,111.25,0
2009-12-03,110.379997253,0
2009-12-04,111.010002136,0
2009-12-07,110.839996338,0
2009-12-08,109.61000061,0
2009-12-09,110.019996643,0
2009-12-10,110.63999939,0
2009-12-11,111.11000061,0
2009-12-14,111.870002747,0
2009-12-15,111.349998474,0
2009-12-16,111.519996643,0
2009-12-17,110.180000305,0
2009-12-18,110.209999084,0.59
2009-12-21,111.330001831,0
2009-12-22,111.730003357,0
2009-12-23,111.949996948,0
2009-12-24,112.480003357,0
2009-12-28,112.720001221,0
2009-12-29,112.559997559,0
2009-12-30,112.519996643,0
2009-12-31,111.440002441,0
2010-01-04,113.330001831,0
2010-01-05,113.629997253,0
2010-01-06,113.709999084,0
2010-01-07,114.190002441,0
2010-01-08,114.569999695,0
2010-01-11,114.730003357,0
2010-01-12,113.660003662,0
2010-01-13,114.620002747,0
2010-01-14,114.930000305,0
2010-01-15,113.63999939,0
2010-01-19,115.059997559,0
2010-01-20,113.88999939,0
2010-01-21,111.699996948,0
2010-01-22,109.209999084,0
2010-01-25,109.769996643,0
2010-01-26,109.309997559,0
2010-01-27,109.830001831,0
2010-01-28,108.569999695,0
2010-01-29,107.38999939,0
2010-02-01,109.059997559,0
2010-02-02,110.379997253,0
2010-02-03,109.830001831,0
2010-02-04,106.440002441,0
2010-02-05,106.660003662,0
2010-02-08,105.88999939,0
2010-02-09,107.220001221,0
2010-02-10,107.010002136,0
2010-02-11,108.129997253,0
2010-02-12,108.040000916,0
2010-02-16,109.739997864,0
2010-02-17,110.260002136,0
2010-02-18,110.910003662,0
2010-02-19,111.13999939,0
2010-02-22,111.160003662,0
2010-02-23,109.809997559,0
2010-02-24,110.819999695,0
2010-02-25,110.669998169,0
2010-02-26,110.739997864,0
2010-03-01,111.88999939,0
2010-03-02,112.199996948,0
2010-03-03,112.300003052,0
2010-03-04,112.63999939,0
2010-03-05,114.25,0
2010-03-08,114.269996643,0
2010-03-09,114.459999084,0
2010-03-10,114.970001221,0
2010-03-11,115.449996948,0
2010-03-12,115.459999084,0
2010-03-15,115.489997864,0
2010-03-16,116.410003662,0
2010-03-17,117.099998474,0
2010-03-18,117.040000916,0
2010-03-19,115.970001221,0.48
2010-03-22,116.589996338,0
2010-03-23,117.410003662,0
2010-03-24,116.839996338,0
2010-03-25,116.650001526,0
2010-03-26,116.580001831,0
2010-03-29,117.319999695,0
2010-03-30,117.400001526,0
2010-03-31,117,0
2010-04-01,117.800003052,0
2010-04-05,118.760002136,0
2010-04-06,119.040000916,0
2010-04-07,118.36000061,0
2010-04-08,118.769996643,0
2010-04-09,119.550003052,0
2010-04-12,119.739997864,0
2010-04-13,119.830001831,0
2010-04-14,121.190002441,0
2010-04-15,121.290000916,0
2010-04-16,119.36000061,0
2010-04-19,119.809997559,0
2010-04-20,120.879997253,0
2010-04-21,120.660003662,0
2010-04-22,121.019996643,0
2010-04-23,121.809997559,0
2010-04-26,121.349998474,0
2010-04-27,118.480003357,0
2010-04-28,119.379997253,0
2010-04-29,120.86000061,0
2010-04-30,118.809997559,0
2010-05-03,120.349998474,0
2010-05-04,117.519996643,0
2010-05-05,116.819999695,0
2010-05-06,112.940002441,0
2010-05-07,111.260002136,0
2010-05-10,116.160003662,0
2010-05-11,115.830001831,0
2010-05-12,117.449996948,0
2010-05-13,115.989997864,0
2010-05-14,113.88999939,0
2010-05-17,113.949996948,0
2010-05-18,112.400001526,0
2010-05-19,111.760002136,0
2010-05-20,107.540000916,0
2010-05-21,109.11000061,0
2010-05-24,107.709999084,0
2010-05-25,107.819999695,0
2010-05-26,107.169998169,0
2010-05-27,110.760002136,0
2010-05-28,109.370002747,0
2010-06-01,107.529998779,0
2010-06-02,110.330001831,0
2010-06-03,110.709999084,0
2010-06-04,106.819999695,0
2010-06-07,105.489997864,0
2010-06-08,106.620002747,0
2010-06-09,106.050003052,0
2010-06-10,109.150001526,0
2010-06-11,109.680000305,0
2010-06-14,109.510002136,0
2010-06-15,112,0
2010-06-16,111.959999084,0
2010-06-17,112.13999939,0
2010-06-18,111.730003357,0.531
2010-06-21,111.410003662,0
2010-06-22,109.569999695,0
2010-06-23,109.230003357,0
2010-06-24,107.419998169,0
2010-06-25,107.870002747,0
2010-06-28,107.529998779,0
2010-06-29,104.209999084,0
2010-06-30,103.220001221,0
2010-07-01,102.760002136,0
2010-07-02,102.199996948,0
2010-07-06,102.870002747,0
2010-07-07,106.11000061,0
2010-07-08,107.160003662,0
2010-07-09,107.959999084,0
2010-07-12,108.029998779,0
2010-07-13,109.660003662,0
2010-07-14,109.650001526,0
2010-07-15,109.680000305,0
2010-07-16,106.660003662,0
2010-07-19,107.290000916,0
2010-07-20,108.480003357,0
2010-07-21,107.069999695,0
2010-07-22,109.459999084,0
2010-07-23,110.410003662,0
2010-07-26,111.559997559,0
2010-07-27,111.550003052,0
2010-07-28,110.830001831,0
2010-07-29,110.290000916,0
2010-07-30,110.269996643,0
2010-08-02,112.760002136,0
2010-08-03,112.220001221,0
2010-08-04,112.970001221,0
2010-08-05,112.849998474,0
2010-08-06,112.38999939,0
2010-08-09,112.989997864,0
2010-08-10,112.379997253,0
2010-08-11,109.300003052,0
2010-08-12,108.629997253,0
2010-08-13,108.309997559,0
2010-08-16,108.260002136,0
2010-08-17,109.589996338,0
2010-08-18,109.790000916,0
2010-08-19,107.879997253,0
2010-08-20,107.529998779,0
2010-08-23,107.120002747,0
2010-08-24,105.529998779,0
2010-08-25,105.940002441,0
2010-08-26,105.230003357,0
2010-08-27,106.86000061,0
2010-08-30,105.309997559,0
2010-08-31,105.309997559,0
2010-09-01,108.459999084,0
2010-09-02,109.470001221,0
2010-09-03,110.88999939,0
2010-09-07,109.63999939,0
2010-09-08,110.410003662,0
2010-09-09,110.919998169,0
2010-09-10,111.480003357,0
2010-09-13,112.720001221,0
2010-09-14,112.650001526,0
2010-09-15,113.080001831,0
2010-09-16,113.050003052,0
2010-09-17,112.489997864,0.602
2010-09-20,114.209999084,0
2010-09-21,113.980003357,0
2010-09-22,113.419998169,0
2010-09-23,112.5,0
2010-09-24,114.819999695,0
2010-09-27,114.269996643,0
2010-09-28,114.669998169,0
2010-09-29,114.470001221,0
2010-09-30,114.129997253,0
2010-10-01,114.61000061,0
2010-10-04,113.75,0
2010-10-05,116.040000916,0
2010-10-06,116.029998779,0
2010-10-07,115.88999939,0
2010-10-08,116.540000916,0
2010-10-11,116.650001526,0
2010-10-12,117.010002136,0
2010-10-13,117.919998169,0
2010-10-14,117.459999084,0
2010-10-15,117.699996948,0
2010-10-18,118.279998779,0
2010-10-19,116.730003357,0
2010-10-20,117.870002747,0
2010-10-21,118.129997253,0
2010-10-22,118.349998474,0
2010-10-25,118.699996948,0
2010-10-26,118.720001221,0
2010-10-27,118.379997253,0
2010-10-28,118.400001526,0
2010-10-29,118.489997864,0
2010-11-01,118.529998779,0
2010-11-02,119.470001221,0
2010-11-03,119.949996948,0
2010-11-04,122.260002136,0
2010-11-05,122.720001221,0
2010-11-08,122.489997864,0
2010-11-09,121.61000061,0
2010-11-10,122.099998474,0
2010-11-11,121.63999939,0
2010-11-12,120.199996948,0
2010-11-15,120.029998779,0
2010-11-16,118.160003662,0
2010-11-17,118.220001221,0
2010-11-18,119.959999084,0
2010-11-19,120.290000916,0
2010-11-22,120.190002441,0
2010-11-23,118.449996948,0
2010-11-24,120.199996948,0
2010-11-26,118.800003052,0
2010-11-29,119.160003662,0
2010-11-30,118.489997864,0
2010-12-01,121.010002136,0
2010-12-02,122.559997559,0
2010-12-03,122.88999939,0
2010-12-06,122.760002136,0
2010-12-07,122.830001831,0
2010-12-08,123.279998779,0
2010-12-09,123.760002136,0
2010-12-10,124.480003357,0
2010-12-13,124.559997559,0
2010-12-14,124.669998169,0
2010-12-15,124.099998474,0
2010-12-16,124.819999695,0
2010-12-17,124.300003052,0.653
2010-12-20,124.599998474,0
2010-12-21,125.38999939,0
2010-12-22,125.779998779,0
2010-12-23,125.599998474,0
2010-12-27,125.650001526,0
2010-12-28,125.830001831,0
2010-12-29,125.919998169,0
2010-12-30,125.720001221,0
2010-12-31,125.75,0
2011-01-03,127.050003052,0
2011-01-04,126.980003357,0
2011-01-05,127.63999939,0
2011-01-06,127.38999939,0
2011-01-07,127.13999939,0
2011-01-10,126.980003357,0
2011-01-11,127.430000305,0
2011-01-12,128.580001831,0
2011-01-13,128.369995117,0
2011-01-14,129.300003052,0
2011-01-18,129.520004272,0
2011-01-19,128.25,0
2011-01-20,128.080001831,0
2011-01-21,128.369995117,0
2011-01-24,129.100006104,0
2011-01-25,129.169998169,0
2011-01-26,129.669998169,0
2011-01-27,129.990005493,0
2011-01-28,127.720001221,0
2011-01-31,128.679992676,0
2011-02-01,130.740005493,0
2011-02-02,130.490005493,0
2011-02-03,130.779998779,0
2011-02-04,131.149993896,0
2011-02-07,131.970001221,0
2011-02-08,132.570007324,0
2011-02-09,132.270004272,0
2011-02-10,132.320007324,0
2011-02-11,133.11000061,0
2011-02-14,133.429992676,0
2011-02-15,133.009994507,0
2011-02-16,133.850006104,0
2011-02-17,134.25,0
2011-02-18,134.529998779,0
2011-02-22,131.830001831,0
2011-02-23,131.020004272,0
2011-02-24,130.929992676,0
2011-02-25,132.330001831,0
2011-02-28,133.149993896,0
2011-03-01,130.929992676,0
2011-03-02,131.210006714,0
2011-03-03,133.470001221,0
2011-03-04,132.470001221,0
2011-03-07,131.429992676,0
2011-03-08,132.580001831,0
2011-03-09,132.38999939,0
2011-03-10,129.940002441,0
2011-03-11,130.839996338,0
2011-03-14,130.050003052,0
2011-03-15,128.559997559,0
2011-03-16,126.180000305,0
2011-03-17,127.849998474,0
2011-03-18,127.760002136,0.553
2011-03-21,129.740005493,0
2011-03-22,129.289993286,0
2011-03-23,129.660003662,0
2011-03-24,130.899993896,0
2011-03-25,131.300003052,0
2011-03-28,130.979995728,0
2011-03-29,131.86000061,0
2011-03-30,132.770004272,0
2011-03-31,132.589996338,0
2011-04-01,133.149993896,0
2011-04-04,133.259994507,0
2011-04-05,133.240005493,0
2011-04-06,133.660003662,0
2011-04-07,133.320007324,0
2011-04-08,132.86000061,0
2011-04-11,132.460006714,0
2011-04-12,131.470001221,0
2011-04-13,131.460006714,0
2011-04-14,131.559997559,0
2011-04-15,132.039993286,0
2011-04-18,130.559997559,0
2011-04-19,131.309997559,0
2011-04-20,133.100006104,0
2011-04-21,133.779998779,0
2011-04-25,133.63999939,0
2011-04-26,134.789993286,0
2011-04-27,135.669998169,0
2011-04-28,136.11000061,0
2011-04-29,136.429992676,0
2011-05-02,136.220001221,0
2011-05-03,135.729995728,0
2011-05-04,134.830001831,0
2011-05-05,133.61000061,0
2011-05-06,134.199996948,0
2011-05-09,134.720001221,0
2011-05-10,135.869995117,0
2011-05-11,134.440002441,0
2011-05-12,135.080001831,0
2011-05-13,134.039993286,0
2011-05-16,133.190002441,0
2011-05-17,133.169998169,0
2011-05-18,134.36000061,0
2011-05-19,134.679992676,0
2011-05-20,133.61000061,0
2011-05-23,132.059997559,0
2011-05-24,131.949996948,0
2011-05-25,132.38999939,0
2011-05-26,133,0
2011-05-27,133.509994507,0
2011-05-31,134.899993896,0
2011-06-01,131.869995117,0
2011-06-02,131.729995728,0
2011-06-03,130.419998169,0
2011-06-06,129.039993286,0
2011-06-07,128.960006714,0
2011-06-08,128.419998169,0
2011-06-09,129.399993896,0
2011-06-10,127.599998474,0
2011-06-13,127.699996948,0
2011-06-14,129.320007324,0
2011-06-15,127.019996643,0
2011-06-16,127.300003052,0
2011-06-17,127.050003052,0.628
2011-06-20,127.699996948,0
2011-06-21,129.449996948,0
2011-06-22,128.669998169,0
2011-06-23,128.300003052,0
2011-06-24,126.809997559,0
2011-06-27,127.940002441,0
2011-06-28,129.61000061,0
2011-06-29,130.720001221,0
2011-06-30,131.970001221,0
2011-07-01,133.919998169,0
2011-07-05,133.809997559,0
2011-07-06,133.970001221,0
2011-07-07,135.36000061,0
2011-07-08,134.399993896,0
2011-07-11,131.970001221,0
2011-07-12,131.399993896,0
2011-07-13,131.839996338,0
2011-07-14,130.929992676,0
2011-07-15,131.690002441,0
2011-07-18,130.61000061,0
2011-07-19,132.729995728,0
2011-07-20,132.649993896,0
2011-07-21,134.490005493,0
2011-07-22,134.580001831,0
2011-07-25,133.830001831,0
2011-07-26,133.330001831,0
2011-07-27,130.600006104,0
2011-07-28,130.220001221,0
2011-07-29,129.330001831,0
2011-08-01,128.779998779,0
2011-08-02,125.489997864,0
2011-08-03,126.169998169,0
2011-08-04,120.260002136,0
2011-08-05,120.080001831,0
2011-08-08,112.260002136,0
2011-08-09,117.480003357,0
2011-08-10,112.290000916,0
2011-08-11,117.330001831,0
2011-08-12,118.120002747,0
2011-08-15,120.620002747,0
2011-08-16,119.589996338,0
2011-08-17,119.669998169,0
2011-08-18,114.510002136,0
2011-08-19,112.63999939,0
2011-08-22,112.730003357,0
2011-08-23,116.440002441,0
2011-08-24,118.080001831,0
2011-08-25,116.279998779,0
2011-08-26,117.970001221,0
2011-08-29,121.36000061,0
2011-08-30,121.680000305,0
2011-08-31,122.220001221,0
2011-09-01,120.940002441,0
2011-09-02,117.849998474,0
2011-09-06,116.989997864,0
2011-09-07,120.290000916,0
2011-09-08,119.040000916,0
2011-09-09,115.919998169,0
2011-09-12,116.669998169,0
2011-09-13,117.739997864,0
2011-09-14,119.370002747,0
2011-09-15,121.430000305,0
2011-09-16,121.519996643,0.625
2011-09-19,120.309997559,0
2011-09-20,120.169998169,0
2011-09-21,116.629997253,0
2011-09-22,112.86000061,0
2011-09-23,113.540000916,0
2011-09-26,116.239997864,0
2011-09-27,117.540000916,0
2011-09-28,115.13999939,0
2011-09-29,116.050003052,0
2011-09-30,113.150001526,0
2011-10-03,109.930000305,0
2011-10-04,112.339996338,0
2011-10-05,114.419998169,0
2011-10-06,116.489997864,0
2011-10-07,115.709999084,0
2011-10-10,119.580001831,0
2011-10-11,119.699996948,0
2011-10-12,120.75,0
2011-10-13,120.510002136,0
2011-10-14,122.569999695,0
2011-10-17,120.230003357,0
2011-10-18,122.580001831,0
2011-10-19,121.129997253,0
2011-10-20,121.660003662,0
2011-10-21,123.970001221,0
2011-10-24,125.489997864,0
2011-10-25,123.050003052,0
2011-10-26,124.300003052,0
2011-10-27,128.630004883,0
2011-10-28,128.600006104,0
2011-10-31,125.5,0
2011-11-01,122,0
2011-11-02,123.989997864,0
2011-11-03,126.25,0
2011-11-04,125.480003357,0
2011-11-07,126.260002136,0
2011-11-08,127.879997253,0
2011-11-09,123.160003662,0
2011-11-10,124.319999695,0
2011-11-11,126.660003662,0
2011-11-14,125.459999084,0
2011-11-15,126.080001831,0
2011-11-16,124.080001831,0
2011-11-17,122.11000061,0
2011-11-18,121.980003357,0
2011-11-21,119.660003662,0
2011-11-22,119.190002441,0
2011-11-23,116.559997559,0
2011-11-25,116.339996338,0
2011-11-28,119.709999084,0
2011-11-29,120.050003052,0
2011-11-30,124.989997864,0
2011-12-01,124.970001221,0
2011-12-02,124.86000061,0
2011-12-05,126.220001221,0
2011-12-06,126.260002136,0
2011-12-07,126.730003357,0
2011-12-08,123.949996948,0
2011-12-09,126.050003052,0
2011-12-12,124.209999084,0
2011-12-13,123.050003052,0
2011-12-14,121.739997864,0
2011-12-15,122.180000305,0
2011-12-16,121.589996338,0.77
2011-12-19,120.290000916,0
2011-12-20,123.930000305,0
2011-12-21,124.169998169,0
2011-12-22,125.269996643,0
2011-12-23,126.38999939,0
2011-12-27,126.489997864,0
2011-12-28,124.830001831,0
2011-12-29,126.120002747,0
2011-12-30,125.5,0
2012-01-03,127.5,0
2012-01-04,127.699996948,0
2012-01-05,128.039993286,0
2012-01-06,127.709999084,0
2012-01-09,128.020004272,0
2012-01-10,129.130004883,0
2012-01-11,129.199996948,0
2012-01-12,129.509994507,0
2012-01-13,128.839996338,0
2012-01-17,129.339996338,0
2012-01-18,130.770004272,0
2012-01-19,131.460006714,0
2012-01-20,131.949996948,0
2012-01-23,131.61000061,0
2012-01-24,131.460006714,0
2012-01-25,132.559997559,0
2012-01-26,131.880004883,0
2012-01-27,131.820007324,0
2012-01-30,131.369995117,0
2012-01-31,131.320007324,0
2012-02-01,132.470001221,0
2012-02-02,132.679992676,0
2012-02-03,134.539993286,0
2012-02-06,134.449996948,0
2012-02-07,134.789993286,0
2012-02-08,135.190002441,0
2012-02-09,135.36000061,0
2012-02-10,134.36000061,0
2012-02-13,135.36000061,0
2012-02-14,135.190002441,0
2012-02-15,134.559997559,0
2012-02-16,136.050003052,0
2012-02-17,136.410003662,0
2012-02-21,136.470001221,0
2012-02-22,136.029998779,0
2012-02-23,136.630004883,0
2012-02-24,136.929992676,0
2012-02-27,137.160003662,0
2012-02-28,137.559997559,0
2012-02-29,137.020004272,0
2012-03-01,137.729995728,0
2012-03-02,137.309997559,0
2012-03-05,136.75,0
2012-03-06,134.75,0
2012-03-07,135.690002441,0
2012-03-08,137.039993286,0
2012-03-09,137.570007324,0
2012-03-12,137.580001831,0
2012-03-13,140.059997559,0
2012-03-14,139.910003662,0
2012-03-15,140.720001221,0
2012-03-16,140.300003052,0.614
2012-03-19,140.850006104,0
2012-03-20,140.440002441,0
2012-03-21,140.210006714,0
2012-03-22,139.199996948,0
2012-03-23,139.649993896,0
2012-03-26,141.61000061,0
2012-03-27,141.169998169,0
2012-03-28,140.470001221,0
2012-03-29,140.229995728,0
2012-03-30,140.809997559,0
2012-04-02,141.839996338,0
2012-04-03,141.259994507,0
2012-04-04,139.86000061,0
2012-04-05,139.789993286,0
2012-04-09,138.220001221,0
2012-04-10,135.899993896,0
2012-04-11,137,0
2012-04-12,138.789993286,0
2012-04-13,137.13999939,0
2012-04-16,137.050003052,0
2012-04-17,139.080001831,0
2012-04-18,138.61000061,0
2012-04-19,137.720001221,0
2012-04-20,137.949996948,0
2012-04-23,136.789993286,0
2012-04-24,137.309997559,0
2012-04-25,139.190002441,0
2012-04-26,140.160003662,0
2012-04-27,140.38999939,0
2012-04-30,139.869995117,0
2012-05-01,140.740005493,0
2012-05-02,140.320007324,0
2012-05-03,139.25,0
2012-05-04,137,0
2012-05-07,137.100006104,0
2012-05-08,136.550003052,0
2012-05-09,135.740005493,0
2012-05-10,136.020004272,0
2012-05-11,135.61000061,0
2012-05-14,134.11000061,0
2012-05-15,133.339996338,0
2012-05-16,132.830001831,0
2012-05-17,130.86000061,0
2012-05-18,129.740005493,0
2012-05-21,131.970001221,0
2012-05-22,132.199996948,0
2012-05-23,132.270004272,0
2012-05-24,132.529998779,0
2012-05-25,132.100006104,0
2012-05-29,133.699996948,0
2012-05-30,131.759994507,0
2012-05-31,131.470001221,0
2012-06-01,128.160003662,0
2012-06-04,128.100006104,0
2012-06-05,129.070007324,0
2012-06-06,131.970001221,0
2012-06-07,132.050003052,0
2012-06-08,133.100006104,0
2012-06-11,131.410003662,0
2012-06-12,132.919998169,0
2012-06-13,132.070007324,0
2012-06-14,133.470001221,0
2012-06-15,134.13999939,0.688
2012-06-18,134.399993896,0
2012-06-19,135.699996948,0
2012-06-20,135.479995728,0
2012-06-21,132.440002441,0
2012-06-22,133.460006714,0
2012-06-25,131.320007324,0
2012-06-26,131.979995728,0
2012-06-27,133.169998169,0
2012-06-28,132.789993286,0
2012-06-29,136.100006104,0
2012-07-02,136.509994507,0
2012-07-03,137.410003662,0
2012-07-05,136.789993286,0
2012-07-06,135.490005493,0
2012-07-09,135.320007324,0
2012-07-10,134.13999939,0
2012-07-11,134.160003662,0
2012-07-12,133.509994507,0
2012-07-13,135.75,0
2012-07-16,135.429992676,0
2012-07-17,136.36000061,0
2012-07-18,137.369995117,0
2012-07-19,137.729995728,0
2012-07-20,136.470001221,0
2012-07-23,135.089996338,0
2012-07-24,133.929992676,0
2012-07-25,133.960006714,0
2012-07-26,136.169998169,0
2012-07-27,138.679992676,0
2012-07-30,138.679992676,0
2012-07-31,137.710006714,0
2012-08-01,137.589996338,0
2012-08-02,136.63999939,0
2012-08-03,139.350006104,0
2012-08-06,139.619995117,0
2012-08-07,140.320007324,0
2012-08-08,140.490005493,0
2012-08-09,140.61000061,0
2012-08-10,140.839996338,0
2012-08-13,140.770004272,0
2012-08-14,140.789993286,0
2012-08-15,140.949996948,0
2012-08-16,141.990005493,0
2012-08-17,142.179992676,0
2012-08-20,142.190002441,0
2012-08-21,141.759994507,0
2012-08-22,141.820007324,0
2012-08-23,140.660003662,0
2012-08-24,141.509994507,0
2012-08-27,141.539993286,0
2012-08-28,141.399993896,0
2012-08-29,141.509994507,0
2012-08-30,140.490005493,0
2012-08-31,141.160003662,0
2012-09-04,141.029998779,0
2012-09-05,140.910003662,0
2012-09-06,143.770004272,0
2012-09-07,144.330001831,0
2012-09-10,143.509994507,0
2012-09-11,143.910003662,0
2012-09-12,144.38999939,0
2012-09-13,146.589996338,0
2012-09-14,147.240005493,0
2012-09-17,146.740005493,0
2012-09-18,146.619995117,0
2012-09-19,146.699996948,0
2012-09-20,146.710006714,0
2012-09-21,145.869995117,0.779
2012-09-24,145.649993896,0
2012-09-25,144.100006104,0
2012-09-26,143.289993286,0
2012-09-27,144.63999939,0
2012-09-28,143.970001221,0
2012-10-01,144.350006104,0
2012-10-02,144.5,0
2012-10-03,145.089996338,0
2012-10-04,146.130004883,0
2012-10-05,146.13999939,0
2012-10-08,145.63999939,0
2012-10-09,144.199996948,0
2012-10-10,143.279998779,0
2012-10-11,143.36000061,0
2012-10-12,142.88999939,0
2012-10-15,144.080001831,0
2012-10-16,145.539993286,0
2012-10-17,146.199996948,0
2012-10-18,145.820007324,0
2012-10-19,143.38999939,0
2012-10-22,143.410003662,0
2012-10-23,141.419998169,0
2012-10-24,141.020004272,0
2012-10-25,141.429992676,0
2012-10-26,141.350006104,0
2012-10-31,141.350006104,0
2012-11-01,142.830001831,0
2012-11-02,141.559997559,0
2012-11-05,141.850006104,0
2012-11-06,142.960006714,0
2012-11-07,139.720001221,0
2012-11-08,138.039993286,0
2012-11-09,138.160003662,0
2012-11-12,138.270004272,0
2012-11-13,137.789993286,0
2012-11-14,135.929992676,0
2012-11-15,135.699996948,0
2012-11-16,136.369995117,0
2012-11-19,139.130004883,0
2012-11-20,139.190002441,0
2012-11-21,139.449996948,0
2012-11-23,141.350006104,0
2012-11-26,141.050003052,0
2012-11-27,140.330001831,0
2012-11-28,141.460006714,0
2012-11-29,142.119995117,0
2012-11-30,142.149993896,0
2012-12-03,141.449996948,0
2012-12-04,141.25,0
2012-12-05,141.5,0
2012-12-06,141.979995728,0
2012-12-07,142.410003662,0
2012-12-10,142.470001221,0
2012-12-11,143.440002441,0
2012-12-12,143.509994507,0
2012-12-13,142.630004883,0
2012-12-14,142.100006104,0
2012-12-17,143.770004272,0
2012-12-18,145.369995117,0
2012-12-19,144.289993286,0
2012-12-20,145.119995117,0
2012-12-21,142.789993286,1.022
2012-12-24,142.350006104,0
2012-12-26,141.75,0
2012-12-27,141.559997559,0
2012-12-28,140.029998779,0
2012-12-31,142.410003662,0
2013-01-02,146.059997559,0
2013-01-03,145.729995728,0
2013-01-04,146.369995117,0
2013-01-07,145.970001221,0
2013-01-08,145.550003052,0
2013-01-09,145.919998169,0
2013-01-10,147.080001831,0
2013-01-11,147.070007324,0
2013-01-14,146.970001221,0
2013-01-15,147.070007324,0
2013-01-16,147.050003052,0
2013-01-17,148,0
2013-01-18,148.330001831,0
2013-01-22,149.130004883,0
2013-01-23,149.369995117,0
2013-01-24,149.410003662,0
2013-01-25,150.25,0
2013-01-28,150.070007324,0
2013-01-29,150.660003662,0
2013-01-30,150.070007324,0
2013-01-31,149.699996948,0
2013-02-01,151.240005493,0
2013-02-04,149.539993286,0
2013-02-05,151.050003052,0
2013-02-06,151.160003662,0
2013-02-07,150.960006714,0
2013-02-08,151.800003052,0
2013-02-11,151.770004272,0
2013-02-12,152.020004272,0
2013-02-13,152.149993896,0
2013-02-14,152.289993286,0
2013-02-15,152.11000061,0
2013-02-19,153.25,0
2013-02-20,151.339996338,0
2013-02-21,150.419998169,0
2013-02-22,151.88999939,0
2013-02-25,149,0
2013-02-26,150.020004272,0
2013-02-27,151.910003662,0
2013-02-28,151.61000061,0
2013-03-01,152.11000061,0
2013-03-04,152.919998169,0
2013-03-05,154.289993286,0
2013-03-06,154.5,0
2013-03-07,154.779998779,0
2013-03-08,155.440002441,0
2013-03-11,156.029998779,0
2013-03-12,155.679992676,0
2013-03-13,155.899993896,0
2013-03-14,156.729995728,0
2013-03-15,155.830001831,0.694
2013-03-18,154.970001221,0
2013-03-19,154.61000061,0
2013-03-20,155.690002441,0
2013-03-21,154.36000061,0
2013-03-22,155.600006104,0
2013-03-25,154.949996948,0
2013-03-26,156.190002441,0
2013-03-27,156.190002441,0
2013-03-28,156.669998169,0
2013-04-01,156.050003052,0
2013-04-02,156.820007324,0
2013-04-03,155.229995728,0
2013-04-04,155.86000061,0
2013-04-05,155.160003662,0
2013-04-08,156.210006714,0
2013-04-09,156.75,0
2013-04-10,158.669998169,0
2013-04-11,159.190002441,0
2013-04-12,158.800003052,0
2013-04-15,155.119995117,0
2013-04-16,157.410003662,0
2013-04-17,155.11000061,0
2013-04-18,154.13999939,0
2013-04-19,155.479995728,0
2013-04-22,156.169998169,0
2013-04-23,157.779998779,0
2013-04-24,157.880004883,0
2013-04-25,158.520004272,0
2013-04-26,158.240005493,0
2013-04-29,159.300003052,0
2013-04-30,159.679992676,0
2013-05-01,158.279998779,0
2013-05-02,159.75,0
2013-05-03,161.369995117,0
2013-05-06,161.779998779,0
2013-05-07,162.600006104,0
2013-05-08,163.339996338,0
2013-05-09,162.880004883,0
2013-05-10,163.410003662,0
2013-05-13,163.539993286,0
2013-05-14,165.229995728,0
2013-05-15,166.119995117,0
2013-05-16,165.339996338,0
2013-05-17,166.940002441,0
2013-05-20,166.929992676,0
2013-05-21,167.169998169,0
2013-05-22,165.929992676,0
2013-05-23,165.449996948,0
2013-05-24,165.309997559,0
2013-05-28,166.300003052,0
2013-05-29,165.220001221,0
2013-05-30,165.830001831,0
2013-05-31,163.449996948,0
2013-06-03,164.350006104,0
2013-06-04,163.559997559,0
2013-06-05,161.270004272,0
2013-06-06,162.729995728,0
2013-06-07,164.800003052,0
2013-06-10,164.800003052,0
2013-06-11,163.100006104,0
2013-06-12,161.75,0
2013-06-13,164.210006714,0
2013-06-14,163.179992676,0
2013-06-17,164.440002441,0
2013-06-18,165.740005493,0
2013-06-19,163.449996948,0
2013-06-20,159.399993896,0
2013-06-21,159.070007324,0.839
2013-06-24,157.059997559,0
2013-06-25,158.570007324,0
2013-06-26,160.13999939,0
2013-06-27,161.080001831,0
2013-06-28,160.419998169,0
2013-07-01,161.36000061,0
2013-07-02,161.210006714,0
2013-07-03,161.279998779,0
2013-07-05,163.020004272,0
2013-07-08,163.949996948,0
2013-07-09,165.130004883,0
2013-07-10,165.190002441,0
2013-07-11,167.440002441,0
2013-07-12,167.509994507,0
2013-07-15,168.149993896,0
2013-07-16,167.520004272,0
2013-07-17,167.949996948,0
2013-07-18,168.869995117,0
2013-07-19,169.169998169,0
2013-07-22,169.5,0
2013-07-23,169.13999939,0
2013-07-24,168.520004272,0
2013-07-25,168.929992676,0
2013-07-26,169.11000061,0
2013-07-29,168.589996338,0
2013-07-30,168.589996338,0
2013-07-31,168.710006714,0
2013-08-01,170.660003662,0
2013-08-02,170.949996948,0
2013-08-05,170.699996948,0
2013-08-06,169.729995728,0
2013-08-07,169.179992676,0
2013-08-08,169.800003052,0
2013-08-09,169.309997559,0
2013-08-12,169.11000061,0
2013-08-13,169.61000061,0
2013-08-14,168.740005493,0
2013-08-15,166.380004883,0
2013-08-16,165.830001831,0
2013-08-19,164.770004272,0
2013-08-20,165.580001831,0
2013-08-21,164.559997559,0
2013-08-22,166.059997559,0
2013-08-23,166.619995117,0
2013-08-26,166,0
2013-08-27,163.330001831,0
2013-08-28,163.910003662,0
2013-08-29,164.169998169,0
2013-08-30,163.649993896,0
2013-09-03,164.38999939,0
2013-09-04,165.75,0
2013-09-05,165.960006714,0
2013-09-06,166.039993286,0
2013-09-09,167.630004883,0
2013-09-10,168.869995117,0
2013-09-11,169.399993896,0
2013-09-12,168.949996948,0
2013-09-13,169.330001831,0
2013-09-16,170.309997559,0
2013-09-17,171.070007324,0
2013-09-18,173.050003052,0
2013-09-19,172.759994507,0
2013-09-20,170.720001221,0.838
2013-09-23,169.929992676,0
2013-09-24,169.529998779,0
2013-09-25,169.039993286,0
2013-09-26,169.690002441,0
2013-09-27,168.910003662,0
2013-09-30,168.009994507,0
2013-10-01,169.339996338,0
2013-10-02,169.179992676,0
2013-10-03,167.619995117,0
2013-10-04,168.88999939,0
2013-10-07,167.429992676,0
2013-10-08,165.479995728,0
2013-10-09,165.600006104,0
2013-10-10,169.169998169,0
2013-10-11,170.259994507,0
2013-10-14,170.940002441,0
2013-10-15,169.699996948,0
2013-10-16,172.070007324,0
2013-10-17,173.220001221,0
2013-10-18,174.38999939,0
2013-10-21,174.399993896,0
2013-10-22,175.410003662,0
2013-10-23,174.570007324,0
2013-10-24,175.149993896,0
2013-10-25,175.949996948,0
2013-10-28,176.229995728,0
2013-10-29,177.169998169,0
2013-10-30,176.289993286,0
2013-10-31,175.789993286,0
2013-11-01,176.210006714,0
2013-11-04,176.830001831,0
2013-11-05,176.270004272,0
2013-11-06,177.169998169,0
2013-11-07,174.929992676,0
2013-11-08,177.289993286,0
2013-11-11,177.320007324,0
2013-11-12,176.960006714,0
2013-11-13,178.380004883,0
2013-11-14,179.270004272,0
2013-11-15,180.050003052,0
2013-11-18,179.419998169,0
2013-11-19,179.029998779,0
2013-11-20,178.470001221,0
2013-11-21,179.910003662,0
2013-11-22,180.809997559,0
2013-11-25,180.630004883,0
2013-11-26,180.679992676,0
2013-11-27,181.119995117,0
2013-11-29,181,0
2013-12-02,180.529998779,0
2013-12-03,179.75,0
2013-12-04,179.729995728,0
2013-12-05,178.940002441,0
2013-12-06,180.940002441,0
2013-12-09,181.399993896,0
2013-12-10,180.75,0
2013-12-11,178.720001221,0
2013-12-12,178.130004883,0
2013-12-13,178.11000061,0
2013-12-16,179.220001221,0
2013-12-17,178.649993896,0
2013-12-18,181.699996948,0
2013-12-19,181.490005493,0
2013-12-20,181.559997559,0.98
2013-12-23,182.529998779,0
2013-12-24,182.929992676,0
2013-12-26,183.86000061,0
2013-12-27,183.850006104,0
2013-12-30,183.820007324,0
2013-12-31,184.690002441,0
2014-01-02,182.919998169,0
2014-01-03,182.88999939,0
2014-01-06,182.36000061,0
2014-01-07,183.479995728,0
2014-01-08,183.520004272,0
2014-01-09,183.63999939,0
2014-01-10,184.13999939,0
2014-01-13,181.690002441,0
2014-01-14,183.669998169,0
2014-01-15,184.660003662,0
2014-01-16,184.419998169,0
2014-01-17,183.63999939,0
2014-01-21,184.179992676,0
2014-01-22,184.300003052,0
2014-01-23,182.789993286,0
2014-01-24,178.88999939,0
2014-01-27,178.009994507,0
2014-01-28,179.070007324,0
2014-01-29,177.350006104,0
2014-01-30,179.229995728,0
2014-01-31,178.179992676,0
2014-02-03,174.169998169,0
2014-02-04,175.38999939,0
2014-02-05,175.169998169,0
2014-02-06,177.479995728,0
2014-02-07,179.679992676,0
2014-02-10,180.009994507,0
2014-02-11,181.979995728,0
2014-02-12,182.070007324,0
2014-02-13,183.009994507,0
2014-02-14,184.020004272,0
2014-02-18,184.240005493,0
2014-02-19,183.020004272,0
2014-02-20,184.100006104,0
2014-02-21,183.88999939,0
2014-02-24,184.910003662,0
2014-02-25,184.839996338,0
2014-02-26,184.850006104,0
2014-02-27,185.820007324,0
2014-02-28,186.289993286,0
2014-03-03,184.979995728,0
2014-03-04,187.580001831,0
2014-03-05,187.75,0
2014-03-06,188.179992676,0
2014-03-07,188.259994507,0
2014-03-10,188.160003662,0
2014-03-11,187.229995728,0
2014-03-12,187.279998779,0
2014-03-13,185.179992676,0
2014-03-14,184.660003662,0
2014-03-17,186.330001831,0
2014-03-18,187.660003662,0
2014-03-19,186.660003662,0
2014-03-20,187.75,0
2014-03-21,186.199996948,0.825
2014-03-24,185.429992676,0
2014-03-25,186.309997559,0
2014-03-26,184.970001221,0
2014-03-27,184.580001831,0
2014-03-28,185.490005493,0
2014-03-31,187.009994507,0
2014-04-01,188.25,0
2014-04-02,188.880004883,0
2014-04-03,188.630004883,0
2014-04-04,186.399993896,0
2014-04-07,184.339996338,0
2014-04-08,185.100006104,0
2014-04-09,187.089996338,0
2014-04-10,183.160003662,0
2014-04-11,181.509994507,0
2014-04-14,182.940002441,0
2014-04-15,184.199996948,0
2014-04-16,186.130004883,0
2014-04-17,186.38999939,0
2014-04-21,187.039993286,0
2014-04-22,187.88999939,0
2014-04-23,187.449996948,0
2014-04-24,187.830001831,0
2014-04-25,186.289993286,0
2014-04-28,186.880004883,0
2014-04-29,187.75,0
2014-04-30,188.309997559,0
2014-05-01,188.330001831,0
2014-05-02,188.059997559,0
2014-05-05,188.419998169,0
2014-05-06,186.779998779,0
2014-05-07,187.880004883,0
2014-05-08,187.679992676,0
2014-05-09,187.960006714,0
2014-05-12,189.789993286,0
2014-05-13,189.960006714,0
2014-05-14,189.059997559,0
2014-05-15,187.399993896,0
2014-05-16,188.050003052,0
2014-05-19,188.740005493,0
2014-05-20,187.550003052,0
2014-05-21,189.130004883,0
2014-05-22,189.589996338,0
2014-05-23,190.350006104,0
2014-05-27,191.520004272,0
2014-05-28,191.380004883,0
2014-05-29,192.369995117,0
2014-05-30,192.679992676,0
2014-06-02,192.899993896,0
2014-06-03,192.800003052,0
2014-06-04,193.190002441,0
2014-06-05,194.449996948,0
2014-06-06,195.380004883,0
2014-06-09,195.580001831,0
2014-06-10,195.600006104,0
2014-06-11,194.919998169,0
2014-06-12,193.539993286,0
2014-06-13,194.130004883,0
2014-06-16,194.289993286,0
2014-06-17,194.830001831,0
2014-06-18,196.259994507,0
2014-06-19,196.479995728,0
2014-06-20,195.940002441,0.937
2014-06-23,195.880004883,0
2014-06-24,194.699996948,0
2014-06-25,195.580001831,0
2014-06-26,195.440002441,0
2014-06-27,195.820007324,0
2014-06-30,195.720001221,0
2014-07-01,197.029998779,0
2014-07-02,197.229995728,0
2014-07-03,198.199996948,0
2014-07-07,197.509994507,0
2014-07-08,196.240005493,0
2014-07-09,197.119995117,0
2014-07-10,196.339996338,0
2014-07-11,196.61000061,0
2014-07-14,197.600006104,0
2014-07-15,197.229995728,0
2014-07-16,197.960006714,0
2014-07-17,195.710006714,0
2014-07-18,197.710006714,0
2014-07-21,197.339996338,0
2014-07-22,198.199996948,0
2014-07-23,198.63999939,0
2014-07-24,198.649993896,0
2014-07-25,197.720001221,0
2014-07-28,197.800003052,0
2014-07-29,196.949996948,0
2014-07-30,196.979995728,0
2014-07-31,193.089996338,0
2014-08-01,192.5,0
2014-08-04,193.88999939,0
2014-08-05,192.009994507,0
2014-08-06,192.070007324,0
2014-08-07,191.029998779,0
2014-08-08,193.240005493,0
2014-08-11,193.800003052,0
2014-08-12,193.529998779,0
2014-08-13,194.839996338,0
2014-08-14,195.759994507,0
2014-08-15,195.720001221,0
2014-08-18,197.36000061,0
2014-08-19,198.38999939,0
2014-08-20,198.919998169,0
2014-08-21,199.5,0
2014-08-22,199.190002441,0
2014-08-25,200.199996948,0
2014-08-26,200.330001831,0
2014-08-27,200.25,0
2014-08-28,200.13999939,0
2014-08-29,200.710006714,0
2014-09-02,200.61000061,0
2014-09-03,200.5,0
2014-09-04,200.210006714,0
2014-09-05,201.11000061,0
2014-09-08,200.589996338,0
2014-09-09,199.320007324,0
2014-09-10,200.070007324,0
2014-09-11,200.300003052,0
2014-09-12,199.130004883,0
2014-09-15,198.979995728,0
2014-09-16,200.479995728,0
2014-09-17,200.75,0
2014-09-18,201.820007324,0
2014-09-19,200.699996948,0.939
2014-09-22,199.149993896,0
2014-09-23,198.009994507,0
2014-09-24,199.559997559,0
2014-09-25,196.339996338,0
2014-09-26,197.899993896,0
2014-09-29,197.539993286,0
2014-09-30,197.020004272,0
2014-10-01,194.350006104,0
2014-10-02,194.380004883,0
2014-10-03,196.520004272,0
2014-10-06,196.289993286,0
2014-10-07,193.259994507,0
2014-10-08,196.63999939,0
2014-10-09,192.740005493,0
2014-10-10,190.539993286,0
2014-10-13,187.410003662,0
2014-10-14,187.699996948,0
2014-10-15,186.429992676,0
2014-10-16,186.270004272,0
2014-10-17,188.470001221,0
2014-10-20,190.300003052,0
2014-10-21,194.070007324,0
2014-10-22,192.690002441,0
2014-10-23,194.929992676,0
2014-10-24,196.429992676,0
2014-10-27,196.160003662,0
2014-10-28,198.410003662,0
2014-10-29,198.11000061,0
2014-10-30,199.380004883,0
2014-10-31,201.660003662,0
2014-11-03,201.770004272,0
2014-11-04,201.070007324,0
2014-11-05,202.339996338,0
2014-11-06,203.149993896,0
2014-11-07,203.339996338,0
2014-11-10,203.979995728,0
2014-11-11,204.179992676,0
2014-11-12,203.960006714,0
2014-11-13,204.190002441,0
2014-11-14,204.240005493,0
2014-11-17,204.369995117,0
2014-11-18,205.550003052,0
2014-11-19,205.220001221,0
2014-11-20,205.580001831,0
2014-11-21,206.679992676,0
2014-11-24,207.259994507,0
2014-11-25,207.11000061,0
2014-11-26,207.63999939,0
2014-11-28,207.199996948,0
2014-12-01,205.759994507,0
2014-12-02,207.089996338,0
2014-12-03,207.88999939,0
2014-12-04,207.660003662,0
2014-12-05,208,0
2014-12-08,206.61000061,0
2014-12-09,206.470001221,0
2014-12-10,203.160003662,0
2014-12-11,204.190002441,0
2014-12-12,200.88999939,0
2014-12-15,199.509994507,0
2014-12-16,197.910003662,0
2014-12-17,201.789993286,0
2014-12-18,206.779998779,0
2014-12-19,206.520004272,1.135
2014-12-22,207.470001221,0
2014-12-23,207.75,0
2014-12-24,207.770004272,0
2014-12-26,208.440002441,0
2014-12-29,208.720001221,0
2014-12-30,207.600006104,0
2014-12-31,205.539993286,0
2015-01-02,205.429992676,0
2015-01-05,201.720001221,0
2015-01-06,199.820007324,0
2015-01-07,202.309997559,0
2015-01-08,205.899993896,0
2015-01-09,204.25,0
2015-01-12,202.649993896,0
2015-01-13,202.080001831,0
2015-01-14,200.86000061,0
2015-01-15,199.020004272,0
2015-01-16,201.630004883,0
2015-01-20,202.059997559,0
2015-01-21,203.080001831,0
2015-01-22,206.100006104,0
2015-01-23,204.970001221,0
2015-01-26,205.449996948,0
2015-01-27,202.740005493,0
2015-01-28,200.13999939,0
2015-01-29,201.990005493,0
2015-01-30,199.449996948,0
2015-02-02,201.919998169,0
2015-02-03,204.839996338,0
2015-02-04,204.059997559,0
2015-02-05,206.119995117,0
2015-02-06,205.550003052,0
2015-02-09,204.630004883,0
2015-02-10,206.809997559,0
2015-02-11,206.929992676,0
2015-02-12,208.919998169,0
2015-02-13,209.779998779,0
2015-02-17,210.11000061,0
2015-02-18,210.130004883,0
2015-02-19,209.979995728,0
2015-02-20,211.240005493,0
2015-02-23,211.210006714,0
2015-02-24,211.809997559,0
2015-02-25,211.630004883,0
2015-02-26,211.380004883,0
2015-02-27,210.660003662,0
2015-03-02,211.990005493,0
2015-03-03,211.119995117,0
2015-03-04,210.229995728,0
2015-03-05,210.460006714,0
2015-03-06,207.5,0
2015-03-09,208.36000061,0
2015-03-10,204.979995728,0
2015-03-11,204.5,0
2015-03-12,207.100006104,0
2015-03-13,205.830001831,0
2015-03-16,208.580001831,0
2015-03-17,207.960006714,0
2015-03-18,210.460006714,0
2015-03-19,209.5,0
2015-03-20,210.410003662,0.931
2015-03-23,210,0
2015-03-24,208.820007324,0
2015-03-25,205.759994507,0
2015-03-26,205.270004272,0
2015-03-27,205.740005493,0
2015-03-30,208.25,0
2015-03-31,206.429992676,0
2015-04-01,205.699996948,0
2015-04-02,206.440002441,0
2015-04-06,207.830001831,0
2015-04-07,207.279998779,0
2015-04-08,207.979995728,0
2015-04-09,208.899993896,0
2015-04-10,210.039993286,0
2015-04-13,209.089996338,0
2015-04-14,209.490005493,0
2015-04-15,210.429992676,0
2015-04-16,210.369995117,0
2015-04-17,207.949996948,0
2015-04-20,209.850006104,0
2015-04-21,209.600006104,0
2015-04-22,210.630004883,0
2015-04-23,211.160003662,0
2015-04-24,211.649993896,0
2015-04-27,210.770004272,0
2015-04-28,211.440002441,0
2015-04-29,210.570007324,0
2015-04-30,208.460006714,0
2015-05-01,210.720001221,0
2015-05-04,211.320007324,0
2015-05-05,208.899993896,0
2015-05-06,208.039993286,0
2015-05-07,208.869995117,0
2015-05-08,211.619995117,0
2015-05-11,210.61000061,0
2015-05-12,209.979995728,0
2015-05-13,210.020004272,0
2015-05-14,212.210006714,0
2015-05-15,212.440002441,0
2015-05-18,213.100006104,0
2015-05-19,213.029998779,0
2015-05-20,212.880004883,0
2015-05-21,213.5,0
2015-05-22,212.990005493,0
2015-05-26,210.699996948,0
2015-05-27,212.699996948,0
2015-05-28,212.460006714,0
2015-05-29,211.13999939,0
2015-06-01,211.570007324,0
2015-06-02,211.36000061,0
2015-06-03,211.919998169,0
2015-06-04,210.130004883,0
2015-06-05,209.770004272,0
2015-06-08,208.479995728,0
2015-06-09,208.449996948,0
2015-06-10,210.949996948,0
2015-06-11,211.630004883,0
2015-06-12,210.009994507,0
2015-06-15,209.11000061,0
2015-06-16,210.25,0
2015-06-17,210.589996338,0
2015-06-18,212.779998779,0
2015-06-19,210.809997559,1.03
2015-06-22,211.88999939,0
2015-06-23,212.039993286,0
2015-06-24,210.5,0
2015-06-25,209.86000061,0
2015-06-26,209.820007324,0
2015-06-29,205.419998169,0
2015-06-30,205.850006104,0
2015-07-01,207.5,0
2015-07-02,207.309997559,0
2015-07-06,206.720001221,0
2015-07-07,208.020004272,0
2015-07-08,204.529998779,0
2015-07-09,204.899993896,0
2015-07-10,207.479995728,0
2015-07-13,209.770004272,0
2015-07-14,210.679992676,0
2015-07-15,210.61000061,0
2015-07-16,212.300003052,0
2015-07-17,212.479995728,0
2015-07-20,212.589996338,0
2015-07-21,211.75,0
2015-07-22,211.369995117,0
2015-07-23,210.179992676,0
2015-07-24,208,0
2015-07-27,206.789993286,0
2015-07-28,209.330001831,0
2015-07-29,210.770004272,0
2015-07-30,210.820007324,0
2015-07-31,210.5,0
2015-08-03,209.789993286,0
2015-08-04,209.380004883,0
2015-08-05,210.070007324,0
2015-08-06,208.350006104,0
2015-08-07,207.949996948,0
2015-08-10,210.570007324,0
2015-08-11,208.669998169,0
2015-08-12,208.919998169,0
2015-08-13,208.660003662,0
2015-08-14,209.419998169,0
2015-08-17,210.589996338,0
2015-08-18,209.979995728,0
2015-08-19,208.320007324,0
2015-08-20,203.970001221,0
2015-08-21,197.830001831,0
2015-08-24,189.5,0
2015-08-25,187.270004272,0
2015-08-26,194.460006714,0
2015-08-27,199.270004272,0
2015-08-28,199.279998779,0
2015-08-31,197.669998169,0
2015-09-01,191.770004272,0
2015-09-02,195.410003662,0
2015-09-03,195.550003052,0
2015-09-04,192.589996338,0
2015-09-08,197.429992676,0
2015-09-09,194.789993286,0
2015-09-10,195.850006104,0
2015-09-11,196.740005493,0
2015-09-14,196.009994507,0
2015-09-15,198.460006714,0
2015-09-16,200.179992676,0
2015-09-17,199.729995728,0
2015-09-18,195.449996948,1.033
2015-09-21,196.460006714,0
2015-09-22,193.910003662,0
2015-09-23,193.600006104,0
2015-09-24,192.899993896,0
2015-09-25,192.850006104,0
2015-09-28,188.009994507,0
2015-09-29,188.119995117,0
2015-09-30,191.630004883,0
2015-10-01,192.130004883,0
2015-10-02,195,0
2015-10-05,198.470001221,0
2015-10-06,197.789993286,0
2015-10-07,199.410003662,0
2015-10-08,201.210006714,0
2015-10-09,201.330001831,0
2015-10-12,201.520004272,0
2015-10-13,200.25,0
2015-10-14,199.289993286,0
2015-10-15,202.350006104,0
2015-10-16,203.270004272,0
2015-10-19,203.369995117,0
2015-10-20,203.11000061,0
2015-10-21,201.850006104,0
2015-10-22,205.259994507,0
2015-10-23,207.509994507,0
2015-10-26,207,0
2015-10-27,206.600006104,0
2015-10-28,208.949996948,0
2015-10-29,208.830001831,0
2015-10-30,207.929992676,0
2015-11-02,210.38999939,0
2015-11-03,211,0
2015-11-04,210.36000061,0
2015-11-05,210.149993896,0
2015-11-06,210.039993286,0
2015-11-09,208.080001831,0
2015-11-10,208.559997559,0
2015-11-11,207.740005493,0
2015-11-12,204.839996338,0
2015-11-13,202.539993286,0
2015-11-16,205.619995117,0
2015-11-17,205.470001221,0
2015-11-18,208.729995728,0
2015-11-19,208.550003052,0
2015-11-20,209.309997559,0
2015-11-23,209.070007324,0
2015-11-24,209.350006104,0
2015-11-25,209.320007324,0
2015-11-27,209.559997559,0
2015-11-30,208.690002441,0
2015-12-01,210.679992676,0
2015-12-02,208.529998779,0
2015-12-03,205.61000061,0
2015-12-04,209.619995117,0
2015-12-07,208.350006104,0
2015-12-08,206.949996948,0
2015-12-09,205.339996338,0
2015-12-10,205.869995117,0
2015-12-11,201.880004883,0
2015-12-14,202.899993896,0
2015-12-15,205.029998779,0
2015-12-16,208.029998779,0
2015-12-17,204.86000061,0
2015-12-18,200.020004272,1.212
2015-12-21,201.669998169,0
2015-12-22,203.5,0
2015-12-23,206.020004272,0
2015-12-24,205.679992676,0
2015-12-28,205.210006714,0
2015-12-29,207.399993896,0
2015-12-30,205.929992676,0
2015-12-31,203.869995117,0
2016-01-04,201.020004272,0
2016-01-05,201.36000061,0
2016-01-06,198.820007324,0
2016-01-07,194.050003052,0
2016-01-08,191.919998169,0
2016-01-11,192.11000061,0
2016-01-12,193.660003662,0
2016-01-13,188.830001831,0
2016-01-14,191.929992676,0
2016-01-15,187.809997559,0
2016-01-19,188.059997559,0
2016-01-20,185.649993896,0
2016-01-21,186.690002441,0
2016-01-22,190.520004272,0
2016-01-25,187.63999939,0
2016-01-26,190.199996948,0
2016-01-27,188.130004883,0
2016-01-28,189.11000061,0
2016-01-29,193.720001221,0
2016-02-01,193.649993896,0
2016-02-02,190.160003662,0
2016-02-03,191.300003052,0
2016-02-04,191.600006104,0
2016-02-05,187.949996948,0
2016-02-08,185.419998169,0
2016-02-09,185.429992676,0
2016-02-10,185.270004272,0
2016-02-11,182.86000061,0
2016-02-12,186.630004883,0
2016-02-16,189.779998779,0
2016-02-17,192.880004883,0
2016-02-18,192.089996338,0
2016-02-19,192,0
2016-02-22,194.779998779,0
2016-02-23,192.320007324,0
2016-02-24,193.199996948,0
2016-02-25,195.539993286,0
2016-02-26,195.089996338,0
2016-02-29,193.559997559,0
2016-03-01,198.11000061,0
2016-03-02,199,0
2016-03-03,199.779998779,0
2016-03-04,200.429992676,0
2016-03-07,200.589996338,0
2016-03-08,198.399993896,0
2016-03-09,199.380004883,0
2016-03-10,199.539993286,0
2016-03-11,202.759994507,0
2016-03-14,202.5,0
2016-03-15,202.169998169,0
2016-03-16,203.339996338,0
2016-03-17,204.630004883,0
2016-03-18,204.380004883,1.05
2016-03-21,204.669998169,0
2016-03-22,204.559997559,0
2016-03-23,203.210006714,0
2016-03-24,203.119995117,0
2016-03-28,203.240005493,0
2016-03-29,205.119995117,0
2016-03-30,206.020004272,0
2016-03-31,205.520004272,0
2016-04-01,206.919998169,0
2016-04-04,206.25,0
2016-04-05,204.190002441,0
2016-04-06,206.419998169,0
2016-04-07,203.949996948,0
2016-04-08,204.5,0
2016-04-11,204.020004272,0
2016-04-12,205.919998169,0
2016-04-13,208,0
2016-04-14,208.009994507,0
2016-04-15,207.779998779,0
2016-04-18,209.240005493,0
2016-04-19,209.899993896,0
2016-04-20,210.100006104,0
2016-04-21,208.970001221,0
2016-04-22,208.970001221,0
2016-04-25,208.61000061,0
2016-04-26,208.919998169,0
2016-04-27,209.350006104,0
2016-04-28,207.449996948,0
2016-04-29,206.330001831,0
2016-05-02,207.970001221,0
2016-05-03,206.160003662,0
2016-05-04,205.009994507,0
2016-05-05,204.970001221,0
2016-05-06,205.720001221,0
2016-05-09,205.88999939,0
2016-05-10,208.449996948,0
2016-05-11,206.5,0
2016-05-12,206.559997559,0
2016-05-13,204.759994507,0
2016-05-16,206.779998779,0
2016-05-17,204.850006104,0
2016-05-18,204.910003662,0
2016-05-19,204.199996948,0
2016-05-20,205.490005493,0
2016-05-23,205.210006714,0
2016-05-24,207.869995117,0
2016-05-25,209.279998779,0
2016-05-26,209.339996338,0
2016-05-27,210.240005493,0
2016-05-31,209.839996338,0
2016-06-01,210.270004272,0
2016-06-02,210.910003662,0
2016-06-03,210.279998779,0
2016-06-06,211.350006104,0
2016-06-07,211.679992676,0
2016-06-08,212.369995117,0
2016-06-09,212.080001831,0
2016-06-10,210.070007324,0
2016-06-13,208.449996948,0
2016-06-14,208.039993286,0
2016-06-15,207.75,0
2016-06-16,208.369995117,0
2016-06-17,206.520004272,1.078
2016-06-20,207.850006104,0
2016-06-21,208.440002441,0
2016-06-22,208.100006104,0
2016-06-23,210.809997559,0
2016-06-24,203.240005493,0
2016-06-27,199.600006104,0
2016-06-28,203.199996948,0
2016-06-29,206.660003662,0
2016-06-30,209.479995728,0
2016-07-01,209.919998169,0
2016-07-05,208.410003662,0
2016-07-06,209.660003662,0
2016-07-07,209.529998779,0
2016-07-08,212.649993896,0
2016-07-11,213.399993896,0
2016-07-12,214.949996948,0
2016-07-13,214.919998169,0
2016-07-14,216.119995117,0
2016-07-15,215.830001831,0
2016-07-18,216.410003662,0
2016-07-19,216.190002441,0
2016-07-20,217.089996338,0
2016-07-21,216.270004272,0
2016-07-22,217.240005493,0
2016-07-25,216.649993896,0
2016-07-26,216.75,0
2016-07-27,216.520004272,0
2016-07-28,216.770004272,0
2016-07-29,217.119995117,0
2016-08-01,216.940002441,0
2016-08-02,215.550003052,0
2016-08-03,216.179992676,0
2016-08-04,216.410003662,0
2016-08-05,218.179992676,0
2016-08-08,218.050003052,0
2016-08-09,218.179992676,0
2016-08-10,217.63999939,0
2016-08-11,218.649993896,0
2016-08-12,218.460006714,0
2016-08-15,219.089996338,0
2016-08-16,217.960006714,0
2016-08-17,218.369995117,0
2016-08-18,218.86000061,0
2016-08-19,218.539993286,0
2016-08-22,218.529998779,0
2016-08-23,218.970001221,0
2016-08-24,217.850006104,0
2016-08-25,217.699996948,0
2016-08-26,217.289993286,0
2016-08-29,218.36000061,0
2016-08-30,218,0
2016-08-31,217.380004883,0
2016-09-01,217.38999939,0
2016-09-02,218.369995117,0
2016-09-06,219.029998779,0
2016-09-07,219.009994507,0
2016-09-08,218.509994507,0
2016-09-09,213.279998779,0
2016-09-12,216.339996338,0
2016-09-13,213.229995728,0
2016-09-14,213.149993896,0
2016-09-15,215.279998779,0
2016-09-16,213.369995117,1.082
2016-09-19,213.410003662,0
2016-09-20,213.419998169,0
2016-09-21,215.820007324,0
2016-09-22,217.179992676,0
2016-09-23,215.990005493,0
2016-09-26,214.240005493,0
2016-09-27,215.570007324,0
2016-09-28,216.63999939,0
2016-09-29,214.679992676,0
2016-09-30,216.300003052,0
2016-10-03,215.779998779,0
2016-10-04,214.679992676,0
2016-10-05,215.630004883,0
2016-10-06,215.779998779,0
2016-10-07,215.039993286,0
2016-10-10,216.160003662,0
2016-10-11,213.429992676,0
2016-10-12,213.710006714,0
2016-10-13,213.009994507,0
2016-10-14,213.119995117,0
2016-10-17,212.380004883,0
2016-10-18,213.710006714,0
2016-10-19,214.279998779,0
2016-10-20,213.880004883,0
2016-10-21,213.979995728,0
2016-10-24,214.88999939,0
2016-10-25,214.169998169,0
2016-10-26,213.740005493,0
2016-10-27,213.169998169,0
2016-10-28,212.539993286,0
2016-10-31,212.550003052,0
2016-11-01,211.009994507,0
2016-11-02,209.740005493,0
2016-11-03,208.779998779,0
2016-11-04,208.550003052,0
2016-11-07,213.149993896,0
2016-11-08,214.11000061,0
2016-11-09,216.380004883,0
2016-11-10,216.919998169,0
2016-11-11,216.419998169,0
2016-11-14,216.589996338,0
2016-11-15,218.279998779,0
2016-11-16,217.869995117,0
2016-11-17,218.990005493,0
2016-11-18,218.5,0
2016-11-21,220.149993896,0
2016-11-22,220.580001831,0
2016-11-23,220.699996948,0
2016-11-25,221.520004272,0
2016-11-28,220.479995728,0
2016-11-29,220.910003662,0
2016-11-30,220.380004883,0
2016-12-01,219.570007324,0
2016-12-02,219.679992676,0
2016-12-05,221,0
2016-12-06,221.699996948,0
2016-12-07,224.600006104,0
2016-12-08,225.149993896,0
2016-12-09,226.509994507,0
2016-12-12,226.25,0
2016-12-13,227.759994507,0
2016-12-14,225.880004883,0
2016-12-15,226.809997559,0
2016-12-16,225.039993286,1.329
2016-12-19,225.529998779,0
2016-12-20,226.399993896,0
2016-12-21,225.770004272,0
2016-12-22,225.380004883,0
2016-12-23,225.710006714,0
2016-12-27,226.270004272,0
2016-12-28,224.399993896,0
2016-12-29,224.350006104,0
2016-12-30,223.529998779,0
2017-01-03,225.240005493,0
2017-01-04,226.580001831,0
2017-01-05,226.399993896,0
2017-01-06,227.210006714,0
2017-01-09,226.460006714,0
2017-01-10,226.460006714,0
2017-01-11,227.100006104,0
2017-01-12,226.529998779,0
2017-01-13,227.050003052,0
2017-01-17,226.25,0
2017-01-18,226.75,0
2017-01-19,225.910003662,0
2017-01-20,226.740005493,0
2017-01-23,226.149993896,0
2017-01-24,227.600006104,0
2017-01-25,229.570007324,0
2017-01-26,229.330001831,0
2017-01-27,228.970001221,0
2017-01-30,227.550003052,0
2017-01-31,227.529998779,0
2017-02-01,227.619995117,0
2017-02-02,227.770004272,0
2017-02-03,229.339996338,0
2017-02-06,228.929992676,0
2017-02-07,228.940002441,0
2017-02-08,229.240005493,0
2017-02-09,230.600006104,0
2017-02-10,231.509994507,0
2017-02-13,232.770004272,0
2017-02-14,233.699996948,0
2017-02-15,234.919998169,0
2017-02-16,234.720001221,0
2017-02-17,235.089996338,0
2017-02-21,236.490005493,0
2017-02-22,236.279998779,0
2017-02-23,236.440002441,0
2017-02-24,236.740005493,0
2017-02-27,237.11000061,0
2017-02-28,236.470001221,0
2017-03-01,239.779998779,0
2017-03-02,238.270004272,0
2017-03-03,238.419998169,0
2017-03-06,237.710006714,0
2017-03-07,237,0
2017-03-08,236.559997559,0
2017-03-09,236.86000061,0
2017-03-10,237.690002441,0
2017-03-13,237.809997559,0
2017-03-14,236.899993896,0
2017-03-15,238.949996948,0
2017-03-16,238.479995728,0
2017-03-17,237.029998779,1.033
2017-03-20,236.770004272,0
2017-03-21,233.729995728,0
2017-03-22,234.279998779,0
2017-03-23,234.029998779,0
2017-03-24,233.86000061,0
2017-03-27,233.619995117,0
2017-03-28,235.320007324,0
2017-03-29,235.539993286,0
2017-03-30,236.289993286,0
2017-03-31,235.740005493,0
2017-04-03,235.330001831,0
2017-04-04,235.479995728,0
2017-04-05,234.779998779,0
2017-04-06,235.440002441,0
2017-04-07,235.199996948,0
2017-04-10,235.339996338,0
2017-04-11,235.059997559,0
2017-04-12,234.029998779,0
2017-04-13,232.509994507,0
2017-04-17,234.570007324,0
2017-04-18,233.869995117,0
2017-04-19,233.440002441,0
2017-04-20,235.339996338,0
2017-04-21,234.589996338,0
2017-04-24,237.169998169,0
2017-04-25,238.550003052,0
2017-04-26,238.399993896,0
2017-04-27,238.600006104,0
2017-04-28,238.080001831,0
2017-05-01,238.679992676,0
2017-05-02,238.770004272,0
2017-05-03,238.479995728,0
2017-05-04,238.759994507,0
2017-05-05,239.699996948,0
2017-05-08,239.660003662,0
2017-05-09,239.440002441,0
2017-05-10,239.869995117,0
2017-05-11,239.380004883,0
2017-05-12,238.979995728,0
2017-05-15,240.300003052,0
2017-05-16,240.080001831,0
2017-05-17,235.820007324,0
2017-05-18,236.770004272,0
2017-05-19,238.309997559,0
2017-05-22,239.520004272,0
2017-05-23,240.050003052,0
2017-05-24,240.61000061,0
2017-05-25,241.759994507,0
2017-05-26,241.710006714,0
2017-05-30,241.5,0
2017-05-31,241.440002441,0
2017-06-01,243.36000061,0
2017-06-02,244.169998169,0
2017-06-05,243.990005493,0
2017-06-06,243.210006714,0
2017-06-07,243.660003662,0
2017-06-08,243.779998779,0
2017-06-09,243.410003662,0
2017-06-12,243.36000061,0
2017-06-13,244.550003052,0
2017-06-14,244.240005493,0
2017-06-15,243.770004272,0
2017-06-16,242.63999939,1.183
2017-06-19,244.660003662,0
2017-06-20,243.009994507,0
2017-06-21,242.949996948,0
2017-06-22,242.839996338,0
2017-06-23,243.130004883,0
2017-06-26,243.289993286,0
2017-06-27,241.330001831,0
2017-06-28,243.490005493,0
2017-06-29,241.350006104,0
2017-06-30,241.800003052,0
2017-07-03,242.210006714,0
2017-07-05,242.770004272,0
2017-07-06,240.550003052,0
2017-07-07,242.11000061,0
2017-07-10,242.369995117,0
2017-07-11,242.190002441,0
2017-07-12,244.009994507,0
2017-07-13,244.419998169,0
2017-07-14,245.559997559,0
2017-07-17,245.529998779,0
2017-07-18,245.660003662,0
2017-07-19,246.990005493,0
2017-07-20,247.100006104,0
2017-07-21,246.880004883,0
2017-07-24,246.820007324,0
2017-07-25,247.419998169,0
2017-07-26,247.429992676,0
2017-07-27,247.199996948,0
2017-07-28,246.910003662,0
2017-07-31,246.770004272,0
2017-08-01,247.320007324,0
2017-08-02,247.440002441,0
2017-08-03,246.960006714,0
2017-08-04,247.410003662,0
2017-08-07,247.869995117,0
2017-08-08,247.259994507,0
2017-08-09,247.25,0
2017-08-10,243.759994507,0
2017-08-11,244.119995117,0
2017-08-14,246.539993286,0
2017-08-15,246.509994507,0
2017-08-16,246.940002441,0
2017-08-17,243.089996338,0
2017-08-18,242.710006714,0
2017-08-21,242.899993896,0
2017-08-22,245.440002441,0
2017-08-23,244.559997559,0
2017-08-24,243.990005493,0
2017-08-25,244.559997559,0
2017-08-28,244.570007324,0
2017-08-29,244.850006104,0
2017-08-30,246.009994507,0
2017-08-31,247.490005493,0
2017-09-01,247.839996338,0
2017-09-05,246.059997559,0
2017-09-06,246.899993896,0
2017-09-07,246.869995117,0
2017-09-08,246.580001831,0
2017-09-11,249.210006714,0
2017-09-12,250.050003052,0
2017-09-13,250.169998169,0
2017-09-14,250.089996338,0
2017-09-15,249.190002441,1.235
2017-09-18,249.720001221,0
2017-09-19,249.970001221,0
2017-09-20,250.059997559,0
2017-09-21,249.38999939,0
2017-09-22,249.440002441,0
2017-09-25,248.929992676,0
2017-09-26,249.080001831,0
2017-09-27,250.050003052,0
2017-09-28,250.350006104,0
2017-09-29,251.229995728,0
2017-10-02,252.320007324,0
2017-10-03,252.86000061,0
2017-10-04,253.160003662,0
2017-10-05,254.660003662,0
2017-10-06,254.369995117,0
2017-10-09,253.949996948,0
2017-10-10,254.619995117,0
2017-10-11,255.020004272,0
2017-10-12,254.63999939,0
2017-10-13,254.949996948,0
2017-10-16,255.289993286,0
2017-10-17,255.470001221,0
2017-10-18,255.720001221,0
2017-10-19,255.789993286,0
2017-10-20,257.109985352,0
2017-10-23,256.109985352,0
2017-10-24,256.559997559,0
2017-10-25,255.289993286,0
2017-10-26,255.619995117,0
2017-10-27,257.709991455,0
2017-10-30,256.75,0
2017-10-31,257.149993896,0
2017-11-01,257.489990234,0
2017-11-02,257.589996338,0
2017-11-03,258.450012207,0
2017-11-06,258.850006104,0
2017-11-07,258.670013428,0
2017-11-08,259.109985352,0
2017-11-09,258.170013428,0
2017-11-10,258.089996338,0
2017-11-13,258.329986572,0
2017-11-14,257.730010986,0
2017-11-15,256.440002441,0
2017-11-16,258.619995117,0
2017-11-17,257.859985352,0
2017-11-20,258.299987793,0
2017-11-21,259.989990234,0
2017-11-22,259.760009766,0
2017-11-24,260.359985352,0
2017-11-27,260.230010986,0
2017-11-28,262.869995117,0
2017-11-29,262.709991455,0
2017-11-30,265.010009766,0
2017-12-01,264.459991455,0
2017-12-04,264.140014648,0
2017-12-05,263.190002441,0
2017-12-06,263.239990234,0
2017-12-07,264.070007324,0
2017-12-08,265.510009766,0
2017-12-11,266.309997559,0
2017-12-12,266.779998779,0
2017-12-13,266.75,0
2017-12-14,265.660003662,0
2017-12-15,266.510009766,1.351
2017-12-18,268.200012207,0
2017-12-19,267.170013428,0
2017-12-20,267.029998779,0
2017-12-21,267.579986572,0
2017-12-22,267.510009766,0
2017-12-26,267.190002441,0
2017-12-27,267.320007324,0
2017-12-28,267.869995117,0
2017-12-29,266.859985352,0
2018-01-02,268.769989014,0
2018-01-03,270.470001221,0
2018-01-04,271.609985352,0
2018-01-05,273.420013428,0
2018-01-08,273.920013428,0
2018-01-09,274.540008545,0
2018-01-10,274.119995117,0
2018-01-11,276.119995117,0
2018-01-12,277.920013428,0
2018-01-16,276.970001221,0
2018-01-17,279.609985352,0
2018-01-18,279.140014648,0
2018-01-19,280.410003662,0
2018-01-22,282.690002441,0
2018-01-23,283.290008545,0
2018-01-24,283.179992676,0
2018-01-25,283.299987793,0
2018-01-26,286.579986572,0
2018-01-29,284.679992676,0
2018-01-30,281.760009766,0
2018-01-31,281.899993896,0
2018-02-01,281.579986572,0
2018-02-02,275.450012207,0
2018-02-05,263.929992676,0
2018-02-06,269.130004883,0
2018-02-07,267.670013428,0
2018-02-08,257.630004883,0
2018-02-09,261.5,0
2018-02-12,265.339996338,0
2018-02-13,266,0
2018-02-14,269.589996338,0
2018-02-15,273.029998779,0
2018-02-16,273.109985352,0
2018-02-20,271.399993896,0
2018-02-21,270.049987793,0
2018-02-22,270.399993896,0
2018-02-23,274.709991455,0
2018-02-26,277.899993896,0
2018-02-27,274.429992676,0
2018-02-28,271.649993896,0
2018-03-01,267.700012207,0
2018-03-02,269.079986572,0
2018-03-05,272.190002441,0
2018-03-06,272.880004883,0
2018-03-07,272.779998779,0
2018-03-08,274.100006104,0
2018-03-09,278.869995117,0
2018-03-12,278.519989014,0
2018-03-13,276.720001221,0
2018-03-14,275.299987793,0
2018-03-15,275,0
2018-03-16,274.200012207,1.097
2018-03-19,270.489990234,0
2018-03-20,270.950012207,0
2018-03-21,270.429992676,0
2018-03-22,263.670013428,0
2018-03-23,258.049987793,0
2018-03-26,265.109985352,0
2018-03-27,260.600006104,0
2018-03-28,259.829986572,0
2018-03-29,263.149993896,0
2018-04-02,257.470001221,0
2018-04-03,260.769989014,0
2018-04-04,263.559997559,0
2018-04-05,265.640014648,0
2018-04-06,259.720001221,0
2018-04-09,261,0
2018-04-10,265.149993896,0
2018-04-11,263.760009766,0
2018-04-12,265.929992676,0
2018-04-13,265.149993896,0
2018-04-16,267.329986572,0
2018-04-17,270.190002441,0
2018-04-18,270.390014648,0
2018-04-19,268.890014648,0
2018-04-20,266.609985352,0
2018-04-23,266.570007324,0
2018-04-24,262.980010986,0
2018-04-25,263.630004883,0
2018-04-26,266.309997559,0
2018-04-27,266.559997559,0
2018-04-30,264.510009766,0
2018-05-01,264.980010986,0
2018-05-02,263.200012207,0
2018-05-03,262.619995117,0
2018-05-04,266.019989014,0
2018-05-07,266.920013428,0
2018-05-08,266.920013428,0
2018-05-09,269.5,0
2018-05-10,272.019989014,0
2018-05-11,272.850006104,0
2018-05-14,272.980010986,0
2018-05-15,271.100006104,0
2018-05-16,272.239990234,0
2018-05-17,272.010009766,0
2018-05-18,271.329986572,0
2018-05-21,273.369995117,0
2018-05-22,272.609985352,0
2018-05-23,273.359985352,0
2018-05-24,272.799987793,0
2018-05-25,272.149993896,0
2018-05-29,269.019989014,0
2018-05-30,272.609985352,0
2018-05-31,270.940002441,0
2018-06-01,273.600006104,0
2018-06-04,274.899993896,0
2018-06-05,275.100006104,0
2018-06-06,277.399993896,0
2018-06-07,277.369995117,0
2018-06-08,278.190002441,0
2018-06-11,278.559997559,0
2018-06-12,278.920013428,0
2018-06-13,278.029998779,0
2018-06-14,278.730010986,0
2018-06-15,277.130004883,1.246
2018-06-18,276.559997559,0
2018-06-19,275.5,0
2018-06-20,275.970001221,0
2018-06-21,274.239990234,0
2018-06-22,274.739990234,0
2018-06-25,271,0
2018-06-26,271.600006104,0
2018-06-27,269.350006104,0
2018-06-28,270.890014648,0
2018-06-29,271.279998779,0
2018-07-02,271.859985352,0
2018-07-03,270.899993896,0
2018-07-05,273.109985352,0
2018-07-06,275.420013428,0
2018-07-09,277.899993896,0
2018-07-10,278.899993896,0
2018-07-11,276.859985352,0
2018-07-12,279.369995117,0
2018-07-13,279.589996338,0
2018-07-16,279.339996338,0
2018-07-17,280.470001221,0
2018-07-18,281.059997559,0
2018-07-19,280,0
2018-07-20,279.679992676,0
2018-07-23,280.200012207,0
2018-07-24,281.609985352,0
2018-07-25,284.010009766,0
2018-07-26,283.339996338,0
2018-07-27,281.420013428,0
2018-07-30,279.950012207,0
2018-07-31,281.329986572,0
2018-08-01,280.859985352,0
2018-08-02,282.390014648,0
2018-08-03,283.600006104,0
2018-08-06,284.640014648,0
2018-08-07,285.579986572,0
2018-08-08,285.459991455,0
2018-08-09,285.070007324,0
2018-08-10,283.160003662,0
2018-08-13,282.100006104,0
2018-08-14,283.899993896,0
2018-08-15,281.779998779,0
2018-08-16,284.059997559,0
2018-08-17,285.059997559,0
2018-08-20,285.670013428,0
2018-08-21,286.339996338,0
2018-08-22,286.170013428,0
2018-08-23,285.790008545,0
2018-08-24,287.510009766,0
2018-08-27,289.779998779,0
2018-08-28,289.920013428,0
2018-08-29,291.480010986,0
2018-08-30,290.299987793,0
2018-08-31,290.309997559,0
2018-09-04,289.809997559,0
2018-09-05,289.029998779,0
2018-09-06,288.160003662,0
2018-09-07,287.600006104,0
2018-09-10,288.100006104,0
2018-09-11,289.049987793,0
2018-09-12,289.119995117,0
2018-09-13,290.829986572,0
2018-09-14,290.880004883,0
2018-09-17,289.339996338,0
2018-09-18,290.910003662,0
2018-09-19,291.220001221,0
2018-09-20,293.579986572,0
2018-09-21,291.989990234,1.323
2018-09-24,291.019989014,0
2018-09-25,290.75,0
2018-09-26,289.880004883,0
2018-09-27,290.690002441,0
2018-09-28,290.720001221,0
2018-10-01,291.730010986,0
2018-10-02,291.559997559,0
2018-10-03,291.720001221,0
2018-10-04,289.440002441,0
2018-10-05,287.820007324,0
2018-10-08,287.820007324,0
2018-10-09,287.399993896,0
2018-10-10,278.299987793,0
2018-10-11,272.170013428,0
2018-10-12,275.950012207,0
2018-10-15,274.399993896,0
2018-10-16,280.399993896,0
2018-10-17,280.450012207,0
2018-10-18,276.399993896,0
2018-10-19,276.25,0
2018-10-22,275.010009766,0
2018-10-23,273.609985352,0
2018-10-24,265.320007324,0
2018-10-25,270.079986572,0
2018-10-26,265.329986572,0
2018-10-29,263.859985352,0
2018-10-30,267.769989014,0
2018-10-31,270.630004883,0
2018-11-01,273.510009766,0
2018-11-02,271.890014648,0
2018-11-05,273.390014648,0
2018-11-06,275.119995117,0
2018-11-07,281.010009766,0
2018-11-08,280.5,0
2018-11-09,277.760009766,0
2018-11-12,272.570007324,0
2018-11-13,272.059997559,0
2018-11-14,270.200012207,0
2018-11-15,273.019989014,0
2018-11-16,273.730010986,0
2018-11-19,269.100006104,0
2018-11-20,264.119995117,0
2018-11-21,265.019989014,0
2018-11-23,263.25,0
2018-11-26,267.5,0
2018-11-27,268.399993896,0
2018-11-28,274.579986572,0
2018-11-29,273.980010986,0
2018-11-30,275.649993896,0
2018-12-03,279.299987793,0
2018-12-04,270.25,0
2018-12-06,269.839996338,0
2018-12-07,263.570007324,0
2018-12-10,264.070007324,0
2018-12-11,264.130004883,0
2018-12-12,265.459991455,0
2018-12-13,265.369995117,0
2018-12-14,260.470001221,0
2018-12-17,255.36000061,0
2018-12-18,255.080001831,0
2018-12-19,251.259994507,0
2018-12-20,247.169998169,0
2018-12-21,240.699996948,1.435
2018-12-24,234.339996338,0
2018-12-26,246.179992676,0
2018-12-27,248.070007324,0
2018-12-28,247.75,0
2018-12-31,249.919998169,0
2019-01-02,250.179992676,0
2019-01-03,244.210006714,0
2019-01-04,252.38999939,0
2019-01-07,254.380004883,0
2019-01-08,256.769989014,0
2019-01-09,257.970001221,0
2019-01-10,258.880004883,0
2019-01-11,258.980010986,0
2019-01-14,257.399993896,0
2019-01-15,260.350006104,0
2019-01-16,260.980010986,0
2019-01-17,262.959991455,0
2019-01-18,266.459991455,0
2019-01-22,262.859985352,0
2019-01-23,263.410003662,0
2019-01-24,263.549987793,0
2019-01-25,265.779998779,0
2019-01-28,263.760009766,0
2019-01-29,263.410003662,0
2019-01-30,267.579986572,0
2019-01-31,269.929992676,0
2019-02-01,270.059997559,0
2019-02-04,271.959991455,0
2019-02-05,273.100006104,0
2019-02-06,272.739990234,0
2019-02-07,270.140014648,0
2019-02-08,270.470001221,0
2019-02-11,270.619995117,0
2019-02-12,274.100006104,0
2019-02-13,274.989990234,0
2019-02-14,274.380004883,0
2019-02-15,277.369995117,0
2019-02-19,277.850006104,0
2019-02-20,278.410003662,0
2019-02-21,277.420013428,0
2019-02-22,279.140014648,0
2019-02-25,279.519989014,0
2019-02-26,279.320007324,0
2019-02-27,279.200012207,0
2019-02-28,278.679992676,0
2019-03-01,280.420013428,0
2019-03-04,279.399993896,0
2019-03-05,279.019989014,0
2019-03-06,277.329986572,0
2019-03-07,275.010009766,0
2019-03-08,274.459991455,0
2019-03-11,278.440002441,0
2019-03-12,279.489990234,0
2019-03-13,281.339996338,0
2019-03-14,281.160003662,0
2019-03-15,281.309997559,1.233
2019-03-18,282.329986572,0
2019-03-19,282.399993896,0
2019-03-20,281.549987793,0
2019-03-21,284.730010986,0
2019-03-22,279.25,0
2019-03-25,279.040008545,0
2019-03-26,281.119995117,0
2019-03-27,279.649993896,0
2019-03-28,280.709991455,0
2019-03-29,282.480010986,0
2019-04-01,285.829986572,0
2019-04-02,285.970001221,0
2019-04-03,286.420013428,0
2019-04-04,287.179992676,0
2019-04-05,288.570007324,0
2019-04-08,288.790008545,0
2019-04-09,287.309997559,0
2019-04-10,288.290008545,0
2019-04-11,288.209991455,0
2019-04-12,290.160003662,0
2019-04-15,289.970001221,0
2019-04-16,290.160003662,0
2019-04-17,289.450012207,0
2019-04-18,290.019989014,0
2019-04-22,290.269989014,0
2019-04-23,292.880004883,0
2019-04-24,292.230010986,0
2019-04-25,292.049987793,0
2019-04-26,293.410003662,0
2019-04-29,293.869995117,0
2019-04-30,294.019989014,0
2019-05-01,291.809997559,0
2019-05-02,291.179992676,0
2019-05-03,294.029998779,0
2019-05-06,292.820007324,0
2019-05-07,287.929992676,0
2019-05-08,287.529998779,0
2019-05-09,286.660003662,0
2019-05-10,288.100006104,0
2019-05-13,280.859985352,0
2019-05-14,283.399993896,0
2019-05-15,285.059997559,0
2019-05-16,287.700012207,0
2019-05-17,285.839996338,0
2019-05-20,283.950012207,0
2019-05-21,286.510009766,0
2019-05-22,285.630004883,0
2019-05-23,282.140014648,0
2019-05-24,282.779998779,0
2019-05-28,280.149993896,0
2019-05-29,278.269989014,0
2019-05-30,279.029998779,0
2019-05-31,275.269989014,0
2019-06-03,274.570007324,0
2019-06-04,280.529998779,0
2019-06-05,282.959991455,0
2019-06-06,284.799987793,0
2019-06-07,287.649993896,0
2019-06-10,288.970001221,0
2019-06-11,288.899993896,0
2019-06-12,288.390014648,0
2019-06-13,289.579986572,0
2019-06-14,289.260009766,0
2019-06-17,289.369995117,0
2019-06-18,292.399993896,0
2019-06-19,293.059997559,0
2019-06-20,295.859985352,0
2019-06-21,294,1.432
2019-06-24,293.640014648,0
2019-06-25,290.760009766,0
2019-06-26,290.470001221,0
2019-06-27,291.5,0
2019-06-28,293,0
2019-07-01,295.660003662,0
2019-07-02,296.429992676,0
2019-07-03,298.799987793,0
2019-07-05,298.459991455,0
2019-07-08,296.820007324,0
2019-07-09,297.190002441,0
2019-07-10,298.609985352,0
2019-07-11,299.309997559,0
2019-07-12,300.649993896,0
2019-07-15,300.75,0
2019-07-16,299.779998779,0
2019-07-17,297.739990234,0
2019-07-18,298.829986572,0
2019-07-19,297.170013428,0
2019-07-22,297.899993896,0
2019-07-23,300.029998779,0
2019-07-24,301.440002441,0
2019-07-25,300,0
2019-07-26,302.010009766,0
2019-07-29,301.459991455,0
2019-07-30,300.720001221,0
2019-07-31,297.429992676,0
2019-08-01,294.839996338,0
2019-08-02,292.619995117,0
2019-08-05,283.820007324,0
2019-08-06,287.799987793,0
2019-08-07,287.970001221,0
2019-08-08,293.619995117,0
2019-08-09,291.619995117,0
2019-08-12,288.070007324,0
2019-08-13,292.549987793,0
2019-08-14,283.899993896,0
2019-08-15,284.649993896,0
2019-08-16,288.850006104,0
2019-08-19,292.329986572,0
2019-08-20,290.089996338,0
2019-08-21,292.450012207,0
2019-08-22,292.359985352,0
2019-08-23,284.850006104,0
2019-08-26,288,0
2019-08-27,286.869995117,0
2019-08-28,288.890014648,0
2019-08-29,292.579986572,0
2019-08-30,292.450012207,0
2019-09-03,290.739990234,0
2019-09-04,294.040008545,0
2019-09-05,297.820007324,0
2019-09-06,298.049987793,0
2019-09-09,298.200012207,0
2019-09-10,298.130004883,0
2019-09-11,300.25,0
2019-09-12,301.290008545,0
2019-09-13,301.089996338,0
2019-09-16,300.160003662,0
2019-09-17,300.920013428,0
2019-09-18,301.100006104,0
2019-09-19,301.079986572,0
2019-09-20,298.279998779,1.384
2019-09-23,298.209991455,0
2019-09-24,295.869995117,0
2019-09-25,297.619995117,0
2019-09-26,297,0
2019-09-27,295.399993896,0
2019-09-30,296.769989014,0
2019-10-01,293.239990234,0
2019-10-02,288.059997559,0
2019-10-03,290.420013428,0
2019-10-04,294.350006104,0
2019-10-07,293.079986572,0
2019-10-08,288.529998779,0
2019-10-09,291.269989014,0
2019-10-10,293.239990234,0
2019-10-11,296.279998779,0
2019-10-14,295.950012207,0
2019-10-15,298.880004883,0
2019-10-16,298.399993896,0
2019-10-17,299.279998779,0
2019-10-18,297.970001221,0
2019-10-21,299.989990234,0
2019-10-22,299.010009766,0
2019-10-23,299.880004883,0
2019-10-24,300.369995117,0
2019-10-25,301.600006104,0
2019-10-28,303.299987793,0
2019-10-29,303.209991455,0
2019-10-30,304.140014648,0
2019-10-31,303.329986572,0
2019-11-01,306.140014648,0
2019-11-04,307.369995117,0
2019-11-05,307.029998779,0
2019-11-06,307.100006104,0
2019-11-07,308.179992676,0
2019-11-08,308.940002441,0
2019-11-11,308.350006104,0
2019-11-12,309,0
2019-11-13,309.100006104,0
2019-11-14,309.549987793,0
2019-11-15,311.790008545,0
2019-11-18,312.019989014,0
2019-11-19,311.929992676,0
2019-11-20,310.769989014,0
2019-11-21,310.269989014,0
2019-11-22,310.959991455,0
2019-11-25,313.369995117,0
2019-11-26,314.079986572,0
2019-11-27,315.480010986,0
2019-11-29,314.309997559,0
2019-12-02,311.640014648,0
2019-12-03,309.549987793,0
2019-12-04,311.459991455,0
2019-12-05,312.019989014,0
2019-12-06,314.869995117,0
2019-12-09,313.880004883,0
2019-12-10,313.529998779,0
2019-12-11,314.420013428,0
2019-12-12,317.130004883,0
2019-12-13,317.320007324,0
2019-12-16,319.5,0
2019-12-17,319.570007324,0
2019-12-18,319.589996338,0
2019-12-19,320.899993896,0
2019-12-20,320.730010986,1.57
2019-12-23,321.220001221,0
2019-12-24,321.230010986,0
2019-12-26,322.940002441,0
2019-12-27,322.859985352,0
2019-12-30,321.079986572,0
2019-12-31,321.859985352,0
2020-01-02,324.869995117,0
2020-01-03,322.410003662,0
2020-01-06,323.640014648,0
2020-01-07,322.730010986,0
2020-01-08,324.450012207,0
2020-01-09,326.649993896,0
2020-01-10,325.709991455,0
2020-01-13,327.950012207,0
2020-01-14,327.450012207,0
2020-01-15,328.190002441,0
2020-01-16,330.920013428,0
2020-01-17,331.950012207,0
2020-01-21,331.299987793,0
2020-01-22,331.339996338,0
2020-01-23,331.720001221,0
2020-01-24,328.769989014,0
2020-01-27,323.5,0
2020-01-28,326.890014648,0
2020-01-29,326.619995117,0
2020-01-30,327.679992676,0
2020-01-31,321.730010986,0
2020-02-03,324.119995117,0
2020-02-04,329.059997559,0
2020-02-05,332.859985352,0
2020-02-06,333.980010986,0
2020-02-07,332.200012207,0
2020-02-10,334.679992676,0
2020-02-11,335.260009766,0
2020-02-12,337.420013428,0
2020-02-13,337.059997559,0
2020-02-14,337.600006104,0
2020-02-18,336.730010986,0
2020-02-19,338.339996338,0
2020-02-20,336.950012207,0
2020-02-21,333.480010986,0
2020-02-24,322.420013428,0
2020-02-25,312.649993896,0
2020-02-26,311.5,0
2020-02-27,297.510009766,0
2020-02-28,296.260009766,0
2020-03-02,309.089996338,0
2020-03-03,300.239990234,0
2020-03-04,312.859985352,0
2020-03-05,302.459991455,0
2020-03-06,297.459991455,0
2020-03-09,274.230010986,0
2020-03-10,288.420013428,0
2020-03-11,274.359985352,0
2020-03-12,248.11000061,0
2020-03-13,269.320007324,0
2020-03-16,239.850006104,0
2020-03-17,252.800003052,0
2020-03-18,240,0
2020-03-19,240.509994507,0
2020-03-20,228.800003052,1.406
2020-03-23,222.949996948,0
2020-03-24,243.149993896,0
2020-03-25,246.789993286,0
2020-03-26,261.200012207,0
2020-03-27,253.419998169,0
2020-03-30,261.649993896,0
2020-03-31,257.75,0
2020-04-01,246.149993896,0
2020-04-02,251.830001831,0
2020-04-03,248.190002441,0
2020-04-06,264.859985352,0
2020-04-07,265.130004883,0
2020-04-08,274.029998779,0
2020-04-09,278.200012207,0
2020-04-13,275.660003662,0
2020-04-14,283.790008545,0
2020-04-15,277.760009766,0
2020-04-16,279.100006104,0
2020-04-17,286.640014648,0
2020-04-20,281.589996338,0
2020-04-21,273.040008545,0
2020-04-22,279.100006104,0
2020-04-23,279.079986572,0
2020-04-24,282.970001221,0
2020-04-27,287.049987793,0
2020-04-28,285.730010986,0
2020-04-29,293.209991455,0
2020-04-30,290.480010986,0
2020-05-01,282.790008545,0
2020-05-04,283.570007324,0
2020-05-05,286.190002441,0
2020-05-06,284.25,0
2020-05-07,287.679992676,0
2020-05-08,292.440002441,0
2020-05-11,292.5,0
2020-05-12,286.670013428,0
2020-05-13,281.600006104,0
2020-05-14,284.970001221,0
2020-05-15,286.279998779,0
2020-05-18,295,0
2020-05-19,291.970001221,0
2020-05-20,296.929992676,0
2020-05-21,294.880004883,0
2020-05-22,295.440002441,0
2020-05-26,299.079986572,0
2020-05-27,303.529998779,0
2020-05-28,302.970001221,0
2020-05-29,304.320007324,0
2020-06-01,305.549987793,0
2020-06-02,308.079986572,0
2020-06-03,312.179992676,0
2020-06-04,311.359985352,0
2020-06-05,319.339996338,0
2020-06-08,323.200012207,0
2020-06-09,320.790008545,0
2020-06-10,319,0
2020-06-11,300.609985352,0
2020-06-12,304.209991455,0
2020-06-15,307.049987793,0
2020-06-16,312.959991455,0
2020-06-17,311.660003662,0
2020-06-18,311.779998779,0
2020-06-19,308.640014648,1.366
2020-06-22,310.619995117,0
2020-06-23,312.049987793,0
2020-06-24,304.089996338,0
2020-06-25,307.350006104,0
2020-06-26,300.049987793,0
2020-06-29,304.459991455,0
2020-06-30,308.359985352,0
2020-07-01,310.519989014,0
2020-07-02,312.230010986,0
2020-07-06,317.049987793,0
2020-07-07,313.779998779,0
2020-07-08,316.179992676,0
2020-07-09,314.380004883,0
2020-07-10,317.589996338,0
2020-07-13,314.839996338,0
2020-07-14,318.920013428,0
2020-07-15,321.850006104,0
2020-07-16,320.790008545,0
2020-07-17,321.720001221,0
2020-07-20,324.320007324,0
2020-07-21,325.010009766,0
2020-07-22,326.859985352,0
2020-07-23,322.959991455,0
2020-07-24,320.880004883,0
2020-07-27,323.220001221,0
2020-07-28,321.170013428,0
2020-07-29,325.119995117,0
2020-07-30,323.959991455,0
2020-07-31,326.519989014,0
2020-08-03,328.790008545,0
2020-08-04,330.059997559,0
2020-08-05,332.109985352,0
2020-08-06,334.329986572,0
2020-08-07,334.570007324,0
2020-08-10,335.570007324,0
2020-08-11,332.799987793,0
2020-08-12,337.440002441,0
2020-08-13,336.829986572,0
2020-08-14,336.839996338,0
2020-08-17,337.910003662,0
2020-08-18,338.640014648,0
2020-08-19,337.230010986,0
2020-08-20,338.279998779,0
2020-08-21,339.480010986,0
2020-08-24,342.920013428,0
2020-08-25,344.119995117,0
2020-08-26,347.570007324,0
2020-08-27,348.329986572,0
2020-08-28,350.579986572,0
2020-08-31,349.309997559,0
2020-09-01,352.600006104,0
2020-09-02,357.700012207,0
2020-09-03,345.390014648,0
2020-09-04,342.570007324,0
2020-09-08,333.209991455,0
2020-09-09,339.790008545,0
2020-09-10,333.890014648,0
2020-09-11,334.059997559,0
2020-09-14,338.459991455,0
2020-09-15,340.170013428,0
2020-09-16,338.820007324,0
2020-09-17,335.839996338,0
2020-09-18,330.649993896,1.339
2020-09-21,326.970001221,0
2020-09-22,330.299987793,0
2020-09-23,322.640014648,0
2020-09-24,323.5,0
2020-09-25,328.730010986,0
2020-09-28,334.190002441,0
2020-09-29,332.369995117,0
2020-09-30,334.890014648,0
2020-10-01,337.040008545,0
2020-10-02,333.839996338,0
2020-10-05,339.760009766,0
2020-10-06,334.929992676,0
2020-10-07,340.760009766,0
2020-10-08,343.779998779,0
2020-10-09,346.850006104,0
2020-10-12,352.429992676,0
2020-10-13,350.130004883,0
2020-10-14,347.929992676,0
2020-10-15,347.5,0
2020-10-16,347.290008545,0
2020-10-19,342.010009766,0
2020-10-20,343.380004883,0
2020-10-21,342.730010986,0
2020-10-22,344.609985352,0
2020-10-23,345.779998779,0
2020-10-26,339.390014648,0
2020-10-27,338.220001221,0
2020-10-28,326.660003662,0
2020-10-29,329.980010986,0
2020-10-30,326.540008545,0
2020-11-02,330.200012207,0
2020-11-03,336.029998779,0
2020-11-04,343.540008545,0
2020-11-05,350.239990234,0
2020-11-06,350.160003662,0
2020-11-09,354.559997559,0
2020-11-10,354.040008545,0
2020-11-11,356.670013428,0
2020-11-12,353.209991455,0
2020-11-13,358.100006104,0
2020-11-16,362.570007324,0
2020-11-17,360.619995117,0
2020-11-18,356.279998779,0
2020-11-19,357.779998779,0
2020-11-20,355.329986572,0
2020-11-23,357.459991455,0
2020-11-24,363.220001221,0
2020-11-25,362.660003662,0
2020-11-27,363.670013428,0
2020-11-30,362.059997559,0
2020-12-01,366.019989014,0
2020-12-02,366.790008545,0
2020-12-03,366.690002441,0
2020-12-04,369.850006104,0
2020-12-07,369.089996338,0
2020-12-08,370.170013428,0
2020-12-09,366.850006104,0
2020-12-10,366.730010986,0
2020-12-11,366.299987793,0
2020-12-14,364.660003662,0
2020-12-15,369.589996338,0
2020-12-16,370.170013428,0
2020-12-17,372.239990234,0
2020-12-18,369.179992676,1.58
2020-12-21,367.859985352,0
2020-12-22,367.239990234,0
2020-12-23,367.570007324,0
2020-12-24,369,0
2020-12-28,372.170013428,0
2020-12-29,371.459991455,0
2020-12-30,371.989990234,0
2020-12-31,373.880004883,0
2021-01-04,368.790008545,0
2021-01-05,371.329986572,0
2021-01-06,373.549987793,0
2021-01-07,379.100006104,0
2021-01-08,381.260009766,0
2021-01-11,378.690002441,0
2021-01-12,378.769989014,0
2021-01-13,379.790008545,0
2021-01-14,378.459991455,0
2021-01-15,375.700012207,0
2021-01-19,378.649993896,0
2021-01-20,383.890014648,0
2021-01-21,384.239990234,0
2021-01-22,382.880004883,0
2021-01-25,384.390014648,0
2021-01-26,383.790008545,0
2021-01-27,374.410003662,0
2021-01-28,377.630004883,0
2021-01-29,370.070007324,0
2021-02-01,376.230010986,0
2021-02-02,381.549987793,0
2021-02-03,381.850006104,0
2021-02-04,386.190002441,0
2021-02-05,387.709991455,0
2021-02-08,390.510009766,0
2021-02-09,390.25,0
2021-02-10,390.079986572,0
2021-02-11,390.709991455,0
2021-02-12,392.640014648,0
2021-02-16,392.299987793,0
2021-02-17,392.390014648,0
2021-02-18,390.720001221,0
2021-02-19,390.029998779,0
2021-02-22,387.029998779,0
2021-02-23,387.5,0
2021-02-24,391.769989014,0
2021-02-25,382.329986572,0
2021-02-26,380.359985352,0
2021-03-01,389.579986572,0
2021-03-02,386.540008545,0
2021-03-03,381.420013428,0
2021-03-04,376.700012207,0
2021-03-05,383.630004883,0
2021-03-08,381.720001221,0
2021-03-09,387.170013428,0
2021-03-10,389.579986572,0
2021-03-11,393.529998779,0
2021-03-12,394.059997559,0
2021-03-15,396.410003662,0
2021-03-16,395.910003662,0
2021-03-17,397.260009766,0
2021-03-18,391.480010986,0
2021-03-19,389.480010986,1.278
2021-03-22,392.589996338,0
2021-03-23,389.5,0
2021-03-24,387.519989014,0
2021-03-25,389.700012207,0
2021-03-26,395.980010986,0
2021-03-29,395.779998779,0
2021-03-30,394.730010986,0
2021-03-31,396.329986572,0
2021-04-01,400.609985352,0
2021-04-05,406.359985352,0
2021-04-06,406.119995117,0
2021-04-07,406.589996338,0
2021-04-08,408.519989014,0
2021-04-09,411.489990234,0
2021-04-12,411.640014648,0
2021-04-13,412.859985352,0
2021-04-14,411.450012207,0
2021-04-15,415.869995117,0
2021-04-16,417.260009766,0
2021-04-19,415.209991455,0
2021-04-20,412.170013428,0
2021-04-21,416.070007324,0
2021-04-22,412.269989014,0
2021-04-23,416.739990234,0
2021-04-26,417.609985352,0
2021-04-27,417.519989014,0
2021-04-28,417.399993896,0
2021-04-29,420.059997559,0
2021-04-30,417.299987793,0
2021-05-03,418.200012207,0
2021-05-04,415.619995117,0
2021-05-05,415.75,0
2021-05-06,419.070007324,0
2021-05-07,422.119995117,0
2021-05-10,417.940002441,0
2021-05-11,414.209991455,0
2021-05-12,405.410003662,0
2021-05-13,410.279998779,0
2021-05-14,416.579986572,0
2021-05-17,415.519989014,0
2021-05-18,411.940002441,0
2021-05-19,410.859985352,0
2021-05-20,415.279998779,0
2021-05-21,414.940002441,0
2021-05-24,419.170013428,0
2021-05-25,418.239990234,0
2021-05-26,419.070007324,0
2021-05-27,419.290008545,0
2021-05-28,420.040008545,0
2021-06-01,419.670013428,0
2021-06-02,420.329986572,0
2021-06-03,418.769989014,0
2021-06-04,422.600006104,0
2021-06-07,422.190002441,0
2021-06-08,422.279998779,0
2021-06-09,421.649993896,0
2021-06-10,423.609985352,0
2021-06-11,424.309997559,0
2021-06-14,425.260009766,0
2021-06-15,424.480010986,0
2021-06-16,422.109985352,0
2021-06-17,421.970001221,0
2021-06-18,414.920013428,1.376
2021-06-21,420.859985352,0
2021-06-22,423.109985352,0
2021-06-23,422.600006104,0
2021-06-24,425.100006104,0
2021-06-25,426.609985352,0
2021-06-28,427.470001221,0
2021-06-29,427.700012207,0
2021-06-30,428.059997559,0
2021-07-01,430.429992676,0
2021-07-02,433.720001221,0
2021-07-06,432.929992676,0
2021-07-07,434.459991455,0
2021-07-08,430.920013428,0
2021-07-09,435.519989014,0
2021-07-12,437.079986572,0
2021-07-13,435.589996338,0
2021-07-14,436.239990234,0
2021-07-15,434.75,0
2021-07-16,431.339996338,0
2021-07-19,424.970001221,0
2021-07-20,431.059997559,0
2021-07-21,434.549987793,0
2021-07-22,435.459991455,0
2021-07-23,439.940002441,0
2021-07-26,441.019989014,0
2021-07-27,439.010009766,0
2021-07-28,438.829986572,0
2021-07-29,440.649993896,0
2021-07-30,438.510009766,0
2021-08-02,437.589996338,0
2021-08-03,441.149993896,0
2021-08-04,438.980010986,0
2021-08-05,441.760009766,0
2021-08-06,442.489990234,0
2021-08-09,442.130004883,0
2021-08-10,442.679992676,0
2021-08-11,443.779998779,0
2021-08-12,445.109985352,0
2021-08-13,445.920013428,0
2021-08-16,446.970001221,0
2021-08-17,444.040008545,0
2021-08-18,439.179992676,0
2021-08-19,439.859985352,0
2021-08-20,443.359985352,0
2021-08-23,447.260009766,0
2021-08-24,447.970001221,0
2021-08-25,448.910003662,0
2021-08-26,446.260009766,0
2021-08-27,450.25,0
2021-08-30,452.230010986,0
2021-08-31,451.559997559,0
2021-09-01,451.799987793,0
2021-09-02,453.190002441,0
2021-09-03,453.079986572,0
2021-09-07,451.459991455,0
2021-09-08,450.910003662,0
2021-09-09,448.980010986,0
2021-09-10,445.440002441,0
2021-09-13,446.579986572,0
2021-09-14,444.170013428,0
2021-09-15,447.880004883,0
2021-09-16,447.170013428,0
2021-09-17,441.399993896,1.428
2021-09-20,434.040008545,0
2021-09-21,433.630004883,0
2021-09-22,437.859985352,0
2021-09-23,443.179992676,0
2021-09-24,443.910003662,0
2021-09-27,442.640014648,0
2021-09-28,433.720001221,0
2021-09-29,434.450012207,0
2021-09-30,429.140014648,0
2021-10-01,434.239990234,0
2021-10-04,428.640014648,0
2021-10-05,433.100006104,0
2021-10-06,434.899993896,0
2021-10-07,438.660003662,0
2021-10-08,437.859985352,0
2021-10-11,434.690002441,0
2021-10-12,433.619995117,0
2021-10-13,435.179992676,0
2021-10-14,442.5,0
2021-10-15,445.869995117,0
2021-10-18,447.190002441,0
2021-10-19,450.640014648,0
2021-10-20,452.410003662,0
2021-10-21,453.589996338,0
2021-10-22,453.119995117,0
2021-10-25,455.549987793,0
2021-10-26,455.959991455,0
2021-10-27,453.940002441,0
2021-10-28,458.320007324,0
2021-10-29,459.25,0
2021-11-01,460.040008545,0
2021-11-02,461.899993896,0
2021-11-03,464.720001221,0
2021-11-04,466.910003662,0
2021-11-05,468.529998779,0
2021-11-08,468.929992676,0
2021-11-09,467.380004883,0
2021-11-10,463.619995117,0
2021-11-11,463.769989014,0
2021-11-12,467.269989014,0
2021-11-15,467.429992676,0
2021-11-16,469.279998779,0
2021-11-17,468.140014648,0
2021-11-18,469.730010986,0
2021-11-19,468.890014648,0
2021-11-22,467.570007324,0
2021-11-23,468.190002441,0
2021-11-24,469.440002441,0
2021-11-26,458.970001221,0
2021-11-29,464.600006104,0
2021-11-30,455.559997559,0
2021-12-01,450.5,0
2021-12-02,457.399993896,0
2021-12-03,453.420013428,0
2021-12-06,458.790008545,0
2021-12-07,468.279998779,0
2021-12-08,469.519989014,0
2021-12-09,466.350006104,0
2021-12-10,470.739990234,0
2021-12-13,466.570007324,0
2021-12-14,463.359985352,0
2021-12-15,470.600006104,0
2021-12-16,466.450012207,0
2021-12-17,459.869995117,1.633
2021-12-20,454.980010986,0
2021-12-21,463.059997559,0
2021-12-22,467.690002441,0
2021-12-23,470.600006104,0
2021-12-27,477.260009766,0
2021-12-28,476.869995117,0
2021-12-29,477.480010986,0
2021-12-30,476.160003662,0
2021-12-31,474.959991455,0
2022-01-03,477.709991455,0
2022-01-04,477.549987793,0
2022-01-05,468.380004883,0
2022-01-06,467.940002441,0
2022-01-07,466.089996338,0
2022-01-10,465.510009766,0
2022-01-11,469.75,0
2022-01-12,471.019989014,0
2022-01-13,464.529998779,0
2022-01-14,464.720001221,0
2022-01-18,456.489990234,0
2022-01-19,451.75,0
2022-01-20,446.75,0
2022-01-21,437.980010986,0
2022-01-24,439.839996338,0
2022-01-25,434.470001221,0
2022-01-26,433.380004883,0
2022-01-27,431.239990234,0
2022-01-28,441.950012207,0
2022-01-31,449.910003662,0
2022-02-01,452.950012207,0
2022-02-02,457.350006104,0
2022-02-03,446.600006104,0
2022-02-04,448.700012207,0
2022-02-07,447.260009766,0
2022-02-08,450.940002441,0
2022-02-09,457.540008545,0
2022-02-10,449.320007324,0
2022-02-11,440.459991455,0
2022-02-14,439.019989014,0
2022-02-15,446.100006104,0
2022-02-16,446.600006104,0
2022-02-17,437.059997559,0
2022-02-18,434.230010986,0
2022-02-22,429.570007324,0
2022-02-23,421.950012207,0
2022-02-24,428.299987793,0
2022-02-25,437.75,0
2022-02-28,436.630004883,0
2022-03-01,429.980010986,0
2022-03-02,437.890014648,0
2022-03-03,435.709991455,0
2022-03-04,432.170013428,0
2022-03-07,419.429992676,0
2022-03-08,416.25,0
2022-03-09,427.410003662,0
2022-03-10,425.480010986,0
2022-03-11,420.070007324,0
2022-03-14,417,0
2022-03-15,426.170013428,0
2022-03-16,435.619995117,0
2022-03-17,441.070007324,0
2022-03-18,444.519989014,1.366
2022-03-21,444.390014648,0
2022-03-22,449.589996338,0
2022-03-23,443.799987793,0
2022-03-24,450.489990234,0
2022-03-25,452.690002441,0
2022-03-28,455.910003662,0
2022-03-29,461.549987793,0
2022-03-30,458.700012207,0
2022-03-31,451.640014648,0
2022-04-01,452.920013428,0
2022-04-04,456.799987793,0
2022-04-05,451.029998779,0
2022-04-06,446.519989014,0
2022-04-07,448.769989014,0
2022-04-08,447.570007324,0
2022-04-11,439.920013428,0
2022-04-12,438.290008545,0
2022-04-13,443.309997559,0
2022-04-14,437.790008545,0
2022-04-18,437.970001221,0
2022-04-19,445.040008545,0
2022-04-20,444.709991455,0
2022-04-21,438.059997559,0
2022-04-22,426.040008545,0
2022-04-25,428.510009766,0
2022-04-26,416.100006104,0
2022-04-27,417.269989014,0
2022-04-28,427.809997559,0
2022-04-29,412,0
2022-05-02,414.480010986,0
2022-05-03,416.380004883,0
2022-05-04,429.059997559,0
2022-05-05,413.809997559,0
2022-05-06,411.339996338,0
2022-05-09,398.170013428,0
2022-05-10,399.089996338,0
2022-05-11,392.75,0
2022-05-12,392.339996338,0
2022-05-13,401.720001221,0
2022-05-16,400.089996338,0
2022-05-17,408.320007324,0
2022-05-18,391.859985352,0
2022-05-19,389.459991455,0
2022-05-20,389.630004883,0
2022-05-23,396.920013428,0
2022-05-24,393.890014648,0
2022-05-25,397.369995117,0
2022-05-26,405.309997559,0
2022-05-27,415.260009766,0
2022-05-31,412.929992676,0
2022-06-01,409.589996338,0
2022-06-02,417.390014648,0
2022-06-03,410.540008545,0
2022-06-06,411.790008545,0
2022-06-07,415.739990234,0
2022-06-08,411.220001221,0
2022-06-09,401.440002441,0
2022-06-10,389.799987793,0
2022-06-13,375,0
2022-06-14,373.869995117,0
2022-06-15,379.200012207,0
2022-06-16,366.649993896,0
2022-06-17,365.859985352,1.577
2022-06-21,375.070007324,0
2022-06-22,374.390014648,0
2022-06-23,378.059997559,0
2022-06-24,390.079986572,0
2022-06-27,388.589996338,0
2022-06-28,380.649993896,0
2022-06-29,380.339996338,0
2022-06-30,377.25,0
2022-07-01,381.239990234,0
2022-07-05,381.959991455,0
2022-07-06,383.25,0
2022-07-07,388.989990234,0
2022-07-08,388.670013428,0
2022-07-11,384.230010986,0
2022-07-12,380.829986572,0
2022-07-13,378.829986572,0
2022-07-14,377.910003662,0
2022-07-15,385.130004883,0
2022-07-18,381.950012207,0
2022-07-19,392.269989014,0
2022-07-20,394.769989014,0
2022-07-21,398.790008545,0
2022-07-22,395.089996338,0
2022-07-25,395.570007324,0
2022-07-26,390.890014648,0
2022-07-27,401.040008545,0
2022-07-28,406.070007324,0
2022-07-29,411.989990234,0
2022-08-01,410.769989014,0
2022-08-02,408.059997559,0
2022-08-03,414.450012207,0
2022-08-04,414.170013428,0
2022-08-05,413.470001221,0
2022-08-08,412.989990234,0
2022-08-09,411.350006104,0
2022-08-10,419.989990234,0
2022-08-11,419.989990234,0
2022-08-12,427.100006104,0
2022-08-15,428.859985352,0
2022-08-16,429.700012207,0
2022-08-17,426.649993896,0
2022-08-18,427.890014648,0
2022-08-19,422.140014648,0
2022-08-22,413.350006104,0
2022-08-23,412.350006104,0
2022-08-24,413.670013428,0
2022-08-25,419.510009766,0
2022-08-26,405.309997559,0
2022-08-29,402.630004883,0
2022-08-30,398.209991455,0
2022-08-31,395.179992676,0
2022-09-01,396.420013428,0
2022-09-02,392.239990234,0
2022-09-06,390.760009766,0
2022-09-07,397.779998779,0
2022-09-08,400.380004883,0
2022-09-09,406.600006104,0
2022-09-12,410.970001221,0
2022-09-13,393.100006104,0
2022-09-14,394.600006104,0
2022-09-15,390.119995117,0
2022-09-16,385.559997559,1.596
2022-09-19,388.549987793,0
2022-09-20,384.089996338,0
2022-09-21,377.390014648,0
2022-09-22,374.220001221,0
2022-09-23,367.950012207,0
2022-09-26,364.309997559,0
2022-09-27,363.380004883,0
2022-09-28,370.529998779,0
2022-09-29,362.790008545,0
2022-09-30,357.179992676,0
2022-10-03,366.609985352,0
2022-10-04,377.970001221,0
2022-10-05,377.089996338,0
2022-10-06,373.200012207,0
2022-10-07,362.790008545,0
2022-10-10,360.019989014,0
2022-10-11,357.739990234,0
2022-10-12,356.559997559,0
2022-10-13,365.970001221,0
2022-10-14,357.630004883,0
2022-10-17,366.820007324,0
2022-10-18,371.130004883,0
2022-10-19,368.5,0
2022-10-20,365.410003662,0
2022-10-21,374.290008545,0
2022-10-24,378.869995117,0
2022-10-25,384.920013428,0
2022-10-26,382.019989014,0
2022-10-27,379.980010986,0
2022-10-28,389.019989014,0
2022-10-31,386.209991455,0
2022-11-01,384.519989014,0
2022-11-02,374.869995117,0
2022-11-03,371.010009766,0
2022-11-04,376.350006104,0
2022-11-07,379.950012207,0
2022-11-08,382,0
2022-11-09,374.130004883,0
2022-11-10,394.690002441,0
2022-11-11,398.510009766,0
2022-11-14,395.119995117,0
2022-11-15,398.489990234,0
2022-11-16,395.450012207,0
2022-11-17,394.239990234,0
2022-11-18,396.029998779,0
2022-11-21,394.589996338,0
2022-11-22,399.899993896,0
2022-11-23,402.420013428,0
2022-11-25,402.329986572,0
2022-11-28,395.910003662,0
2022-11-29,395.230010986,0
2022-11-30,407.679992676,0
2022-12-01,407.380004883,0
2022-12-02,406.910003662,0
2022-12-05,399.589996338,0
2022-12-06,393.829986572,0
2022-12-07,393.160003662,0
2022-12-08,396.239990234,0
2022-12-09,393.279998779,0
2022-12-12,398.950012207,0
2022-12-13,401.970001221,0
2022-12-14,399.399993896,0
2022-12-15,389.630004883,0
2022-12-16,383.269989014,1.781
2022-12-19,380.019989014,0
2022-12-20,380.540008545,0
2022-12-21,386.230010986,0
2022-12-22,380.720001221,0
2022-12-23,382.910003662,0
2022-12-27,381.399993896,0
2022-12-28,376.660003662,0
2022-12-29,383.440002441,0
2022-12-30,382.429992676,0
2023-01-03,380.820007324,0
2023-01-04,383.760009766,0
2023-01-05,379.380004883,0
2023-01-06,388.079986572,0
2023-01-09,387.859985352,0
2023-01-10,390.579986572,0
2023-01-11,395.519989014,0
2023-01-12,396.959991455,0
2023-01-13,398.5,0
2023-01-17,397.769989014,0
2023-01-18,391.489990234,0
2023-01-19,388.640014648,0
2023-01-20,395.880004883,0
2023-01-23,400.630004883,0
2023-01-24,400.200012207,0
2023-01-25,400.350006104,0
2023-01-26,404.75,0
2023-01-27,405.679992676,0
2023-01-30,400.589996338,0
2023-01-31,406.480010986,0
2023-02-01,410.799987793,0
2023-02-02,416.779998779,0
2023-02-03,412.350006104,0
2023-02-06,409.829986572,0
2023-02-07,415.190002441,0
2023-02-08,410.649993896,0
2023-02-09,407.089996338,0
2023-02-10,408.040008545,0
2023-02-13,412.829986572,0
2023-02-14,412.640014648,0
2023-02-15,413.980010986,0
2023-02-16,408.279998779,0
2023-02-17,407.260009766,0
2023-02-21,399.089996338,0
2023-02-22,398.540008545,0
2023-02-23,400.660003662,0
2023-02-24,396.380004883,0
2023-02-27,397.730010986,0
2023-02-28,396.260009766,0
2023-03-01,394.739990234,0
2023-03-02,397.809997559,0
2023-03-03,404.190002441,0
2023-03-06,404.470001221,0
2023-03-07,398.269989014,0
2023-03-08,398.920013428,0
2023-03-09,391.559997559,0
2023-03-10,385.910003662,0
2023-03-13,385.359985352,0
2023-03-14,391.730010986,0
2023-03-15,389.279998779,0
2023-03-16,396.109985352,0
2023-03-17,389.989990234,1.506
2023-03-20,393.739990234,0
2023-03-21,398.910003662,0
2023-03-22,392.109985352,0
2023-03-23,393.170013428,0
2023-03-24,395.75,0
2023-03-27,396.489990234,0
2023-03-28,395.600006104,0
2023-03-29,401.350006104,0
2023-03-30,403.700012207,0
2023-03-31,409.390014648,0
2023-04-03,410.950012207,0
2023-04-04,408.670013428,0
2023-04-05,407.600006104,0
2023-04-06,409.190002441,0
2023-04-10,409.609985352,0
2023-04-11,409.720001221,0
2023-04-12,408.049987793,0
2023-04-13,413.470001221,0
2023-04-14,412.459991455,0
2023-04-17,413.940002441,0
2023-04-18,414.209991455,0
2023-04-19,414.140014648,0
2023-04-20,411.880004883,0
2023-04-21,412.200012207,0
2023-04-24,412.630004883,0
2023-04-25,406.079986572,0
2023-04-26,404.359985352,0
2023-04-27,412.410003662,0
2023-04-28,415.929992676,0
2023-05-01,415.510009766,0
2023-05-02,410.839996338,0
2023-05-03,408.019989014,0
2023-05-04,405.130004883,0
2023-05-05,412.630004883,0
2023-05-08,412.739990234,0
2023-05-09,410.929992676,0
2023-05-10,412.850006104,0
2023-05-11,412.130004883,0
2023-05-12,411.589996338,0
2023-05-15,413.010009766,0
2023-05-16,410.25,0
2023-05-17,415.230010986,0
2023-05-18,419.230010986,0
2023-05-19,418.619995117,0
2023-05-22,418.790008545,0
2023-05-23,414.089996338,0
2023-05-24,411.089996338,0
2023-05-25,414.649993896,0
2023-05-26,420.019989014,0
2023-05-30,420.179992676,0
2023-05-31,417.850006104,0
2023-06-01,421.820007324,0
2023-06-02,427.920013428,0
2023-06-05,427.100006104,0
2023-06-06,428.029998779,0
2023-06-07,426.549987793,0
2023-06-08,429.130004883,0
2023-06-09,429.899993896,0
2023-06-12,433.799987793,0
2023-06-13,436.660003662,0
2023-06-14,437.179992676,0
2023-06-15,442.600006104,0
2023-06-16,439.459991455,1.638
2023-06-20,437.179992676,0
2023-06-21,434.940002441,0
2023-06-22,436.510009766,0
2023-06-23,433.209991455,0
2023-06-26,431.440002441,0
2023-06-27,436.170013428,0
2023-06-28,436.390014648,0
2023-06-29,438.109985352,0
2023-06-30,443.279998779,0
2023-07-03,443.790008545,0
2023-07-05,443.130004883,0
2023-07-06,439.660003662,0
2023-07-07,438.549987793,0
2023-07-10,439.660003662,0
2023-07-11,442.459991455,0
2023-07-12,446.019989014,0
2023-07-13,449.559997559,0
2023-07-14,449.279998779,0
2023-07-17,450.839996338,0
2023-07-18,454.190002441,0
2023-07-19,455.200012207,0
2023-07-20,452.179992676,0
2023-07-21,452.179992676,0
2023-07-24,454.200012207,0
2023-07-25,455.440002441,0
2023-07-26,455.510009766,0
2023-07-27,452.489990234,0
2023-07-28,456.920013428,0
2023-07-31,457.790008545,0
2023-08-01,456.480010986,0
2023-08-02,450.130004883,0
2023-08-03,448.839996338,0
2023-08-04,446.809997559,0
2023-08-07,450.709991455,0
2023-08-08,448.75,0
2023-08-09,445.75,0
2023-08-10,445.910003662,0
2023-08-11,445.649993896,0
2023-08-14,448.109985352,0
2023-08-15,442.890014648,0
2023-08-16,439.640014648,0
2023-08-17,436.290008545,0
2023-08-18,436.5,0
2023-08-21,439.339996338,0
2023-08-22,438.149993896,0
2023-08-23,443.029998779,0
2023-08-24,436.890014648,0
2023-08-25,439.970001221,0
2023-08-28,442.760009766,0
2023-08-29,449.160003662,0
2023-08-30,451.010009766,0
2023-08-31,450.350006104,0
2023-09-01,451.190002441,0
2023-09-05,449.239990234,0
2023-09-06,446.220001221,0
2023-09-07,444.850006104,0
2023-09-08,445.519989014,0
2023-09-11,448.450012207,0
2023-09-12,445.989990234,0
2023-09-13,446.510009766,0
2023-09-14,450.359985352,0
2023-09-15,443.369995117,1.583
2023-09-18,443.630004883,0
2023-09-19,442.709991455,0
2023-09-20,438.640014648,0
2023-09-21,431.390014648,0
2023-09-22,430.420013428,0
2023-09-25,432.230010986,0
2023-09-26,425.880004883,0
2023-09-27,426.049987793,0
2023-09-28,428.519989014,0
2023-09-29,427.480010986,0
2023-10-02,427.309997559,0
2023-10-03,421.589996338,0
2023-10-04,424.660003662,0
2023-10-05,424.5,0
2023-10-06,429.540008545,0
2023-10-09,432.290008545,0
2023-10-10,434.540008545,0
2023-10-11,436.320007324,0
2023-10-12,433.660003662,0
2023-10-13,431.5,0
2023-10-16,436.040008545,0
2023-10-17,436.019989014,0
2023-10-18,430.209991455,0
2023-10-19,426.429992676,0
2023-10-20,421.190002441,0
2023-10-23,420.459991455,0
2023-10-24,423.630004883,0
2023-10-25,417.549987793,0
2023-10-26,412.549987793,0
2023-10-27,410.679992676,0
2023-10-30,415.589996338,0
2023-10-31,418.200012207,0
2023-11-01,422.660003662,0
2023-11-02,430.760009766,0
2023-11-03,434.690002441,0
2023-11-06,435.690002441,0
2023-11-07,436.929992676,0
2023-11-08,437.25,0
2023-11-09,433.839996338,0
2023-11-10,440.609985352,0
2023-11-13,440.190002441,0
2023-11-14,448.730010986,0
2023-11-15,449.679992676,0
2023-11-16,450.230010986,0
2023-11-17,450.790008545,0
2023-11-20,454.260009766,0
2023-11-21,453.269989014,0
2023-11-22,455.019989014,0
2023-11-24,455.299987793,0
2023-11-27,454.480010986,0
2023-11-28,454.929992676,0
2023-11-29,454.609985352,0
2023-11-30,456.399993896,0
2023-12-01,459.100006104,0
2023-12-04,456.690002441,0
2023-12-05,456.600006104,0
2023-12-06,454.760009766,0
2023-12-07,458.230010986,0
2023-12-08,460.200012207,0
2023-12-11,461.989990234,0
2023-12-12,464.100006104,0
2023-12-13,470.5,0
2023-12-14,472.010009766,0
2023-12-15,469.329986572,1.906
2023-12-18,471.970001221,0
2023-12-19,474.839996338,0
2023-12-20,468.260009766,0
2023-12-21,472.700012207,0
2023-12-22,473.649993896,0
2023-12-26,475.649993896,0
2023-12-27,476.510009766,0
2023-12-28,476.690002441,0
2023-12-29,475.309997559,0
2024-01-02,472.649993896,0
2024-01-03,468.790008545,0
2024-01-04,467.279998779,0
2024-01-05,467.920013428,0
2024-01-08,474.600006104,0
2024-01-09,473.880004883,0
2024-01-10,476.559997559,0
2024-01-11,476.350006104,0
2024-01-12,476.679992676,0
2024-01-16,474.929992676,0
2024-01-17,472.290008545,0
2024-01-18,476.489990234,0
2024-01-19,482.429992676,0
2024-01-22,483.450012207,0
2024-01-23,484.859985352,0
2024-01-24,485.390014648,0
2024-01-25,488.029998779,0
2024-01-26,487.410003662,0
2024-01-29,491.269989014,0
2024-01-30,490.890014648,0
2024-01-31,482.880004883,0
2024-02-01,489.200012207,0
2024-02-02,494.350006104,0
2024-02-05,492.549987793,0
2024-02-06,493.980010986,0
2024-02-07,498.100006104,0
2024-02-08,498.320007324,0
2024-02-09,501.200012207,0
2024-02-12,500.980010986,0
2024-02-13,494.079986572,0
2024-02-14,498.570007324,0
2024-02-15,502.010009766,0
2024-02-16,499.510009766,0
2024-02-20,496.760009766,0
2024-02-21,497.209991455,0
2024-02-22,507.5,0
2024-02-23,507.850006104,0
2024-02-26,505.989990234,0
2024-02-27,506.929992676,0
2024-02-28,506.260009766,0
2024-02-29,508.079986572,0
2024-03-01,512.849975586,0
2024-03-04,512.299987793,0
2024-03-05,507.179992676,0
2024-03-06,509.75,0
2024-03-07,514.809997559,0
2024-03-08,511.720001221,0
2024-03-11,511.279998779,0
2024-03-12,516.780029297,0
2024-03-13,515.969970703,0
2024-03-14,514.950012207,0
2024-03-15,509.829986572,1.595
2024-03-18,512.859985352,0
2024-03-19,515.710021973,0
2024-03-20,520.479980469,0
2024-03-21,522.200012207,0
2024-03-22,521.210021973,0
2024-03-25,519.770019531,0
2024-03-26,518.809997559,0
2024-03-27,523.16998291,0
2024-03-28,523.070007324,0
2024-04-01,522.159973145,0
2024-04-02,518.840026855,0
2024-04-03,519.409973145,0
2024-04-04,513.070007324,0
2024-04-05,518.429992676,0
2024-04-08,518.719970703,0
2024-04-09,519.320007324,0
2024-04-10,514.119995117,0
2024-04-11,518,0
2024-04-12,510.850006104,0
2024-04-15,504.450012207,0
2024-04-16,503.529998779,0
2024-04-17,500.549987793,0
2024-04-18,499.519989014,0
2024-04-19,495.160003662,0
2024-04-22,499.720001221,0
2024-04-23,505.649993896,0
2024-04-24,505.410003662,0
2024-04-25,503.489990234,0
2024-04-26,508.260009766,0
2024-04-29,510.059997559,0
2024-04-30,501.980010986,0
2024-05-01,500.350006104,0
2024-05-02,505.029998779,0
2024-05-03,511.290008545,0
2024-05-06,516.570007324,0
2024-05-07,517.140014648,0
2024-05-08,517.190002441,0
2024-05-09,520.16998291,0
2024-05-10,520.840026855,0
2024-05-13,520.909973145,0
2024-05-14,523.299987793,0
2024-05-15,529.780029297,0
2024-05-16,528.690002441,0
2024-05-17,529.450012207,0
2024-05-20,530.059997559,0
2024-05-21,531.359985352,0
2024-05-22,529.83001709,0
2024-05-23,525.960021973,0
2024-05-24,529.440002441,0
2024-05-28,529.809997559,0
2024-05-29,526.099975586,0
2024-05-30,522.609985352,0
2024-05-31,527.369995117,0
2024-06-03,527.799987793,0
2024-06-04,528.390014648,0
2024-06-05,534.66998291,0
2024-06-06,534.659973145,0
2024-06-07,534.010009766,0
2024-06-10,535.659973145,0
2024-06-11,536.950012207,0
2024-06-12,541.359985352,0
2024-06-13,542.450012207,0
2024-06-14,542.780029297,0
2024-06-17,547.099975586,0
2024-06-18,548.489990234,0
2024-06-20,547,0
2024-06-21,544.510009766,1.759
2024-06-24,542.739990234,0
2024-06-25,544.83001709,0
2024-06-26,545.510009766,0
2024-06-27,546.369995117,0
2024-06-28,544.219970703,0
2024-07-01,545.340026855,0
2024-07-02,549.010009766,0
2024-07-03,551.460021973,0
2024-07-05,554.640014648,0
2024-07-08,555.280029297,0
2024-07-09,555.820007324,0
2024-07-10,561.320007324,0
2024-07-11,556.479980469,0
2024-07-12,559.989990234,0
2024-07-15,561.530029297,0
2024-07-16,564.859985352,0
2024-07-17,556.940002441,0
2024-07-18,552.659973145,0
2024-07-19,548.989990234,0
2024-07-22,554.650024414,0
2024-07-23,553.780029297,0
2024-07-24,541.229980469,0
2024-07-25,538.409973145,0
2024-07-26,544.440002441,0
2024-07-29,544.760009766,0
2024-07-30,542,0
2024-07-31,550.809997559,0
2024-08-01,543.010009766,0
2024-08-02,532.900024414,0
2024-08-05,517.380004883,0
2024-08-06,522.150024414,0
2024-08-07,518.659973145,0
2024-08-08,530.650024414,0
2024-08-09,532.989990234,0
2024-08-12,533.270019531,0
2024-08-13,542.039978027,0
2024-08-14,543.75,0
2024-08-15,553.070007324,0
2024-08-16,554.309997559,0
2024-08-19,559.609985352,0
2024-08-20,558.700012207,0
2024-08-21,560.619995117,0
2024-08-22,556.219970703,0
2024-08-23,562.130004883,0
2024-08-26,560.789978027,0
2024-08-27,561.559997559,0
2024-08-28,558.299987793,0
2024-08-29,558.349975586,0
2024-08-30,563.679992676,0
2024-09-03,552.08001709,0
2024-09-04,550.950012207,0
2024-09-05,549.609985352,0
2024-09-06,540.359985352,0
2024-09-09,546.409973145,0
2024-09-10,548.789978027,0
2024-09-11,554.41998291,0
2024-09-12,559.090026855,0
2024-09-13,562.010009766,0
2024-09-16,562.840026855,0
2024-09-17,563.070007324,0
2024-09-18,561.400024414,0
2024-09-19,570.979980469,0
2024-09-20,568.25,1.746
2024-09-23,569.66998291,0
2024-09-24,571.299987793,0
2024-09-25,570.039978027,0
2024-09-26,572.299987793,0
2024-09-27,571.469970703,0
2024-09-30,573.760009766,0
2024-10-01,568.619995117,0
2024-10-02,568.859985352,0
2024-10-03,567.820007324,0
2024-10-04,572.979980469,0
2024-10-07,567.799987793,0
2024-10-08,573.16998291,0
2024-10-09,577.140014648,0
2024-10-10,576.130004883,0
2024-10-11,579.58001709,0
2024-10-14,584.320007324,0
2024-10-15,579.780029297,0
2024-10-16,582.299987793,0
2024-10-17,582.349975586,0
2024-10-18,584.590026855,0
2024-10-21,583.630004883,0
2024-10-22,583.320007324,0
2024-10-23,577.989990234,0
2024-10-24,579.239990234,0
2024-10-25,579.039978027,0
2024-10-28,580.83001709,0
2024-10-29,581.770019531,0
2024-10-30,580.010009766,0
2024-10-31,568.640014648,0
2024-11-01,571.039978027,0
2024-11-04,569.809997559,0
2024-11-05,576.700012207,0
2024-11-06,591.039978027,0
2024-11-07,595.609985352,0
2024-11-08,598.190002441,0
2024-11-11,598.760009766,0
2024-11-12,596.900024414,0
2024-11-13,597.190002441,0
2024-11-14,593.349975586,0
2024-11-15,585.75,0
2024-11-18,588.150024414,0
2024-11-19,590.299987793,0
2024-11-20,590.5,0
2024-11-21,593.66998291,0
2024-11-22,595.510009766,0
2024-11-25,597.530029297,0
2024-11-26,600.650024414,0
2024-11-27,598.83001709,0
2024-11-29,602.549987793,0
2024-12-02,603.630004883,0
2024-12-03,603.909973145,0
2024-12-04,607.659973145,0
2024-12-05,606.659973145,0
2024-12-06,607.809997559,0
2024-12-09,604.679992676,0
2024-12-10,602.799987793,0
2024-12-11,607.460021973,0
2024-12-12,604.33001709,0
2024-12-13,604.210021973,0
2024-12-16,606.789978027,0
2024-12-17,604.289978027,0
2024-12-18,586.280029297,0
2024-12-19,586.099975586,0
2024-12-20,591.150024414,1.966
2024-12-23,594.690002441,0
2024-12-24,601.299987793,0
2024-12-26,601.340026855,0
2024-12-27,595.010009766,0
2024-12-30,588.219970703,0
2024-12-31,586.08001709,0
2025-01-02,584.640014648,0
2025-01-03,591.950012207,0
2025-01-06,595.359985352,0
2025-01-07,588.630004883,0
2025-01-08,589.489990234,0
2025-01-10,580.489990234,0
2025-01-13,581.390014648,0
2025-01-14,582.190002441,0
2025-01-15,592.780029297,0
2025-01-16,591.640014648,0
2025-01-17,597.58001709,0
2025-01-21,603.049987793,0
2025-01-22,606.440002441,0
2025-01-23,609.75,0
2025-01-24,607.969970703,0
2025-01-27,599.369995117,0
2025-01-28,604.520019531,0
2025-01-29,601.809997559,0
2025-01-30,605.039978027,0
2025-01-31,601.820007324,0
2025-02-03,597.770019531,0
2025-02-04,601.780029297,0
2025-02-05,604.219970703,0
2025-02-06,606.320007324,0
2025-02-07,600.770019531,0
2025-02-10,604.849975586,0
2025-02-11,605.309997559,0
2025-02-12,603.359985352,0
2025-02-13,609.729980469,0
2025-02-14,609.700012207,0
2025-02-18,611.489990234,0
2025-02-19,612.929992676,0
2025-02-20,610.380004883,0
2025-02-21,599.940002441,0
2025-02-24,597.210021973,0
2025-02-25,594.239990234,0
2025-02-26,594.539978027,0
2025-02-27,585.049987793,0
2025-02-28,594.179992676,0
2025-03-03,583.770019531,0
2025-03-04,576.859985352,0
2025-03-05,583.059997559,0
2025-03-06,572.710021973,0
2025-03-07,575.91998291,0
2025-03-10,560.58001709,0
2025-03-11,555.91998291,0
2025-03-12,558.869995117,0
2025-03-13,551.41998291,0
2025-03-14,562.809997559,0
2025-03-17,567.150024414,0
2025-03-18,561.020019531,0
2025-03-19,567.130004883,0
2025-03-20,565.489990234,0
2025-03-21,563.979980469,1.696
2025-03-24,574.08001709,0
2025-03-25,575.460021973,0
2025-03-26,568.590026855,0
2025-03-27,567.08001709,0
2025-03-28,555.659973145,0
2025-03-31,559.390014648,0
2025-04-01,560.969970703,0
2025-04-02,564.520019531,0
2025-04-03,536.700012207,0
2025-04-04,505.279998779,0
2025-04-07,504.380004883,0
2025-04-08,496.480010986,0
2025-04-09,548.619995117,0
2025-04-10,524.58001709,0
2025-04-11,533.940002441,0
2025-04-14,539.119995117,0
2025-04-15,537.609985352,0
2025-04-16,525.659973145,0
2025-04-17,526.409973145,0
2025-04-21,513.880004883,0
2025-04-22,527.25,0
2025-04-23,535.41998291,0
2025-04-24,546.690002441,0
2025-04-25,550.640014648,0
2025-04-28,550.849975586,0
2025-04-29,554.320007324,0
2025-04-30,554.539978027,0
2025-05-01,558.469970703,0
2025-05-02,566.760009766,0
2025-05-05,563.510009766,0
2025-05-06,558.799987793,0
2025-05-07,561.150024414,0
2025-05-08,565.059997559,0
2025-05-09,564.340026855,0
2025-05-12,582.989990234,0
2025-05-13,586.840026855,0
2025-05-14,587.590026855,0
2025-05-15,590.460021973,0
2025-05-16,594.200012207,0
2025-05-19,594.849975586,0
2025-05-20,592.849975586,0
2025-05-21,582.859985352,0
2025-05-22,583.090026855,0
2025-05-23,579.109985352,0
2025-05-27,591.150024414,0
2025-05-28,587.729980469,0
2025-05-29,590.049987793,0
2025-05-30,589.390014648,0
2025-06-02,592.710021973,0
2025-06-03,596.090026855,0
2025-06-04,595.929992676,0
2025-06-05,593.049987793,0
2025-06-06,599.140014648,0
2025-06-09,599.679992676,0
2025-06-10,603.08001709,0
2025-06-11,601.359985352,0
2025-06-12,603.75,0
2025-06-13,597,0
2025-06-16,602.679992676,0
2025-06-17,597.530029297,0
2025-06-18,597.440002441,0
2025-06-20,594.280029297,1.761
2025-06-23,600.150024414,0
2025-06-24,606.780029297,0
2025-06-25,607.119995117,0
2025-06-26,611.869995117,0
2025-06-27,614.909973145,0
2025-06-30,617.849975586,0
2025-07-01,617.650024414,0
2025-07-02,620.450012207,0
2025-07-03,625.340026855,0
2025-07-07,620.679992676,0
2025-07-08,620.340026855,0
2025-07-09,624.059997559,0
2025-07-10,625.820007324,0
2025-07-11,623.619995117,0
2025-07-14,624.809997559,0
2025-07-15,622.140014648,0
2025-07-16,624.219970703,0
2025-07-17,628.039978027,0
2025-07-18,627.58001709,0
2025-07-21,628.770019531,0
2025-07-22,628.859985352,0
2025-07-23,634.210021973,0
2025-07-24,634.41998291,0
2025-07-25,637.099975586,0
2025-07-28,636.940002441,0
2025-07-29,635.260009766,0
2025-07-30,634.460021973,0
2025-07-31,632.08001709,0
2025-08-01,621.719970703,0
2025-08-04,631.16998291,0
2025-08-05,627.969970703,0
2025-08-06,632.780029297,0
2025-08-07,632.25,0
2025-08-08,637.179992676,0
2025-08-11,635.91998291,0
2025-08-12,642.690002441,0
2025-08-13,644.890014648,0
2025-08-14,644.950012207,0
2025-08-15,643.440002441,0
2025-08-18,643.299987793,0
2025-08-19,639.809997559,0
2025-08-20,638.109985352,0
2025-08-21,635.549987793,0
2025-08-22,645.309997559,0
2025-08-25,642.469970703,0
2025-08-26,645.159973145,0
2025-08-27,646.630004883,0
2025-08-28,648.91998291,0
2025-08-29,645.049987793,0
2025-09-02,640.270019531,0
2025-09-03,643.739990234,0
2025-09-04,649.119995117,0
2025-09-05,647.239990234,0
2025-09-08,648.83001709,0
2025-09-09,650.33001709,0
2025-09-10,652.210021973,0
2025-09-11,657.630004883,0
2025-09-12,657.409973145,0
2025-09-15,660.909973145,0
2025-09-16,660,0
2025-09-17,659.179992676,0
2025-09-18,662.260009766,0
2025-09-19,663.700012207,1.831
2025-09-22,666.840026855,0
2025-09-23,663.210021973,0
2025-09-24,661.099975586,0
2025-09-25,658.049987793,0
2025-09-26,661.820007324,0
2025-09-29,663.679992676,0
2025-09-30,666.179992676,0
2025-10-01,668.450012207,0
2025-10-02,669.219970703,0
2025-10-03,669.210021973,0
2025-10-06,671.609985352,0
2025-10-07,669.119995117,0
2025-10-08,673.109985352,0
2025-10-09,671.159973145,0
2025-10-10,653.020019531,0
2025-10-13,663.039978027,0
2025-10-14,662.229980469,0
2025-10-15,665.16998291,0
2025-10-16,660.640014648,0
2025-10-17,664.390014648,0
2025-10-20,671.299987793,0
2025-10-21,671.289978027,0
2025-10-22,667.799987793,0
2025-10-23,671.760009766,0
2025-10-24,677.25,0
2025-10-27,685.239990234,0
2025-10-28,687.059997559,0
2025-10-29,687.390014648,0
2025-10-30,679.83001709,0
2025-10-31,682.059997559,0
2025-11-03,683.340026855,0
2025-11-04,675.239990234,0
2025-11-05,677.58001709,0
2025-11-06,670.309997559,0
2025-11-07,670.969970703,0
2025-11-10,681.440002441,0
2025-11-11,683,0
2025-11-12,683.380004883,0
2025-11-13,672.039978027,0
2025-11-14,671.929992676,0
2025-11-17,665.66998291,0
2025-11-18,660.08001709,0
2025-11-19,662.630004883,0
2025-11-20,652.530029297,0
2025-11-21,659.030029297,0
2025-11-24,668.729980469,0
2025-11-25,675.020019531,0
2025-11-26,679.679992676,0
2025-11-28,683.390014648,0
2025-12-01,680.270019531,0
2025-12-02,681.530029297,0
2025-12-03,683.890014648,0
2025-12-04,684.390014648,0
2025-12-05,685.690002441,0
2025-12-08,683.630004883,0
2025-12-09,683.039978027,0
2025-12-10,687.570007324,0
2025-12-11,689.16998291,0
2025-12-12,681.760009766,0
2025-12-15,680.729980469,0
2025-12-16,678.869995117,0
2025-12-17,671.400024414,0
2025-12-18,676.469970703,0
2025-12-19,680.590026855,1.993
2025-12-22,684.83001709,0
2025-12-23,687.960021973,0
2025-12-24,690.380004883,0
2025-12-26,690.309997559,0
2025-12-29,687.849975586,0
2025-12-30,687.010009766,0
2025-12-31,681.91998291,0
2026-01-02,683.16998291,0
2026-01-05,687.719970703,0
2026-01-06,691.809997559,0
2026-01-07,689.58001709,0
2026-01-08,689.510009766,0
2026-01-09,694.070007324,0
2026-01-12,695.159973145,0
2026-01-13,693.770019531,0
2026-01-14,690.359985352,0
2026-01-15,692.239990234,0
2026-01-16,691.659973145,0
2026-01-20,677.58001709,0
2026-01-21,685.400024414,0
2026-01-22,688.979980469,0
2026-01-23,689.229980469,0
2026-01-26,692.729980469,0
2026-01-27,695.489990234,0
2026-01-28,695.41998291,0
2026-01-29,694.039978027,0
2026-01-30,691.969970703,0
2026-02-02,695.409973145,0
2026-02-03,689.530029297,0
2026-02-04,686.190002441,0
2026-02-05,677.619995117,0
2026-02-06,690.619995117,0
2026-02-09,693.950012207,0
2026-02-10,692.119995117,0
2026-02-11,691.960021973,0
2026-02-12,681.270019531,0
2026-02-13,681.75,0
2026-02-17,682.849975586,0
2026-02-18,686.289978027,0
2026-02-19,684.479980469,0
2026-02-20,689.429992676,0
2026-02-23,682.390014648,0
2026-02-24,687.349975586,0
2026-02-25,693.150024414,0
2026-02-26,689.299987793,0
2026-02-27,685.989990234,0
2026-03-02,686.380004883,0
2026-03-03,680.33001709,0
2026-03-04,685.130004883,0
2026-03-05,681.309997559,0
2026-03-06,672.380004883,0
2026-03-09,678.270019531,0
2026-03-10,677.179992676,0
2026-03-11,676.33001709,0
2026-03-12,666.059997559,0
2026-03-13,662.289978027,0
2026-03-16,669.030029297,0
2026-03-17,670.789978027,0
2026-03-18,661.429992676,0
2026-03-19,659.799987793,0
2026-03-20,648.570007324,1.797
2026-03-23,655.380004883,0
2026-03-24,653.179992676,0
2026-03-25,656.820007324,0
2026-03-26,645.090026855,0
2026-03-27,634.090026855,0
2026-03-30,631.969970703,0
2026-03-31,650.340026855,0
2026-04-01,655.239990234,0
2026-04-02,655.83001709,0
2026-04-06,658.929992676,0
2026-04-07,659.219970703,0
2026-04-08,676.010009766,0
2026-04-09,679.909973145,0
2026-04-10,679.460021973,0
2026-04-13,686.099975586,0
2026-04-14,694.460021973,0
2026-04-15,699.940002441,0
2026-04-16,701.659973145,0
2026-04-17,710.140014648,0
2026-04-20,708.719970703,0
2026-04-21,704.08001709,0
2026-04-22,711.210021973,0
2026-04-23,708.450012207,0
2026-04-24,713.940002441,0
2026-04-27,715.16998291,0
2026-04-28,711.690002441,0
2026-04-29,711.58001709,0
2026-04-30,718.659973145,0
2026-05-01,720.650024414,0
2026-05-04,718.010009766,0
2026-05-05,723.770019531,0
2026-05-06,733.83001709,0
2026-05-07,731.58001709,0
2026-05-08,737.619995117,0
2026-05-11,739.299987793,0
2026-05-12,738.179992676,0
2026-05-13,742.309997559,0
2026-05-14,748.16998291,0
2026-05-15,739.16998291,0
2026-05-18,738.650024414,0
2026-05-19,733.729980469,0
2026-05-20,741.25,0
2026-05-21,742.719970703,0
2026-05-22,745.640014648,0
2026-05-26,750.590026855,0
2026-05-27,750.460021973,0
2026-05-28,754.599975586,0
2026-05-29,756.479980469,0
2026-06-01,758.539978027,0
2026-06-02,759.570007324,0
2026-06-03,754.239990234,0
2026-06-04,757.090026855,0
2026-06-05,737.549987793,0
2026-06-08,739.219970703,0
2026-06-09,737.049987793,0
2026-06-10,725.429992676,0
2026-06-11,737.760009766,0
2026-06-12,741.75,0
2026-06-15,754.83001709,0
2026-06-16,750.33001709,0
2026-06-17,740.960021973,0
2026-06-18,746.739990234,1.904
2026-06-22,744.390014648,0
2026-06-23,733.58001709,0
2026-06-24,733.239990234,0
2026-06-25,734.299987793,0
2026-06-26,728.989990234,0
2026-06-29,741,0
2026-06-30,746.770019531,0
2026-07-01,745.760009766,0
2026-07-02,744.780029297,0
2026-07-06,751.280029297,0
2026-07-07,747.710021973,0
2026-07-08,745.400024414,0
2026-07-09,751.710021973,0
2026-07-10,754.950012207,0
2026-07-13,749.16998291,0
2026-07-14,751.83001709,0
2026-07-15,754.809997559,0
2026-07-16,750.719970703,0
2026-07-17,743.289978027,0
2026-07-20,742.090026855,0
2026-07-21,748.280029297,0
2026-07-22,747.409973145,0
2026-07-23,738.179992676,0
2026-07-24,738.929992676,0
2026-07-27,739.090026855,0
2026-07-28,740.859985352,0
2026-07-29,729.460021973,0
2026-07-30,741.690002441,0
2026-07-31,747.030029297,0
2026-08-03,757.66998291,0
2026-08-04,771.33001709,0
2026-08-05,769.789978027,0
2026-08-06,768.559997559,0
2026-08-07,773.260009766,0
2026-08-10,773.030029297,0
2026-08-11,770.559997559,0
2026-08-12,772.489990234,0
2026-08-13,777.880004883,0
2026-08-14,776.340026855,0
2026-08-17,772.66998291,0
2026-08-18,767.450012207,0
2026-08-19,769.059997559,0
2026-08-20,762.599975586,0
2026-08-21,765.719970703,0
2026-08-24,763.469970703,0
2026-08-25,765.909973145,0
2026-08-26,766.08001709,0
2026-08-27,771.099975586,0
2026-08-28,769.349975586,0
2026-08-31,767.049987793,0
