date,close,dividend
2010-02-11,0.21627600491,0
2010-02-12,0.217160999775,0
2010-02-16,0.225573003292,0
2010-02-17,0.229401007295,0
2010-02-18,0.233750000596,0
2010-02-19,0.233750000596,0
2010-02-22,0.232108995318,0
2010-02-23,0.22304700315,0
2010-02-24,0.229791998863,0
2010-02-25,0.229661002755,0
2010-02-26,0.232526004314,0
2010-03-01,0.242500007153,0
2010-03-02,0.243957996368,0
2010-03-03,0.245313003659,0
2010-03-04,0.248021006584,0
2010-03-05,0.258983999491,0
2010-03-08,0.260365009308,0
2010-03-09,0.26497399807,0
2010-03-10,0.271457999945,0
2010-03-11,0.273957997561,0
2010-03-12,0.274583011866,0
2010-03-15,0.272733986378,0
2010-03-16,0.277891010046,0
2010-03-17,0.279817998409,0
2010-03-18,0.282656013966,0
2010-03-19,0.277655988932,0
2010-03-22,0.285156011581,0
2010-03-23,0.291119992733,0
2010-03-24,0.28697898984,0
2010-03-25,0.285181999207,0
2010-03-26,0.286666989326,0
2010-03-29,0.290598988533,0
2010-03-30,0.293646007776,0
2010-03-31,0.289687991142,0
2010-04-01,0.289115011692,0
2010-04-05,0.297473996878,0
2010-04-06,0.299739986658,0
2010-04-07,0.29804700613,0
2010-04-08,0.299115002155,0
2010-04-09,0.304504990578,0
2010-04-12,0.30572900176,0
2010-04-13,0.310339003801,0
2010-04-14,0.321276009083,0
2010-04-15,0.325572997332,0
2010-04-16,0.313984006643,0
2010-04-19,0.313490003347,0
2010-04-20,0.318125009537,0
2010-04-21,0.323724001646,0
2010-04-22,0.32851600647,0
2010-04-23,0.332864999771,0
2010-04-26,0.33039098978,0
2010-04-27,0.310000002384,0
2010-04-28,0.310728996992,0
2010-04-29,0.326588988304,0
2010-04-30,0.307343989611,0
2010-05-03,0.319896012545,0
2010-05-04,0.291615009308,0
2010-05-05,0.286823004484,0
2010-05-06,0.25872400403,0
2010-05-07,0.239895999432,0
2010-05-10,0.275676995516,0
2010-05-11,0.275494992733,0
2010-05-12,0.290338993073,0
2010-05-13,0.277213990688,0
2010-05-14,0.260156005621,0
2010-05-17,0.263671994209,0
2010-05-18,0.253594011068,0
2010-05-19,0.246901005507,0
2010-05-20,0.221927002072,0
2010-05-21,0.223646000028,0
2010-05-24,0.225494995713,0
2010-05-25,0.223905995488,0
2010-05-26,0.216978996992,0
2010-05-27,0.240468993783,0
2010-05-28,0.237109005451,0
2010-06-01,0.230546995997,0
2010-06-02,0.246770992875,0
2010-06-03,0.253176987171,0
2010-06-04,0.228176996112,0
2010-06-07,0.214947998524,0
2010-06-08,0.213750004768,0
2010-06-09,0.209035992622,0
2010-06-10,0.226380005479,0
2010-06-11,0.232291996479,0
2010-06-14,0.232421994209,0
2010-06-15,0.249401003122,0
2010-06-16,0.254426985979,0
2010-06-17,0.256978988647,0
2010-06-18,0.25768199563,0
2010-06-21,0.250910997391,0
2010-06-22,0.244974002242,0
2010-06-23,0.241693004966,0
2010-06-24,0.229974001646,0
2010-06-25,0.22981800139,0
2010-06-28,0.227760002017,0
2010-06-29,0.20234400034,0
2010-06-30,0.192343994975,0
2010-07-01,0.190468996763,0
2010-07-02,0.189427003264,0
2010-07-06,0.190417006612,0
2010-07-07,0.208410993218,0
2010-07-08,0.211926996708,0
2010-07-09,0.217865005136,0
2010-07-12,0.220339000225,0
2010-07-13,0.227864995599,0
2010-07-14,0.231509998441,0
2010-07-15,0.232317999005,0
2010-07-16,0.213620007038,0
2010-07-19,0.218437999487,0
2010-07-20,0.225338995457,0
2010-07-21,0.21744799614,0
2010-07-22,0.232108995318,0
2010-07-23,0.23815099895,0
2010-07-26,0.243385002017,0
2010-07-27,0.243332996964,0
2010-07-28,0.238359004259,0
2010-07-29,0.232682004571,0
2010-07-30,0.234271004796,0
2010-08-02,0.24687500298,0
2010-08-03,0.244323000312,0
2010-08-04,0.251379996538,0
2010-08-05,0.249896004796,0
2010-08-06,0.248723998666,0
2010-08-09,0.253073006868,0
2010-08-10,0.247707992792,0
2010-08-11,0.227318003774,0
2010-08-12,0.220910996199,0
2010-08-13,0.216509997845,0
2010-08-16,0.217733994126,0
2010-08-17,0.226015999913,0
2010-08-18,0.228046998382,0
2010-08-19,0.219660997391,0
2010-08-20,0.218906000257,0
2010-08-23,0.212864995003,0
2010-08-24,0.20065100491,0
2010-08-25,0.206667006016,0
2010-08-26,0.199921995401,0
2010-08-27,0.206535995007,0
2010-08-30,0.199844002724,0
2010-08-31,0.198853999376,0
2010-09-01,0.215520992875,0
2010-09-02,0.22291700542,0
2010-09-03,0.234271004796,0
2010-09-07,0.228568002582,0
2010-09-08,0.236641004682,0
2010-09-09,0.239635005593,0
2010-09-10,0.242213994265,0
2010-09-13,0.252891004086,0
2010-09-14,0.256094008684,0
2010-09-15,0.260443001986,0
2010-09-16,0.264115005732,0
2010-09-17,0.26692700386,0
2010-09-20,0.280833005905,0
2010-09-21,0.27994799614,0
2010-09-22,0.278620004654,0
2010-09-23,0.277785986662,0
2010-09-24,0.293516010046,0
2010-09-27,0.290156006813,0
2010-09-28,0.290885001421,0
2010-09-29,0.288542002439,0
2010-09-30,0.284635007381,0
2010-10-01,0.283749997616,0
2010-10-04,0.273905992508,0
2010-10-05,0.294297009706,0
2010-10-06,0.286796987057,0
2010-10-07,0.289608985186,0
2010-10-08,0.295442998409,0
2010-10-11,0.296041995287,0
2010-10-12,0.302188009024,0
2010-10-13,0.309531003237,0
2010-10-14,0.307812988758,0
2010-10-15,0.327448010445,0
2010-10-18,0.327448010445,0
2010-10-19,0.314426988363,0
2010-10-20,0.32096400857,0
2010-10-21,0.323202997446,0
2010-10-22,0.329504996538,0
2010-10-25,0.33450499177,0
2010-10-26,0.336510002613,0
2010-10-27,0.339973986149,0
2010-10-28,0.34192699194,0
2010-10-29,0.340285986662,0
2010-11-01,0.341067999601,0
2010-11-02,0.351406008005,0
2010-11-03,0.356483995914,0
2010-11-04,0.369114995003,0
2010-11-05,0.369556993246,0
2010-11-08,0.370494991541,0
2010-11-09,0.364504992962,0
2010-11-10,0.370077997446,0
2010-11-11,0.363853991032,0
2010-11-12,0.345339000225,0
2010-11-15,0.341641008854,0
2010-11-16,0.324687987566,0
2010-11-17,0.327760010958,0
2010-11-18,0.342994987965,0
2010-11-19,0.343802005053,0
2010-11-22,0.3528650105,0
2010-11-23,0.3361980021,0
2010-11-24,0.355832993984,0
2010-11-26,0.353594005108,0
2010-11-29,0.348672002554,0
2010-11-30,0.335417002439,0
2010-12-01,0.356745004654,0
2010-12-02,0.36757799983,0
2010-12-03,0.370651006699,0
2010-12-06,0.370000004768,0
2010-12-07,0.370339006186,0
2010-12-08,0.375468999147,0
2010-12-09,0.375858992338,0
2010-12-10,0.383749991655,0
2010-12-13,0.379245012999,0
2010-12-14,0.380832999945,0
2010-12-15,0.376953005791,0
2010-12-16,0.38481798768,0
2010-12-17,0.385989993811,0
2010-12-20,0.387030988932,0
2010-12-21,0.393411010504,0
2010-12-22,0.393828004599,0
2010-12-23,0.390832990408,0
2010-12-27,0.390989989042,0
2010-12-28,0.389297008514,0
2010-12-29,0.391615003347,0
2010-12-30,0.388671994209,0
2010-12-31,0.385104000568,0
2011-01-03,0.402500003576,0
2011-01-04,0.401874989271,0
2011-01-05,0.411848992109,0
2011-01-06,0.415573000908,0
2011-01-07,0.414608985186,0
2011-01-10,0.419270992279,0
2011-01-11,0.421198010445,0
2011-01-12,0.429740011692,0
2011-01-13,0.431093990803,0
2011-01-14,0.440443009138,0
2011-01-18,0.44395801425,0
2011-01-19,0.429089009762,0
2011-01-20,0.419452995062,0
2011-01-21,0.409869998693,0
2011-01-24,0.426797002554,0
2011-01-25,0.428281009197,0
2011-01-26,0.434922009706,0
2011-01-27,0.44330701232,0
2011-01-28,0.409869998693,0
2011-01-31,0.41593798995,0
2011-02-01,0.439036011696,0
2011-02-02,0.437056988478,0
2011-02-03,0.438749998808,0
2011-02-04,0.44666698575,0
2011-02-07,0.453150987625,0
2011-02-08,0.46281298995,0
2011-02-09,0.460000008345,0
2011-02-10,0.4622400105,0
2011-02-11,0.471718996763,0
2011-02-14,0.474687993526,0
2011-02-15,0.473464012146,0
2011-02-16,0.482214003801,0
2011-02-17,0.481797009706,0
2011-02-18,0.479063004255,0
2011-02-22,0.436874985695,0
2011-02-23,0.426093995571,0
2011-02-24,0.432161003351,0
2011-02-25,0.450677007437,0
2011-02-28,0.453958004713,0
2011-03-01,0.432134985924,0
2011-03-02,0.438228994608,0
2011-03-03,0.464374989271,0
2011-03-04,0.457500010729,0
2011-03-07,0.439271003008,0
2011-03-08,0.443854004145,0
2011-03-09,0.434895992279,0
2011-03-10,0.414999991655,0
2011-03-11,0.421927005053,0
2011-03-14,0.417813003063,0
2011-03-15,0.400729000568,0
2011-03-16,0.371302008629,0
2011-03-17,0.380989998579,0
2011-03-18,0.378906011581,0
2011-03-21,0.400052011013,0
2011-03-22,0.398957997561,0
2011-03-23,0.405000001192,0
2011-03-24,0.427031010389,0
2011-03-25,0.430155992508,0
2011-03-28,0.422865003347,0
2011-03-29,0.435000002384,0
2011-03-30,0.441406011581,0
2011-03-31,0.443280994892,0
2011-04-01,0.44395801425,0
2011-04-04,0.439947992563,0
2011-04-05,0.434947997332,0
2011-04-06,0.438228994608,0
2011-04-07,0.438125014305,0
2011-04-08,0.43156298995,0
2011-04-11,0.427655994892,0
2011-04-12,0.419218987226,0
2011-04-13,0.429219007492,0
2011-04-14,0.426874995232,0
2011-04-15,0.424115002155,0
2011-04-18,0.41593798995,0
2011-04-19,0.4234380126,0
2011-04-20,0.451615005732,0
2011-04-21,0.463072985411,0
2011-04-25,0.466509997845,0
2011-04-26,0.474530994892,0
2011-04-27,0.484375,0
2011-04-28,0.483646005392,0
2011-04-29,0.481301993132,0
2011-05-02,0.478697985411,0
2011-05-03,0.471509993076,0
2011-05-04,0.46875,0
2011-05-05,0.4617190063,0
2011-05-06,0.465728998184,0
2011-05-09,0.470780998468,0
2011-05-10,0.482865005732,0
2011-05-11,0.472447991371,0
2011-05-12,0.480780988932,0
2011-05-13,0.463750004768,0
2011-05-16,0.439635008574,0
2011-05-17,0.44322898984,0
2011-05-18,0.454010009766,0
2011-05-19,0.457917004824,0
2011-05-20,0.447813004255,0
2011-05-23,0.4283849895,0
2011-05-24,0.420313000679,0
2011-05-25,0.425000011921,0
2011-05-26,0.432969003916,0
2011-05-27,0.439426988363,0
2011-05-31,0.460572987795,0
2011-06-01,0.431145995855,0
2011-06-02,0.433645993471,0
2011-06-03,0.413958013058,0
2011-06-06,0.403957992792,0
2011-06-07,0.401614993811,0
2011-06-08,0.39296901226,0
2011-06-09,0.394688010216,0
2011-06-10,0.3765630126,0
2011-06-13,0.37682300806,0
2011-06-14,0.390832990408,0
2011-06-15,0.369479000568,0
2011-06-16,0.364322990179,0
2011-06-17,0.361615002155,0
2011-06-20,0.3664059937,0
2011-06-21,0.390832990408,0
2011-06-22,0.3820309937,0
2011-06-23,0.392603993416,0
2011-06-24,0.371926993132,0
2011-06-27,0.389999985695,0
2011-06-28,0.407499998808,0
2011-06-29,0.412604004145,0
2011-06-30,0.428281009197,0
2011-07-01,0.448125004768,0
2011-07-05,0.454582989216,0
2011-07-06,0.459426999092,0
2011-07-07,0.478020995855,0
2011-07-08,0.474063009024,0
2011-07-11,0.448646008968,0
2011-07-12,0.437707990408,0
2011-07-13,0.443542003632,0
2011-07-14,0.428281009197,0
2011-07-15,0.445313006639,0
2011-07-18,0.437968999147,0
2011-07-19,0.468854010105,0
2011-07-20,0.46229198575,0
2011-07-21,0.471666991711,0
2011-07-22,0.486301988363,0
2011-07-25,0.483437985182,0
2011-07-26,0.486093997955,0
2011-07-27,0.449218988419,0
2011-07-28,0.451615005732,0
2011-07-29,0.447239995003,0
2011-08-01,0.441197991371,0
2011-08-02,0.407707989216,0
2011-08-03,0.418280988932,0
2011-08-04,0.361353993416,0
2011-08-05,0.353385001421,0
2011-08-08,0.291301995516,0
2011-08-09,0.331198006868,0
2011-08-10,0.292135000229,0
2011-08-11,0.329634994268,0
2011-08-12,0.33802101016,0
2011-08-15,0.35260400176,0
2011-08-16,0.343542009592,0
2011-08-17,0.337969005108,0
2011-08-18,0.288958013058,0
2011-08-19,0.272760003805,0
2011-08-22,0.275207996368,0
2011-08-23,0.309271007776,0
2011-08-24,0.316563010216,0
2011-08-25,0.301353991032,0
2011-08-26,0.323125004768,0
2011-08-29,0.350625008345,0
2011-08-30,0.35776001215,0
2011-08-31,0.359843999147,0
2011-09-01,0.349687993526,0
2011-09-02,0.325208008289,0
2011-09-06,0.325156003237,0
2011-09-07,0.349739998579,0
2011-09-08,0.344895988703,0
2011-09-09,0.32218798995,0
2011-09-12,0.334271013737,0
2011-09-13,0.347240000963,0
2011-09-14,0.362239986658,0
2011-09-15,0.378697991371,0
2011-09-16,0.388594001532,0
2011-09-19,0.3895829916,0
2011-09-20,0.384063005447,0
2011-09-21,0.364531010389,0
2011-09-22,0.329062998295,0
2011-09-23,0.339323014021,0
2011-09-26,0.350832998753,0
2011-09-27,0.361562997103,0
2011-09-28,0.34453099966,0
2011-09-29,0.334322988987,0
2011-09-30,0.308333009481,0
2011-10-03,0.284166991711,0
2011-10-04,0.301458001137,0
2011-10-05,0.324375003576,0
2011-10-06,0.341042011976,0
2011-10-07,0.334010004997,0
2011-10-10,0.368281006813,0
2011-10-11,0.376145988703,0
2011-10-12,0.382187992334,0
2011-10-13,0.39244800806,0
2011-10-14,0.414063006639,0
2011-10-17,0.394896000624,0
2011-10-18,0.409218996763,0
2011-10-19,0.385625004768,0
2011-10-20,0.38072898984,0
2011-10-21,0.394270986319,0
2011-10-24,0.418906003237,0
2011-10-25,0.395155996084,0
2011-10-26,0.393593996763,0
2011-10-27,0.425312995911,0
2011-10-28,0.426719009876,0
2011-10-31,0.405573010445,0
2011-11-01,0.374166995287,0
2011-11-02,0.383385002613,0
2011-11-03,0.406718999147,0
2011-11-04,0.400417000055,0
2011-11-07,0.409323006868,0
2011-11-08,0.422969013453,0
2011-11-09,0.379218995571,0
2011-11-10,0.377656012774,0
2011-11-11,0.398853987455,0
2011-11-14,0.392082989216,0
2011-11-15,0.404688000679,0
2011-11-16,0.384739995003,0
2011-11-17,0.358280986547,0
2011-11-18,0.349687993526,0
2011-11-21,0.329374998808,0
2011-11-22,0.332239985466,0
2011-11-23,0.31015598774,0
2011-11-25,0.30312499404,0
2011-11-28,0.334426999092,0
2011-11-29,0.328384995461,0
2011-11-30,0.364427000284,0
2011-12-01,0.372240006924,0
2011-12-02,0.368698000908,0
2011-12-05,0.380780994892,0
2011-12-06,0.377864986658,0
2011-12-07,0.378437995911,0
2011-12-08,0.359167009592,0
2011-12-09,0.376197993755,0
2011-12-12,0.363853991032,0
2011-12-13,0.351563006639,0
2011-12-14,0.335207998753,0
2011-12-15,0.332603991032,0
2011-12-16,0.336771011353,0
2011-12-19,0.327448010445,0
2011-12-20,0.356510013342,0
2011-12-21,0.341666996479,0
2011-12-22,0.34999999404,0
2011-12-23,0.359062999487,0
2011-12-27,0.361822992563,0
2011-12-28,0.35020801425,0
2011-12-29,0.35703098774,0
2011-12-30,0.354115009308,0
2012-01-03,0.374271005392,0
2012-01-04,0.378749996424,0
2012-01-05,0.388072997332,0
2012-01-06,0.392082989216,0
2012-01-09,0.38880199194,0
2012-01-10,0.396771013737,0
2012-01-11,0.399531006813,0
2012-01-12,0.404271006584,0
2012-01-13,0.399634987116,0
2012-01-17,0.410364985466,0
2012-01-18,0.426667004824,0
2012-01-19,0.435207992792,0
2012-01-20,0.433281004429,0
2012-01-23,0.433228999376,0
2012-01-24,0.430833011866,0
2012-01-25,0.447292000055,0
2012-01-26,0.442552000284,0
2012-01-27,0.446927011013,0
2012-01-30,0.447656005621,0
2012-01-31,0.449218988419,0
2012-02-01,0.460260003805,0
2012-02-02,0.465000003576,0
2012-02-03,0.483489990234,0
2012-02-06,0.483020991087,0
2012-02-07,0.485103994608,0
2012-02-08,0.493176996708,0
2012-02-09,0.504114985466,0
2012-02-10,0.493333011866,0
2012-02-13,0.506614983082,0
2012-02-14,0.511041998863,0
2012-02-15,0.499635010958,0
2012-02-16,0.520520985126,0
2012-02-17,0.51609402895,0
2012-02-21,0.520469009876,0
2012-02-22,0.513593971729,0
2012-02-23,0.523333013058,0
2012-02-24,0.528437972069,0
2012-02-27,0.530990004539,0
2012-02-28,0.546875,0
2012-02-29,0.539687991142,0
2012-03-01,0.552812993526,0
2012-03-02,0.551145970821,0
2012-03-05,0.533958017826,0
2012-03-06,0.518646001816,0
2012-03-07,0.530417025089,0
2012-03-08,0.547240018845,0
2012-03-09,0.553853988647,0
2012-03-12,0.554740011692,0
2012-03-13,0.585990011692,0
2012-03-14,0.592552006245,0
2012-03-15,0.597082972527,0
2012-03-16,0.595781028271,0
2012-03-19,0.608749985695,0
2012-03-20,0.612083017826,0
2012-03-21,0.611874997616,0
2012-03-22,0.608177006245,0
2012-03-23,0.607343971729,0
2012-03-26,0.639063000679,0
2012-03-27,0.641510009766,0
2012-03-28,0.634010016918,0
2012-03-29,0.627499997616,0
2012-03-30,0.623125016689,0
2012-04-02,0.642135024071,0
2012-04-03,0.6421880126,0
2012-04-04,0.615989983082,0
2012-04-05,0.627240002155,0
2012-04-09,0.612812995911,0
2012-04-10,0.583229005337,0
2012-04-11,0.591666996479,0
2012-04-12,0.611509978771,0
2012-04-13,0.583854019642,0
2012-04-16,0.565469026566,0
2012-04-17,0.598801970482,0
2012-04-18,0.594426989555,0
2012-04-19,0.575208008289,0
2012-04-20,0.569010019302,0
2012-04-23,0.554687976837,0
2012-04-24,0.544896006584,0
2012-04-25,0.588177025318,0
2012-04-26,0.598698019981,0
2012-04-27,0.608958005905,0
2012-04-30,0.596301972866,0
2012-05-01,0.599687993526,0
2012-05-02,0.603645980358,0
2012-05-03,0.584896028042,0
2012-05-04,0.541979014874,0
2012-05-07,0.542760014534,0
2012-05-08,0.536770999432,0
2012-05-09,0.533801972866,0
2012-05-10,0.528333008289,0
2012-05-11,0.527813017368,0
2012-05-14,0.513229012489,0
2012-05-15,0.508750021458,0
2012-05-16,0.497707992792,0
2012-05-17,0.467083007097,0
2012-05-18,0.448332995176,0
2012-05-21,0.486041992903,0
2012-05-22,0.484270989895,0
2012-05-23,0.486979007721,0
2012-05-24,0.478228986263,0
2012-05-25,0.47552099824,0
2012-05-29,0.49322900176,0
2012-05-30,0.481249988079,0
2012-05-31,0.474375009537,0
2012-06-01,0.437083005905,0
2012-06-04,0.446458011866,0
2012-06-05,0.4526039958,0
2012-06-06,0.483541995287,0
2012-06-07,0.47812500596,0
2012-06-08,0.492188006639,0
2012-06-11,0.468645989895,0
2012-06-12,0.483437985182,0
2012-06-13,0.47395798564,0
2012-06-14,0.479270994663,0
2012-06-15,0.496978998184,0
2012-06-18,0.509791970253,0
2012-06-19,0.526562988758,0
2012-06-20,0.528437972069,0
2012-06-21,0.488853991032,0
2012-06-22,0.504063010216,0
2012-06-25,0.474166989326,0
2012-06-26,0.4833329916,0
2012-06-27,0.492188006639,0
2012-06-28,0.47447898984,0
2012-06-29,0.520833015442,0
2012-07-02,0.524999976158,0
2012-07-03,0.537500023842,0
2012-07-05,0.539375007153,0
2012-07-06,0.518124997616,0
2012-07-09,0.51635402441,0
2012-07-10,0.5005210042,0
2012-07-11,0.493645995855,0
2012-07-12,0.479375004768,0
2012-07-13,0.50020802021,0
2012-07-16,0.496457993984,0
2012-07-17,0.504063010216,0
2012-07-18,0.524582982063,0
2012-07-19,0.541666984558,0
2012-07-20,0.520833015442,0
2012-07-23,0.5015630126,0
2012-07-24,0.49010398984,0
2012-07-25,0.47916701436,0
2012-07-26,0.497916996479,0
2012-07-27,0.535624980927,0
2012-07-30,0.532396018505,0
2012-07-31,0.532707989216,0
2012-08-01,0.527499973774,0
2012-08-02,0.521978974342,0
2012-08-03,0.551666975021,0
2012-08-06,0.5640630126,0
2012-08-07,0.578020989895,0
2012-08-08,0.5770829916,0
2012-08-09,0.581978976727,0
2012-08-10,0.584375023842,0
2012-08-13,0.587916970253,0
2012-08-14,0.588750004768,0
2012-08-15,0.592917025089,0
2012-08-16,0.614166975021,0
2012-08-17,0.622604012489,0
2012-08-20,0.625,0
2012-08-21,0.617812991142,0
2012-08-22,0.6244789958,0
2012-08-23,0.61062502861,0
2012-08-24,0.621457993984,0
2012-08-27,0.6244789958,0
2012-08-28,0.624374985695,0
2012-08-29,0.624583005905,0
2012-08-30,0.605521023273,0
2012-08-31,0.618438005447,0
2012-09-04,0.615832984447,0
2012-09-05,0.613021016121,0
2012-09-06,0.653541982174,0
2012-09-07,0.650729000568,0
2012-09-10,0.626770973206,0
2012-09-11,0.624063014984,0
2012-09-12,0.629478991032,0
2012-09-13,0.654582977295,0
2012-09-14,0.6713539958,0
2012-09-17,0.67260402441,0
2012-09-18,0.673853993416,0
2012-09-19,0.678332984447,0
2012-09-20,0.676770985126,0
2012-09-21,0.676770985126,0
2012-09-24,0.664270997047,0
2012-09-25,0.637603998184,0
2012-09-26,0.620832979679,0
2012-09-27,0.647188007832,0
2012-09-28,0.631667017937,0
2012-10-01,0.628957986832,0
2012-10-02,0.633020997047,0
2012-10-03,0.644999980927,0
2012-10-04,0.652499973774,0
2012-10-05,0.641250014305,0
2012-10-08,0.62427097559,0
2012-10-09,0.592188000679,0
2012-10-10,0.584999978542,0
2012-10-11,0.579792022705,0
2012-10-12,0.5796880126,0
2012-10-15,0.591250002384,0
2012-10-16,0.616979002953,0
2012-10-17,0.615104019642,0
2012-10-18,0.59406298399,0
2012-10-19,0.551145970821,0
2012-10-22,0.559791982174,0
2012-10-23,0.543228983879,0
2012-10-24,0.537813007832,0
2012-10-25,0.537813007832,0
2012-10-26,0.543438017368,0
2012-10-31,0.532917022705,0
2012-11-01,0.555521011353,0
2012-11-02,0.535207986832,0
2012-11-05,0.548332989216,0
2012-11-06,0.551666975021,0
2012-11-07,0.512082993984,0
2012-11-08,0.488124996424,0
2012-11-09,0.493438005447,0
2012-11-12,0.494167000055,0
2012-11-13,0.483437985182,0
2012-11-14,0.466145992279,0
2012-11-15,0.46197900176,0
2012-11-16,0.467188000679,0
2012-11-19,0.500832974911,0
2012-11-20,0.500937998295,0
2012-11-21,0.504478991032,0
2012-11-23,0.527603983879,0
2012-11-26,0.534375011921,0
2012-11-27,0.528333008289,0
2012-11-28,0.542500019073,0
2012-11-29,0.551874995232,0
2012-11-30,0.549896001816,0
2012-12-03,0.54718798399,0
2012-12-04,0.543645977974,0
2012-12-05,0.526875019073,0
2012-12-06,0.536562979221,0
2012-12-07,0.527396023273,0
2012-12-10,0.532082974911,0
2012-12-11,0.552604019642,0
2012-12-12,0.548853993416,0
2012-12-13,0.536458015442,0
2012-12-14,0.521250009537,0
2012-12-17,0.541562974453,0
2012-12-18,0.566667020321,0
2012-12-19,0.558542013168,0
2012-12-20,0.558957993984,0
2012-12-21,0.541562974453,0
2012-12-24,0.536979019642,0
2012-12-26,0.524271011353,0
2012-12-27,0.521354019642,0
2012-12-28,0.506250023842,0
2012-12-31,0.539270997047,0
2013-01-02,0.589582979679,0
2013-01-03,0.581041991711,0
2013-01-04,0.575312972069,0
2013-01-07,0.575937986374,0
2013-01-08,0.572604000568,0
2013-01-09,0.57843798399,0
2013-01-10,0.588645994663,0
2013-01-11,0.590833008289,0
2013-01-14,0.583229005337,0
2013-01-15,0.574582993984,0
2013-01-16,0.581041991711,0
2013-01-17,0.589999973774,0
2013-01-18,0.586667001247,0
2013-01-22,0.589062988758,0
2013-01-23,0.598645985126,0
2013-01-24,0.574792027473,0
2013-01-25,0.583333015442,0
2013-01-28,0.587499976158,0
2013-01-29,0.587499976158,0
2013-01-30,0.584271013737,0
2013-01-31,0.580520987511,0
2013-02-01,0.599583029747,0
2013-02-04,0.569063007832,0
2013-02-05,0.59406298399,0
2013-02-06,0.588541984558,0
2013-02-07,0.589999973774,0
2013-02-08,0.607917010784,0
2013-02-11,0.607707977295,0
2013-02-12,0.600624978542,0
2013-02-13,0.607604026794,0
2013-02-14,0.606353998184,0
2013-02-15,0.601145982742,0
2013-02-19,0.614270985126,0
2013-02-20,0.586250007153,0
2013-02-21,0.567188024521,0
2013-02-22,0.583854019642,0
2013-02-25,0.562083005905,0
2013-02-26,0.568853974342,0
2013-02-27,0.586145997047,0
2013-02-28,0.583958029747,0
2013-03-01,0.589999973774,0
2013-03-04,0.597603976727,0
2013-03-05,0.623853981495,0
2013-03-06,0.619895994663,0
2013-03-07,0.62531298399,0
2013-03-08,0.6260420084,0
2013-03-11,0.632499992847,0
2013-03-12,0.62479197979,0
2013-03-13,0.622812986374,0
2013-03-14,0.629167020321,0
2013-03-15,0.623229026794,0
2013-03-18,0.618957996368,0
2013-03-19,0.616457998753,0
2013-03-20,0.628229022026,0
2013-03-21,0.60812497139,0
2013-03-22,0.624895989895,0
2013-03-25,0.618542015553,0
2013-03-26,0.628021001816,0
2013-03-27,0.631353974342,0
2013-03-28,0.634999990463,0
2013-04-01,0.622708022594,0
2013-04-02,0.636771023273,0
2013-04-03,0.619895994663,0
2013-04-04,0.620208024979,0
2013-04-05,0.605000019073,0
2013-04-08,0.614270985126,0
2013-04-09,0.626353979111,0
2013-04-10,0.663021028042,0
2013-04-11,0.661875009537,0
2013-04-12,0.661145985126,0
2013-04-15,0.620938003063,0
2013-04-16,0.646875023842,0
2013-04-17,0.609063029289,0
2013-04-18,0.582708001137,0
2013-04-19,0.606875002384,0
2013-04-22,0.6255210042,0
2013-04-23,0.643957972527,0
2013-04-24,0.642395973206,0
2013-04-25,0.652813017368,0
2013-04-26,0.647292017937,0
2013-04-29,0.664479017258,0
2013-04-30,0.679063022137,0
2013-05-01,0.670417010784,0
2013-05-02,0.694688022137,0
2013-05-03,0.71895802021,0
2013-05-06,0.728228986263,0
2013-05-07,0.726458013058,0
2013-05-08,0.737812995911,0
2013-05-09,0.735207974911,0
2013-05-10,0.747708022594,0
2013-05-13,0.750625014305,0
2013-05-14,0.761667013168,0
2013-05-15,0.767292022705,0
2013-05-16,0.764478981495,0
2013-05-17,0.786041975021,0
2013-05-20,0.78250002861,0
2013-05-21,0.785417020321,0
2013-05-22,0.766250014305,0
2013-05-23,0.757916986942,0
2013-05-24,0.757499992847,0
2013-05-28,0.773124992847,0
2013-05-29,0.761457979679,0
2013-05-30,0.773854017258,0
2013-05-31,0.751770973206,0
2013-06-03,0.756146013737,0
2013-06-04,0.744791984558,0
2013-06-05,0.716250002384,0
2013-06-06,0.725000023842,0
2013-06-07,0.755312979221,0
2013-06-10,0.755625009537,0
2013-06-11,0.733749985695,0
2013-06-12,0.708333015442,0
2013-06-13,0.733749985695,0
2013-06-14,0.720833003521,0
2013-06-17,0.740832984447,0
2013-06-18,0.758333027363,0
2013-06-19,0.734479010105,0
2013-06-20,0.680312991142,0
2013-06-21,0.670728981495,0
2013-06-24,0.649999976158,0
2013-06-25,0.663854002953,0
2013-06-26,0.681979000568,0
2013-06-27,0.689583003521,0
2013-06-28,0.691457986832,0
2013-07-01,0.706250011921,0
2013-07-02,0.706562995911,0
2013-07-03,0.716145992279,0
2013-07-05,0.731979012489,0
2013-07-08,0.734375,0
2013-07-09,0.747812986374,0
2013-07-10,0.760416984558,0
2013-07-11,0.807812988758,0
2013-07-12,0.816250026226,0
2013-07-15,0.822604000568,0
2013-07-16,0.819374978542,0
2013-07-17,0.825208008289,0
2013-07-18,0.819167017937,0
2013-07-19,0.794270992279,0
2013-07-22,0.800000011921,0
2013-07-23,0.782187998295,0
2013-07-24,0.789583027363,0
2013-07-25,0.803853988647,0
2013-07-26,0.817188024521,0
2013-07-29,0.813437998295,0
2013-07-30,0.825520992279,0
2013-07-31,0.830729007721,0
2013-08-01,0.856042027473,0
2013-08-02,0.870312988758,0
2013-08-05,0.872187972069,0
2013-08-06,0.856666982174,0
2013-08-07,0.851770997047,0
2013-08-08,0.863125026226,0
2013-08-09,0.853854000568,0
2013-08-12,0.85916697979,0
2013-08-13,0.873438000679,0
2013-08-14,0.863749980927,0
2013-08-15,0.820416986942,0
2013-08-16,0.817499995232,0
2013-08-19,0.814270973206,0
2013-08-20,0.825416982174,0
2013-08-21,0.817188024521,0
2013-08-22,0.840520977974,0
2013-08-23,0.858228981495,0
2013-08-26,0.858958005905,0
2013-08-27,0.804895997047,0
2013-08-28,0.815312981606,0
2013-08-29,0.832188010216,0
2013-08-30,0.816667020321,0
2013-09-03,0.830103993416,0
2013-09-04,0.857187986374,0
2013-09-05,0.8609380126,0
2013-09-06,0.864063024521,0
2013-09-09,0.894478976727,0
2013-09-10,0.908020973206,0
2013-09-11,0.903437972069,0
2013-09-12,0.899375021458,0
2013-09-13,0.902292013168,0
2013-09-16,0.894688010216,0
2013-09-17,0.912603974342,0
2013-09-18,0.946146011353,0
2013-09-19,0.951978981495,0
2013-09-20,0.941563010216,0
2013-09-23,0.93624997139,0
2013-09-24,0.9364579916,0
2013-09-25,0.927604019642,0
2013-09-26,0.948854029179,0
2013-09-27,0.944374978542,0
2013-09-30,0.938437998295,0
2013-10-01,0.966562986374,0
2013-10-02,0.964792013168,0
2013-10-03,0.931249976158,0
2013-10-04,0.955208003521,0
2013-10-07,0.931563019753,0
2013-10-08,0.878853976727,0
2013-10-09,0.869166970253,0
2013-10-10,0.924374997616,0
2013-10-11,0.945208013058,0
2013-10-14,0.964792013168,0
2013-10-15,0.954478979111,0
2013-10-16,0.987083017826,0
2013-10-17,1.00302100182,0
2013-10-18,1.05260396004,0
2013-10-21,1.05864596367,0
2013-10-22,1.06229197979,0
2013-10-23,1.04520797729,0
2013-10-24,1.05822896957,0
2013-10-25,1.07937502861,0
2013-10-28,1.08156299591,0
2013-10-29,1.08677101135,0
2013-10-30,1.08333301544,0
2013-10-31,1.07635402679,0
2013-11-01,1.07583296299,0
2013-11-04,1.08104205132,0
2013-11-05,1.08562505245,0
2013-11-06,1.08375000954,0
2013-11-07,1.02364599705,0
2013-11-08,1.064062953,0
2013-11-11,1.05895805359,0
2013-11-12,1.06416702271,0
2013-11-13,1.10229194164,0
2013-11-14,1.11083304882,0
2013-11-15,1.11854195595,0
2013-11-18,1.08760404587,0
2013-11-19,1.07687497139,0
2013-11-20,1.06937503815,0
2013-11-21,1.10208296776,0
2013-11-22,1.11947894096,0
2013-11-25,1.12687504292,0
2013-11-26,1.14552104473,0
2013-11-27,1.16843795776,0
2013-11-29,1.1876039505,0
2013-12-02,1.18020796776,0
2013-12-03,1.17677104473,0
2013-12-04,1.17979204655,0
2013-12-05,1.17614603043,0
2013-12-06,1.20041704178,0
2013-12-09,1.21479201317,0
2013-12-10,1.21260404587,0
2013-12-11,1.16729199886,0
2013-12-12,1.157812953,0
2013-12-13,1.15229201317,0
2013-12-16,1.17208302021,0
2013-12-17,1.16468799114,0
2013-12-18,1.20489597321,0
2013-12-19,1.19406294823,0
2013-12-20,1.23000001907,0
2013-12-23,1.26979196072,0
2013-12-24,1.27156305313,0
2013-12-26,1.28395795822,0
2013-12-27,1.27458298206,0
2013-12-30,1.26791703701,0
2013-12-31,1.29281294346,0
2014-01-02,1.26260399818,0
2014-01-03,1.23510396481,0
2014-01-06,1.22197902203,0
2014-01-07,1.25364601612,0
2014-01-08,1.26302099228,0
2014-01-09,1.25,0
2014-01-10,1.26250004768,0
2014-01-13,1.20635402203,0
2014-01-14,1.27541697025,0
2014-01-15,1.30520796776,0
2014-01-16,1.30791699886,0
2014-01-17,1.28468799591,0
2014-01-21,1.3134380579,0
2014-01-22,1.32562494278,0
2014-01-23,1.30968797207,0
2014-01-24,1.23208296299,0
2014-01-27,1.19624996185,0
2014-01-28,1.19583296776,0
2014-01-29,1.15812504292,0
2014-01-30,1.21916699409,0
2014-01-31,1.21062505245,0
2014-02-03,1.13041698933,0
2014-02-04,1.15250003338,0
2014-02-05,1.14187502861,0
2014-02-06,1.18562495708,0
2014-02-07,1.24854195118,0
2014-02-10,1.27145802975,0
2014-02-11,1.31500005722,0
2014-02-12,1.32124996185,0
2014-02-13,1.35520803928,0
2014-02-14,1.35916697979,0
2014-02-18,1.38041698933,0
2014-02-19,1.35020804405,0
2014-02-20,1.36979198456,0
2014-02-21,1.36270797253,0
2014-02-24,1.38666701317,0
2014-02-25,1.38166701794,0
2014-02-26,1.37708294392,0
2014-02-27,1.40416705608,0
2014-02-28,1.39708304405,0
2014-03-03,1.36645805836,0
2014-03-04,1.42145800591,0
2014-03-05,1.43312501907,0
2014-03-06,1.42770802975,0
2014-03-07,1.4072920084,0
2014-03-10,1.41020798683,0
2014-03-11,1.39270794392,0
2014-03-12,1.40833294392,0
2014-03-13,1.34854197502,0
2014-03-14,1.32083296776,0
2014-03-17,1.35604202747,0
2014-03-18,1.40479195118,0
2014-03-19,1.38166701794,0
2014-03-20,1.39250004292,0
2014-03-21,1.34145796299,0
2014-03-24,1.30770802498,0
2014-03-25,1.31979203224,0
2014-03-26,1.26958298683,0
2014-03-27,1.24708294868,0
2014-03-28,1.25520801544,0
2014-03-31,1.2802079916,0
2014-04-01,1.34958302975,0
2014-04-02,1.36020803452,0
2014-04-03,1.328125,0
2014-04-04,1.22270798683,0
2014-04-07,1.18604195118,0
2014-04-08,1.21916699409,0
2014-04-09,1.28166699409,0
2014-04-10,1.16333305836,0
2014-04-11,1.12270796299,0
2014-04-14,1.14791703224,0
2014-04-15,1.15937495232,0
2014-04-16,1.20437502861,0
2014-04-17,1.20500004292,0
2014-04-21,1.23229205608,0
2014-04-22,1.26250004768,0
2014-04-23,1.22812497616,0
2014-04-24,1.26437497139,0
2014-04-25,1.20333302021,0
2014-04-28,1.21624994278,0
2014-04-29,1.24312496185,0
2014-04-30,1.25416696072,0
2014-05-01,1.26541697979,0
2014-05-02,1.25916695595,0
2014-05-05,1.27708303928,0
2014-05-06,1.22770798206,0
2014-05-07,1.21666705608,0
2014-05-08,1.21249997616,0
2014-05-09,1.22666704655,0
2014-05-12,1.28645801544,0
2014-05-13,1.28916704655,0
2014-05-14,1.26999998093,0
2014-05-15,1.24062502384,0
2014-05-16,1.26374995708,0
2014-05-19,1.29083299637,0
2014-05-20,1.27666699886,0
2014-05-21,1.31270802021,0
2014-05-22,1.32895803452,0
2014-05-23,1.35874998569,0
2014-05-27,1.40979194641,0
2014-05-28,1.39645802975,0
2014-05-29,1.42479205132,0
2014-05-30,1.42354202271,0
2014-06-02,1.41999995708,0
2014-06-03,1.41791701317,0
2014-06-04,1.43291699886,0
2014-06-05,1.47020804882,0
2014-06-06,1.49395799637,0
2014-06-09,1.49125003815,0
2014-06-10,1.49979197979,0
2014-06-11,1.49749994278,0
2014-06-12,1.45833301544,0
2014-06-13,1.46833300591,0
2014-06-16,1.47374999523,0
2014-06-17,1.47583305836,0
2014-06-18,1.50270795822,0
2014-06-19,1.49687504768,0
2014-06-20,1.50229203701,0
2014-06-23,1.50395798683,0
2014-06-24,1.49979197979,0
2014-06-25,1.52708303928,0.00025
2014-06-26,1.53125,0
2014-06-27,1.54645800591,0
2014-06-30,1.55791699886,0
2014-07-01,1.61020803452,0
2014-07-02,1.61645805836,0
2014-07-03,1.64750003815,0
2014-07-07,1.63166701794,0
2014-07-08,1.57479202747,0
2014-07-09,1.6104170084,0
2014-07-10,1.59520804882,0
2014-07-11,1.62291705608,0
2014-07-14,1.65395796299,0
2014-07-15,1.63666701317,0
2014-07-16,1.6552079916,0
2014-07-17,1.58916699886,0
2014-07-18,1.66437494755,0
2014-07-21,1.65833294392,0
2014-07-22,1.69124996662,0
2014-07-23,1.72291696072,0
2014-07-24,1.71687495708,0
2014-07-25,1.69583296776,0
2014-07-28,1.69791698456,0
2014-07-29,1.68937504292,0
2014-07-30,1.70958304405,0
2014-07-31,1.60541701317,0
2014-08-01,1.58687496185,0
2014-08-04,1.61937499046,0
2014-08-05,1.58145797253,0
2014-08-06,1.57875001431,0
2014-08-07,1.5635420084,0
2014-08-08,1.59687495232,0
2014-08-11,1.62583303452,0
2014-08-12,1.62208294868,0
2014-08-13,1.67479205132,0
2014-08-14,1.70062494278,0
2014-08-15,1.72374999523,0
2014-08-18,1.76541697979,0
2014-08-19,1.7958329916,0
2014-08-20,1.7958329916,0
2014-08-21,1.80604195595,0
2014-08-22,1.81312501431,0
2014-08-25,1.83333301544,0
2014-08-26,1.83958303928,0
2014-08-27,1.83979201317,0
2014-08-28,1.83229196072,0
2014-08-29,1.85374999046,0
2014-09-02,1.86916697025,0
2014-09-03,1.83708298206,0
2014-09-04,1.83124995232,0
2014-09-05,1.85958302021,0
2014-09-08,1.86895799637,0
2014-09-09,1.82354199886,0
2014-09-10,1.86583304405,0
2014-09-11,1.86437499523,0
2014-09-12,1.83500003815,0
2014-09-15,1.77979195118,0
2014-09-16,1.82791697979,0
2014-09-17,1.83687496185,0
2014-09-18,1.87645804882,0
2014-09-19,1.87229204178,0
2014-09-22,1.82145798206,0
2014-09-23,1.80562496185,0
2014-09-24,1.86416697502,0
2014-09-25,1.74583303928,0
2014-09-26,1.80166697502,0
2014-09-29,1.79562497139,0
2014-09-30,1.80229198933,0
2014-10-01,1.71604204178,0
2014-10-02,1.71520805359,0
2014-10-03,1.76687502861,0
2014-10-06,1.75479197502,0
2014-10-07,1.68062496185,0
2014-10-08,1.77770805359,0
2014-10-09,1.68916702271,0
2014-10-10,1.56270802021,0
2014-10-13,1.48958301544,0
2014-10-14,1.49229204655,0
2014-10-15,1.46041703224,0
2014-10-16,1.43770802021,0
2014-10-17,1.49395799637,0
2014-10-20,1.55833303928,0
2014-10-21,1.68020796776,0
2014-10-22,1.65416705608,0
2014-10-23,1.72979199886,0
2014-10-24,1.76958298683,0
2014-10-27,1.77625000477,0
2014-10-28,1.85562503338,0
2014-10-29,1.83333301544,0
2014-10-30,1.8447920084,0
2014-10-31,1.9208329916,0
2014-11-03,1.94062495232,0
2014-11-04,1.91999995708,0
2014-11-05,1.91979205608,0
2014-11-06,1.93624997139,0
2014-11-07,1.93145799637,0
2014-11-10,1.95124995708,0
2014-11-11,1.9697920084,0
2014-11-12,1.98062503338,0
2014-11-13,2.00604200363,0
2014-11-14,2.02458310127,0
2014-11-17,2.00562500954,0
2014-11-18,2.05062508583,0
2014-11-19,2.02458310127,0
2014-11-20,2.05145788193,0
2014-11-21,2.06625008583,0
2014-11-24,2.11291694641,0
2014-11-25,2.11979198456,0
2014-11-26,2.16312503815,0
2014-11-28,2.19541692734,0
2014-12-01,2.11437511444,0
2014-12-02,2.13708305359,0
2014-12-03,2.156457901,0
2014-12-04,2.15000009537,0
2014-12-05,2.15145802498,0
2014-12-08,2.10500001907,0
2014-12-09,2.12541699409,0
2014-12-10,2.02250003815,0
2014-12-11,2.05416703224,0
2014-12-12,1.98625004292,0
2014-12-15,1.92666697502,0
2014-12-16,1.83104205132,0
2014-12-17,1.92937505245,0
2014-12-18,2.07083296776,0
2014-12-19,2.093957901,0
2014-12-22,2.11291694641,0.000354
2014-12-23,2.09270811081,0
2014-12-24,2.09708309174,0
2014-12-26,2.13958311081,0
2014-12-29,2.1400001049,0
2014-12-30,2.09583306313,0
2014-12-31,2.03020811081,0
2015-01-02,2.01354193687,0
2015-01-05,1.9229170084,0
2015-01-06,1.84666705132,0
2015-01-07,1.91770803928,0
2015-01-08,2.02708292007,0
2015-01-09,1.98604202271,0
2015-01-12,1.92499995232,0
2015-01-13,1.92333304882,0
2015-01-14,1.89374995232,0
2015-01-15,1.81854200363,0
2015-01-16,1.88333296776,0
2015-01-20,1.92499995232,0
2015-01-21,1.95458304882,0
2015-01-22,2.06333303452,0
2015-01-23,2.07708311081,0
2015-01-26,2.07249999046,0
2015-01-27,1.91208302975,0
2015-01-28,1.87916696072,0
2015-01-29,1.93354201317,0
2015-01-30,1.88916695118,0
2015-02-02,1.93875002861,0
2015-02-03,1.99166703224,0
2015-02-04,1.98645794392,0
2015-02-05,2.03916692734,0
2015-02-06,2.00208306313,0
2015-02-09,1.98000001907,0
2015-02-10,2.07479190826,0
2015-02-11,2.09812498093,0
2015-02-12,2.17145800591,0
2015-02-13,2.22624993324,0
2015-02-17,2.23229193687,0
2015-02-18,2.24187493324,0
2015-02-19,2.27562499046,0
2015-02-20,2.31937503815,0
2015-02-23,2.32854199409,0
2015-02-24,2.33333301544,0
2015-02-25,2.31458306313,0
2015-02-26,2.34979200363,0
2015-02-27,2.31874990463,0
2015-03-02,2.38124990463,0
2015-03-03,2.34708309174,0
2015-03-04,2.32104206085,0
2015-03-05,2.33124995232,0
2015-03-06,2.25104188919,0
2015-03-09,2.27270793915,0
2015-03-10,2.14687490463,0
2015-03-11,2.109167099,0
2015-03-12,2.14958310127,0
2015-03-13,2.12187504768,0
2015-03-16,2.203125,0
2015-03-17,2.21541690826,0
2015-03-18,2.27916693687,0
2015-03-19,2.29020810127,0
2015-03-20,2.33770799637,0
2015-03-23,2.31812500954,0
2015-03-24,2.2945830822,0
2015-03-25,2.13437509537,0.000229
2015-03-26,2.11687493324,0
2015-03-27,2.13729190826,0
2015-03-30,2.21416711807,0
2015-03-31,2.14562511444,0
2015-04-01,2.109375,0
2015-04-02,2.11291694641,0
2015-04-06,2.16374993324,0
2015-04-07,2.15374994278,0
2015-04-08,2.20499992371,0
2015-04-09,2.24604201317,0
2015-04-10,2.27291703224,0
2015-04-13,2.25604200363,0
2015-04-14,2.2366669178,0
2015-04-15,2.27624988556,0
2015-04-16,2.26833295822,0
2015-04-17,2.16229200363,0
2015-04-20,2.25895810127,0
2015-04-21,2.28791689873,0
2015-04-22,2.32500004768,0
2015-04-23,2.35291695595,0
2015-04-24,2.44499993324,0
2015-04-27,2.42937493324,0
2015-04-28,2.41354203224,0
2015-04-29,2.36750006676,0
2015-04-30,2.25624990463,0
2015-05-01,2.34750008583,0
2015-05-04,2.35583305359,0
2015-05-05,2.24416708946,0
2015-05-06,2.19624996185,0
2015-05-07,2.23395800591,0
2015-05-08,2.31583309174,0
2015-05-11,2.29041695595,0
2015-05-12,2.26083302498,0
2015-05-13,2.27250003815,0
2015-05-14,2.37312507629,0
2015-05-15,2.37291693687,0
2015-05-18,2.40208292007,0
2015-05-19,2.39520788193,0
2015-05-20,2.39916706085,0
2015-05-21,2.4368751049,0
2015-05-22,2.43020796776,0
2015-05-26,2.3460419178,0
2015-05-27,2.45895791054,0
2015-05-28,2.44083309174,0
2015-05-29,2.39958310127,0
2015-06-01,2.42062497139,0
2015-06-02,2.39854192734,0
2015-06-03,2.4195830822,0
2015-06-04,2.36687493324,0
2015-06-05,2.34895801544,0
2015-06-08,2.27708292007,0
2015-06-09,2.265832901,0
2015-06-10,2.35562491417,0
2015-06-11,2.36854195595,0
2015-06-12,2.30833292007,0
2015-06-15,2.27645802498,0
2015-06-16,2.31124997139,0
2015-06-17,2.33062505722,0
2015-06-18,2.42916703224,0
2015-06-19,2.39208292961,0
2015-06-22,2.44979190826,0
2015-06-23,2.45583295822,0
2015-06-24,2.41812491417,0
2015-06-25,2.40229201317,0
2015-06-26,2.35770797729,0
2015-06-29,2.19104194641,0
2015-06-30,2.21604204178,0
2015-07-01,2.26145792007,0
2015-07-02,2.26999998093,0
2015-07-06,2.25083303452,0
2015-07-07,2.26229190826,0
2015-07-08,2.14895796776,0
2015-07-09,2.14270806313,0
2015-07-10,2.24229192734,0
2015-07-13,2.35687494278,0
2015-07-14,2.40416693687,0
2015-07-15,2.41562509537,0
2015-07-16,2.50999999046,0
2015-07-17,2.624792099,0
2015-07-20,2.65416693687,0
2015-07-21,2.64687490463,0
2015-07-22,2.55999994278,0
2015-07-23,2.52937507629,0
2015-07-24,2.45749998093,0
2015-07-27,2.39437508583,0
2015-07-28,2.45749998093,0
2015-07-29,2.4849998951,0
2015-07-30,2.51958298683,0
2015-07-31,2.51187491417,0
2015-08-03,2.48874998093,0
2015-08-04,2.47270798683,0
2015-08-05,2.5306251049,0
2015-08-06,2.40916705132,0
2015-08-07,2.39958310127,0
2015-08-10,2.48062491417,0
2015-08-11,2.38604211807,0
2015-08-12,2.40708303452,0
2015-08-13,2.39625000954,0
2015-08-14,2.40916705132,0
2015-08-17,2.46833300591,0
2015-08-18,2.42895793915,0
2015-08-19,2.38333296776,0
2015-08-20,2.18708300591,0
2015-08-21,1.91499996185,0
2015-08-24,1.68812501431,0
2015-08-25,1.66583299637,0
2015-08-26,1.90625,0
2015-08-27,2.05520796776,0
2015-08-28,2.05354189873,0
2015-08-31,1.97729194164,0
2015-09-01,1.7979170084,0
2015-09-02,1.94416701794,0
2015-09-03,1.91208302975,0
2015-09-04,1.84812498093,0
2015-09-08,2.00500011444,0
2015-09-09,1.93520796299,0
2015-09-10,1.99708294868,0
2015-09-11,2.02937507629,0
2015-09-14,2.01125001907,0
2015-09-15,2.08145809174,0
2015-09-16,2.11625003815,0
2015-09-17,2.12208294868,0
2015-09-18,2.03229188919,0
2015-09-21,2.04958295822,0
2015-09-22,1.95916700363,0
2015-09-23,1.96229195595,0
2015-09-24,1.93958294392,0
2015-09-25,1.89250004292,0
2015-09-28,1.72937500477,0
2015-09-29,1.70375001431,0
2015-09-30,1.81645798683,0
2015-10-01,1.84187495708,0
2015-10-02,1.9375,0
2015-10-05,2.02583289146,0
2015-10-06,1.99687504768,0
2015-10-07,2.0289580822,0
2015-10-08,2.05375003815,0
2015-10-09,2.0787498951,0
2015-10-12,2.09625005722,0
2015-10-13,2.05520796776,0
2015-10-14,2.04645800591,0
2015-10-15,2.14645791054,0
2015-10-16,2.17312502861,0
2015-10-19,2.21208310127,0
2015-10-20,2.17541694641,0
2015-10-21,2.140417099,0
2015-10-22,2.26729202271,0
2015-10-23,2.45583295822,0
2015-10-26,2.46312499046,0
2015-10-27,2.47916698456,0
2015-10-28,2.53666710854,0
2015-10-29,2.52729201317,0
2015-10-30,2.49270796776,0
2015-11-02,2.57770800591,0
2015-11-03,2.60229206085,0
2015-11-04,2.60333299637,0
2015-11-05,2.5804169178,0
2015-11-06,2.58895802498,0
2015-11-09,2.50562500954,0
2015-11-10,2.48791694641,0
2015-11-11,2.47687506676,0
2015-11-12,2.40499997139,0
2015-11-13,2.26354193687,0
2015-11-16,2.35791707039,0
2015-11-17,2.36604189873,0
2015-11-18,2.50166702271,0
2015-11-19,2.50541710854,0
2015-11-20,2.55520796776,0
2015-11-23,2.53458309174,0
2015-11-24,2.52666711807,0
2015-11-25,2.53229188919,0
2015-11-27,2.54145789146,0
2015-11-30,2.52541708946,0
2015-12-01,2.60041689873,0
2015-12-02,2.55312490463,0
2015-12-03,2.42291688919,0
2015-12-04,2.58937501907,0
2015-12-07,2.55770802498,0
2015-12-08,2.55791711807,0
2015-12-09,2.43875002861,0
2015-12-10,2.47333288193,0
2015-12-11,2.30375003815,0
2015-12-14,2.35541701317,0
2015-12-15,2.39541697502,0
2015-12-16,2.50125002861,0
2015-12-17,2.39708304405,0
2015-12-18,2.265417099,0
2015-12-21,2.33270788193,0
2015-12-22,2.37687492371,0
2015-12-23,2.43125009537,0
2015-12-24,2.42624998093,0
2015-12-28,2.42562508583,0
2015-12-29,2.53625011444,0
2015-12-30,2.47145795822,0
2015-12-31,2.37979197502,0
2016-01-04,2.234375,0
2016-01-05,2.21437501907,0
2016-01-06,2.15499997139,0
2016-01-07,1.95000004768,0
2016-01-08,1.90395796299,0
2016-01-11,1.92062497139,0
2016-01-12,1.9854170084,0
2016-01-13,1.77770805359,0
2016-01-14,1.89270794392,0
2016-01-15,1.71875,0
2016-01-19,1.72604203224,0
2016-01-20,1.71041703224,0
2016-01-21,1.71666705608,0
2016-01-22,1.86458301544,0
2016-01-25,1.78062498569,0
2016-01-26,1.83145797253,0
2016-01-27,1.69520795345,0
2016-01-28,1.76208305359,0
2016-01-29,1.87687504292,0
2016-02-01,1.88750004768,0
2016-02-02,1.76770794392,0
2016-02-03,1.74270796776,0
2016-02-04,1.73958301544,0
2016-02-05,1.56062495708,0
2016-02-08,1.48937499523,0
2016-02-09,1.47208297253,0
2016-02-10,1.48958301544,0
2016-02-11,1.48604202271,0
2016-02-12,1.54937505722,0
2016-02-16,1.65250003338,0
2016-02-17,1.7666670084,0
2016-02-18,1.70666694641,0
2016-02-19,1.72437500954,0
2016-02-22,1.80583298206,0
2016-02-23,1.71583294868,0
2016-02-24,1.76687502861,0
2016-02-25,1.81562495232,0
2016-02-26,1.8114579916,0
2016-02-29,1.76354205608,0
2016-03-01,1.93229198456,0
2016-03-02,1.93437504768,0
2016-03-03,1.92354202271,0
2016-03-04,1.92687499523,0
2016-03-07,1.89104199409,0
2016-03-08,1.84104204178,0
2016-03-09,1.87625002861,0
2016-03-10,1.86916697025,0
2016-03-11,1.96604204178,0
2016-03-14,1.97749996185,0
2016-03-15,1.97625005245,0
2016-03-16,2.02666711807,0
2016-03-17,2.02083301544,0
2016-03-18,2.03250002861,0
2016-03-21,2.05666708946,0
2016-03-22,2.07500004768,0
2016-03-23,2.02562499046,0
2016-03-24,2.02500009537,0
2016-03-28,2.01770806313,0
2016-03-29,2.11416697502,0
2016-03-30,2.14583301544,0
2016-03-31,2.13333296776,0
2016-04-01,2.20437502861,0
2016-04-04,2.17708301544,0
2016-04-05,2.11854195595,0
2016-04-06,2.22000002861,0
2016-04-07,2.12416696548,0
2016-04-08,2.11916708946,0
2016-04-11,2.09645795822,0
2016-04-12,2.14541697502,0
2016-04-13,2.22916698456,0
2016-04-14,2.23062491417,0
2016-04-15,2.21354198456,0
2016-04-18,2.24624991417,0
2016-04-19,2.20749998093,0
2016-04-20,2.21291708946,0
2016-04-21,2.21354198456,0
2016-04-22,2.11333298683,0
2016-04-25,2.1116669178,0
2016-04-26,2.08270788193,0
2016-04-27,2.03270792961,0
2016-04-28,1.96062505245,0
2016-04-29,1.92937505245,0
2016-05-02,1.98041701317,0
2016-05-03,1.92770802975,0
2016-05-04,1.8895829916,0
2016-05-05,1.88854205608,0
2016-05-06,1.91583299637,0
2016-05-09,1.93270802498,0
2016-05-10,2.01375007629,0
2016-05-11,1.95875000954,0
2016-05-12,1.93124997616,0
2016-05-13,1.90791702271,0
2016-05-16,1.98145794868,0
2016-05-17,1.90541696548,0
2016-05-18,1.92708301544,0
2016-05-19,1.89666700363,0
2016-05-20,1.96000003815,0
2016-05-23,1.95041704178,0
2016-05-24,2.06979203224,0
2016-05-25,2.11437511444,0
2016-05-26,2.13208293915,0
2016-05-27,2.16416692734,0
2016-05-31,2.17708301544,0
2016-06-01,2.17791700363,0
2016-06-02,2.19020795822,0
2016-06-03,2.16020798683,0
2016-06-06,2.18333292007,0
2016-06-07,2.16791701317,0
2016-06-08,2.17750000954,0
2016-06-09,2.16791701317,0
2016-06-10,2.09500002861,0
2016-06-13,2.04124999046,0
2016-06-14,2.04229211807,0
2016-06-15,2.02395796776,0
2016-06-16,2.03854203224,0
2016-06-17,1.96875,0
2016-06-20,2.00416707993,0
2016-06-21,2.02416706085,0
2016-06-22,2.01104211807,0
2016-06-23,2.09583306313,0
2016-06-24,1.83916699886,0
2016-06-27,1.73208296299,0
2016-06-28,1.84062504768,0
2016-06-29,1.93624997139,0
2016-06-30,2.00666689873,0
2016-07-01,2.03416705132,0
2016-07-05,1.99812495708,0
2016-07-06,2.04520797729,0
2016-07-07,2.06458306313,0
2016-07-08,2.16000008583,0
2016-07-11,2.19687509537,0
2016-07-12,2.23145794868,0
2016-07-13,2.21583294868,0
2016-07-14,2.26083302498,0
2016-07-15,2.24812507629,0
2016-07-18,2.29291701317,0
2016-07-19,2.26916694641,0
2016-07-20,2.34687495232,0
2016-07-21,2.33291697502,0
2016-07-22,2.3599998951,0
2016-07-25,2.36208295822,0
2016-07-26,2.36999988556,0
2016-07-27,2.41624999046,0
2016-07-28,2.44250011444,0
2016-07-29,2.45854210854,0
2016-08-01,2.49708294868,0
2016-08-02,2.44083309174,0
2016-08-03,2.46395802498,0
2016-08-04,2.48604202271,0
2016-08-05,2.55791711807,0
2016-08-08,2.54979205132,0
2016-08-09,2.56666707993,0
2016-08-10,2.546875,0
2016-08-11,2.57979202271,0
2016-08-12,2.58458304405,0
2016-08-15,2.61708307266,0
2016-08-16,2.5758330822,0
2016-08-17,2.58791708946,0
2016-08-18,2.59041690826,0
2016-08-19,2.58687496185,0
2016-08-22,2.58937501907,0
2016-08-23,2.60479211807,0
2016-08-24,2.55458307266,0
2016-08-25,2.54250001907,0
2016-08-26,2.55479192734,0
2016-08-29,2.5618751049,0
2016-08-30,2.53874993324,0
2016-08-31,2.53208303452,0
2016-09-01,2.54333305359,0
2016-09-02,2.57312488556,0
2016-09-06,2.62083292007,0
2016-09-07,2.6256248951,0
2016-09-08,2.58062505722,0
2016-09-09,2.38499999046,0
2016-09-12,2.50729203224,0
2016-09-13,2.44812488556,0
2016-09-14,2.47958302498,0
2016-09-15,2.59458303452,0
2016-09-16,2.59166693687,0
2016-09-19,2.55770802498,0
2016-09-20,2.57187509537,0
2016-09-21,2.64666700363,0
2016-09-22,2.70854210854,0
2016-09-23,2.65979194641,0
2016-09-26,2.59375,0
2016-09-27,2.66729211807,0
2016-09-28,2.68187499046,0
2016-09-29,2.625,0
2016-09-30,2.67895793915,0
2016-10-03,2.67291688919,0
2016-10-04,2.65770792961,0
2016-10-05,2.68541693687,0
2016-10-06,2.68125009537,0
2016-10-07,2.66374993324,0
2016-10-10,2.71145796776,0
2016-10-11,2.59937500954,0
2016-10-12,2.593957901,0
2016-10-13,2.56354188919,0
2016-10-14,2.56937503815,0
2016-10-17,2.55166697502,0
2016-10-18,2.61708307266,0
2016-10-19,2.61812496185,0
2016-10-20,2.6070830822,0
2016-10-21,2.63541698456,0
2016-10-24,2.73145794868,0
2016-10-25,2.70416688919,0
2016-10-26,2.65229201317,0
2016-10-27,2.61520791054,0
2016-10-28,2.56999993324,0
2016-10-31,2.55541706085,0
2016-11-01,2.50291705132,0
2016-11-02,2.437707901,0
2016-11-03,2.36750006676,0
2016-11-04,2.34062504768,0
2016-11-07,2.50833296776,0
2016-11-08,2.55749988556,0
2016-11-09,2.59333300591,0
2016-11-10,2.47000002861,0
2016-11-11,2.46791696548,0
2016-11-14,2.38458299637,0
2016-11-15,2.49499988556,0
2016-11-16,2.53562498093,0
2016-11-17,2.5943748951,0
2016-11-18,2.56520795822,0
2016-11-21,2.64229202271,0
2016-11-22,2.66604208946,0
2016-11-23,2.63395810127,0
2016-11-25,2.65937495232,0
2016-11-28,2.64458298683,0
2016-11-29,2.67000007629,0
2016-11-30,2.58354210854,0
2016-12-01,2.44166707993,0
2016-12-02,2.45145797729,0
2016-12-05,2.50812506676,0
2016-12-06,2.52624988556,0
2016-12-07,2.61999988556,0
2016-12-08,2.63604211807,0
2016-12-09,2.69770789146,0
2016-12-12,2.66020798683,0
2016-12-13,2.76416707039,0
2016-12-14,2.74395799637,0
2016-12-15,2.76062488556,0
2016-12-16,2.72708296776,0
2016-12-19,2.76041698456,0
2016-12-20,2.79375004768,0
2016-12-21,2.78395795822,0
2016-12-22,2.75979208946,0
2016-12-23,2.76833295822,0
2016-12-27,2.80874991417,0
2016-12-28,2.74375009537,0
2016-12-29,2.73041701317,0
2016-12-30,2.65062499046,0
2017-01-03,2.71479201317,0
2017-01-04,2.76104211807,0
2017-01-05,2.80999994278,0
2017-01-06,2.88124990463,0
2017-01-09,2.91041707993,0
2017-01-10,2.92708301544,0
2017-01-11,2.94958305359,0
2017-01-12,2.93458294868,0
2017-01-13,2.96833300591,0
2017-01-17,2.94041705132,0
2017-01-18,2.96041703224,0
2017-01-19,2.9525001049,0
2017-01-20,2.97166705132,0
2017-01-23,2.97833299637,0
2017-01-24,3.04041695595,0
2017-01-25,3.12916707993,0
2017-01-26,3.14208292961,0
2017-01-27,3.15708303452,0
2017-01-30,3.08541703224,0
2017-01-31,3.06833291054,0
2017-02-01,3.12666702271,0
2017-02-02,3.11875009537,0
2017-02-03,3.14583301544,0
2017-02-06,3.15750002861,0
2017-02-07,3.19000005722,0
2017-02-08,3.20791697502,0
2017-02-09,3.24125003815,0
2017-02-10,3.27333307266,0
2017-02-13,3.33083295822,0
2017-02-14,3.36208295822,0
2017-02-15,3.42000007629,0
2017-02-16,3.41708302498,0
2017-02-17,3.46000003815,0
2017-02-21,3.5150001049,0
2017-02-22,3.515417099,0
2017-02-23,3.47749996185,0
2017-02-24,3.49624991417,0
2017-02-27,3.50666689873,0
2017-02-28,3.47916698456,0
2017-03-01,3.59166693687,0
2017-03-02,3.53500008583,0
2017-03-03,3.55333304405,0
2017-03-06,3.52874994278,0
2017-03-07,3.51125001907,0
2017-03-08,3.52916693687,0
2017-03-09,3.53999996185,0
2017-03-10,3.5787498951,0
2017-03-13,3.59958291054,0
2017-03-14,3.57291698456,0
2017-03-15,3.63541698456,0
2017-03-16,3.63333296776,0
2017-03-17,3.62458300591,0
2017-03-20,3.63541698456,0
2017-03-21,3.47333288193,0
2017-03-22,3.54166698456,0
2017-03-23,3.5133330822,0
2017-03-24,3.53250002861,0
2017-03-27,3.55124998093,0
2017-03-28,3.61791706085,0
2017-03-29,3.66583299637,0
2017-03-30,3.68416690826,0
2017-03-31,3.67541694641,0
2017-04-03,3.66750001907,0
2017-04-04,3.68416690826,0
2017-04-05,3.64208292961,0
2017-04-06,3.64499998093,0
2017-04-07,3.640832901,0
2017-04-10,3.64499998093,0
2017-04-11,3.59916710854,0
2017-04-12,3.55166697502,0
2017-04-13,3.50958299637,0
2017-04-17,3.59291696548,0
2017-04-18,3.58249998093,0
2017-04-19,3.59500002861,0
2017-04-20,3.68208289146,0
2017-04-21,3.68041706085,0
2017-04-24,3.81416702271,0
2017-04-25,3.89875006676,0
2017-04-26,3.88166689873,0
2017-04-27,3.94958305359,0
2017-04-28,3.97208309174,0
2017-05-01,4.07208299637,0
2017-05-02,4.09625005722,0
2017-05-03,4.05583286285,0
2017-05-04,4.05999994278,0
2017-05-05,4.10416698456,0
2017-05-08,4.12874984741,0
2017-05-09,4.17416715622,0
2017-05-10,4.18083286285,0
2017-05-11,4.17083311081,0
2017-05-12,4.19791698456,0
2017-05-15,4.23708295822,0
2017-05-16,4.29041719437,0
2017-05-17,3.96583294868,0
2017-05-18,4.06624984741,0
2017-05-19,4.11541700363,0
2017-05-22,4.22208309174,0
2017-05-23,4.23250007629,0
2017-05-24,4.29083299637,0
2017-05-25,4.40374994278,0
2017-05-26,4.42250013351,0
2017-05-30,4.43166685104,0
2017-05-31,4.42624998093,0
2017-06-01,4.47916698456,0
2017-06-02,4.63208293915,0
2017-06-05,4.62833309174,0
2017-06-06,4.57583284378,0
2017-06-07,4.62583303452,0
2017-06-08,4.63833284378,0
2017-06-09,4.30291700363,0
2017-06-12,4.22499990463,0
2017-06-13,4.32375001907,0
2017-06-14,4.265832901,0
2017-06-15,4.20833301544,0
2017-06-16,4.15791702271,0
2017-06-19,4.359167099,0
2017-06-20,4.26041698456,0
2017-06-21,4.38416719437,0
2017-06-22,4.37916707993,0
2017-06-23,4.42833280563,0
2017-06-26,4.36958312988,0
2017-06-27,4.12916707993,0
2017-06-28,4.30249977112,0
2017-06-29,4.08333301544,0
2017-06-30,4.06916713715,0
2017-07-03,3.95833301544,0
2017-07-05,4.07124996185,0
2017-07-06,3.96374988556,0
2017-07-07,4.08249998093,0
2017-07-10,4.16791677475,0
2017-07-11,4.20208311081,0
2017-07-12,4.35166692734,0
2017-07-13,4.38041687012,0
2017-07-14,4.48333311081,0
2017-07-17,4.48583316803,0
2017-07-18,4.57499980927,0
2017-07-19,4.65875005722,0
2017-07-20,4.67624998093,0
2017-07-21,4.66916704178,0
2017-07-24,4.73000001907,0
2017-07-25,4.69833278656,0
2017-07-26,4.74041700363,0
2017-07-27,4.65583276749,0
2017-07-28,4.640832901,0
2017-07-31,4.58041715622,0
2017-08-01,4.61041688919,0
2017-08-02,4.64416694641,0
2017-08-03,4.59583282471,0
2017-08-04,4.61374998093,0
2017-08-07,4.69541692734,0
2017-08-08,4.67791700363,0
2017-08-09,4.65958309174,0
2017-08-10,4.35708284378,0
2017-08-11,4.45666694641,0
2017-08-14,4.63000011444,0
2017-08-15,4.63833284378,0
2017-08-16,4.66249990463,0
2017-08-17,4.37583303452,0
2017-08-18,4.36041688919,0
2017-08-21,4.35249996185,0
2017-08-22,4.54624986649,0
2017-08-23,4.49541711807,0
2017-08-24,4.45791721344,0
2017-08-25,4.42791700363,0
2017-08-28,4.46666717529,0
2017-08-29,4.52166700363,0
2017-08-30,4.67833280563,0
2017-08-31,4.81125020981,0
2017-09-01,4.80791711807,0
2017-09-05,4.67916679382,0
2017-09-06,4.71958303452,0
2017-09-07,4.74875020981,0
2017-09-08,4.63166713715,0
2017-09-11,4.77916717529,0
2017-09-12,4.81958293915,0
2017-09-13,4.83958292007,0
2017-09-14,4.75791692734,0
2017-09-15,4.79624986649,0
2017-09-18,4.78458309174,0
2017-09-19,4.80499982834,0
2017-09-20,4.76499986649,0
2017-09-21,4.67333316803,0
2017-09-22,4.66166687012,0
2017-09-25,4.515417099,0
2017-09-26,4.54624986649,0
2017-09-27,4.66958284378,0
2017-09-28,4.66166687012,0
2017-09-29,4.76041698456,0
2017-10-02,4.77374982834,0
2017-10-03,4.80375003815,0
2017-10-04,4.81624984741,0
2017-10-05,4.95499992371,0
2017-10-06,4.97291707993,0
2017-10-09,4.96041679382,0
2017-10-10,4.97083282471,0
2017-10-11,5.01416683197,0
2017-10-12,4.98708295822,0
2017-10-13,5.04291677475,0
2017-10-16,5.09499979019,0
2017-10-17,5.11291694641,0
2017-10-18,5.09333276749,0
2017-10-19,5.03708314896,0
2017-10-20,5.07375001907,0
2017-10-23,4.97916698456,0
2017-10-24,5.00458288193,0
2017-10-25,4.94374990463,0
2017-10-26,4.89791679382,0
2017-10-27,5.32000017166,0
2017-10-30,5.35791683197,0
2017-10-31,5.41458320618,0
2017-11-01,5.40749979019,0
2017-11-02,5.38000011444,0
2017-11-03,5.53000020981,0
2017-11-06,5.58624982834,0
2017-11-07,5.59541702271,0
2017-11-08,5.66541719437,0
2017-11-09,5.57458305359,0
2017-11-10,5.57291698456,0
2017-11-13,5.58958292007,0
2017-11-14,5.53333282471,0
2017-11-15,5.45208311081,0
2017-11-16,5.65625,0
2017-11-17,5.59291696548,0
2017-11-20,5.57916688919,0
2017-11-21,5.75500011444,0
2017-11-22,5.77791690826,0
2017-11-24,5.84291696548,0
2017-11-27,5.83333301544,0
2017-11-28,5.87624979019,0
2017-11-29,5.57416677475,0
2017-11-30,5.71250009537,0
2017-12-01,5.63625001907,0
2017-12-04,5.44166707993,0
2017-12-05,5.44958305359,0
2017-12-06,5.52166700363,0
2017-12-07,5.57625007629,0
2017-12-08,5.65000009537,0
2017-12-11,5.77958297729,0
2017-12-12,5.75791692734,0
2017-12-13,5.78666687012,0
2017-12-14,5.7783331871,0
2017-12-15,5.96624994278,0
2017-12-18,6.11958312988,0
2017-12-19,6.01999998093,0
2017-12-20,5.99499988556,0
2017-12-21,5.99208307266,0
2017-12-22,5.97208309174,0
2017-12-26,5.87541723251,0
2017-12-27,5.87541723251,0
2017-12-28,5.89125013351,0
2017-12-29,5.78000020981,0
2018-01-02,6.07666683197,0
2018-01-03,6.25458288193,0
2018-01-04,6.29125022888,0
2018-01-05,6.48124980927,0
2018-01-08,6.55333280563,0
2018-01-09,6.55833292007,0
2018-01-10,6.51166677475,0
2018-01-11,6.64208316803,0
2018-01-12,6.78291702271,0
2018-01-16,6.73041677475,0
2018-01-17,6.94250011444,0
2018-01-18,6.94916677475,0
2018-01-19,7.015832901,0
2018-01-22,7.23500013351,0
2018-01-23,7.41833305359,0
2018-01-24,7.26791715622,0
2018-01-25,7.25874996185,0
2018-01-26,7.58291721344,0
2018-01-29,7.48250007629,0
2018-01-30,7.29125022888,0
2018-01-31,7.38124990463,0
2018-02-01,7.19666719437,0
2018-02-02,6.75708293915,0
2018-02-05,5.97708320618,0
2018-02-06,6.43791723251,0
2018-02-07,6.18333292007,0
2018-02-08,5.41708278656,0
2018-02-09,5.672082901,0
2018-02-12,5.98958301544,0
2018-02-13,6.0625,0
2018-02-14,6.41750001907,0
2018-02-15,6.7529168129,0
2018-02-16,6.67749977112,0
2018-02-20,6.71083307266,0
2018-02-21,6.65041685104,0
2018-02-22,6.65166711807,0
2018-02-23,7.04791688919,0
2018-02-26,7.33083295822,0
2018-02-27,7.06833314896,0
2018-02-28,6.92624998093,0
2018-03-01,6.59291696548,0
2018-03-02,6.77416706085,0
2018-03-05,6.98666715622,0
2018-03-06,7.07499980927,0
2018-03-07,7.1279168129,0
2018-03-08,7.234167099,0
2018-03-09,7.65541696548,0
2018-03-12,7.76999998093,0
2018-03-13,7.48791694641,0
2018-03-14,7.46250009537,0
2018-03-15,7.42916679382,0
2018-03-16,7.38000011444,0
2018-03-19,6.91666698456,0
2018-03-20,6.96750020981,0
2018-03-21,6.86666679382,0
2018-03-22,6.36499977112,0
2018-03-23,5.85083293915,0
2018-03-26,6.50916719437,0
2018-03-27,5.88500022888,0
2018-03-28,5.68208312988,0
2018-03-29,5.99666690826,0
2018-04-02,5.46416711807,0
2018-04-03,5.64750003815,0
2018-04-04,5.91458320618,0
2018-04-05,6.00750017166,0
2018-04-06,5.55916690826,0
2018-04-09,5.67041683197,0
2018-04-10,6.04500007629,0
2018-04-11,5.94333314896,0
2018-04-12,6.15166711807,0
2018-04-13,6.06041717529,0
2018-04-16,6.19416713715,0
2018-04-17,6.59041690826,0
2018-04-18,6.63625001907,0
2018-04-19,6.45583295822,0
2018-04-20,6.14624977112,0
2018-04-23,6.09791707993,0
2018-04-24,5.70916700363,0
2018-04-25,5.73166704178,0
2018-04-26,6.08708286285,0
2018-04-27,6.10125017166,0
2018-04-30,5.97125005722,0
2018-05-01,6.16541719437,0
2018-05-02,6.05791711807,0
2018-05-03,6.05833292007,0
2018-05-04,6.39916706085,0
2018-05-07,6.55124998093,0
2018-05-08,6.52958297729,0
2018-05-09,6.74833297729,0
2018-05-10,6.95833301544,0
2018-05-11,6.9375,0
2018-05-14,6.96833276749,0
2018-05-15,6.74291706085,0
2018-05-16,6.86708307266,0
2018-05-17,6.78958320618,0
2018-05-18,6.68083286285,0
2018-05-21,6.79750013351,0
2018-05-22,6.76208305359,0
2018-05-23,6.93208312988,0
2018-05-24,6.92624998093,0
2018-05-25,6.94374990463,0
2018-05-29,6.85500001907,0
2018-05-30,7.00124979019,0
2018-05-31,6.98624992371,0
2018-06-01,7.31125020981,0
2018-06-04,7.49875020981,0
2018-06-05,7.57625007629,0
2018-06-06,7.70125007629,0
2018-06-07,7.52250003815,0
2018-06-08,7.51749992371,0
2018-06-11,7.57625007629,0
2018-06-12,7.69624996185,0
2018-06-13,7.6875,0
2018-06-14,7.92124986649,0
2018-06-15,7.84250020981,0
2018-06-18,7.82499980927,0
2018-06-19,7.75500011444,0
2018-06-20,7.91750001907,0
2018-06-21,7.71250009537,0
2018-06-22,7.63500022888,0
2018-06-25,7.14750003815,0
2018-06-26,7.22625017166,0
2018-06-27,6.93625020981,0
2018-06-28,7.10624980927,0
2018-06-29,7.13875007629,0
2018-07-02,7.29874992371,0
2018-07-03,7.04750013351,0
2018-07-05,7.30625009537,0
2018-07-06,7.63500022888,0
2018-07-09,7.84749984741,0
2018-07-10,7.86625003815,0
2018-07-11,7.75124979019,0
2018-07-12,8.13374996185,0
2018-07-13,8.15750026703,0
2018-07-16,8.10249996185,0
2018-07-17,8.25249958038,0
2018-07-18,8.19999980927,0
2018-07-19,8.07874965668,0
2018-07-20,8.06750011444,0
2018-07-23,8.13749980927,0
2018-07-24,8.24125003815,0
2018-07-25,8.58500003815,0
2018-07-26,8.21000003815,0
2018-07-27,7.86749982834,0
2018-07-30,7.52874994278,0
2018-07-31,7.67875003815,0
2018-08-01,7.78375005722,0
2018-08-02,8.09375,0
2018-08-03,8.16625022888,0
2018-08-06,8.31624984741,0
2018-08-07,8.39750003815,0
2018-08-08,8.42000007629,0
2018-08-09,8.41250038147,0
2018-08-10,8.21625041962,0
2018-08-13,8.19250011444,0
2018-08-14,8.34375,0
2018-08-15,8.03999996185,0
2018-08-16,8.11375045776,0
2018-08-17,8.11250019073,0
2018-08-20,8.09624958038,0
2018-08-21,8.18000030518,0
2018-08-22,8.27499961853,0
2018-08-23,8.23375034332,0
2018-08-24,8.46249961853,0
2018-08-27,8.71749973297,0
2018-08-28,8.75625038147,0
2018-08-29,9.0625,0
2018-08-30,9.01124954224,0
2018-08-31,9.03750038147,0
2018-09-04,8.93000030518,0
2018-09-05,8.57499980927,0
2018-09-06,8.34125041962,0
2018-09-07,8.25874996185,0
2018-09-10,8.33125019073,0
2018-09-11,8.51624965668,0
2018-09-12,8.44250011444,0
2018-09-13,8.69250011444,0
2018-09-14,8.62625026703,0
2018-09-17,8.26249980927,0
2018-09-18,8.45874977112,0
2018-09-19,8.43999958038,0
2018-09-20,8.70499992371,0
2018-09-21,8.56624984741,0
2018-09-24,8.64000034332,0
2018-09-25,8.67500019073,0
2018-09-26,8.66625022888,0
2018-09-27,8.90625,0
2018-09-28,8.89249992371,0
2018-10-01,8.94375038147,0
2018-10-02,8.89249992371,0
2018-10-03,8.91874980927,0
2018-10-04,8.40999984741,0
2018-10-05,8.09375,0
2018-10-08,7.94875001907,0
2018-10-09,8.01000022888,0
2018-10-10,6.97125005722,0
2018-10-11,6.68874979019,0
2018-10-12,7.25374984741,0
2018-10-15,6.98000001907,0
2018-10-16,7.58125019073,0
2018-10-17,7.60624980927,0
2018-10-18,7.07875013351,0
2018-10-19,7.05000019073,0
2018-10-22,7.15625,0
2018-10-23,7.07749986649,0
2018-10-24,6.11499977112,0
2018-10-25,6.74249982834,0
2018-10-26,6.21875,0
2018-10-29,5.88625001907,0
2018-10-30,6.11374998093,0
2018-10-31,6.52624988556,0
2018-11-01,6.81125020981,0
2018-11-02,6.50624990463,0
2018-11-05,6.44250011444,0
2018-11-06,6.57875013351,0
2018-11-07,7.18375015259,0
2018-11-08,7.06125020981,0
2018-11-09,6.70249986649,0
2018-11-12,6.11374998093,0
2018-11-13,6.11124992371,0
2018-11-14,5.95625019073,0
2018-11-15,6.27500009537,0
2018-11-16,6.20625019073,0
2018-11-19,5.61124992371,0
2018-11-20,5.30000019073,0
2018-11-21,5.41874980927,0
2018-11-23,5.29874992371,0
2018-11-26,5.66249990463,0
2018-11-27,5.72125005722,0
2018-11-28,6.26375007629,0
2018-11-29,6.20625019073,0
2018-11-30,6.33624982834,0
2018-12-03,6.66125011444,0
2018-12-04,5.92875003815,0
2018-12-06,6.01499986649,0
2018-12-07,5.42624998093,0
2018-12-10,5.59625005722,0
2018-12-11,5.65625,0
2018-12-12,5.79874992371,0
2018-12-13,5.80000019073,0
2018-12-14,5.36250019073,0
2018-12-17,5.01625013351,0
2018-12-18,5.09999990463,0
2018-12-19,4.73124980927,0
2018-12-20,4.54125022888,0
2018-12-21,4.10249996185,0
2018-12-24,3.79874992371,0
2018-12-26,4.48250007629,0.005125
2018-12-27,4.54624986649,0
2018-12-28,4.52750015259,0
2018-12-31,4.63000011444,0
2019-01-02,4.69624996185,0
2019-01-03,4.24125003815,0
2019-01-04,4.78375005722,0
2019-01-07,4.93625020981,0
2019-01-08,5.07875013351,0
2019-01-09,5.19875001907,0
2019-01-10,5.24875020981,0
2019-01-11,5.18625020981,0
2019-01-14,5.05124998093,0
2019-01-15,5.33125019073,0
2019-01-16,5.33874988556,0
2019-01-17,5.46374988556,0
2019-01-18,5.61374998093,0
2019-01-22,5.30375003815,0
2019-01-23,5.30875015259,0
2019-01-24,5.40250015259,0
2019-01-25,5.59499979019,0
2019-01-28,5.38875007629,0
2019-01-29,5.23624992371,0
2019-01-30,5.62874984741,0
2019-01-31,5.87624979019,0
2019-02-01,5.80124998093,0
2019-02-04,6.01375007629,0
2019-02-05,6.17250013351,0
2019-02-06,6.12375020981,0
2019-02-07,5.87375020981,0
2019-02-08,5.90374994278,0
2019-02-11,5.88999986649,0
2019-02-12,6.14499998093,0
2019-02-13,6.15749979019,0
2019-02-14,6.17999982834,0
2019-02-15,6.25374984741,0
2019-02-19,6.29125022888,0
2019-02-20,6.28625011444,0
2019-02-21,6.21500015259,0
2019-02-22,6.34999990463,0
2019-02-25,6.42000007629,0
2019-02-26,6.44000005722,0
2019-02-27,6.42000007629,0
2019-02-28,6.38000011444,0
2019-03-01,6.50750017166,0
2019-03-04,6.50874996185,0
2019-03-05,6.52500009537,0
2019-03-06,6.41249990463,0
2019-03-07,6.17875003815,0
2019-03-08,6.14375019073,0
2019-03-11,6.52750015259,0
2019-03-12,6.63374996185,0
2019-03-13,6.77750015259,0
2019-03-14,6.74749994278,0
2019-03-15,6.91499996185,0
2019-03-18,6.97749996185,0
2019-03-19,7.04750013351,0
2019-03-20,7.12624979019,0.0025
2019-03-21,7.45625019073,0
2019-03-22,6.96875,0
2019-03-25,6.92500019073,0
2019-03-26,7.01999998093,0
2019-03-27,6.88250017166,0
2019-03-28,6.92624998093,0
2019-03-29,7.08249998093,0
2019-04-01,7.36124992371,0
2019-04-02,7.44250011444,0
2019-04-03,7.57124996185,0
2019-04-04,7.55999994278,0
2019-04-05,7.67374992371,0
2019-04-08,7.73374986649,0
2019-04-09,7.64874982834,0
2019-04-10,7.77250003815,0
2019-04-11,7.71374988556,0
2019-04-12,7.80875015259,0
2019-04-15,7.81500005722,0
2019-04-16,7.89125013351,0
2019-04-17,7.96999979019,0
2019-04-18,7.99499988556,0
2019-04-22,8.0625,0
2019-04-23,8.36874961853,0
2019-04-24,8.28750038147,0
2019-04-25,8.38000011444,0
2019-04-26,8.40999984741,0
2019-04-29,8.45499992371,0
2019-04-30,8.26124954224,0
2019-05-01,8.16625022888,0
2019-05-02,8.06624984741,0
2019-05-03,8.44624996185,0
2019-05-06,8.29500007629,0
2019-05-07,7.8125,0
2019-05-08,7.74375009537,0
2019-05-09,7.62125015259,0
2019-05-10,7.64249992371,0
2019-05-13,6.85249996185,0
2019-05-14,7.06750011444,0
2019-05-15,7.36124992371,0
2019-05-16,7.59124994278,0
2019-05-17,7.35500001907,0
2019-05-20,6.98624992371,0
2019-05-21,7.19624996185,0
2019-05-22,7.10249996185,0
2019-05-23,6.76749992371,0
2019-05-24,6.75750017166,0
2019-05-28,6.68499994278,0
2019-05-29,6.51749992371,0
2019-05-30,6.59499979019,0
2019-05-31,6.27750015259,0
2019-06-03,5.87624979019,0
2019-06-04,6.35249996185,0
2019-06-05,6.49249982834,0
2019-06-06,6.64249992371,0
2019-06-07,7.02124977112,0
2019-06-10,7.27750015259,0
2019-06-11,7.30499982834,0
2019-06-12,7.18125009537,0
2019-06-13,7.29874992371,0
2019-06-14,7.20375013351,0
2019-06-17,7.33500003815,0
2019-06-18,7.65250015259,0
2019-06-19,7.74249982834,0
2019-06-20,7.95499992371,0
2019-06-21,7.91874980927,0
2019-06-24,7.91625022888,0
2019-06-25,7.51125001907,0
2019-06-26,7.60624980927,0
2019-06-27,7.68874979019,0
2019-06-28,7.72125005722,0
2019-07-01,8.02875041962,0
2019-07-02,8.12625026703,0
2019-07-03,8.30624961853,0
2019-07-05,8.25249958038,0
2019-07-08,8.07874965668,0
2019-07-09,8.19999980927,0
2019-07-10,8.44250011444,0
2019-07-11,8.42000007629,0
2019-07-12,8.56124973297,0
2019-07-15,8.63374996185,0
2019-07-16,8.51124954224,0
2019-07-17,8.38500022888,0
2019-07-18,8.42125034332,0
2019-07-19,8.21749973297,0
2019-07-22,8.41125011444,0
2019-07-23,8.57374954224,0
2019-07-24,8.75625038147,0
2019-07-25,8.50625038147,0
2019-07-26,8.75874996185,0
2019-07-29,8.67749977112,0
2019-07-30,8.56124973297,0
2019-07-31,8.19999980927,0
2019-08-01,8.08500003815,0
2019-08-02,7.71500015259,0
2019-08-05,6.90500020981,0
2019-08-06,7.18874979019,0
2019-08-07,7.29374980927,0
2019-08-08,7.77624988556,0
2019-08-09,7.54624986649,0
2019-08-12,7.29374980927,0
2019-08-13,7.77250003815,0
2019-08-14,7.07625007629,0
2019-08-15,7.04624986649,0
2019-08-16,7.37125015259,0
2019-08-19,7.71624994278,0
2019-08-20,7.55749988556,0
2019-08-21,7.75,0
2019-08-22,7.67500019073,0
2019-08-23,6.97249984741,0
2019-08-26,7.25500011444,0
2019-08-27,7.21124982834,0
2019-08-28,7.28375005722,0
2019-08-29,7.61499977112,0
2019-08-30,7.56125020981,0
2019-09-03,7.34124994278,0
2019-09-04,7.65000009537,0
2019-09-05,8.07250022888,0
2019-09-06,8.05000019073,0
2019-09-09,7.99875020981,0
2019-09-10,7.93249988556,0
2019-09-11,8.14624977112,0
2019-09-12,8.24750041962,0
2019-09-13,8.15999984741,0
2019-09-16,8.04749965668,0
2019-09-17,8.15375041962,0
2019-09-18,8.14875030518,0
2019-09-19,8.18500041962,0
2019-09-20,7.92749977112,0
2019-09-23,7.93499994278,0
2019-09-24,7.62125015259,0
2019-09-25,7.86499977112,0
2019-09-26,7.78625011444,0
2019-09-27,7.50374984741,0
2019-09-30,7.70375013351,0
2019-10-01,7.51749992371,0
2019-10-02,7.13250017166,0
2019-10-03,7.36749982834,0
2019-10-04,7.67749977112,0
2019-10-07,7.60624980927,0
2019-10-08,7.26000022888,0
2019-10-09,7.48000001907,0
2019-10-10,7.64375019073,0
2019-10-11,7.92999982834,0
2019-10-14,7.93874979019,0
2019-10-15,8.23999977112,0
2019-10-16,8.17875003815,0
2019-10-17,8.23499965668,0
2019-10-18,7.99875020981,0
2019-10-21,8.21000003815,0
2019-10-22,8.02000045776,0
2019-10-23,8.05749988556,0
2019-10-24,8.28874969482,0
2019-10-25,8.47749996185,0
2019-10-28,8.73624992371,0
2019-10-29,8.53499984741,0
2019-10-30,8.65499973297,0
2019-10-31,8.66125011444,0
2019-11-01,8.89624977112,0
2019-11-04,9.05500030518,0
2019-11-05,9.06624984741,0
2019-11-06,9.00874996185,0
2019-11-07,9.10000038147,0
2019-11-08,9.20750045776,0
2019-11-11,9.16874980927,0
2019-11-12,9.24374961853,0
2019-11-13,9.22999954224,0
2019-11-14,9.22749996185,0
2019-11-15,9.40124988556,0
2019-11-18,9.44999980927,0
2019-11-19,9.48875045776,0
2019-11-20,9.32250022888,0
2019-11-21,9.25,0
2019-11-22,9.27499961853,0
2019-11-25,9.59624958038,0
2019-11-26,9.65375041962,0
2019-11-27,9.84875011444,0
2019-11-29,9.71749973297,0
2019-12-02,9.40499973297,0
2019-12-03,9.19375038147,0
2019-12-04,9.32999992371,0
2019-12-05,9.37874984741,0
2019-12-06,9.66874980927,0
2019-12-09,9.55000019073,0
2019-12-10,9.52875041962,0
2019-12-11,9.67249965668,0
2019-12-12,9.89375019073,0
2019-12-13,9.98250007629,0
2019-12-16,10.2687501907,0
2019-12-17,10.282500267,0
2019-12-18,10.3062496185,0
2019-12-19,10.5162496567,0
2019-12-20,10.6412496567,0
2019-12-23,10.720000267,0
2019-12-24,10.7299995422,0.003875
2019-12-26,11.0087499619,0
2019-12-27,10.9762496948,0
2019-12-30,10.7574996948,0
2019-12-31,10.8187503815,0
2020-01-02,11.3549995422,0
2020-01-03,11.0462503433,0
2020-01-06,11.2562503815,0
2020-01-07,11.2425003052,0
2020-01-08,11.501250267,0
2020-01-09,11.7912502289,0
2020-01-10,11.6949996948,0
2020-01-13,12.1037502289,0
2020-01-14,11.9624996185,0
2020-01-15,11.970000267,0
2020-01-16,12.3037500381,0
2020-01-17,12.4875001907,0
2020-01-21,12.4812498093,0
2020-01-22,12.5662498474,0
2020-01-23,12.6824998856,0
2020-01-24,12.3537502289,0
2020-01-27,11.5900001526,0
2020-01-28,12.1287498474,0
2020-01-29,12.1724996567,0
2020-01-30,12.3100004196,0
2020-01-31,11.7049999237,0
2020-02-03,12.2425003052,0
2020-02-04,13.0787496567,0
2020-02-05,13.2299995422,0
2020-02-06,13.5524997711,0
2020-02-07,13.3774995804,0
2020-02-10,13.8599996567,0
2020-02-11,13.8699998856,0
2020-02-12,14.2762498856,0
2020-02-13,14.2212495804,0
2020-02-14,14.3175001144,0
2020-02-18,14.342499733,0
2020-02-19,14.7574996948,0
2020-02-20,14.3374996185,0
2020-02-21,13.5174999237,0
2020-02-24,11.9600000381,0
2020-02-25,10.9925003052,0
2020-02-26,11.1437501907,0
2020-02-27,9.47749996185,0
2020-02-28,9.625,0
2020-03-02,10.938750267,0
2020-03-03,9.90874958038,0
2020-03-04,11.1112499237,0
2020-03-05,10.1362495422,0
2020-03-06,9.60499954224,0
2020-03-09,7.65374994278,0
2020-03-10,8.84500026703,0
2020-03-11,7.70749998093,0
2020-03-12,5.59499979019,0
2020-03-13,7.10500001907,0
2020-03-16,4.65625,0
2020-03-17,5.41499996185,0
2020-03-18,4.91375017166,0
2020-03-19,5.02750015259,0
2020-03-20,4.43874979019,0
2020-03-23,4.45249986649,0
2020-03-24,5.44500017166,0
2020-03-25,5.31874990463,0
2020-03-26,6.18499994278,0
2020-03-27,5.54250001907,0
2020-03-30,6.125,0
2020-03-31,5.95499992371,0
2020-04-01,5.21624994278,0
2020-04-02,5.52500009537,0
2020-04-03,5.30249977112,0
2020-04-06,6.41249990463,0
2020-04-07,6.40000009537,0
2020-04-08,6.80875015259,0
2020-04-09,6.83374977112,0
2020-04-13,7.07124996185,0
2020-04-14,7.98874998093,0
2020-04-15,7.72375011444,0
2020-04-16,8.13749980927,0
2020-04-17,8.34125041962,0
2020-04-20,8.07124996185,0
2020-04-21,7.17875003815,0
2020-04-22,7.81374979019,0
2020-04-23,7.76249980927,0
2020-04-24,8.13749980927,0
2020-04-27,8.29625034332,0
2020-04-28,7.84749984741,0
2020-04-29,8.66374969482,0
2020-04-30,8.72124958038,0
2020-05-01,7.93874979019,0
2020-05-04,8.21875,0
2020-05-05,8.48124980927,0
2020-05-06,8.64875030518,0
2020-05-07,8.98624992371,0
2020-05-08,9.34875011444,0
2020-05-11,9.58125019073,0
2020-05-12,9.01124954224,0
2020-05-13,8.67000007629,0
2020-05-14,8.95750045776,0
2020-05-15,9.11124992371,0
2020-05-18,9.63875007629,0
2020-05-19,9.56499958038,0
2020-05-20,10.125,0
2020-05-21,9.81375026703,0
2020-05-22,9.90250015259,0
2020-05-26,9.86124992371,0
2020-05-27,10,0
2020-05-28,9.93624973297,0
2020-05-29,10.3462495804,0
2020-06-01,10.4737501144,0
2020-06-02,10.6824998856,0
2020-06-03,10.8275003433,0
2020-06-04,10.6075000763,0
2020-06-05,11.2362499237,0
2020-06-08,11.4862499237,0
2020-06-09,11.7425003052,0
2020-06-10,12.1662502289,0
2020-06-11,10.375,0
2020-06-12,10.6000003815,0
2020-06-15,10.9737501144,0
2020-06-16,11.5537500381,0
2020-06-17,11.6662502289,0
2020-06-18,11.7562503815,0
2020-06-19,11.7399997711,0
2020-06-22,12.157500267,0
2020-06-23,12.4750003815,0
2020-06-24,11.7399997711,0
2020-06-25,12.0512504578,0
2020-06-26,11.1850004196,0
2020-06-29,11.5424995422,0
2020-06-30,12.2062501907,0
2020-07-01,12.6424999237,0
2020-07-02,12.9112501144,0
2020-07-06,13.8599996567,0
2020-07-07,13.5874996185,0
2020-07-08,14.1099996567,0
2020-07-09,14.4624996185,0
2020-07-10,14.7687501907,0
2020-07-13,13.8562498093,0
2020-07-14,14.1499996185,0
2020-07-15,14.220000267,0
2020-07-16,13.9149999619,0
2020-07-17,13.9799995422,0
2020-07-20,15.1700000763,0
2020-07-21,14.6850004196,0
2020-07-22,14.8549995422,0
2020-07-23,13.6912498474,0
2020-07-24,13.2862501144,0
2020-07-27,14,0
2020-07-28,13.4737501144,0
2020-07-29,13.9324998856,0
2020-07-30,14.1587495804,0
2020-07-31,14.9224996567,0
2020-08-03,15.4787502289,0
2020-08-04,15.6800003052,0
2020-08-05,15.8050003052,0
2020-08-06,16.4099998474,0
2020-08-07,15.873749733,0
2020-08-10,15.6599998474,0
2020-08-11,14.7712497711,0
2020-08-12,15.876250267,0
2020-08-13,15.9875001907,0
2020-08-14,15.9412498474,0
2020-08-17,16.4675006866,0
2020-08-18,16.9512500763,0
2020-08-19,16.6200008392,0
2020-08-20,17.3037490845,0
2020-08-21,17.6650009155,0
2020-08-24,17.9925003052,0
2020-08-25,18.4125003815,0
2020-08-26,19.5912494659,0
2020-08-27,19.4137496948,0
2020-08-28,19.7137508392,0
2020-08-31,20.1700000763,0
2020-09-01,21.2175006866,0
2020-09-02,21.8162498474,0
2020-09-03,18.4662494659,0
2020-09-04,17.7049999237,0
2020-09-08,15.2025003433,0
2020-09-09,16.5087509155,0
2020-09-10,15.5537500381,0
2020-09-11,15.2137498856,0
2020-09-14,15.9975004196,0
2020-09-15,16.6774997711,0
2020-09-16,15.876250267,0
2020-09-17,15.1450004578,0
2020-09-18,14.5600004196,0
2020-09-21,14.7325000763,0
2020-09-22,15.5375003815,0
2020-09-23,14.0987501144,0
2020-09-24,14.3050003052,0
2020-09-25,15.3074998856,0
2020-09-28,16.2150001526,0
2020-09-29,16.0450000763,0
2020-09-30,16.3624992371,0
2020-10-01,17.1287498474,0
2020-10-02,15.7162504196,0
2020-10-05,16.7075004578,0
2020-10-06,15.8100004196,0
2020-10-07,16.6412506104,0
2020-10-08,16.8862495422,0
2020-10-09,17.6375007629,0
2020-10-12,19.2824993134,0
2020-10-13,19.2849998474,0
2020-10-14,18.8087501526,0
2020-10-15,18.4200000763,0
2020-10-16,18.1375007629,0
2020-10-19,17.2362499237,0
2020-10-20,17.3474998474,0
2020-10-21,17.3024997711,0
2020-10-22,17.3112506866,0
2020-10-23,17.4125003815,0
2020-10-26,16.6187496185,0
2020-10-27,17.0112495422,0
2020-10-28,15.0150003433,0
2020-10-29,15.7787504196,0
2020-10-30,14.6812496185,0
2020-11-02,14.686249733,0
2020-11-03,15.4250001907,0
2020-11-04,17.5100002289,0
2020-11-05,18.8612499237,0
2020-11-06,18.9249992371,0
2020-11-09,17.7700004578,0
2020-11-10,16.8112506866,0
2020-11-11,17.9412498474,0
2020-11-12,17.6787490845,0
2020-11-13,18.1424999237,0
2020-11-16,18.5599994659,0
2020-11-17,18.3887500763,0
2020-11-18,17.9624996185,0
2020-11-19,18.4074993134,0
2020-11-20,18.0337505341,0
2020-11-23,18.0375003815,0
2020-11-24,18.7749996185,0
2020-11-25,19.1287498474,0
2020-11-27,19.6512508392,0
2020-11-30,19.7525005341,0
2020-12-01,20.5287494659,0
2020-12-02,20.6112499237,0
2020-12-03,20.6949996948,0
2020-12-04,20.9487495422,0
2020-12-07,21.3037490845,0
2020-12-08,21.4987506866,0
2020-12-09,20.0587501526,0
2020-12-10,20.3050003052,0
2020-12-11,20.1625003815,0
2020-12-14,20.5925006866,0
2020-12-15,21.2325000763,0
2020-12-16,21.5887508392,0
2020-12-17,22.03125,0
2020-12-18,21.7912502289,0
2020-12-21,21.7099990845,0
2020-12-22,21.8812503815,0
2020-12-23,21.5512504578,0
2020-12-24,21.8312492371,0
2020-12-28,22.4862499237,0
2020-12-29,22.5524997711,0
2020-12-30,22.5487499237,0
2020-12-31,22.7250003815,0
2021-01-04,21.7312507629,0
2021-01-05,22.2762508392,0
2021-01-06,21.3549995422,0
2021-01-07,22.8974990845,0
2021-01-08,23.7849998474,0
2021-01-11,22.7337493896,0
2021-01-12,22.6350002289,0
2021-01-13,23.0750007629,0
2021-01-14,22.7237491608,0
2021-01-15,22.1712493896,0
2021-01-19,23.1324996948,0
2021-01-20,24.7450008392,0
2021-01-21,25.3600006104,0
2021-01-22,25.1299991608,0
2021-01-25,25.8274993896,0
2021-01-26,25.8549995422,0
2021-01-27,23.7700004578,0
2021-01-28,24.1200008392,0
2021-01-29,22.6175003052,0
2021-02-01,24.2800006866,0
2021-02-02,25.4549999237,0
2021-02-03,25.1625003815,0
2021-02-04,26.0524997711,0
2021-02-05,26.3250007629,0
2021-02-08,26.8400001526,0
2021-02-09,26.8274993896,0
2021-02-10,26.6375007629,0
2021-02-11,27.0674991608,0
2021-02-12,27.5275001526,0
2021-02-16,27.2975006104,0
2021-02-17,26.9174995422,0
2021-02-18,26.5550003052,0
2021-02-19,26.2049999237,0
2021-02-22,24.1749992371,0
2021-02-23,23.9599990845,0
2021-02-24,24.5375003815,0
2021-02-25,21.9750003815,0
2021-02-26,22.3050003052,0
2021-03-01,24.25,0
2021-03-02,23.0874996185,0
2021-03-03,21.0849990845,0
2021-03-04,20.0424995422,0
2021-03-05,20.9400005341,0
2021-03-08,19.1499996185,0
2021-03-09,21.4050006866,0
2021-03-10,21.2224998474,0
2021-03-11,22.6949996948,0
2021-03-12,22.1299991608,0
2021-03-15,22.8374996185,0
2021-03-16,23.2124996185,0
2021-03-17,23.5049991608,0
2021-03-18,21.3474998474,0
2021-03-19,21.6200008392,0
2021-03-22,22.7724990845,0
2021-03-23,22.4750003815,0
2021-03-24,21.3400001526,0
2021-03-25,21.2250003815,0
2021-03-26,22.1625003815,0
2021-03-29,22.1499996185,0
2021-03-30,21.8349990845,0
2021-03-31,22.8150005341,0
2021-04-01,23.9750003815,0
2021-04-05,25.4150009155,0
2021-04-06,25.3549995422,0
2021-04-07,25.5424995422,0
2021-04-08,26.3400001526,0
2021-04-09,26.8174991608,0
2021-04-12,26.7124996185,0
2021-04-13,27.6275005341,0
2021-04-14,26.6574993134,0
2021-04-15,27.8349990845,0
2021-04-16,27.9524993896,0
2021-04-19,27.1900005341,0
2021-04-20,26.5949993134,0
2021-04-21,27.2674999237,0
2021-04-22,26.2749996185,0
2021-04-23,27.2649993896,0
2021-04-26,27.8050003052,0
2021-04-27,27.4400005341,0
2021-04-28,27.1574993134,0
2021-04-29,27.4300003052,0
2021-04-30,26.9150009155,0
2021-05-03,26.4750003815,0
2021-05-04,25.0799999237,0
2021-05-05,24.7875003815,0
2021-05-06,25.3299999237,0
2021-05-07,25.9500007629,0
2021-05-10,24,0
2021-05-11,23.8799991608,0
2021-05-12,22.0625,0
2021-05-13,22.5275001526,0
2021-05-14,23.9925003052,0
2021-05-17,23.5874996185,0
2021-05-18,23.0925006866,0
2021-05-19,23.1774997711,0
2021-05-20,24.5174999237,0
2021-05-21,24.1124992371,0
2021-05-24,25.3199996948,0
2021-05-25,25.4424991608,0
2021-05-26,25.7000007629,0
2021-05-27,25.3999996185,0
2021-05-28,25.6474990845,0
2021-06-01,25.3974990845,0
2021-06-02,25.5300006866,0
2021-06-03,24.7275009155,0
2021-06-04,25.9950008392,0
2021-06-07,26.2250003815,0
2021-06-08,26.2549991608,0
2021-06-09,26.2849998474,0
2021-06-10,27.0900001526,0
2021-06-11,27.3050003052,0
2021-06-14,28.0699996948,0
2021-06-15,27.5499992371,0
2021-06-16,27.2549991608,0
2021-06-17,28.2724990845,0
2021-06-18,27.5974998474,0
2021-06-21,28.1025009155,0
2021-06-22,28.8875007629,0
2021-06-23,28.9375,0
2021-06-24,29.4699993134,0
2021-06-25,29.3775005341,0
2021-06-28,30.4174995422,0
2021-06-29,30.7600002289,0
2021-06-30,30.625,0
2021-07-01,30.6399993896,0
2021-07-02,31.6800003052,0
2021-07-06,32.1049995422,0
2021-07-07,32.3100013733,0
2021-07-08,31.75,0
2021-07-09,32.2874984741,0
2021-07-12,32.6925010681,0
2021-07-13,32.6749992371,0
2021-07-14,32.8525009155,0
2021-07-15,32.1725006104,0
2021-07-16,31.3824996948,0
2021-07-19,30.6299991608,0
2021-07-20,31.6399993896,0
2021-07-21,32.3624992371,0
2021-07-22,33.0424995422,0
2021-07-23,34.1399993896,0
2021-07-26,34.2825012207,0
2021-07-27,33.1624984741,0
2021-07-28,33.5250015259,0
2021-07-29,33.6899986267,0
2021-07-30,33.1850013733,0
2021-08-02,33.1749992371,0
2021-08-03,33.7524986267,0
2021-08-04,33.9199981689,0
2021-08-05,34.5574989319,0
2021-08-06,34.1074981689,0
2021-08-09,34.2900009155,0
2021-08-10,33.7775001526,0
2021-08-11,33.5950012207,0
2021-08-12,33.9449996948,0
2021-08-13,34.2849998474,0
2021-08-16,34.3450012207,0
2021-08-17,33.4425010681,0
2021-08-18,32.4700012207,0
2021-08-19,32.9324989319,0
2021-08-20,33.9500007629,0
2021-08-23,35.4625015259,0
2021-08-24,35.8125,0
2021-08-25,35.8525009155,0
2021-08-26,35.2449989319,0
2021-08-27,36.2750015259,0
2021-08-30,37.4775009155,0
2021-08-31,37.3725013733,0
2021-09-01,37.5774993896,0
2021-09-02,37.5250015259,0
2021-09-03,37.8624992371,0
2021-09-07,38.0175018311,0
2021-09-08,37.6274986267,0
2021-09-09,37.2249984741,0
2021-09-10,36.3875007629,0
2021-09-13,36.3050003052,0
2021-09-14,35.9925003052,0
2021-09-15,36.7900009155,0
2021-09-16,36.8624992371,0
2021-09-17,35.5600013733,0
2021-09-20,33.3725013733,0
2021-09-21,33.4150009155,0
2021-09-22,34.3925018311,0
2021-09-23,35.3474998474,0
2021-09-24,35.4474983215,0
2021-09-27,34.5924987793,0
2021-09-28,31.7075004578,0
2021-09-29,31.4974994659,0
2021-09-30,31.1424999237,0
2021-10-01,31.7099990845,0
2021-10-04,29.7600002289,0
2021-10-05,30.9050006866,0
2021-10-06,31.5149993896,0
2021-10-07,32.3675003052,0
2021-10-08,31.8700008392,0
2021-10-11,31.1625003815,0
2021-10-12,30.8449993134,0
2021-10-13,31.5674991608,0
2021-10-14,33.3100013733,0
2021-10-15,33.9275016785,0
2021-10-18,34.9449996948,0
2021-10-19,35.7125015259,0
2021-10-20,35.5999984741,0
2021-10-21,36.2374992371,0
2021-10-22,35.3199996948,0
2021-10-25,36.3800010681,0
2021-10-26,36.7200012207,0
2021-10-27,37.0099983215,0
2021-10-28,38.2249984741,0
2021-10-29,38.7900009155,0
2021-11-01,39.1725006104,0
2021-11-02,39.6949996948,0
2021-11-03,40.9550018311,0
2021-11-04,42.4824981689,0
2021-11-05,42.6399993896,0
2021-11-08,42.4650001526,0
2021-11-09,41.5900001526,0
2021-11-10,39.7675018311,0
2021-11-11,40.0900001526,0
2021-11-12,41.3624992371,0
2021-11-15,41.3499984741,0
2021-11-16,42.2050018311,0
2021-11-17,42.2550010681,0
2021-11-18,43.5475006104,0
2021-11-19,44.2849998474,0
2021-11-22,42.75,0
2021-11-23,42.1674995422,0
2021-11-24,42.5574989319,0
2021-11-26,40.2099990845,0
2021-11-29,42.7075004578,0
2021-11-30,40.8725013733,0
2021-12-01,38.7750015259,0
2021-12-02,39.5050010681,0
2021-12-03,37.5200004578,0
2021-12-06,38.3974990845,0
2021-12-07,41.8600006104,0
2021-12-08,42.4425010681,0
2021-12-09,40.6100006104,0
2021-12-10,41.8675003052,0
2021-12-13,40.0675010681,0
2021-12-14,38.875,0
2021-12-15,41.4474983215,0
2021-12-16,38.2849998474,0
2021-12-17,37.7000007629,0
2021-12-20,36.5724983215,0
2021-12-21,39.0175018311,0
2021-12-22,40.4099998474,0
2021-12-23,41.3699989319,0
2021-12-27,43.3474998474,0
2021-12-28,42.8375015259,0
2021-12-29,42.7700004578,0
2021-12-30,42.3699989319,0
2021-12-31,41.5825004578,0
2022-01-03,42.7825012207,0
2022-01-04,41.1199989319,0
2022-01-05,37.3375015259,0
2022-01-06,37.2350006104,0
2022-01-07,36.0175018311,0
2022-01-10,36.1500015259,0
2022-01-11,37.7400016785,0
2022-01-12,38.1699981689,0
2022-01-13,35.4000015259,0
2022-01-14,35.9350013733,0
2022-01-18,33.3450012207,0
2022-01-19,32.1850013733,0
2022-01-20,30.9400005341,0
2022-01-21,28.3349990845,0
2022-01-24,28.7450008392,0
2022-01-25,26.625,0
2022-01-26,26.5750007629,0
2022-01-27,25.7800006866,0
2022-01-28,28.1849994659,0
2022-01-31,30.9150009155,0
2022-02-01,31.5049991608,0
2022-02-02,32.25,0
2022-02-03,28.3700008392,0
2022-02-04,29.3500003815,0
2022-02-07,28.6849994659,0
2022-02-08,29.6599998474,0
2022-02-09,31.5,0
2022-02-10,29.4099998474,0
2022-02-11,26.6399993896,0
2022-02-14,26.7150001526,0
2022-02-15,28.6499996185,0
2022-02-16,28.6450004578,0
2022-02-17,26.1049995422,0
2022-02-18,25.2199993134,0
2022-02-22,24.4400005341,0
2022-02-23,22.5699996948,0
2022-02-24,24.7800006866,0
2022-02-25,25.9549999237,0
2022-02-28,26.2299995422,0
2022-03-01,25.0200004578,0
2022-03-02,26.2150001526,0
2022-03-03,25.1200008392,0
2022-03-04,24.0450000763,0
2022-03-07,21.3600006104,0
2022-03-08,21.0650005341,0
2022-03-09,23.3199996948,0
2022-03-10,22.5699996948,0
2022-03-11,21.1700000763,0
2022-03-14,19.9300003052,0
2022-03-15,21.7749996185,0
2022-03-16,24.2199993134,0
2022-03-17,25.0300006866,0
2022-03-18,26.5849990845,0
2022-03-21,26.3950004578,0
2022-03-22,27.9549999237,0
2022-03-23,26.7749996185,0
2022-03-24,28.5100002289,0
2022-03-25,28.4650001526,0
2022-03-28,29.7600002289,0
2022-03-29,31.2849998474,0
2022-03-30,30.3449993134,0
2022-03-31,29.0900001526,0
2022-04-01,28.9650001526,0
2022-04-04,30.7749996185,0
2022-04-05,28.7399997711,0
2022-04-06,26.8500003815,0
2022-04-07,27.0249996185,0
2022-04-08,25.9200000763,0
2022-04-11,24.0799999237,0
2022-04-12,23.7700004578,0
2022-04-13,25.1949996948,0
2022-04-14,23.5,0
2022-04-18,23.5650005341,0
2022-04-19,25.0799999237,0
2022-04-20,23.9500007629,0
2022-04-21,22.5450000763,0
2022-04-22,20.7549991608,0
2022-04-25,21.5249996185,0
2022-04-26,19.1049995422,0
2022-04-27,19.0200004578,0
2022-04-28,21.0300006866,0
2022-04-29,18.2649993896,0
2022-05-02,19.125,0
2022-05-03,19.1700000763,0
2022-05-04,21.0699996948,0
2022-05-05,17.9300003052,0
2022-05-06,17.3050003052,0
2022-05-09,15.2600002289,0
2022-05-10,15.7849998474,0
2022-05-11,14.3800001144,0
2022-05-12,14.2650003433,0
2022-05-13,15.8149995804,0
2022-05-16,15.3249998093,0
2022-05-17,16.4799995422,0
2022-05-18,14.0749998093,0
2022-05-19,13.7899999619,0
2022-05-20,13.6700000763,0
2022-05-23,14.345000267,0
2022-05-24,13.4499998093,0
2022-05-25,13.9899997711,0
2022-05-26,15.1599998474,0
2022-05-27,16.6450004578,0
2022-05-31,16.5249996185,0
2022-06-01,16.1399993896,0
2022-06-02,17.4500007629,0
2022-06-03,16.0699996948,0
2022-06-06,16.2700004578,0
2022-06-07,16.6650009155,0
2022-06-08,16.3250007629,0
2022-06-09,14.9949998856,0
2022-06-10,13.3950004578,0
2022-06-13,11.5399999619,0
2022-06-14,11.6149997711,0
2022-06-15,12.4499998093,0
2022-06-16,10.9300003052,0
2022-06-17,11.3350000381,0
2022-06-21,12.1899995804,0
2022-06-22,12.1450004578,0
2022-06-23,12.6649999619,0
2022-06-24,13.9899997711,0
2022-06-27,13.6599998474,0
2022-06-28,12.4149999619,0
2022-06-29,12.4399995804,0
2022-06-30,12,0
2022-07-01,12.1949996948,0
2022-07-05,12.8249998093,0
2022-07-06,13.0699996948,0
2022-07-07,13.8800001144,0
2022-07-08,13.9449996948,0
2022-07-11,13.0550003052,0
2022-07-12,12.6750001907,0
2022-07-13,12.595000267,0
2022-07-14,12.7250003815,0
2022-07-15,13.3950004578,0
2022-07-18,13.0850000381,0
2022-07-19,14.2299995422,0
2022-07-20,14.9449996948,0
2022-07-21,15.5799999237,0
2022-07-22,14.7650003433,0
2022-07-25,14.5450000763,0
2022-07-26,13.6649999619,0
2022-07-27,15.3699998856,0
2022-07-28,15.8100004196,0
2022-07-29,16.6800003052,0
2022-08-01,16.6550006866,0
2022-08-02,16.5,0
2022-08-03,17.8199996948,0
2022-08-04,18.0750007629,0
2022-08-05,17.6450004578,0
2022-08-08,17.4650001526,0
2022-08-09,16.8649997711,0
2022-08-10,18.25,0
2022-08-11,17.9750003815,0
2022-08-12,18.9899997711,0
2022-08-15,19.4449996948,0
2022-08-16,19.3199996948,0
2022-08-17,18.6499996185,0
2022-08-18,18.7749996185,0
2022-08-19,17.6749992371,0
2022-08-22,16.2849998474,0
2022-08-23,16.2299995422,0
2022-08-24,16.3549995422,0
2022-08-25,17.2150001526,0
2022-08-26,15.1199998856,0
2022-08-29,14.654999733,0
2022-08-30,14.1649999619,0
2022-08-31,13.904999733,0
2022-09-01,13.9200000763,0
2022-09-02,13.3400001526,0
2022-09-06,13.0349998474,0
2022-09-07,13.8050003052,0
2022-09-08,14.029999733,0
2022-09-09,14.9200000763,0
2022-09-12,15.4650001526,0
2022-09-13,12.9200000763,0
2022-09-14,13.2100000381,0
2022-09-15,12.5450000763,0
2022-09-16,12.3000001907,0
2022-09-19,12.595000267,0
2022-09-20,12.2950000763,0
2022-09-21,11.6199998856,0
2022-09-22,11.1899995804,0
2022-09-23,10.654999733,0
2022-09-26,10.5100002289,0
2022-09-27,10.5200004578,0
2022-09-28,11.1350002289,0
2022-09-29,10.1949996948,0
2022-09-30,9.65999984741,0
2022-10-03,10.3299999237,0
2022-10-04,11.2899999619,0
2022-10-05,11.2899999619,0
2022-10-06,11.0050001144,0
2022-10-07,9.75,0
2022-10-10,9.44499969482,0
2022-10-11,9.06999969482,0
2022-10-12,9.05000019073,0
2022-10-13,9.65499973297,0
2022-10-14,8.78499984741,0
2022-10-17,9.64999961853,0
2022-10-18,9.89000034332,0
2022-10-19,9.77000045776,0
2022-10-20,9.60499954224,0
2022-10-21,10.2849998474,0
2022-10-24,10.6350002289,0
2022-10-25,11.2749996185,0
2022-10-26,10.529999733,0
2022-10-27,9.94999980927,0
2022-10-28,10.8500003815,0
2022-10-31,10.4750003815,0
2022-11-01,10.1499996185,0
2022-11-02,9.10000038147,0
2022-11-03,8.57499980927,0
2022-11-04,8.97500038147,0
2022-11-07,9.26000022888,0
2022-11-08,9.46000003815,0
2022-11-09,8.80000019073,0
2022-11-10,10.7250003815,0
2022-11-11,11.3350000381,0
2022-11-14,11.0349998474,0
2022-11-15,11.4799995422,0
2022-11-16,11.0150003433,0
2022-11-17,10.9300003052,0
2022-11-18,10.9200000763,0
2022-11-21,10.5900001526,0
2022-11-22,11.0349998474,0
2022-11-23,11.3649997711,0
2022-11-25,11.1300001144,0
2022-11-28,10.6400003433,0
2022-11-29,10.3850002289,0
2022-11-30,11.779999733,0
2022-12-01,11.845000267,0
2022-12-02,11.7049999237,0
2022-12-05,11.1149997711,0
2022-12-06,10.4099998474,0
2022-12-07,10.2849998474,0
2022-12-08,10.6499996185,0
2022-12-09,10.4449996948,0
2022-12-12,10.8249998093,0
2022-12-13,11.1649999619,0
2022-12-14,10.8999996185,0
2022-12-15,9.81999969482,0
2022-12-16,9.52999973297,0
2022-12-19,9.13500022888,0
2022-12-20,9.09500026703,0
2022-12-21,9.48999977112,0
2022-12-22,8.77000045776,0.049
2022-12-23,8.79500007629,0
2022-12-27,8.42000007629,0
2022-12-28,8.07999992371,0
2022-12-29,8.64999961853,0
2022-12-30,8.64999961853,0
2023-01-03,8.45499992371,0
2023-01-04,8.58500003815,0
2023-01-05,8.18000030518,0
2023-01-06,8.81999969482,0
2023-01-09,9.00500011444,0
2023-01-10,9.24499988556,0
2023-01-11,9.70499992371,0
2023-01-12,9.85499954224,0
2023-01-13,10.0500001907,0
2023-01-17,10.1049995422,0
2023-01-18,9.72999954224,0
2023-01-19,9.42500019073,0
2023-01-20,10.1949996948,0
2023-01-23,10.8649997711,0
2023-01-24,10.8000001907,0
2023-01-25,10.720000267,0
2023-01-26,11.3400001526,0
2023-01-27,11.6649999619,0
2023-01-30,10.9650001526,0
2023-01-31,11.4549999237,0
2023-02-01,12.1949996948,0
2023-02-02,13.4549999237,0
2023-02-03,12.7600002289,0
2023-02-06,12.4350004196,0
2023-02-07,13.2049999237,0
2023-02-08,12.4949998856,0
2023-02-09,12.1599998474,0
2023-02-10,11.9099998474,0
2023-02-13,12.4750003815,0
2023-02-14,12.7449998856,0
2023-02-15,13.029999733,0
2023-02-16,12.2849998474,0
2023-02-17,12.0200004578,0
2023-02-21,11.1750001907,0
2023-02-22,11.1850004196,0
2023-02-23,11.4650001526,0
2023-02-24,10.8850002289,0
2023-02-27,11.1199998856,0
2023-02-28,11.0649995804,0
2023-03-01,10.7950000763,0
2023-03-02,11.0550003052,0
2023-03-03,11.7299995422,0
2023-03-06,11.779999733,0
2023-03-07,11.3400001526,0
2023-03-08,11.4949998856,0
2023-03-09,10.8900003433,0
2023-03-10,10.4399995804,0
2023-03-13,10.6649999619,0
2023-03-14,11.3900003433,0
2023-03-15,11.5550003052,0
2023-03-16,12.470000267,0
2023-03-17,12.2849998474,0
2023-03-20,12.4149999619,0
2023-03-21,12.9399995804,0
2023-03-22,12.3400001526,0.075
2023-03-23,12.779999733,0
2023-03-24,12.9099998474,0
2023-03-27,12.6450004578,0
2023-03-28,12.4350004196,0
2023-03-29,13.1149997711,0
2023-03-30,13.470000267,0
2023-03-31,14.1300001144,0
2023-04-03,14.029999733,0
2023-04-04,13.8900003433,0
2023-04-05,13.4449996948,0
2023-04-06,13.7150001526,0
2023-04-10,13.6850004196,0
2023-04-11,13.4200000763,0
2023-04-12,13.0649995804,0
2023-04-13,13.8149995804,0
2023-04-14,13.7349996567,0
2023-04-17,13.75,0
2023-04-18,13.7600002289,0
2023-04-19,13.7299995422,0
2023-04-20,13.4099998474,0
2023-04-21,13.4350004196,0
2023-04-24,13.3549995422,0
2023-04-25,12.6000003815,0
2023-04-26,12.8100004196,0
2023-04-27,13.845000267,0
2023-04-28,14.125,0
2023-05-01,14.0850000381,0
2023-05-02,13.7100000381,0
2023-05-03,13.4399995804,0
2023-05-04,13.2899999619,0
2023-05-05,14.1049995422,0
2023-05-08,14.220000267,0
2023-05-09,13.9449996948,0
2023-05-10,14.3950004578,0
2023-05-11,14.5150003433,0
2023-05-12,14.3649997711,0
2023-05-15,14.5850000381,0
2023-05-16,14.6400003433,0
2023-05-17,15.1649999619,0
2023-05-18,15.9799995422,0
2023-05-19,15.8699998856,0
2023-05-22,16.0349998474,0
2023-05-23,15.4149999619,0
2023-05-24,15.1649999619,0
2023-05-25,16.2600002289,0
2023-05-26,17.4899997711,0
2023-05-30,17.7350006104,0
2023-05-31,17.375,0
2023-06-01,18.0049991608,0
2023-06-02,18.4099998474,0
2023-06-05,18.4500007629,0
2023-06-06,18.4300003052,0
2023-06-07,17.4899997711,0
2023-06-08,18.0900001526,0
2023-06-09,18.3099994659,0
2023-06-12,19.2450008392,0
2023-06-13,19.6749992371,0
2023-06-14,20.0949993134,0
2023-06-15,20.7999992371,0
2023-06-16,20.3999996185,0
2023-06-20,20.2999992371,0
2023-06-21,19.4249992371,0.064
2023-06-22,20.0699996948,0
2023-06-23,19.4750003815,0
2023-06-26,18.7049999237,0
2023-06-27,19.6299991608,0
2023-06-28,19.75,0
2023-06-29,19.6149997711,0
2023-06-30,20.5,0
2023-07-03,20.6399993896,0
2023-07-05,20.625,0
2023-07-06,20.1399993896,0
2023-07-07,19.9349994659,0
2023-07-10,19.9500007629,0
2023-07-11,20.2350006104,0
2023-07-12,20.9850006104,0
2023-07-13,22.0300006866,0
2023-07-14,22.0100002289,0
2023-07-17,22.6200008392,0
2023-07-18,23.1599998474,0
2023-07-19,23.1599998474,0
2023-07-20,21.5349998474,0
2023-07-21,21.3449993134,0
2023-07-24,21.4300003052,0
2023-07-25,21.8600006104,0
2023-07-26,21.6350002289,0
2023-07-27,21.4500007629,0
2023-07-28,22.6100006104,0
2023-07-31,22.6550006866,0
2023-08-01,22.4799995422,0
2023-08-02,21.0100002289,0
2023-08-03,20.8600006104,0
2023-08-04,20.5699996948,0
2023-08-07,21.0799999237,0
2023-08-08,20.5400009155,0
2023-08-09,19.8549995422,0
2023-08-10,19.9449996948,0
2023-08-11,19.5450000763,0
2023-08-14,20.1949996948,0
2023-08-15,19.5750007629,0
2023-08-16,18.9249992371,0
2023-08-17,18.2849998474,0
2023-08-18,18.2000007629,0
2023-08-21,19.0799999237,0
2023-08-22,18.9950008392,0
2023-08-23,19.8899993896,0
2023-08-24,18.5799999237,0
2023-08-25,19.0200004578,0
2023-08-28,19.4449996948,0
2023-08-29,20.6849994659,0
2023-08-30,21.0300006866,0
2023-08-31,21.2199993134,0
2023-09-01,21.1450004578,0
2023-09-05,21.2000007629,0
2023-09-06,20.6399993896,0
2023-09-07,20.1900005341,0
2023-09-08,20.25,0
2023-09-11,20.9400005341,0
2023-09-12,20.2700004578,0
2023-09-13,20.4699993134,0
2023-09-14,20.9500007629,0
2023-09-15,19.875,0
2023-09-18,19.9200000763,0
2023-09-19,19.7999992371,0
2023-09-20,18.875,0.0695
2023-09-21,17.7999992371,0
2023-09-22,17.8150005341,0
2023-09-25,18.0499992371,0
2023-09-26,17.2450008392,0
2023-09-27,17.3500003815,0
2023-09-28,17.7700004578,0
2023-09-29,17.8099994659,0
2023-10-02,18.2350006104,0
2023-10-03,17.2700004578,0
2023-10-04,17.9699993134,0
2023-10-05,17.7800006866,0
2023-10-06,18.6749992371,0
2023-10-09,18.9500007629,0
2023-10-10,19.2600002289,0
2023-10-11,19.6700000763,0
2023-10-12,19.4400005341,0
2023-10-13,18.7049999237,0
2023-10-16,19.3349990845,0
2023-10-17,19.1499996185,0
2023-10-18,18.3400001526,0
2023-10-19,17.8500003815,0
2023-10-20,17.0450000763,0
2023-10-23,17.1949996948,0
2023-10-24,17.6800003052,0
2023-10-25,16.3850002289,0
2023-10-26,15.4300003052,0
2023-10-27,15.6499996185,0
2023-10-30,16.1550006866,0
2023-10-31,16.3899993896,0
2023-11-01,17.2350006104,0
2023-11-02,18.1499996185,0
2023-11-03,18.7900009155,0
2023-11-06,19.0049991608,0
2023-11-07,19.5400009155,0
2023-11-08,19.5750007629,0
2023-11-09,19.1100006104,0
2023-11-10,20.3850002289,0
2023-11-13,20.2000007629,0
2023-11-14,21.4699993134,0
2023-11-15,21.5300006866,0
2023-11-16,21.5650005341,0
2023-11-17,21.5799999237,0
2023-11-20,22.3500003815,0
2023-11-21,21.9449996948,0
2023-11-22,22.2000007629,0
2023-11-24,22.0900001526,0
2023-11-27,22.0249996185,0
2023-11-28,22.2000007629,0
2023-11-29,22.1200008392,0
2023-11-30,21.9349994659,0
2023-12-01,22.1200008392,0
2023-12-04,21.4899997711,0
2023-12-05,21.6450004578,0
2023-12-06,21.2600002289,0
2023-12-07,22.1499996185,0
2023-12-08,22.4150009155,0
2023-12-11,22.9850006104,0
2023-12-12,23.5400009155,0
2023-12-13,24.3700008392,0
2023-12-14,24.3299999237,0
2023-12-15,24.6200008392,0
2023-12-18,25.1350002289,0
2023-12-19,25.5100002289,0
2023-12-20,24.2700004578,0.1115
2023-12-21,25.0750007629,0
2023-12-22,25.1749992371,0
2023-12-26,25.6350002289,0
2023-12-27,25.7700004578,0
2023-12-28,25.7049999237,0
2023-12-29,25.3500003815,0
2024-01-02,24.0650005341,0
2024-01-03,23.2950000763,0
2024-01-04,22.9050006866,0
2024-01-05,22.9899997711,0
2024-01-08,24.375,0
2024-01-09,24.5349998474,0
2024-01-10,25.0200004578,0
2024-01-11,25.1399993896,0
2024-01-12,25.1700000763,0
2024-01-16,25.1550006866,0
2024-01-17,24.7199993134,0
2024-01-18,25.7800006866,0
2024-01-19,27.2700004578,0
2024-01-22,27.3799991608,0
2024-01-23,27.7049999237,0
2024-01-24,28.1599998474,0
2024-01-25,28.2399997711,0
2024-01-26,27.7199993134,0
2024-01-29,28.5349998474,0
2024-01-30,27.9650001526,0
2024-01-31,26.3199996948,0
2024-02-01,27.25,0
2024-02-02,28.6200008392,0
2024-02-05,28.4750003815,0
2024-02-06,28.3099994659,0
2024-02-07,29.1550006866,0
2024-02-08,29.2749996185,0
2024-02-09,30.1350002289,0
2024-02-12,29.7800006866,0
2024-02-13,28.3700008392,0
2024-02-14,29.2700004578,0
2024-02-15,29.5149993896,0
2024-02-16,28.7049999237,0
2024-02-20,28.0400009155,0
2024-02-21,27.6900005341,0
2024-02-22,30.0849990845,0
2024-02-23,29.8099994659,0
2024-02-26,29.7700004578,0
2024-02-27,29.9549999237,0
2024-02-28,29.4699993134,0
2024-02-29,30.1800003052,0
2024-03-01,31.5650005341,0
2024-03-04,31.1900005341,0
2024-03-05,29.5200004578,0
2024-03-06,30.0650005341,0
2024-03-07,31.4050006866,0
2024-03-08,30.0300006866,0
2024-03-11,29.6800003052,0
2024-03-12,30.9400005341,0
2024-03-13,30.2199993134,0
2024-03-14,29.9750003815,0
2024-03-15,28.8799991608,0
2024-03-18,29.6949996948,0
2024-03-19,29.8999996185,0
2024-03-20,30.8500003815,0.1075
2024-03-21,31.25,0
2024-03-22,31.3150005341,0
2024-03-25,30.9950008392,0
2024-03-26,30.7049999237,0
2024-03-27,30.9750003815,0
2024-03-28,30.7800006866,0
2024-04-01,30.9699993134,0
2024-04-02,30.1399993896,0
2024-04-03,30.3400001526,0
2024-04-04,28.9099998474,0
2024-04-05,29.9300003052,0
2024-04-08,29.9500007629,0
2024-04-09,30.2600002289,0
2024-04-10,29.4650001526,0
2024-04-11,30.8500003815,0
2024-04-12,29.3600006104,0
2024-04-15,27.8850002289,0
2024-04-16,27.8899993896,0
2024-04-17,26.8549995422,0
2024-04-18,26.375,0
2024-04-19,24.7399997711,0
2024-04-22,25.4599990845,0
2024-04-23,26.5949993134,0
2024-04-24,26.8549995422,0
2024-04-25,26.4249992371,0
2024-04-26,27.6399993896,0
2024-04-29,27.9699993134,0
2024-04-30,26.3700008392,0
2024-05-01,25.7999992371,0
2024-05-02,26.7549991608,0
2024-05-03,28.3500003815,0
2024-05-06,29.2800006866,0
2024-05-07,29.2800006866,0
2024-05-08,29.2250003815,0
2024-05-09,29.3850002289,0
2024-05-10,29.5849990845,0
2024-05-13,29.7800006866,0
2024-05-14,30.3349990845,0
2024-05-15,31.7350006104,0
2024-05-16,31.5400009155,0
2024-05-17,31.4699993134,0
2024-05-20,32.1199989319,0
2024-05-21,32.2849998474,0
2024-05-22,32.2649993896,0
2024-05-23,31.7849998474,0
2024-05-24,32.6749992371,0
2024-05-28,33.0299987793,0
2024-05-29,32.3400001526,0
2024-05-30,31.2999992371,0
2024-05-31,31.2649993896,0
2024-06-03,31.5699996948,0
2024-06-04,31.8050003052,0
2024-06-05,33.7249984741,0
2024-06-06,33.6850013733,0
2024-06-07,33.5600013733,0
2024-06-10,33.9150009155,0
2024-06-11,34.6150016785,0
2024-06-12,35.9799995422,0
2024-06-13,36.5550003052,0
2024-06-14,37.0849990845,0
2024-06-17,38.4300003052,0
2024-06-18,38.4500007629,0
2024-06-20,37.5449981689,0
2024-06-21,37.2000007629,0
2024-06-24,35.9399986267,0
2024-06-25,37.1399993896,0
2024-06-26,37.2299995422,0.1415
2024-06-27,37.5,0
2024-06-28,36.9099998474,0
2024-07-01,37.5149993896,0
2024-07-02,38.6650009155,0
2024-07-03,39.6150016785,0
2024-07-05,40.8149986267,0
2024-07-08,41.0849990845,0
2024-07-09,41.1749992371,0
2024-07-10,42.4650001526,0
2024-07-11,39.6749992371,0
2024-07-12,40.3199996948,0
2024-07-15,40.6199989319,0
2024-07-16,40.6500015259,0
2024-07-17,37.0750007629,0
2024-07-18,36.5200004578,0
2024-07-19,35.5299987793,0
2024-07-22,37.0800018311,0
2024-07-23,36.6800003052,0
2024-07-24,32.7249984741,0
2024-07-25,31.6350002289,0
2024-07-26,32.5400009155,0
2024-07-29,32.7299995422,0
2024-07-30,31.3950004578,0
2024-07-31,34.1399993896,0
2024-08-01,31.6800003052,0
2024-08-02,29.3700008392,0
2024-08-05,26.8099994659,0
2024-08-06,27.4799995422,0
2024-08-07,26.5949993134,0
2024-08-08,29.0300006866,0
2024-08-09,29.4249992371,0
2024-08-12,29.625,0
2024-08-13,31.7800006866,0
2024-08-14,31.8349990845,0
2024-08-15,34.2299995422,0
2024-08-16,34.3199996948,0
2024-08-19,35.6500015259,0
2024-08-20,35.4300003052,0
2024-08-21,35.9150009155,0
2024-08-22,34.1899986267,0
2024-08-23,35.2649993896,0
2024-08-26,34.2299995422,0
2024-08-27,34.5200004578,0
2024-08-28,33.3499984741,0
2024-08-29,33.1749992371,0
2024-08-30,34.3050003052,0
2024-09-03,31.1749992371,0
2024-09-04,30.9099998474,0
2024-09-05,31.0100002289,0
2024-09-06,28.4950008392,0
2024-09-09,29.5550003052,0
2024-09-10,30.3500003815,0
2024-09-11,32.2849998474,0
2024-09-12,33.2400016785,0
2024-09-13,33.6749992371,0
2024-09-16,33.2249984741,0
2024-09-17,33.2449989319,0
2024-09-18,32.8100013733,0
2024-09-19,35.2900009155,0
2024-09-20,35.0649986267,0
2024-09-23,35.3250007629,0
2024-09-24,35.8250007629,0
2024-09-25,35.8349990845,0.115
2024-09-26,36.5950012207,0
2024-09-27,35.9650001526,0
2024-09-30,36.2449989319,0
2024-10-01,34.7099990845,0
2024-10-02,34.8400001526,0
2024-10-03,34.7599983215,0
2024-10-04,35.9850006104,0
2024-10-07,34.7999992371,0
2024-10-08,36.3100013733,0
2024-10-09,37.1850013733,0
2024-10-10,37.0550003052,0
2024-10-11,37.1500015259,0
2024-10-14,38.0999984741,0
2024-10-15,36.5800018311,0
2024-10-16,36.5600013733,0
2024-10-17,36.6699981689,0
2024-10-18,37.3199996948,0
2024-10-21,37.5250015259,0
2024-10-22,37.6349983215,0
2024-10-23,35.8950004578,0
2024-10-24,36.75,0
2024-10-25,37.3699989319,0
2024-10-28,37.4049987793,0
2024-10-29,38.4399986267,0
2024-10-30,37.5849990845,0
2024-10-31,34.7249984741,0
2024-11-01,35.4650001526,0
2024-11-04,35.1349983215,0
2024-11-05,36.4700012207,0
2024-11-06,39.4300003052,0
2024-11-07,41.2750015259,0
2024-11-08,41.375,0
2024-11-11,41.2999992371,0
2024-11-12,41.0750007629,0
2024-11-13,40.8950004578,0
2024-11-14,40.0299987793,0
2024-11-15,37.1349983215,0
2024-11-18,37.8849983215,0
2024-11-19,38.6450004578,0
2024-11-20,38.5999984741,0
2024-11-21,38.9799995422,0
2024-11-22,39.125,0
2024-11-25,39.3050003052,0
2024-11-26,39.9150009155,0
2024-11-27,38.9500007629,0
2024-11-29,39.9449996948,0
2024-12-02,41.2400016785,0
2024-12-03,41.6049995422,0
2024-12-04,43.125,0
2024-12-05,42.7700004578,0
2024-12-06,43.8699989319,0
2024-12-09,42.8450012207,0
2024-12-10,42.3800010681,0
2024-12-11,44.6450004578,0
2024-12-12,43.7599983215,0
2024-12-13,44.7000007629,0
2024-12-16,46.6450004578,0
2024-12-17,46.0200004578,0
2024-12-18,41.0449981689,0
2024-12-19,40.4650001526,0
2024-12-20,41.5149993896,0
2024-12-23,42.5299987793,0.1375
2024-12-24,44.2200012207,0
2024-12-26,44.125,0
2024-12-27,42.3300018311,0
2024-12-30,40.6300010681,0
2024-12-31,39.5649986267,0
2025-01-02,39.3149986267,0
2025-01-03,41.2000007629,0
2025-01-06,42.6049995422,0
2025-01-07,40.3100013733,0
2025-01-08,40.3400001526,0
2025-01-10,38.4150009155,0
2025-01-13,38.0149993896,0
2025-01-14,37.8800010681,0
2025-01-15,40.4399986267,0
2025-01-16,39.6150016785,0
2025-01-17,41.5699996948,0
2025-01-21,42.2599983215,0
2025-01-22,43.9000015259,0
2025-01-23,44.1699981689,0
2025-01-24,43.375,0
2025-01-27,39.5699996948,0
2025-01-28,41.3250007629,0
2025-01-29,41.0699996948,0
2025-01-30,41.5849990845,0
2025-01-31,41.3600006104,0
2025-02-03,40.3600006104,0
2025-02-04,41.8250007629,0
2025-02-05,42.3699989319,0
2025-02-06,43.0050010681,0
2025-02-07,41.3650016785,0
2025-02-10,42.8199996948,0
2025-02-11,42.5149993896,0
2025-02-12,42.5999984741,0
2025-02-13,44.3950004578,0
2025-02-14,44.9150009155,0
2025-02-18,45.1949996948,0
2025-02-19,45.2000007629,0
2025-02-20,44.6500015259,0
2025-02-21,41.8549995422,0
2025-02-24,40.3499984741,0
2025-02-25,38.8100013733,0
2025-02-26,39.0600013733,0
2025-02-27,35.8199996948,0
2025-02-28,37.4599990845,0
2025-03-03,35.0400009155,0
2025-03-04,34.6549987793,0
2025-03-05,36.0050010681,0
2025-03-06,33.0200004578,0
2025-03-07,33.7050018311,0
2025-03-10,29.9050006866,0
2025-03-11,29.5550003052,0
2025-03-12,30.5650005341,0
2025-03-13,28.8950004578,0
2025-03-14,30.9449996948,0
2025-03-17,31.5450000763,0
2025-03-18,29.9549999237,0
2025-03-19,31.1200008392,0
2025-03-20,30.7999992371,0
2025-03-21,31.0900001526,0
2025-03-24,33.0649986267,0
2025-03-25,33.6549987793,0
2025-03-26,31.6900005341,0.099
2025-03-27,31.1499996185,0
2025-03-28,28.6700000763,0
2025-03-31,28.6499996185,0
2025-04-01,29.3099994659,0
2025-04-02,29.9650001526,0
2025-04-03,25.1499996185,0
2025-04-04,20.5450000763,0
2025-04-07,20.625,0
2025-04-08,19.4500007629,0
2025-04-09,26.3050003052,0
2025-04-10,23.0699996948,0
2025-04-11,24.2900009155,0
2025-04-14,24.7999992371,0
2025-04-15,24.8950004578,0
2025-04-16,22.6450004578,0
2025-04-17,22.5799999237,0
2025-04-21,20.9300003052,0
2025-04-22,22.5300006866,0
2025-04-23,24.0249996185,0
2025-04-24,26.0699996948,0
2025-04-25,26.9300003052,0
2025-04-28,26.9099998474,0
2025-04-29,27.4349994659,0
2025-04-30,27.4400005341,0
2025-05-01,28.3850002289,0
2025-05-02,29.7150001526,0
2025-05-05,29.2000007629,0
2025-05-06,28.3700008392,0
2025-05-07,28.7000007629,0
2025-05-08,29.5550003052,0
2025-05-09,29.4850006104,0
2025-05-12,33.0550003052,0
2025-05-13,34.5699996948,0
2025-05-14,35.1800003052,0
2025-05-15,35.2900009155,0
2025-05-16,35.7249984741,0
2025-05-19,35.8199996948,0
2025-05-20,35.4449996948,0
2025-05-21,33.9700012207,0
2025-05-22,34.1450004578,0
2025-05-23,33.1599998474,0
2025-05-27,35.4700012207,0
2025-05-28,35.0149993896,0
2025-05-29,35.1850013733,0
2025-05-30,35,0
2025-06-02,35.8050003052,0
2025-06-03,36.6399993896,0
2025-06-04,36.9350013733,0
2025-06-05,36.0750007629,0
2025-06-06,37.1049995422,0
2025-06-09,37.2700004578,0
2025-06-10,37.9900016785,0
2025-06-11,37.5999984741,0
2025-06-12,37.8450012207,0
2025-06-13,36.4150009155,0
2025-06-16,37.9000015259,0
2025-06-17,36.7799987793,0
2025-06-18,36.7299995422,0
2025-06-20,36.2249984741,0
2025-06-23,37.3499984741,0
2025-06-24,39.0499992371,0
2025-06-25,39.2400016785,0.109
2025-06-26,40.3149986267,0
2025-06-27,40.7099990845,0
2025-06-30,41.5,0
2025-07-01,40.4449996948,0
2025-07-02,41.25,0
2025-07-03,42.4049987793,0
2025-07-07,41.4599990845,0
2025-07-08,41.5149993896,0
2025-07-09,42.375,0
2025-07-10,42.1800003052,0
2025-07-11,41.8600006104,0
2025-07-14,42.3050003052,0
2025-07-15,42.4150009155,0
2025-07-16,42.5349998474,0
2025-07-17,43.5250015259,0
2025-07-18,43.375,0
2025-07-21,44.0349998474,0
2025-07-22,43.3499984741,0
2025-07-23,43.9199981689,0
2025-07-24,44.2099990845,0
2025-07-25,44.4599990845,0
2025-07-28,44.8950004578,0
2025-07-29,44.6899986267,0
2025-07-30,44.8450012207,0
2025-07-31,44.1049995422,0
2025-08-01,41.4599990845,0
2025-08-04,43.7299995422,0
2025-08-05,42.8199996948,0
2025-08-06,44.4199981689,0
2025-08-07,44.8699989319,0
2025-08-08,46.0800018311,0
2025-08-11,45.6749992371,0
2025-08-12,47.3600006104,0
2025-08-13,47.4300003052,0
2025-08-14,47.2999992371,0
2025-08-15,46.6300010681,0
2025-08-18,46.5699996948,0
2025-08-19,44.6699981689,0
2025-08-20,43.8549995422,0
2025-08-21,43.2449989319,0
2025-08-22,45.1899986267,0
2025-08-25,44.7949981689,0
2025-08-26,45.3149986267,0
2025-08-27,45.5200004578,0
2025-08-28,46.3499984741,0
2025-08-29,44.6800003052,0
2025-09-02,43.5400009155,0
2025-09-03,44.5550003052,0
2025-09-04,45.7599983215,0
2025-09-05,45.9099998474,0
2025-09-08,46.5649986267,0
2025-09-09,46.9449996948,0
2025-09-10,46.9949989319,0
2025-09-11,47.7849998474,0
2025-09-12,48.3800010681,0
2025-09-15,49.6150016785,0
2025-09-16,49.4799995422,0
2025-09-17,49.1650009155,0
2025-09-18,50.4900016785,0
2025-09-19,51.4900016785,0
2025-09-22,52.3600006104,0
2025-09-23,51.3050003052,0
2025-09-24,50.7050018311,0.049
2025-09-25,50.0250015259,0
2025-09-26,50.625,0
2025-09-29,51.2999992371,0
2025-09-30,51.7000007629,0
2025-10-01,52.4300003052,0
2025-10-02,53.0699996948,0
2025-10-03,52.3499984741,0
2025-10-06,53.5200004578,0
2025-10-07,52.6549987793,0
2025-10-08,54.4399986267,0
2025-10-09,54.2249984741,0
2025-10-10,48.5349998474,0
2025-10-13,51.6150016785,0
2025-10-14,50.5649986267,0
2025-10-15,51.5999984741,0
2025-10-16,51.0250015259,0
2025-10-17,51.9949989319,0
2025-10-20,53.9449996948,0
2025-10-21,53.8849983215,0
2025-10-22,52.2999992371,0
2025-10-23,53.6100006104,0
2025-10-24,55.2799987793,0
2025-10-27,58.2150001526,0
2025-10-28,59.5449981689,0
2025-10-29,60.3050003052,0
2025-10-30,57.5449981689,0
2025-10-31,58.3600006104,0
2025-11-03,59.1599998474,0
2025-11-04,55.5400009155,0
2025-11-05,56.6199989319,0
2025-11-06,53.4449996948,0
2025-11-07,52.8899993896,0
2025-11-10,56.3549995422,0
2025-11-11,55.8899993896,0
2025-11-12,55.7750015259,0
2025-11-13,52.3300018311,0
2025-11-14,52.3699989319,0
2025-11-17,51.0250015259,0
2025-11-18,49.1800003052,0
2025-11-19,50.0250015259,0
2025-11-20,46.4500007629,0
2025-11-21,47.4799995422,0
2025-11-24,51.0800018311,0
2025-11-25,52.0099983215,0
2025-11-26,53.3699989319,0
2025-11-28,54.5400009155,0
2025-12-01,54.0499992371,0
2025-12-02,55.2999992371,0
2025-12-03,55.6899986267,0
2025-12-04,55.5099983215,0
2025-12-05,56.1500015259,0
2025-12-08,55.7999992371,0
2025-12-09,56.0099983215,0
2025-12-10,56.6500015259,0
2025-12-11,56.1100006104,0
2025-12-12,52.8199996948,0
2025-12-15,52.0200004578,0
2025-12-16,52.3300018311,0
2025-12-17,49.4000015259,0
2025-12-18,51.5099983215,0
2025-12-19,53.5200004578,0
2025-12-22,54.25,0
2025-12-23,55.0099983215,0
2025-12-24,55.3600006104,0.086
2025-12-26,55.3100013733,0
2025-12-29,54.4900016785,0
2025-12-30,54.0999984741,0
2025-12-31,52.7200012207,0
2026-01-02,52.3499984741,0
2026-01-05,53.5999984741,0
2026-01-06,55.0099983215,0
2026-01-07,55.1699981689,0
2026-01-08,54.1899986267,0
2026-01-09,55.7599983215,0
2026-01-12,55.8899993896,0
2026-01-13,55.5999984741,0
2026-01-14,53.8300018311,0
2026-01-15,54.3800010681,0
2026-01-16,54.1399993896,0
2026-01-20,50.7299995422,0
2026-01-21,52.7299995422,0
2026-01-22,53.9000015259,0
2026-01-23,54.3800010681,0
2026-01-26,55.0800018311,0
2026-01-27,56.5400009155,0
2026-01-28,57.0600013733,0
2026-01-29,56.0400009155,0
2026-01-30,54,0
2026-02-02,55.0999984741,0
2026-02-03,52.5200004578,0
2026-02-04,49.7599983215,0
2026-02-05,47.6399993896,0
2026-02-06,50.5900001526,0
2026-02-09,51.7400016785,0
2026-02-10,51.0200004578,0
2026-02-11,51.4000015259,0
2026-02-12,48.2599983215,0
2026-02-13,48.4700012207,0
2026-02-17,48.3499984741,0
2026-02-18,49.3899993896,0
2026-02-19,48.8300018311,0
2026-02-20,50.0600013733,0
2026-02-23,48.2400016785,0
2026-02-24,49.7799987793,0
2026-02-25,51.8699989319,0
2026-02-26,50.0499992371,0
2026-02-27,49.5200004578,0
2026-03-02,49.7000007629,0
2026-03-03,48.0999984741,0
2026-03-04,50.2599983215,0
2026-03-05,49.7999992371,0
2026-03-06,47.5400009155,0
2026-03-09,49.3899993896,0
2026-03-10,49.4000015259,0
2026-03-11,49.3499984741,0
2026-03-12,46.8300018311,0
2026-03-13,45.9300003052,0
2026-03-16,47.4599990845,0
2026-03-17,48.1599998474,0
2026-03-18,46.0999984741,0
2026-03-19,45.6899986267,0
2026-03-20,43.0800018311,0
2026-03-23,44.5699996948,0
2026-03-24,43.6199989319,0
2026-03-25,44.3899993896,0.072
2026-03-26,41.2299995422,0
2026-03-27,38.7799987793,0
2026-03-30,37.8899993896,0
2026-03-31,41.6800003052,0
2026-04-01,43.2299995422,0
2026-04-02,43.3300018311,0
2026-04-06,44.0999984741,0
2026-04-07,44.1500015259,0
2026-04-08,48,0
2026-04-09,48.9599990845,0
2026-04-10,49.1699981689,0
2026-04-13,50.6599998474,0
2026-04-14,53.4099998474,0
2026-04-15,55.6500015259,0
2026-04-16,56.4300003052,0
2026-04-17,58.5900001526,0
2026-04-20,58.0800018311,0
2026-04-21,57.4000015259,0
2026-04-22,60.2099990845,0
2026-04-23,59.2200012207,0
2026-04-24,62.5600013733,0
2026-04-27,62.6399993896,0
2026-04-28,60.7400016785,0
2026-04-29,61.8600006104,0
2026-04-30,63.5400009155,0
2026-05-01,65.3000030518,0
2026-05-04,64.9100036621,0
2026-05-05,67.3899993896,0
2026-05-06,71.5699996948,0
2026-05-07,71.3399963379,0
2026-05-08,76.2799987793,0
2026-05-11,76.9599990845,0
2026-05-12,74.9599990845,0
2026-05-13,77.2399978638,0
2026-05-14,78.9499969482,0
2026-05-15,75.3399963379,0
2026-05-18,74.3199996948,0
2026-05-19,72.9300003052,0
2026-05-20,76.5100021362,0
2026-05-21,76.9499969482,0
2026-05-22,77.8399963379,0
2026-05-26,81.9499969482,0
2026-05-27,81.6699981689,0
2026-05-28,83.6800003052,0
2026-05-29,84.5599975586,0
2026-06-01,86.0400009155,0
2026-06-02,87.2200012207,0
2026-06-03,86.5599975586,0
2026-06-04,85.2200012207,0
2026-06-05,73.0500030518,0
2026-06-08,76.2699966431,0
2026-06-09,73.7200012207,0
2026-06-10,69.2699966431,0
2026-06-11,76.0100021362,0
2026-06-12,77.5199966431,0
2026-06-15,84.5899963379,0
2026-06-16,79.9300003052,0
2026-06-17,77.5400009155,0
2026-06-18,82.8700027466,0
2026-06-22,82.5800018311,0
2026-06-23,74.4400024414,0
2026-06-24,73.3000030518,0.171
2026-06-25,74.9499969482,0
2026-06-26,71.8300018311,0
2026-06-29,77.1900024414,0
2026-06-30,81,0
2026-07-01,77.4599990845,0
2026-07-02,73.3499984741,0
2026-07-06,76.4199981689,0
2026-07-07,72.2300033569,0
2026-07-08,72.7200012207,0
2026-07-09,76.3399963379,0
2026-07-10,77.0299987793,0
2026-07-13,72.6399993896,0
2026-07-14,75.0199966431,0
2026-07-15,74.4400024414,0
2026-07-16,70.7399978638,0
2026-07-17,67.5299987793,0
2026-07-20,67.6500015259,0
2026-07-21,71.3700027466,0
2026-07-22,70.2799987793,0
2026-07-23,66.3000030518,0
2026-07-24,64,0
2026-07-27,63.4000015259,0
2026-07-28,61.5600013733,0
2026-07-29,57.75,0
2026-07-30,63.2999992371,0
2026-07-31,64.6200027466,0
2026-08-03,67.9599990845,0
2026-08-04,74.8199996948,0
2026-08-05,72.8399963379,0
2026-08-06,72.0299987793,0
2026-08-07,74.4700012207,0
2026-08-10,73.8000030518,0
2026-08-11,73.0599975586,0
2026-08-12,74.5999984741,0
2026-08-13,77.1500015259,0
