date,close,dividend
2010-06-29,1.5926669836,0
2010-06-30,1.5886670351,0
2010-07-01,1.46399998665,0
2010-07-02,1.27999997139,0
2010-07-06,1.07400000095,0
2010-07-07,1.05333304405,0
2010-07-08,1.16400003433,0
2010-07-09,1.15999996662,0
2010-07-12,1.13666701317,0
2010-07-13,1.20933294296,0
2010-07-14,1.32266700268,0
2010-07-15,1.3259999752,0
2010-07-16,1.37600004673,0
2010-07-19,1.46066701412,0
2010-07-20,1.35333299637,0
2010-07-21,1.34800004959,0
2010-07-22,1.39999997616,0
2010-07-23,1.41933298111,0
2010-07-26,1.39666700363,0
2010-07-27,1.37000000477,0
2010-07-28,1.38133299351,0
2010-07-29,1.35666704178,0
2010-07-30,1.32933294773,0
2010-08-02,1.39466702938,0
2010-08-03,1.46333301067,0
2010-08-04,1.41733300686,0
2010-08-05,1.36333298683,0
2010-08-06,1.30599999428,0
2010-08-09,1.30666697025,0
2010-08-10,1.26866698265,0
2010-08-11,1.19333302975,0
2010-08-12,1.17333304882,0
2010-08-13,1.22133302689,0
2010-08-16,1.25199997425,0
2010-08-17,1.27666699886,0
2010-08-18,1.25133299828,0
2010-08-19,1.25266695023,0
2010-08-20,1.27333295345,0
2010-08-23,1.34200000763,0
2010-08-24,1.27999997139,0
2010-08-25,1.32666695118,0
2010-08-26,1.31666696072,0
2010-08-27,1.31333303452,0
2010-08-30,1.32466697693,0
2010-08-31,1.29866695404,0
2010-09-01,1.36333298683,0
2010-09-02,1.40400004387,0
2010-09-03,1.40333294868,0
2010-09-07,1.36933302879,0
2010-09-08,1.39333295822,0
2010-09-09,1.38066697121,0
2010-09-10,1.34466695786,0
2010-09-13,1.38133299351,0
2010-09-14,1.40799999237,0
2010-09-15,1.46533298492,0
2010-09-16,1.39600002766,0
2010-09-17,1.34866702557,0
2010-09-20,1.40400004387,0
2010-09-21,1.38466703892,0
2010-09-22,1.32466697693,0
2010-09-23,1.30400002003,0
2010-09-24,1.34000003338,0
2010-09-27,1.36866700649,0
2010-09-28,1.42666697502,0
2010-09-29,1.46533298492,0
2010-09-30,1.36066699028,0
2010-10-01,1.37333297729,0
2010-10-04,1.39933300018,0
2010-10-05,1.40799999237,0
2010-10-06,1.36399996281,0
2010-10-07,1.36199998856,0
2010-10-08,1.36199998856,0
2010-10-11,1.34933304787,0
2010-10-12,1.34933304787,0
2010-10-13,1.36933302879,0
2010-10-14,1.38333296776,0
2010-10-15,1.36933302879,0
2010-10-18,1.34866702557,0
2010-10-19,1.33666694164,0
2010-10-20,1.37666702271,0
2010-10-21,1.38333296776,0
2010-10-22,1.38133299351,0
2010-10-25,1.38999998569,0
2010-10-26,1.4240000248,0
2010-10-27,1.39999997616,0
2010-10-28,1.41266703606,0
2010-10-29,1.45599997044,0
2010-11-01,1.42733299732,0
2010-11-02,1.41666698456,0
2010-11-03,1.45133304596,0
2010-11-04,1.65999996662,0
2010-11-05,1.62933301926,0
2010-11-08,1.66533303261,0
2010-11-09,1.64199995995,0
2010-11-10,1.95733296871,0
2010-11-11,1.86933302879,0
2010-11-12,1.98933303356,0
2010-11-15,2.05333304405,0
2010-11-16,1.97800004482,0
2010-11-17,1.9659999609,0
2010-11-18,1.99266695976,0
2010-11-19,2.06599998474,0
2010-11-22,2.22666692734,0
2010-11-23,2.304666996,0
2010-11-24,2.36466693878,0
2010-11-26,2.35466694832,0
2010-11-29,2.28866696358,0
2010-11-30,2.35533308983,0
2010-12-01,2.28999996185,0
2010-12-02,2.15666699409,0
2010-12-03,2.09933304787,0
2010-12-06,2.02066707611,0
2010-12-07,2.10400009155,0
2010-12-08,2.15799999237,0
2010-12-09,2.13666701317,0
2010-12-10,2.10133290291,0
2010-12-13,2.03666710854,0
2010-12-14,1.90199995041,0
2010-12-15,1.97333300114,0
2010-12-16,2.05399990082,0
2010-12-17,2.09066700935,0
2010-12-20,2.11333298683,0
2010-12-21,2.15066695213,0
2010-12-22,2.17533302307,0
2010-12-23,2.00600004196,0
2010-12-27,1.70333302021,0
2010-12-28,1.76066696644,0
2010-12-29,1.84866702557,0
2010-12-30,1.7666670084,0
2010-12-31,1.77533304691,0
2011-01-03,1.77466702461,0
2011-01-04,1.77799999714,0
2011-01-05,1.78866696358,0
2011-01-06,1.85866701603,0
2011-01-07,1.88266694546,0
2011-01-10,1.89666700363,0
2011-01-11,1.79733300209,0
2011-01-12,1.79733300209,0
2011-01-13,1.74800002575,0
2011-01-14,1.71666705608,0
2011-01-18,1.70933294296,0
2011-01-19,1.60199999809,0
2011-01-20,1.50800001621,0
2011-01-21,1.53600001335,0
2011-01-24,1.63266694546,0
2011-01-25,1.64533305168,0
2011-01-26,1.64999997616,0
2011-01-27,1.6613329649,0
2011-01-28,1.60066699982,0
2011-01-31,1.60666704178,0
2011-02-01,1.59399998188,0
2011-02-02,1.59599995613,0
2011-02-03,1.57533299923,0
2011-02-04,1.56400001049,0
2011-02-07,1.5379999876,0
2011-02-08,1.63266694546,0
2011-02-09,1.54733300209,0
2011-02-10,1.54799997807,0
2011-02-11,1.54999995232,0
2011-02-14,1.53866696358,0
2011-02-15,1.52266705036,0
2011-02-16,1.64866697788,0
2011-02-17,1.57333302498,0
2011-02-18,1.54533302784,0
2011-02-22,1.45799994469,0
2011-02-23,1.45533299446,0
2011-02-24,1.50199997425,0
2011-02-25,1.57400000095,0
2011-02-28,1.5926669836,0
2011-03-01,1.59599995613,0
2011-03-02,1.60133302212,0
2011-03-03,1.62399995327,0
2011-03-04,1.66333305836,0
2011-03-07,1.66266703606,0
2011-03-08,1.64400005341,0
2011-03-09,1.64800000191,0
2011-03-10,1.60066699982,0
2011-03-11,1.60466694832,0
2011-03-14,1.54999995232,0
2011-03-15,1.52999997139,0
2011-03-16,1.5213329792,0
2011-03-17,1.5206669569,0
2011-03-18,1.53066694736,0
2011-03-21,1.51533305645,0
2011-03-22,1.4793330431,0
2011-03-23,1.48066699505,0
2011-03-24,1.48866701126,0
2011-03-25,1.5166670084,0
2011-03-28,1.54999995232,0
2011-03-29,1.59466695786,0
2011-03-30,1.58066701889,0
2011-03-31,1.85000002384,0
2011-04-01,1.77733302116,0
2011-04-04,1.72200000286,0
2011-04-05,1.77999997139,0
2011-04-06,1.76600003242,0
2011-04-07,1.81599998474,0
2011-04-08,1.76600003242,0
2011-04-11,1.68466699123,0
2011-04-12,1.64333295822,0
2011-04-13,1.66199994087,0
2011-04-14,1.67599999905,0
2011-04-15,1.70533299446,0
2011-04-18,1.66866695881,0
2011-04-19,1.67733299732,0
2011-04-20,1.71666705608,0
2011-04-21,1.78266704082,0
2011-04-25,1.75933301449,0
2011-04-26,1.79533302784,0
2011-04-27,1.8053330183,0
2011-04-28,1.84399998188,0
2011-04-29,1.84000003338,0
2011-05-02,1.83000004292,0
2011-05-03,1.79133296013,0
2011-05-04,1.77933299541,0
2011-05-05,1.76266694069,0
2011-05-06,1.80799996853,0
2011-05-09,1.86066699028,0
2011-05-10,1.88866698742,0
2011-05-11,1.804666996,0
2011-05-12,1.84466695786,0
2011-05-13,1.83666694164,0
2011-05-16,1.77333295345,0
2011-05-17,1.73066699505,0
2011-05-18,1.75666701794,0
2011-05-19,1.87999999523,0
2011-05-20,1.86466705799,0
2011-05-23,1.7879999876,0
2011-05-24,1.78133296967,0
2011-05-25,1.93200004101,0
2011-05-26,1.96533298492,0
2011-05-27,1.97000002861,0
2011-05-31,2.00933289528,0
2011-06-01,1.90133297443,0
2011-06-02,1.91733300686,0
2011-06-03,2.00866699219,0
2011-06-06,1.91333305836,0
2011-06-07,1.89133298397,0
2011-06-08,1.80799996853,0
2011-06-09,1.84133303165,0
2011-06-10,1.85733294487,0
2011-06-13,1.89533305168,0
2011-06-14,1.90666699409,0
2011-06-15,1.82133305073,0
2011-06-16,1.7666670084,0
2011-06-17,1.7666670084,0
2011-06-20,1.73399996758,0
2011-06-21,1.83533298969,0
2011-06-22,1.81400001049,0
2011-06-23,1.84733295441,0
2011-06-24,1.83800005913,0
2011-06-27,1.83066701889,0
2011-06-28,1.87399995327,0
2011-06-29,1.88600003719,0
2011-06-30,1.94200003147,0
2011-07-01,1.93466699123,0
2011-07-05,1.94266700745,0
2011-07-06,1.93066704273,0
2011-07-07,1.98199999332,0
2011-07-08,1.92066705227,0
2011-07-11,1.88999998569,0
2011-07-12,1.87800002098,0
2011-07-13,1.90933299065,0
2011-07-14,1.84066700935,0
2011-07-15,1.8386670351,0
2011-07-18,1.81533300877,0
2011-07-19,1.85933303833,0
2011-07-20,1.91266703606,0
2011-07-21,1.91333305836,0
2011-07-22,1.95266699791,0
2011-07-25,1.89933300018,0
2011-07-26,1.86666703224,0
2011-07-27,1.8426669836,0
2011-07-28,1.87800002098,0
2011-07-29,1.87800002098,0
2011-08-01,1.91799998283,0
2011-08-02,1.82266700268,0
2011-08-03,1.81333303452,0
2011-08-04,1.64999997616,0
2011-08-05,1.61600005627,0
2011-08-08,1.5759999752,0
2011-08-09,1.67066705227,0
2011-08-10,1.58800005913,0
2011-08-11,1.68666696548,0
2011-08-12,1.7539999485,0
2011-08-15,1.74866700172,0
2011-08-16,1.74000000954,0
2011-08-17,1.72200000286,0
2011-08-18,1.61733305454,0
2011-08-19,1.48666703701,0
2011-08-22,1.46333301067,0
2011-08-23,1.53066694736,0
2011-08-24,1.59133303165,0
2011-08-25,1.54066705704,0
2011-08-26,1.58200001717,0
2011-08-29,1.64733302593,0
2011-08-30,1.64199995995,0
2011-08-31,1.64933300018,0
2011-09-01,1.60000002384,0
2011-09-02,1.5379999876,0
2011-09-06,1.52933299541,0
2011-09-07,1.5893330574,0
2011-09-08,1.57400000095,0
2011-09-09,1.53133296967,0
2011-09-12,1.52533304691,0
2011-09-13,1.60533297062,0
2011-09-14,1.62266695499,0
2011-09-15,1.65466701984,0
2011-09-16,1.72000002861,0
2011-09-19,1.71800005436,0
2011-09-20,1.73399996758,0
2011-09-21,1.72333300114,0
2011-09-22,1.70866703987,0
2011-09-23,1.75866699219,0
2011-09-26,1.70133304596,0
2011-09-27,1.7460000515,0
2011-09-28,1.63933300972,0
2011-09-29,1.60800004005,0
2011-09-30,1.62600004673,0
2011-10-03,1.58200001717,0
2011-10-04,1.57733297348,0
2011-10-05,1.6913330555,0
2011-10-06,1.79733300209,0
2011-10-07,1.79933297634,0
2011-10-10,1.85866701603,0
2011-10-11,1.84066700935,0
2011-10-12,1.85333299637,0
2011-10-13,1.86266696453,0
2011-10-14,1.87000000477,0
2011-10-17,1.82799994946,0
2011-10-18,1.88933300972,0
2011-10-19,1.83800005913,0
2011-10-20,1.82266700268,0
2011-10-21,1.86866700649,0
2011-10-24,1.90333294868,0
2011-10-25,1.88333296776,0
2011-10-26,1.86533296108,0
2011-10-27,1.91733300686,0
2011-10-28,1.99133300781,0
2011-10-31,1.95799994469,0
2011-11-01,1.92533302307,0
2011-11-02,1.91400003433,0
2011-11-03,2.16400003433,0
2011-11-04,2.15400004387,0
2011-11-07,2.08466696739,0
2011-11-08,2.1226670742,0
2011-11-09,2.0586669445,0
2011-11-10,2.08866691589,0
2011-11-11,2.24266695976,0
2011-11-14,2.21466708183,0
2011-11-15,2.26200008392,0
2011-11-16,2.32933306694,0
2011-11-17,2.24533295631,0
2011-11-18,2.17333292961,0
2011-11-21,2.11733293533,0
2011-11-22,2.13800001144,0
2011-11-23,2.09666705132,0
2011-11-25,2.11066699028,0
2011-11-28,2.17066693306,0
2011-11-29,2.11666703224,0
2011-11-30,2.18266701698,0
2011-12-01,2.17333292961,0
2011-12-02,2.22000002861,0
2011-12-05,2.29466700554,0
2011-12-06,2.32466697693,0
2011-12-07,2.27933311462,0
2011-12-08,2.05933308601,0
2011-12-09,2.06933307648,0
2011-12-12,2.02733302116,0
2011-12-13,1.96333301067,0
2011-12-14,1.90199995041,0
2011-12-15,1.90799999237,0
2011-12-16,1.86666703224,0
2011-12-19,1.85000002384,0
2011-12-20,1.86000001431,0
2011-12-21,1.83800005913,0
2011-12-22,1.85133302212,0
2011-12-23,1.86000001431,0
2011-12-27,1.90466701984,0
2011-12-28,1.90066695213,0
2011-12-29,1.91533303261,0
2011-12-30,1.90400004387,0
2012-01-03,1.87199997902,0
2012-01-04,1.84733295441,0
2012-01-05,1.80799996853,0
2012-01-06,1.79400002956,0
2012-01-09,1.81666696072,0
2012-01-10,1.84133303165,0
2012-01-11,1.88199996948,0
2012-01-12,1.88333296776,0
2012-01-13,1.51933300495,0
2012-01-17,1.77333295345,0
2012-01-18,1.78733301163,0
2012-01-19,1.7840000391,0
2012-01-20,1.77333295345,0
2012-01-23,1.78466701508,0
2012-01-24,1.82799994946,0
2012-01-25,1.86466705799,0
2012-01-26,1.92933297157,0
2012-01-27,1.95533299446,0
2012-01-30,1.97133302689,0
2012-01-31,1.93799996376,0
2012-02-01,1.97200000286,0
2012-02-02,2.01666688919,0
2012-02-03,2.07666707039,0
2012-02-06,2.11999988556,0
2012-02-07,2.10666704178,0
2012-02-08,2.12866711617,0
2012-02-09,2.17199993134,0
2012-02-10,2.07333302498,0
2012-02-13,2.09933304787,0
2012-02-14,2.21133303642,0
2012-02-15,2.24000000954,0
2012-02-16,2.27866697311,0
2012-02-17,2.33133292198,0
2012-02-21,2.29999995232,0
2012-02-22,2.28133296967,0
2012-02-23,2.30200004578,0
2012-02-24,2.25,0
2012-02-27,2.24133300781,0
2012-02-28,2.2539999485,0
2012-02-29,2.22733306885,0
2012-03-01,2.29399991035,0
2012-03-02,2.26933288574,0
2012-03-05,2.25133299828,0
2012-03-06,2.20733308792,0
2012-03-07,2.20799994469,0
2012-03-08,2.20466709137,0
2012-03-09,2.31599998474,0
2012-03-12,2.40066695213,0
2012-03-13,2.40599989891,0
2012-03-14,2.35266709328,0
2012-03-15,2.33333301544,0
2012-03-16,2.35466694832,0
2012-03-19,2.33200001717,0
2012-03-20,2.33066701889,0
2012-03-21,2.34333300591,0
2012-03-22,2.29333305359,0
2012-03-23,2.27200007439,0
2012-03-26,2.49333310127,0
2012-03-27,2.52933311462,0
2012-03-28,2.52333307266,0
2012-03-29,2.48866701126,0
2012-03-30,2.4826669693,0
2012-04-02,2.43866705894,0
2012-04-03,2.53399991989,0
2012-04-04,2.33333301544,0
2012-04-05,2.29866695404,0
2012-04-09,2.21000003815,0
2012-04-10,2.16400003433,0
2012-04-11,2.20600008965,0
2012-04-12,2.22933292389,0
2012-04-13,2.23933291435,0
2012-04-16,2.15000009537,0
2012-04-17,2.14933300018,0
2012-04-18,2.17733311653,0
2012-04-19,2.21066689491,0
2012-04-20,2.21066689491,0
2012-04-23,2.12933301926,0
2012-04-24,2.12133288383,0
2012-04-25,2.19400000572,0
2012-04-26,2.2326669693,0
2012-04-27,2.22266697884,0
2012-04-30,2.20866703987,0
2012-05-01,2.25200009346,0
2012-05-02,2.26266694069,0
2012-05-03,2.16400003433,0
2012-05-04,2.12199997902,0
2012-05-07,2.1646668911,0
2012-05-08,2.01266694069,0
2012-05-09,2.0039999485,0
2012-05-10,2.19733309746,0
2012-05-11,2.15000009537,0
2012-05-14,2.0039999485,0
2012-05-15,1.9620000124,0
2012-05-16,1.945333004,0
2012-05-17,1.90466701984,0
2012-05-18,1.83733296394,0
2012-05-21,1.91799998283,0
2012-05-22,2.05333304405,0
2012-05-23,2.0680000782,0
2012-05-24,2.01866698265,0
2012-05-25,1.98733305931,0
2012-05-29,2.11266708374,0
2012-05-30,2.02733302116,0
2012-05-31,1.96666705608,0
2012-06-01,1.87666702271,0
2012-06-04,1.85866701603,0
2012-06-05,1.86066699028,0
2012-06-06,1.94799995422,0
2012-06-07,1.92866694927,0
2012-06-08,2.00533294678,0
2012-06-11,1.9413330555,0
2012-06-12,1.97733294964,0
2012-06-13,1.98466694355,0
2012-06-14,1.95933294296,0
2012-06-15,1.99399995804,0
2012-06-18,2.1226670742,0
2012-06-19,2.13933300972,0
2012-06-20,2.25200009346,0
2012-06-21,2.14599990845,0
2012-06-22,2.25266695023,0
2012-06-25,2.20733308792,0
2012-06-26,2.10733294487,0
2012-06-27,2.13066697121,0
2012-06-28,2.09400010109,0
2012-06-29,2.08599996567,0
2012-07-02,2.02666711807,0
2012-07-03,2.04399991035,0
2012-07-05,2.08200001717,0
2012-07-06,2.06599998474,0
2012-07-09,2.09933304787,0
2012-07-10,2.08466696739,0
2012-07-11,2.10066699982,0
2012-07-12,2.18000006676,0
2012-07-13,2.28333306313,0
2012-07-16,2.39733290672,0
2012-07-17,2.22333288193,0
2012-07-18,2.14333295822,0
2012-07-19,2.15133309364,0
2012-07-20,2.11933302879,0
2012-07-23,2.04399991035,0
2012-07-24,1.98933303356,0
2012-07-25,1.92999994755,0
2012-07-26,1.87533295155,0
2012-07-27,1.96733295918,0
2012-07-30,1.82333302498,0
2012-07-31,1.82799994946,0
2012-08-01,1.75,0
2012-08-02,1.74000000954,0
2012-08-03,1.81799995899,0
2012-08-06,1.88466703892,0
2012-08-07,2.01666688919,0
2012-08-08,1.93933296204,0
2012-08-09,1.96066701412,0
2012-08-10,1.9960000515,0
2012-08-13,2.07800006866,0
2012-08-14,1.96133303642,0
2012-08-15,1.96000003815,0
2012-08-16,2.01999998093,0
2012-08-17,2.00066709518,0
2012-08-20,1.96733295918,0
2012-08-21,1.9406670332,0
2012-08-22,1.99666702747,0
2012-08-23,2.04866695404,0
2012-08-24,1.96666705608,0
2012-08-27,1.88800001144,0
2012-08-28,1.91266703606,0
2012-08-29,1.89400005341,0
2012-08-30,1.89400005341,0
2012-08-31,1.90133297443,0
2012-09-04,1.87600004673,0
2012-09-05,1.86266696453,0
2012-09-06,1.90333294868,0
2012-09-07,1.95666694641,0
2012-09-10,1.82466697693,0
2012-09-11,1.85333299637,0
2012-09-12,1.88533294201,0
2012-09-13,1.96533298492,0
2012-09-14,2.02600002289,0
2012-09-17,2.16933298111,0
2012-09-18,2.0893330574,0
2012-09-19,2.06999993324,0
2012-09-20,2.05999994278,0
2012-09-21,2.00133299828,0
2012-09-24,2.04399991035,0
2012-09-25,1.84399998188,0
2012-09-26,1.83599996567,0
2012-09-27,1.89933300018,0
2012-09-28,1.95200002193,0
2012-10-01,1.94400000572,0
2012-10-02,1.98666703701,0
2012-10-03,1.95333302021,0
2012-10-04,1.96000003815,0
2012-10-05,1.92599999905,0
2012-10-08,1.95000004768,0
2012-10-09,1.89133298397,0
2012-10-10,1.89333295822,0
2012-10-11,1.88800001144,0
2012-10-12,1.8426669836,0
2012-10-15,1.8220000267,0
2012-10-16,1.87066698074,0
2012-10-17,1.92133295536,0
2012-10-18,1.86933302879,0
2012-10-19,1.84933304787,0
2012-10-22,1.85666704178,0
2012-10-23,1.89266705513,0
2012-10-24,1.82799994946,0
2012-10-25,1.83466696739,0
2012-10-26,1.82533299923,0
2012-10-31,1.87533295155,0
2012-11-01,1.95000004768,0
2012-11-02,1.9279999733,0
2012-11-05,2.09999990463,0
2012-11-06,2.07666707039,0
2012-11-07,2.10266709328,0
2012-11-08,2.08733296394,0
2012-11-09,2.0213329792,0
2012-11-12,2.07133293152,0
2012-11-13,2.10733294487,0
2012-11-14,2.09200000763,0
2012-11-15,2.054666996,0
2012-11-16,2.1226670742,0
2012-11-19,2.19466710091,0
2012-11-20,2.20000004768,0
2012-11-21,2.1646668911,0
2012-11-23,2.14199995995,0
2012-11-26,2.15133309364,0
2012-11-27,2.14333295822,0
2012-11-28,2.21533298492,0
2012-11-29,2.2460000515,0
2012-11-30,2.25466704369,0
2012-12-03,2.30800008774,0
2012-12-04,2.25999999046,0
2012-12-05,2.24733304977,0
2012-12-06,2.25999999046,0
2012-12-07,2.27800011635,0
2012-12-10,2.304666996,0
2012-12-11,2.35199999809,0
2012-12-12,2.35066699982,0
2012-12-13,2.24066710472,0
2012-12-14,2.2539999485,0
2012-12-17,2.29333305359,0
2012-12-18,2.30599999428,0
2012-12-19,2.30733299255,0
2012-12-20,2.29533290863,0
2012-12-21,2.26666688919,0
2012-12-24,2.28533291817,0
2012-12-26,2.23933291435,0
2012-12-27,2.2460000515,0
2012-12-28,2.21466708183,0
2012-12-31,2.257999897,0
2013-01-02,2.35733294487,0
2013-01-03,2.3180000782,0
2013-01-04,2.29333305359,0
2013-01-07,2.28933310509,0
2013-01-08,2.24533295631,0
2013-01-09,2.24266695976,0
2013-01-10,2.23533296585,0
2013-01-11,2.19400000572,0
2013-01-14,2.21733307838,0
2013-01-15,2.25999999046,0
2013-01-16,2.27333307266,0
2013-01-17,2.29200005531,0
2013-01-18,2.30133295059,0
2013-01-22,2.34599995613,0
2013-01-23,2.40000009537,0
2013-01-24,2.46600008011,0
2013-01-25,2.46533298492,0
2013-01-28,2.53533291817,0
2013-01-29,2.52999997139,0
2013-01-30,2.50133299828,0
2013-01-31,2.50066709518,0
2013-02-01,2.55333304405,0
2013-02-04,2.51600003242,0
2013-02-05,2.54200005531,0
2013-02-06,2.61133289337,0
2013-02-07,2.63199996948,0
2013-02-08,2.61599993706,0
2013-02-11,2.56133294106,0
2013-02-12,2.52600002289,0
2013-02-13,2.56333303452,0
2013-02-14,2.55133295059,0
2013-02-15,2.46933293343,0
2013-02-19,2.61866688728,0
2013-02-20,2.56933307648,0
2013-02-21,2.34400010109,0
2013-02-22,2.40733289719,0
2013-02-25,2.29200005531,0
2013-02-26,2.29533290863,0
2013-02-27,2.33999991417,0
2013-02-28,2.3220000267,0
2013-03-01,2.30999994278,0
2013-03-04,2.37199997902,0
2013-03-05,2.44333291054,0
2013-03-06,2.51266694069,0
2013-03-07,2.54866695404,0
2013-03-08,2.56466698647,0
2013-03-11,2.60666704178,0
2013-03-12,2.60800004005,0
2013-03-13,2.59866690636,0
2013-03-14,2.45666694641,0
2013-03-15,2.35266709328,0
2013-03-18,2.34333300591,0
2013-03-19,2.33866691589,0
2013-03-20,2.39666700363,0
2013-03-21,2.40066695213,0
2013-03-22,2.4413330555,0
2013-03-25,2.50200009346,0
2013-03-26,2.52399992943,0
2013-03-27,2.54399991035,0
2013-03-28,2.52600002289,0
2013-04-01,2.92866706848,0
2013-04-02,2.95600008965,0
2013-04-03,2.74000000954,0
2013-04-04,2.8006670475,0
2013-04-05,2.757999897,0
2013-04-08,2.78866696358,0
2013-04-09,2.70000004768,0
2013-04-10,2.79066705704,0
2013-04-11,2.90599989891,0
2013-04-12,2.91666698456,0
2013-04-15,2.88666701317,0
2013-04-16,3.03933310509,0
2013-04-17,3.02999997139,0
2013-04-18,3.13133311272,0
2013-04-19,3.18866705894,0
2013-04-22,3.34599995613,0
2013-04-23,3.40066695213,0
2013-04-24,3.36199998856,0
2013-04-25,3.46666693687,0
2013-04-26,3.41333293915,0
2013-04-29,3.66266703606,0
2013-04-30,3.59933304787,0
2013-05-01,3.55200004578,0
2013-05-02,3.60733294487,0
2013-05-03,3.63666701317,0
2013-05-06,3.96666693687,0
2013-05-07,3.70066690445,0
2013-05-08,3.71933293343,0
2013-05-09,4.62666702271,0
2013-05-10,5.11733293533,0
2013-05-13,5.85333299637,0
2013-05-14,5.54933309555,0
2013-05-15,5.65600013733,0
2013-05-16,6.15000009537,0
2013-05-17,6.09999990463,0
2013-05-20,5.99599981308,0
2013-05-21,5.8393330574,0
2013-05-22,5.81599998474,0
2013-05-23,6.18200016022,0
2013-05-24,6.47200012207,0
2013-05-28,7.35533285141,0
2013-05-29,6.97533321381,0
2013-05-30,6.99666690826,0
2013-05-31,6.5173330307,0
2013-06-03,6.17266702652,0
2013-06-04,6.32266712189,0
2013-06-05,6.35799980164,0
2013-06-06,6.48999977112,0
2013-06-07,6.80266714096,0
2013-06-10,6.67000007629,0
2013-06-11,6.29799985886,0
2013-06-12,6.51533317566,0
2013-06-13,6.54533290863,0
2013-06-14,6.68666696548,0
2013-06-17,6.81333303452,0
2013-06-18,6.89266681671,0
2013-06-19,6.97866678238,0
2013-06-20,6.71000003815,0
2013-06-21,6.63666677475,0
2013-06-24,6.76599979401,0
2013-06-25,6.82666683197,0
2013-06-26,7.04799985886,0
2013-06-27,7.28333282471,0
2013-06-28,7.15733289719,0
2013-07-01,7.81199979782,0
2013-07-02,7.85466718674,0
2013-07-03,7.68266677856,0
2013-07-05,8.00599956512,0
2013-07-08,8.10733318329,0
2013-07-09,8.22999954224,0
2013-07-10,8.15133285522,0
2013-07-11,8.37399959564,0
2013-07-12,8.65999984741,0
2013-07-15,8.48400020599,0
2013-07-16,7.26999998093,0
2013-07-17,8.01666736603,0
2013-07-18,7.93533277512,0
2013-07-19,7.97866678238,0
2013-07-22,8.16199970245,0
2013-07-23,8.18266677856,0
2013-07-24,8.11333274841,0
2013-07-25,8.27133274078,0
2013-07-26,8.62600040436,0
2013-07-29,8.97466659546,0
2013-07-30,8.78266716003,0
2013-07-31,8.95199966431,0
2013-08-01,9.03666687012,0
2013-08-02,9.19999980927,0
2013-08-05,9.6453332901,0
2013-08-06,9.47666740417,0
2013-08-07,8.94866657257,0
2013-08-08,10.232000351,0
2013-08-09,10.1999998093,0
2013-08-12,9.8253326416,0
2013-08-13,9.69533252716,0
2013-08-14,9.2906665802,0
2013-08-15,9.31133270264,0
2013-08-16,9.46666717529,0
2013-08-19,9.65999984741,0
2013-08-20,9.97200012207,0
2013-08-21,9.85733318329,0
2013-08-22,10.4733333588,0
2013-08-23,10.7893333435,0
2013-08-26,10.9479999542,0
2013-08-27,11.1339998245,0
2013-08-28,11.0966672897,0
2013-08-29,11.0706672668,0
2013-08-30,11.266667366,0
2013-09-03,11.2626667023,0
2013-09-04,11.3746671677,0
2013-09-05,11.328666687,0
2013-09-06,11.1313333511,0
2013-09-09,10.7133331299,0
2013-09-10,11.0913333893,0
2013-09-11,10.9013328552,0
2013-09-12,10.9953327179,0
2013-09-13,11.0360002518,0
2013-09-16,11.1053333282,0
2013-09-17,11.0819997787,0
2013-09-18,11.0813331604,0
2013-09-19,11.8613328934,0
2013-09-20,12.2259998322,0
2013-09-23,12.0740003586,0
2013-09-24,12.1553325653,0
2013-09-25,12.3493328094,0
2013-09-26,12.5760002136,0
2013-09-27,12.7266674042,0
2013-09-30,12.8913326263,0
2013-10-01,12.8666667938,0
2013-10-02,12.0633325577,0
2013-10-03,11.5539999008,0
2013-10-04,12.0653333664,0
2013-10-07,12.2046670914,0
2013-10-08,11.6486673355,0
2013-10-09,11.251999855,0
2013-10-10,11.52866745,0
2013-10-11,11.9133329391,0
2013-10-14,11.9813327789,0
2013-10-15,12.2626667023,0
2013-10-16,12.2373332977,0
2013-10-17,12.1866674423,0
2013-10-18,12.2266674042,0
2013-10-21,11.5066671371,0
2013-10-22,11.4359998703,0
2013-10-23,10.9666671753,0
2013-10-24,11.5433330536,0
2013-10-25,11.310667038,0
2013-10-28,10.8573331833,0
2013-10-29,10.9646673203,0
2013-10-30,10.6146669388,0
2013-10-31,10.6626672745,0
2013-11-01,10.8113327026,0
2013-11-04,11.6800003052,0
2013-11-05,11.7873325348,0
2013-11-06,10.0773334503,0
2013-11-07,9.31799983978,0
2013-11-08,9.19666671753,0
2013-11-11,9.64666652679,0
2013-11-12,9.18666744232,0
2013-11-13,9.24666690826,0
2013-11-14,9.17333316803,0
2013-11-15,9.02999973297,0
2013-11-18,8.10533332825,0
2013-11-19,8.40600013733,0
2013-11-20,8.07400035858,0
2013-11-21,8.14000034332,0
2013-11-22,8.09200000763,0
2013-11-25,8.05599975586,0
2013-11-26,8.03333282471,0
2013-11-27,8.46266746521,0
2013-11-29,8.48533344269,0
2013-12-02,8.27799987793,0
2013-12-03,9.64666652679,0
2013-12-04,9.26333332062,0
2013-12-05,9.36533260345,0
2013-12-06,9.15733337402,0
2013-12-09,9.43999958038,0
2013-12-10,9.47933292389,0
2013-12-11,9.31000041962,0
2013-12-12,9.8313331604,0
2013-12-13,9.84333324432,0
2013-12-16,9.86266708374,0
2013-12-17,10.1639995575,0
2013-12-18,9.86533260345,0
2013-12-19,9.38133335114,0
2013-12-20,9.54933261871,0
2013-12-23,9.56999969482,0
2013-12-24,10.0939998627,0
2013-12-26,10.3666667938,0
2013-12-27,10.0746669769,0
2013-12-30,10.1626672745,0
2013-12-31,10.02866745,0
2014-01-02,10.0066671371,0
2014-01-03,9.97066688538,0
2014-01-06,9.80000019073,0
2014-01-07,9.95733261108,0
2014-01-08,10.0853328705,0
2014-01-09,9.83533287048,0
2014-01-10,9.71466732025,0
2014-01-13,9.28933334351,0
2014-01-14,10.7513332367,0
2014-01-15,10.9420003891,0
2014-01-16,11.3979997635,0
2014-01-17,11.3339996338,0
2014-01-21,11.77866745,0
2014-01-22,11.9040002823,0
2014-01-23,12.1000003815,0
2014-01-24,11.6400003433,0
2014-01-27,11.3079996109,0
2014-01-28,11.8920001984,0
2014-01-29,11.6820001602,0
2014-01-30,12.189332962,0
2014-01-31,12.0939998627,0
2014-02-03,11.8073329926,0
2014-02-04,11.9153327942,0
2014-02-05,11.6280002594,0
2014-02-06,11.8920001984,0
2014-02-07,12.435333252,0
2014-02-10,13.1040000916,0
2014-02-11,13.1079998016,0
2014-02-12,13.0213327408,0
2014-02-13,13.3086671829,0
2014-02-14,13.2153329849,0
2014-02-18,13.5799999237,0
2014-02-19,12.9093332291,0
2014-02-20,13.998000145,0
2014-02-21,13.9733333588,0
2014-02-24,14.5100002289,0
2014-02-25,16.5333328247,0
2014-02-26,16.8666667938,0
2014-02-27,16.8360004425,0
2014-02-28,16.3206672668,0
2014-03-03,16.704000473,0
2014-03-04,16.9893321991,0
2014-03-05,16.8439998627,0
2014-03-06,16.8626670837,0
2014-03-07,16.4139995575,0
2014-03-10,15.9226665497,0
2014-03-11,15.6273326874,0
2014-03-12,16.0993328094,0
2014-03-13,15.8526668549,0
2014-03-14,15.3979997635,0
2014-03-17,15.5986671448,0
2014-03-18,16.0026664734,0
2014-03-19,15.7226667404,0
2014-03-20,15.6606674194,0
2014-03-21,15.2593326569,0
2014-03-24,14.6780004501,0
2014-03-25,14.6960000992,0
2014-03-26,14.1973333359,0
2014-03-27,13.8213329315,0
2014-03-28,14.1579999924,0
2014-03-31,13.8966665268,0
2014-04-01,14.4646673203,0
2014-04-02,15.3526668549,0
2014-04-03,15.0266666412,0
2014-04-04,14.1486673355,0
2014-04-07,13.8346672058,0
2014-04-08,14.3640003204,0
2014-04-09,14.4619998932,0
2014-04-10,13.6126670837,0
2014-04-11,13.5853328705,0
2014-04-14,13.2060003281,0
2014-04-15,12.9273328781,0
2014-04-16,13.2740001678,0
2014-04-17,13.2080001831,0
2014-04-21,13.6253328323,0
2014-04-22,14.5760002136,0
2014-04-23,13.8660001755,0
2014-04-24,13.8573331833,0
2014-04-25,13.3233327866,0
2014-04-28,13.234000206,0
2014-04-29,13.794667244,0
2014-04-30,13.8593330383,0
2014-05-01,13.8486671448,0
2014-05-02,14.060667038,0
2014-05-05,14.4406671524,0
2014-05-06,13.8186674118,0
2014-05-07,13.423333168,0
2014-05-08,11.9060001373,0
2014-05-09,12.1506671906,0
2014-05-12,12.3113327026,0
2014-05-13,12.6773328781,0
2014-05-14,12.7080001831,0
2014-05-15,12.5726671219,0
2014-05-16,12.7706670761,0
2014-05-19,13.0726671219,0
2014-05-20,13.0200004578,0
2014-05-21,13.296667099,0
2014-05-22,13.6586666107,0
2014-05-23,13.8199996948,0
2014-05-27,14.1040000916,0
2014-05-28,14.015999794,0
2014-05-29,14.015999794,0
2014-05-30,13.8513326645,0
2014-06-02,13.6466665268,0
2014-06-03,13.6626672745,0
2014-06-04,13.5993328094,0
2014-06-05,13.7933330536,0
2014-06-06,13.8780002594,0
2014-06-09,13.687333107,0
2014-06-10,13.4866666794,0
2014-06-11,13.6313333511,0
2014-06-12,13.5679998398,0
2014-06-13,13.7613334656,0
2014-06-16,14.9739999771,0
2014-06-17,15.4446668625,0
2014-06-18,15.1413326263,0
2014-06-19,15.1859998703,0
2014-06-20,15.3059997559,0
2014-06-23,15.814666748,0
2014-06-24,15.5,0
2014-06-25,15.7926673889,0
2014-06-26,15.7066669464,0
2014-06-27,15.937333107,0
2014-06-30,16.0039997101,0
2014-07-01,15.9813327789,0
2014-07-02,15.2953329086,0
2014-07-03,15.2833328247,0
2014-07-07,14.8439998627,0
2014-07-08,14.6046667099,0
2014-07-09,14.8706674576,0
2014-07-10,14.6306667328,0
2014-07-11,14.5419998169,0
2014-07-14,15.1133327484,0
2014-07-15,14.6386671066,0
2014-07-16,14.4773330688,0
2014-07-17,14.3599996567,0
2014-07-18,14.6680002213,0
2014-07-21,14.7026672363,0
2014-07-22,14.6386671066,0
2014-07-23,14.8326673508,0
2014-07-24,14.9026670456,0
2014-07-25,14.9046669006,0
2014-07-28,14.9879999161,0
2014-07-29,15.0006666183,0
2014-07-30,15.2613334656,0
2014-07-31,14.8866672516,0
2014-08-01,15.5513334274,0
2014-08-04,15.9013328552,0
2014-08-05,15.8993330002,0
2014-08-06,16.5953330994,0
2014-08-07,16.8260002136,0
2014-08-08,16.5419998169,0
2014-08-11,17.2880001068,0
2014-08-12,17.3306674957,0
2014-08-13,17.3540000916,0
2014-08-14,17.4253330231,0
2014-08-15,17.46733284,0
2014-08-18,17.3293323517,0
2014-08-19,17.1173324585,0
2014-08-20,17.0473327637,0
2014-08-21,16.9559993744,0
2014-08-22,17.1186676025,0
2014-08-25,17.5033321381,0
2014-08-26,17.4493331909,0
2014-08-27,17.5499992371,0
2014-08-28,17.5906677246,0
2014-08-29,17.9799995422,0
2014-09-02,18.9413337708,0
2014-09-03,18.7460002899,0
2014-09-04,19.0693321228,0
2014-09-05,18.4926662445,0
2014-09-08,18.8073329926,0
2014-09-09,18.5653324127,0
2014-09-10,18.7399997711,0
2014-09-11,18.6873321533,0
2014-09-12,18.6133327484,0
2014-09-15,16.9239997864,0
2014-09-16,17.3826675415,0
2014-09-17,17.4253330231,0
2014-09-18,17.5879993439,0
2014-09-19,17.2880001068,0
2014-09-22,16.6686668396,0
2014-09-23,16.6940002441,0
2014-09-24,16.8093338013,0
2014-09-25,16.4633331299,0
2014-09-26,16.4400005341,0
2014-09-29,16.3506679535,0
2014-09-30,16.1786670685,0
2014-10-01,16.0160007477,0
2014-10-02,16.7613334656,0
2014-10-03,17.013999939,0
2014-10-06,17.374666214,0
2014-10-07,17.3046665192,0
2014-10-08,17.2853336334,0
2014-10-09,17.1340007782,0
2014-10-10,15.7939996719,0
2014-10-13,14.9726667404,0
2014-10-14,15.1373329163,0
2014-10-15,15.3133325577,0
2014-10-16,15.0900001526,0
2014-10-17,15.1653327942,0
2014-10-20,15.3646669388,0
2014-10-21,15.689332962,0
2014-10-22,15.4066667557,0
2014-10-23,15.6859998703,0
2014-10-24,15.6826667786,0
2014-10-27,14.7779998779,0
2014-10-28,16.1846675873,0
2014-10-29,15.8733329773,0
2014-10-30,15.9106674194,0
2014-10-31,16.1133327484,0
2014-11-03,16.1726665497,0
2014-11-04,15.9286670685,0
2014-11-05,15.3979997635,0
2014-11-06,16.0813331604,0
2014-11-07,16.0133323669,0
2014-11-10,16.1286678314,0
2014-11-11,16.7386665344,0
2014-11-12,16.6066665649,0
2014-11-13,16.7800006866,0
2014-11-14,17.2453327179,0
2014-11-17,16.9319992065,0
2014-11-18,17.1800003052,0
2014-11-19,16.5160007477,0
2014-11-20,16.5806674957,0
2014-11-21,16.185333252,0
2014-11-24,16.4479999542,0
2014-11-25,16.5393333435,0
2014-11-26,16.5626678467,0
2014-11-28,16.3013324738,0
2014-12-01,15.4426670074,0
2014-12-02,15.4286670685,0
2014-12-03,15.2866668701,0
2014-12-04,15.2186670303,0
2014-12-05,14.9139995575,0
2014-12-08,14.2906665802,0
2014-12-09,14.4593334198,0
2014-12-10,13.9893331528,0
2014-12-11,13.9253330231,0
2014-12-12,13.8000001907,0
2014-12-15,13.6026668549,0
2014-12-16,13.187333107,0
2014-12-17,13.72133255,0
2014-12-18,14.5506668091,0
2014-12-19,14.6193332672,0
2014-12-22,14.8400001526,0
2014-12-23,14.7313327789,0
2014-12-24,14.8173332214,0
2014-12-26,15.1879997253,0
2014-12-29,15.0473327637,0
2014-12-30,14.8153333664,0
2014-12-31,14.8273334503,0
2015-01-02,14.6206674576,0
2015-01-05,14.0059995651,0
2015-01-06,14.0853328705,0
2015-01-07,14.0633325577,0
2015-01-08,14.0413331985,0
2015-01-09,13.7773332596,0
2015-01-12,13.4806671143,0
2015-01-13,13.6166667938,0
2015-01-14,12.8459997177,0
2015-01-15,12.7913331985,0
2015-01-16,12.8713331223,0
2015-01-20,12.7953329086,0
2015-01-21,13.1046667099,0
2015-01-22,13.4413328171,0
2015-01-23,13.4193334579,0
2015-01-26,13.7700004578,0
2015-01-27,13.732000351,0
2015-01-28,13.2913331985,0
2015-01-29,13.6800003052,0
2015-01-30,13.5733327866,0
2015-02-02,14.062666893,0
2015-02-03,14.5573329926,0
2015-02-04,14.5699996948,0
2015-02-05,14.7326669693,0
2015-02-06,14.4906673431,0
2015-02-09,14.4986667633,0
2015-02-10,14.4193334579,0
2015-02-11,14.1866674423,0
2015-02-12,13.5253334045,0
2015-02-13,13.5846672058,0
2015-02-17,13.6233329773,0
2015-02-18,13.6306667328,0
2015-02-19,14.1140003204,0
2015-02-20,14.4739999771,0
2015-02-23,13.8226671219,0
2015-02-24,13.6073331833,0
2015-02-25,13.5839996338,0
2015-02-26,13.812666893,0
2015-02-27,13.5559997559,0
2015-03-02,13.1553325653,0
2015-03-03,13.3039999008,0
2015-03-04,13.4960002899,0
2015-03-05,13.3753328323,0
2015-03-06,12.9253330231,0
2015-03-09,12.7253332138,0
2015-03-10,12.6879997253,0
2015-03-11,12.9160003662,0
2015-03-12,12.7379999161,0
2015-03-13,12.578666687,0
2015-03-16,13.046667099,0
2015-03-17,12.982000351,0
2015-03-18,13.3806667328,0
2015-03-19,13.0433330536,0
2015-03-20,13.205332756,0
2015-03-23,13.3086671829,0
2015-03-24,13.4479999542,0
2015-03-25,12.953332901,0
2015-03-26,12.6940002441,0
2015-03-27,12.3333330154,0
2015-03-30,12.7046670914,0
2015-03-31,12.5846672058,0
2015-04-01,12.5059995651,0
2015-04-02,12.733332634,0
2015-04-06,13.5399999619,0
2015-04-07,13.5500001907,0
2015-04-08,13.8446674347,0
2015-04-09,14.0059995651,0
2015-04-10,14.0600004196,0
2015-04-13,13.9853334427,0
2015-04-14,13.8306665421,0
2015-04-15,13.8553333282,0
2015-04-16,13.779999733,0
2015-04-17,13.7860002518,0
2015-04-20,13.6846666336,0
2015-04-21,13.9606666565,0
2015-04-22,14.6293325424,0
2015-04-23,14.5733327866,0
2015-04-24,14.5620002747,0
2015-04-27,15.4366674423,0
2015-04-28,15.3653326035,0
2015-04-29,15.4966669083,0
2015-04-30,15.0699996948,0
2015-05-01,15.0686674118,0
2015-05-04,15.3673334122,0
2015-05-05,15.529999733,0
2015-05-06,15.3620004654,0
2015-05-07,15.7866668701,0
2015-05-08,15.7740001678,0
2015-05-11,15.9659996033,0
2015-05-12,16.3159999847,0
2015-05-13,16.2119998932,0
2015-05-14,16.2733325958,0
2015-05-15,16.5893325806,0
2015-05-18,16.5833320618,0
2015-05-19,16.4759998322,0
2015-05-20,16.2900009155,0
2015-05-21,16.374666214,0
2015-05-22,16.5153331757,0
2015-05-26,16.4973335266,0
2015-05-27,16.4953327179,0
2015-05-28,16.7633323669,0
2015-05-29,16.7199993134,0
2015-06-01,16.6299991608,0
2015-06-02,16.5566673279,0
2015-06-03,16.5993328094,0
2015-06-04,16.3946666718,0
2015-06-05,16.6093330383,0
2015-06-08,17.0860004425,0
2015-06-09,17.0666675568,0
2015-06-10,16.7133331299,0
2015-06-11,16.7606678009,0
2015-06-12,16.7126674652,0
2015-06-15,16.6919994354,0
2015-06-16,16.874666214,0
2015-06-17,17.360666275,0
2015-06-18,17.4593334198,0
2015-06-19,17.500667572,0
2015-06-22,17.3193321228,0
2015-06-23,17.8446674347,0
2015-06-24,17.6779994965,0
2015-06-25,17.9193325043,0
2015-06-26,17.8059997559,0
2015-06-29,17.468000412,0
2015-06-30,17.8840007782,0
2015-07-01,17.9433326721,0
2015-07-02,18.6679992676,0
2015-07-06,18.6480007172,0
2015-07-07,17.8586673737,0
2015-07-08,16.9973335266,0
2015-07-09,17.1946678162,0
2015-07-10,17.2766666412,0
2015-07-13,17.4773330688,0
2015-07-14,17.7099990845,0
2015-07-15,17.5426673889,0
2015-07-16,17.77866745,0
2015-07-17,18.310667038,0
2015-07-20,18.8173332214,0
2015-07-21,17.7846660614,0
2015-07-22,17.8579998016,0
2015-07-23,17.8133335114,0
2015-07-24,17.6940002441,0
2015-07-27,16.8673324585,0
2015-07-28,17.6546669006,0
2015-07-29,17.5879993439,0
2015-07-30,17.7859992981,0
2015-07-31,17.7433338165,0
2015-08-03,17.3326663971,0
2015-08-04,17.7520008087,0
2015-08-05,18.0086669922,0
2015-08-06,16.4086666107,0
2015-08-07,16.1673336029,0
2015-08-10,16.0760002136,0
2015-08-11,15.8246669769,0
2015-08-12,15.8780002594,0
2015-08-13,16.1673336029,0
2015-08-14,16.2099990845,0
2015-08-17,16.999332428,0
2015-08-18,17.3813323975,0
2015-08-19,17.0166664124,0
2015-08-20,16.1453323364,0
2015-08-21,15.3846673965,0
2015-08-24,14.5913333893,0
2015-08-25,14.6686668396,0
2015-08-26,14.9893331528,0
2015-08-27,16.1993331909,0
2015-08-28,16.5653324127,0
2015-08-31,16.6040000916,0
2015-09-01,15.9086666107,0
2015-09-02,16.5126667023,0
2015-09-03,16.3713321686,0
2015-09-04,16.1286678314,0
2015-09-08,16.5446662903,0
2015-09-09,16.5939998627,0
2015-09-10,16.5653324127,0
2015-09-11,16.6826667786,0
2015-09-14,16.8793334961,0
2015-09-15,16.9046669006,0
2015-09-16,17.4833335876,0
2015-09-17,17.47133255,0
2015-09-18,17.374666214,0
2015-09-21,17.6133327484,0
2015-09-22,17.3959999084,0
2015-09-23,17.4039993286,0
2015-09-24,17.5413322449,0
2015-09-25,17.1273326874,0
2015-09-28,16.5620002747,0
2015-09-29,16.4433326721,0
2015-09-30,16.5599994659,0
2015-10-01,15.9919996262,0
2015-10-02,16.5046672821,0
2015-10-05,16.4099998474,0
2015-10-06,16.0973339081,0
2015-10-07,15.4639997482,0
2015-10-08,15.1146669388,0
2015-10-09,14.7126674652,0
2015-10-12,14.3719997406,0
2015-10-13,14.6166667938,0
2015-10-14,14.4586668015,0
2015-10-15,14.7539997101,0
2015-10-16,15.1339998245,0
2015-10-19,15.2066669464,0
2015-10-20,14.2019996643,0
2015-10-21,14.0059995651,0
2015-10-22,14.1146669388,0
2015-10-23,13.939332962,0
2015-10-26,14.3506669998,0
2015-10-27,14.0233325958,0
2015-10-28,14.1973333359,0
2015-10-29,14.1086673737,0
2015-10-30,13.7953329086,0
2015-11-02,14.2526674271,0
2015-11-03,13.8900003433,0
2015-11-04,15.4420003891,0
2015-11-05,15.451333046,0
2015-11-06,15.4906673431,0
2015-11-09,15.0220003128,0
2015-11-10,14.4333333969,0
2015-11-11,14.6053333282,0
2015-11-12,14.1960000992,0
2015-11-13,13.812666893,0
2015-11-16,14.2873325348,0
2015-11-17,14.266667366,0
2015-11-18,14.7379999161,0
2015-11-19,14.7866668701,0
2015-11-20,14.6673326492,0
2015-11-23,14.516667366,0
2015-11-24,14.5500001907,0
2015-11-25,15.3093328476,0
2015-11-27,15.4406671524,0
2015-11-30,15.3506669998,0
2015-12-01,15.812666893,0
2015-12-02,15.4659996033,0
2015-12-03,15.513999939,0
2015-12-04,15.3586673737,0
2015-12-07,15.4086666107,0
2015-12-08,15.1146669388,0
2015-12-09,14.968000412,0
2015-12-10,15.1379995346,0
2015-12-11,14.468000412,0
2015-12-14,14.5719995499,0
2015-12-15,14.7393331528,0
2015-12-16,15.6339998245,0
2015-12-17,15.5593328476,0
2015-12-18,15.3640003204,0
2015-12-21,15.5039997101,0
2015-12-22,15.3299999237,0
2015-12-23,15.3133325577,0
2015-12-24,15.3713331223,0
2015-12-28,15.2633333206,0
2015-12-29,15.812666893,0
2015-12-30,15.8726673126,0
2015-12-31,16.000667572,0
2016-01-04,14.8940000534,0
2016-01-05,14.8953332901,0
2016-01-06,14.6026668549,0
2016-01-07,14.3766670227,0
2016-01-08,14.0666666031,0
2016-01-11,13.8566665649,0
2016-01-12,13.998000145,0
2016-01-13,13.3540000916,0
2016-01-14,13.7453327179,0
2016-01-15,13.6660003662,0
2016-01-19,13.6479997635,0
2016-01-20,13.2466669083,0
2016-01-21,13.3313331604,0
2016-01-22,13.5033330917,0
2016-01-25,13.0920000076,0
2016-01-26,12.9040002823,0
2016-01-27,12.5380001068,0
2016-01-28,12.6466665268,0
2016-01-29,12.7466669083,0
2016-02-01,13.1293325424,0
2016-02-02,12.185333252,0
2016-02-03,11.5653333664,0
2016-02-04,11.6886672974,0
2016-02-05,10.8400001526,0
2016-02-08,9.86600017548,0
2016-02-09,9.88333320618,0
2016-02-10,9.57800006866,0
2016-02-11,10.0313329697,0
2016-02-12,10.0693330765,0
2016-02-16,10.3446674347,0
2016-02-17,11.2453327179,0
2016-02-18,11.1180000305,0
2016-02-19,11.1053333282,0
2016-02-22,11.8493328094,0
2016-02-23,11.8140001297,0
2016-02-24,11.9333333969,0
2016-02-25,12.4953327179,0
2016-02-26,12.689332962,0
2016-02-29,12.7953329086,0
2016-03-01,12.423333168,0
2016-03-02,12.5559997559,0
2016-03-03,13.0493326187,0
2016-03-04,13.4026670456,0
2016-03-07,13.6859998703,0
2016-03-08,13.5066671371,0
2016-03-09,13.9146671295,0
2016-03-10,13.6786670685,0
2016-03-11,13.8333330154,0
2016-03-14,14.3433332443,0
2016-03-15,14.5559997559,0
2016-03-16,14.7953329086,0
2016-03-17,15.0920000076,0
2016-03-18,15.515999794,0
2016-03-21,15.8879995346,0
2016-03-22,15.6160001755,0
2016-03-23,14.8386669159,0
2016-03-24,15.1833333969,0
2016-03-28,15.3506669998,0
2016-03-29,15.3420000076,0
2016-03-30,15.1260004044,0
2016-03-31,15.3179998398,0
2016-04-01,15.8393325806,0
2016-04-04,16.4659996033,0
2016-04-05,17.0313339233,0
2016-04-06,17.6946678162,0
2016-04-07,17.1466674805,0
2016-04-08,16.671333313,0
2016-04-11,16.6613330841,0
2016-04-12,16.5213336945,0
2016-04-13,16.9686660767,0
2016-04-14,16.7906665802,0
2016-04-15,16.96733284,0
2016-04-18,16.9253330231,0
2016-04-19,16.4913330078,0
2016-04-20,16.6646671295,0
2016-04-21,16.5526676178,0
2016-04-22,16.9166679382,0
2016-04-25,16.7880001068,0
2016-04-26,16.9160003662,0
2016-04-27,16.764667511,0
2016-04-28,16.513999939,0
2016-04-29,16.0506668091,0
2016-05-02,16.1200008392,0
2016-05-03,15.4879999161,0
2016-05-04,14.8373327255,0
2016-05-05,14.1020002365,0
2016-05-06,14.328666687,0
2016-05-09,13.9280004501,0
2016-05-10,13.9126672745,0
2016-05-11,13.9306669235,0
2016-05-12,13.8186674118,0
2016-05-13,13.8406667709,0
2016-05-16,13.8859996796,0
2016-05-17,13.6440000534,0
2016-05-18,14.0780000687,0
2016-05-19,14.3473329544,0
2016-05-20,14.685333252,0
2016-05-23,14.4146671295,0
2016-05-24,14.5273332596,0
2016-05-25,14.6386671066,0
2016-05-26,15.0080003738,0
2016-05-27,14.8693332672,0
2016-05-31,14.8819999695,0
2016-06-01,14.6373329163,0
2016-06-02,14.5973329544,0
2016-06-03,14.5993328094,0
2016-06-06,14.7119998932,0
2016-06-07,15.4893331528,0
2016-06-08,15.701333046,0
2016-06-09,15.2906665802,0
2016-06-10,14.5860004425,0
2016-06-13,14.5246667862,0
2016-06-14,14.3306665421,0
2016-06-15,14.5133333206,0
2016-06-16,14.52866745,0
2016-06-17,14.3646669388,0
2016-06-20,14.6466665268,0
2016-06-21,14.6406669617,0
2016-06-22,13.1106672287,0
2016-06-23,13.0933332443,0
2016-06-24,12.8766670227,0
2016-06-27,13.2366666794,0
2016-06-28,13.4526672363,0
2016-06-29,14.0126667023,0
2016-06-30,14.1520004272,0
2016-07-01,14.4333333969,0
2016-07-05,14.2653331757,0
2016-07-06,14.295999527,0
2016-07-07,14.3959999084,0
2016-07-08,14.4519996643,0
2016-07-11,14.9853334427,0
2016-07-12,14.9766674042,0
2016-07-13,14.8353328705,0
2016-07-14,14.7686672211,0
2016-07-15,14.6933326721,0
2016-07-18,15.0833330154,0
2016-07-19,15.0173330307,0
2016-07-20,15.2239999771,0
2016-07-21,14.6999998093,0
2016-07-22,14.8179998398,0
2016-07-25,15.3339996338,0
2016-07-26,15.3006668091,0
2016-07-27,15.2326669693,0
2016-07-28,15.3739995956,0
2016-07-29,15.6526670456,0
2016-08-01,15.3339996338,0
2016-08-02,15.1466665268,0
2016-08-03,15.0526666641,0
2016-08-04,15.3739995956,0
2016-08-05,15.3353328705,0
2016-08-08,15.0773334503,0
2016-08-09,15.2720003128,0
2016-08-10,15.0433330536,0
2016-08-11,14.9940004349,0
2016-08-12,15.0406665802,0
2016-08-15,15.0393333435,0
2016-08-16,14.907333374,0
2016-08-17,14.8826665878,0
2016-08-18,14.9006671906,0
2016-08-19,15,0
2016-08-22,14.8620004654,0
2016-08-23,14.9893331528,0
2016-08-24,14.8413333893,0
2016-08-25,14.7306671143,0
2016-08-26,14.6660003662,0
2016-08-29,14.3466672897,0
2016-08-30,14.0893325806,0
2016-08-31,14.1339998245,0
2016-09-01,13.3846673965,0
2016-09-02,13.185333252,0
2016-09-06,13.5220003128,0
2016-09-07,13.4473333359,0
2016-09-08,13.157333374,0
2016-09-09,12.9646673203,0
2016-09-12,13.220000267,0
2016-09-13,13.0699996948,0
2016-09-14,13.0939998627,0
2016-09-15,13.3613328934,0
2016-09-16,13.6933326721,0
2016-09-19,13.7559995651,0
2016-09-20,13.6426668167,0
2016-09-21,13.6813325882,0
2016-09-22,13.7620000839,0
2016-09-23,13.8299999237,0
2016-09-26,13.9326667786,0
2016-09-27,13.7206668854,0
2016-09-28,13.7513332367,0
2016-09-29,13.3800001144,0
2016-09-30,13.6020002365,0
2016-10-03,14.2466669083,0
2016-10-04,14.0939998627,0
2016-10-05,13.8973331451,0
2016-10-06,13.3999996185,0
2016-10-07,13.1073331833,0
2016-10-10,13.3966665268,0
2016-10-11,13.3400001526,0
2016-10-12,13.4340000153,0
2016-10-13,13.3493328094,0
2016-10-14,13.1006669998,0
2016-10-17,12.9306669235,0
2016-10-18,13.2733325958,0
2016-10-19,13.5706672668,0
2016-10-20,13.2733325958,0
2016-10-21,13.3393325806,0
2016-10-24,13.5173330307,0
2016-10-25,13.4893331528,0
2016-10-26,13.4826669693,0
2016-10-27,13.6006669998,0
2016-10-28,13.3313331604,0
2016-10-31,13.1820001602,0
2016-11-01,12.719332695,0
2016-11-02,12.5346670151,0
2016-11-03,12.4946670532,0
2016-11-04,12.704000473,0
2016-11-07,12.8806667328,0
2016-11-08,12.9960002899,0
2016-11-09,12.6706666946,0
2016-11-10,12.3566665649,0
2016-11-11,12.5706672668,0
2016-11-14,12.0966672897,0
2016-11-15,12.2513332367,0
2016-11-16,12.2620000839,0
2016-11-17,12.5773334503,0
2016-11-18,12.3346672058,0
2016-11-21,12.3013334274,0
2016-11-22,12.7446670532,0
2016-11-23,12.8760004044,0
2016-11-25,13.1099996567,0
2016-11-28,13.0746669769,0
2016-11-29,12.6379995346,0
2016-11-30,12.6266670227,0
2016-12-01,12.1253328323,0
2016-12-02,12.0979995728,0
2016-12-05,12.453332901,0
2016-12-06,12.3900003433,0
2016-12-07,12.8766670227,0
2016-12-08,12.8193330765,0
2016-12-09,12.8120002747,0
2016-12-12,12.828666687,0
2016-12-13,13.2100000381,0
2016-12-14,13.2460002899,0
2016-12-15,13.1719999313,0
2016-12-16,13.4993333817,0
2016-12-19,13.5153331757,0
2016-12-20,13.9193334579,0
2016-12-21,13.8466672897,0
2016-12-22,13.8966665268,0
2016-12-23,14.2226667404,0
2016-12-27,14.6353330612,0
2016-12-28,14.6493330002,0
2016-12-29,14.3120002747,0
2016-12-30,14.2460002899,0
2017-01-03,14.4659996033,0
2017-01-04,15.1326665878,0
2017-01-05,15.1166667938,0
2017-01-06,15.2673330307,0
2017-01-09,15.4186668396,0
2017-01-10,15.3246669769,0
2017-01-11,15.3153333664,0
2017-01-12,15.3059997559,0
2017-01-13,15.8500003815,0
2017-01-17,15.705332756,0
2017-01-18,15.8906669617,0
2017-01-19,16.250667572,0
2017-01-20,16.3153324127,0
2017-01-23,16.5946674347,0
2017-01-24,16.9740009308,0
2017-01-25,16.9646663666,0
2017-01-26,16.8339996338,0
2017-01-27,16.8633327484,0
2017-01-30,16.7086677551,0
2017-01-31,16.7953338623,0
2017-02-01,16.6159992218,0
2017-02-02,16.7700004578,0
2017-02-03,16.7553329468,0
2017-02-06,17.1846675873,0
2017-02-07,17.1653327942,0
2017-02-08,17.4720001221,0
2017-02-09,17.9466667175,0
2017-02-10,17.9486675262,0
2017-02-13,18.7066669464,0
2017-02-14,18.732000351,0
2017-02-15,18.6506671906,0
2017-02-16,17.9300003052,0
2017-02-17,18.1486663818,0
2017-02-21,18.4926662445,0
2017-02-22,18.2339992523,0
2017-02-23,17.0659999847,0
2017-02-24,17.1333332062,0
2017-02-27,16.4153327942,0
2017-02-28,16.6660003662,0
2017-03-01,16.6679992676,0
2017-03-02,16.6986675262,0
2017-03-03,16.7713336945,0
2017-03-06,16.7473335266,0
2017-03-07,16.5726661682,0
2017-03-08,16.4580001831,0
2017-03-09,16.3266677856,0
2017-03-10,16.2460002899,0
2017-03-13,16.4113330841,0
2017-03-14,17.2000007629,0
2017-03-15,17.0486679077,0
2017-03-16,17.4699993134,0
2017-03-17,17.4333324432,0
2017-03-20,17.4613323212,0
2017-03-21,16.7119998932,0
2017-03-22,17.000667572,0
2017-03-23,16.985332489,0
2017-03-24,17.5440006256,0
2017-03-27,18.014667511,0
2017-03-28,18.4966678619,0
2017-03-29,18.4920005798,0
2017-03-30,18.5279998779,0
2017-03-31,18.5533332825,0
2017-04-03,19.9013328552,0
2017-04-04,20.2466678619,0
2017-04-05,19.6666679382,0
2017-04-06,19.9133338928,0
2017-04-07,20.1693325043,0
2017-04-10,20.8260002136,0
2017-04-11,20.5806674957,0
2017-04-12,19.7893333435,0
2017-04-13,20.2666664124,0
2017-04-17,20.0960006714,0
2017-04-18,20.0166664124,0
2017-04-19,20.3680000305,0
2017-04-20,20.1673336029,0
2017-04-21,20.3733329773,0
2017-04-24,20.5353336334,0
2017-04-25,20.9193325043,0
2017-04-26,20.6779994965,0
2017-04-27,20.5753326416,0
2017-04-28,20.9379997253,0
2017-05-01,21.5219993591,0
2017-05-02,21.2593326569,0
2017-05-03,20.7346668243,0
2017-05-04,19.6973323822,0
2017-05-05,20.5566673279,0
2017-05-08,20.4793338776,0
2017-05-09,21.4173336029,0
2017-05-10,21.6813335419,0
2017-05-11,21.5400009155,0
2017-05-12,21.6539993286,0
2017-05-15,21.0586662292,0
2017-05-16,21.1340007782,0
2017-05-17,20.407333374,0
2017-05-18,20.8706665039,0
2017-05-19,20.7220001221,0
2017-05-22,20.6900005341,0
2017-05-23,20.2573337555,0
2017-05-24,20.6813335419,0
2017-05-25,21.1219997406,0
2017-05-26,21.6760005951,0
2017-05-30,22.3400001526,0
2017-05-31,22.7339992523,0
2017-06-01,22.6913337708,0
2017-06-02,22.6566677094,0
2017-06-05,23.1546669006,0
2017-06-06,23.5233325958,0
2017-06-07,23.9766674042,0
2017-06-08,24.6666679382,0
2017-06-09,23.8213329315,0
2017-06-12,23.9340000153,0
2017-06-13,25.0633335114,0
2017-06-14,25.3773326874,0
2017-06-15,25.0226669312,0
2017-06-16,24.7600002289,0
2017-06-19,24.6533336639,0
2017-06-20,24.8159999847,0
2017-06-21,25.0933322906,0
2017-06-22,25.5073337555,0
2017-06-23,25.5633335114,0
2017-06-26,25.1660003662,0
2017-06-27,24.158000946,0
2017-06-28,24.749332428,0
2017-06-29,24.0499992371,0
2017-06-30,24.1073322296,0
2017-07-03,23.5079994202,0
2017-07-05,21.8059997559,0
2017-07-06,20.5886669159,0
2017-07-07,20.8813323975,0
2017-07-10,21.0699996948,0
2017-07-11,21.814666748,0
2017-07-12,21.968000412,0
2017-07-13,21.560667038,0
2017-07-14,21.8519992828,0
2017-07-17,21.3046665192,0
2017-07-18,21.8826675415,0
2017-07-19,21.6840000153,0
2017-07-20,21.9946670532,0
2017-07-21,21.8933334351,0
2017-07-24,22.8346672058,0
2017-07-25,22.6399993896,0
2017-07-26,22.9233322144,0
2017-07-27,22.2973327637,0
2017-07-28,22.3379993439,0
2017-07-31,21.564666748,0
2017-08-01,21.3046665192,0
2017-08-02,21.7259998322,0
2017-08-03,23.139333725,0
2017-08-04,23.7940006256,0
2017-08-07,23.6779994965,0
2017-08-08,24.3479995728,0
2017-08-09,24.235332489,0
2017-08-10,23.6933326721,0
2017-08-11,23.8579998016,0
2017-08-14,24.2533321381,0
2017-08-15,24.1553325653,0
2017-08-16,24.1940002441,0
2017-08-17,23.4613323212,0
2017-08-18,23.1639995575,0
2017-08-21,22.5240001678,0
2017-08-22,22.7566661835,0
2017-08-23,23.517999649,0
2017-08-24,23.52866745,0
2017-08-25,23.203332901,0
2017-08-28,23.0440006256,0
2017-08-29,23.157333374,0
2017-08-30,23.5453338623,0
2017-08-31,23.7266674042,0
2017-09-01,23.6933326721,0
2017-09-05,23.3059997559,0
2017-09-06,22.9686660767,0
2017-09-07,23.3740005493,0
2017-09-08,22.8933334351,0
2017-09-11,24.2460002899,0
2017-09-12,24.1833324432,0
2017-09-13,24.4153327942,0
2017-09-14,25.1760005951,0
2017-09-15,25.3206672668,0
2017-09-18,25.6666679382,0
2017-09-19,25.0066661835,0
2017-09-20,24.9273338318,0
2017-09-21,24.4319992065,0
2017-09-22,23.4060001373,0
2017-09-25,22.999332428,0
2017-09-26,23.0166664124,0
2017-09-27,22.7313327789,0
2017-09-28,22.6399993896,0
2017-09-29,22.7399997711,0
2017-10-02,22.7686672211,0
2017-10-03,23.2093334198,0
2017-10-04,23.6673336029,0
2017-10-05,23.6886672974,0
2017-10-06,23.7919998169,0
2017-10-09,22.8626670837,0
2017-10-10,23.7059993744,0
2017-10-11,23.6399993896,0
2017-10-12,23.7119998932,0
2017-10-13,23.7046661377,0
2017-10-16,23.3733329773,0
2017-10-17,23.7166671753,0
2017-10-18,23.9766674042,0
2017-10-19,23.454000473,0
2017-10-20,23.0066661835,0
2017-10-23,22.468000412,0
2017-10-24,22.4893321991,0
2017-10-25,21.7226676941,0
2017-10-26,21.7446670532,0
2017-10-27,21.3913326263,0
2017-10-30,21.3386669159,0
2017-10-31,22.1019992828,0
2017-11-01,21.4053325653,0
2017-11-02,19.9506664276,0
2017-11-03,20.4060001373,0
2017-11-06,20.185333252,0
2017-11-07,20.4033336639,0
2017-11-08,20.2926673889,0
2017-11-09,20.1993331909,0
2017-11-10,20.1993331909,0
2017-11-13,21.0266666412,0
2017-11-14,20.5799999237,0
2017-11-15,20.7533321381,0
2017-11-16,20.8333320618,0
2017-11-17,21.0033321381,0
2017-11-20,20.5826663971,0
2017-11-21,21.1873321533,0
2017-11-22,20.8400001526,0
2017-11-24,21.0366668701,0
2017-11-27,21.1206665039,0
2017-11-28,21.1700000763,0
2017-11-29,20.5026664734,0
2017-11-30,20.5900001526,0
2017-12-01,20.435333252,0
2017-12-04,20.3466663361,0
2017-12-05,20.2466678619,0
2017-12-06,20.8840007782,0
2017-12-07,20.749332428,0
2017-12-08,21.0086669922,0
2017-12-11,21.9273338318,0
2017-12-12,22.735332489,0
2017-12-13,22.6019992828,0
2017-12-14,22.5259990692,0
2017-12-15,22.8966674805,0
2017-12-18,22.5913333893,0
2017-12-19,22.0733337402,0
2017-12-20,21.9319992065,0
2017-12-21,22.110666275,0
2017-12-22,21.6800003052,0
2017-12-26,21.1526660919,0
2017-12-27,20.7759990692,0
2017-12-28,21.0240001678,0
2017-12-29,20.7566661835,0
2018-01-02,21.3686676025,0
2018-01-03,21.1499996185,0
2018-01-04,20.9746665955,0
2018-01-05,21.1053333282,0
2018-01-08,22.4273338318,0
2018-01-09,22.2460002899,0
2018-01-10,22.3199996948,0
2018-01-11,22.5300006866,0
2018-01-12,22.4146671295,0
2018-01-16,22.6706676483,0
2018-01-17,23.1439990997,0
2018-01-18,22.97133255,0
2018-01-19,23.3346672058,0
2018-01-22,23.4373321533,0
2018-01-23,23.5193328857,0
2018-01-24,23.0593338013,0
2018-01-25,22.5093326569,0
2018-01-26,22.8566665649,0
2018-01-29,23.3020000458,0
2018-01-30,23.0546665192,0
2018-01-31,23.6206665039,0
2018-02-01,23.2833328247,0
2018-02-02,22.9166679382,0
2018-02-05,22.2086677551,0
2018-02-06,22.264667511,0
2018-02-07,23,0
2018-02-08,21.0153331757,0
2018-02-09,20.6946678162,0
2018-02-12,21.0486679077,0
2018-02-13,21.5773334503,0
2018-02-14,21.4873332977,0
2018-02-15,22.2713336945,0
2018-02-16,22.3659992218,0
2018-02-20,22.3180007935,0
2018-02-21,22.2199993134,0
2018-02-22,23.077999115,0
2018-02-23,23.4699993134,0
2018-02-26,23.827999115,0
2018-02-27,23.3993320465,0
2018-02-28,22.8706665039,0
2018-03-01,22.0620002747,0
2018-03-02,22.3413333893,0
2018-03-05,22.2233333588,0
2018-03-06,21.8799991608,0
2018-03-07,22.1533336639,0
2018-03-08,21.9400005341,0
2018-03-09,21.8113327026,0
2018-03-12,23.0340003967,0
2018-03-13,22.7893333435,0
2018-03-14,21.7753334045,0
2018-03-15,21.7066669464,0
2018-03-16,21.4233322144,0
2018-03-19,20.9039993286,0
2018-03-20,20.703332901,0
2018-03-21,21.1019992828,0
2018-03-22,20.6066665649,0
2018-03-23,20.1026668549,0
2018-03-26,20.27866745,0
2018-03-27,18.6119995117,0
2018-03-28,17.185333252,0
2018-03-29,17.7420005798,0
2018-04-02,16.8320007324,0
2018-04-03,17.8353328705,0
2018-04-04,19.1293334961,0
2018-04-05,20.3813323975,0
2018-04-06,19.953332901,0
2018-04-09,19.310667038,0
2018-04-10,20.3133335114,0
2018-04-11,20.0620002747,0
2018-04-12,19.6053333282,0
2018-04-13,20.0226669312,0
2018-04-16,19.4139995575,0
2018-04-17,19.1793327332,0
2018-04-18,19.5566673279,0
2018-04-19,20.0053329468,0
2018-04-20,19.3493328094,0
2018-04-23,18.8913326263,0
2018-04-24,18.8973331451,0
2018-04-25,18.7126674652,0
2018-04-26,19.031999588,0
2018-04-27,19.6053333282,0
2018-04-30,19.5933322906,0
2018-05-01,19.9946670532,0
2018-05-02,20.0766677856,0
2018-05-03,18.9633331299,0
2018-05-04,19.6060009003,0
2018-05-07,20.1846675873,0
2018-05-08,20.1313323975,0
2018-05-09,20.4566669464,0
2018-05-10,20.3346672058,0
2018-05-11,20.0706672668,0
2018-05-14,19.4646663666,0
2018-05-15,18.9453334808,0
2018-05-16,19.0986671448,0
2018-05-17,18.9693336487,0
2018-05-18,18.4546661377,0
2018-05-21,18.9659996033,0
2018-05-22,18.3339996338,0
2018-05-23,18.6046676636,0
2018-05-24,18.5233325958,0
2018-05-25,18.5900001526,0
2018-05-29,18.9173336029,0
2018-05-30,19.4479999542,0
2018-05-31,18.982000351,0
2018-06-01,19.4546661377,0
2018-06-04,19.78266716,0
2018-06-05,19.4086666107,0
2018-06-06,21.2999992371,0
2018-06-07,21.0726661682,0
2018-06-08,21.1773338318,0
2018-06-11,22.1399993896,0
2018-06-12,22.8513336182,0
2018-06-13,22.985332489,0
2018-06-14,23.8479995728,0
2018-06-15,23.8780002594,0
2018-06-18,24.7220001221,0
2018-06-19,23.5033321381,0
2018-06-20,24.1480007172,0
2018-06-21,23.1673336029,0
2018-06-22,22.2420005798,0
2018-06-25,22.2006664276,0
2018-06-26,22.7999992371,0
2018-06-27,22.9666671753,0
2018-06-28,23.328666687,0
2018-06-29,22.8633327484,0
2018-07-02,22.3379993439,0
2018-07-03,20.7240009308,0
2018-07-05,20.610666275,0
2018-07-06,20.5933322906,0
2018-07-09,21.2339992523,0
2018-07-10,21.4979991913,0
2018-07-11,21.263999939,0
2018-07-12,21.1140003204,0
2018-07-13,21.2579994202,0
2018-07-16,20.6733322144,0
2018-07-17,21.5126667023,0
2018-07-18,21.5900001526,0
2018-07-19,21.3486671448,0
2018-07-20,20.9053325653,0
2018-07-23,20.2133331299,0
2018-07-24,19.828666687,0
2018-07-25,20.5826663971,0
2018-07-26,20.4433326721,0
2018-07-27,19.8120002747,0
2018-07-30,19.3446674347,0
2018-07-31,19.8759994507,0
2018-08-01,20.0559997559,0
2018-08-02,23.3026676178,0
2018-08-03,23.2113323212,0
2018-08-06,22.7993335724,0
2018-08-07,25.3046665192,0
2018-08-08,24.689332962,0
2018-08-09,23.4966678619,0
2018-08-10,23.6993331909,0
2018-08-13,23.7606678009,0
2018-08-14,23.1760005951,0
2018-08-15,22.5793323517,0
2018-08-16,22.3633327484,0
2018-08-17,20.3666667938,0
2018-08-20,20.5626678467,0
2018-08-21,21.4599990845,0
2018-08-22,21.4426670074,0
2018-08-23,21.3400001526,0
2018-08-24,21.5213336945,0
2018-08-27,21.2846660614,0
2018-08-28,20.7906665802,0
2018-08-29,20.3339996338,0
2018-08-30,20.2099990845,0
2018-08-31,20.110666275,0
2018-09-04,19.2633323669,0
2018-09-05,18.7159996033,0
2018-09-06,18.7299995422,0
2018-09-07,17.5493335724,0
2018-09-10,19.0333328247,0
2018-09-11,18.6293334961,0
2018-09-12,19.3693332672,0
2018-09-13,19.2973327637,0
2018-09-14,19.6800003052,0
2018-09-17,19.6560001373,0
2018-09-18,18.9973335266,0
2018-09-19,19.9346675873,0
2018-09-20,19.888666153,0
2018-09-21,19.9400005341,0
2018-09-24,19.9786663055,0
2018-09-25,20.0659999847,0
2018-09-26,20.638666153,0
2018-09-27,20.5013332367,0
2018-09-28,17.6513328552,0
2018-10-01,20.7133331299,0
2018-10-02,20.0680007935,0
2018-10-03,19.6533336639,0
2018-10-04,18.7886676788,0
2018-10-05,17.4633331299,0
2018-10-08,16.704000473,0
2018-10-09,17.5200004578,0
2018-10-10,17.125333786,0
2018-10-11,16.8153324127,0
2018-10-12,17.2520008087,0
2018-10-15,17.3059997559,0
2018-10-16,18.439332962,0
2018-10-17,18.1186676025,0
2018-10-18,17.5939998627,0
2018-10-19,17.3333320618,0
2018-10-22,17.3966674805,0
2018-10-23,19.6093330383,0
2018-10-24,19.2333335876,0
2018-10-25,20.9906673431,0
2018-10-26,22.0599994659,0
2018-10-29,22.3233337402,0
2018-10-30,21.9933338165,0
2018-10-31,22.4880008698,0
2018-11-01,22.9519996643,0
2018-11-02,23.0939998627,0
2018-11-05,22.7600002289,0
2018-11-06,22.7373332977,0
2018-11-07,23.2106666565,0
2018-11-08,23.4266662598,0
2018-11-09,23.3673324585,0
2018-11-12,22.0853328705,0
2018-11-13,22.5820007324,0
2018-11-14,22.9333324432,0
2018-11-15,23.2293338776,0
2018-11-16,23.6206665039,0
2018-11-19,23.564666748,0
2018-11-20,23.1660003662,0
2018-11-21,22.545999527,0
2018-11-23,21.7220001221,0
2018-11-26,23.0666675568,0
2018-11-27,22.9279994965,0
2018-11-28,23.1913337708,0
2018-11-29,22.7446670532,0
2018-11-30,23.3653335571,0
2018-12-03,23.8993320465,0
2018-12-04,23.9799995422,0
2018-12-06,24.204000473,0
2018-12-07,23.8646678925,0
2018-12-10,24.3433322906,0
2018-12-11,24.4506664276,0
2018-12-12,24.4400005341,0
2018-12-13,25.1193332672,0
2018-12-14,24.3806667328,0
2018-12-17,23.2280006409,0
2018-12-18,22.4686660767,0
2018-12-19,22.1979999542,0
2018-12-20,21.0253334045,0
2018-12-21,21.3180007935,0
2018-12-24,19.6926670074,0
2018-12-26,21.7393321991,0
2018-12-27,21.0753326416,0
2018-12-28,22.2579994202,0
2018-12-31,22.1866664886,0
2019-01-02,20.6746673584,0
2019-01-03,20.0240001678,0
2019-01-04,21.1793327332,0
2019-01-07,22.3306674957,0
2019-01-08,22.3566665649,0
2019-01-09,22.5686664581,0
2019-01-10,22.9979991913,0
2019-01-11,23.1506671906,0
2019-01-14,22.2933330536,0
2019-01-15,22.9619998932,0
2019-01-16,23.0699996948,0
2019-01-17,23.1539993286,0
2019-01-18,20.1506671906,0
2019-01-22,19.9279994965,0
2019-01-23,19.1726665497,0
2019-01-24,19.4340000153,0
2019-01-25,19.8026676178,0
2019-01-28,19.7586669922,0
2019-01-29,19.8306674957,0
2019-01-30,20.5846672058,0
2019-01-31,20.468000412,0
2019-02-01,20.813999176,0
2019-02-04,20.8593330383,0
2019-02-05,21.4233322144,0
2019-02-06,21.1480007172,0
2019-02-07,20.500667572,0
2019-02-08,20.3866672516,0
2019-02-11,20.8560009003,0
2019-02-12,20.7873325348,0
2019-02-13,20.5446662903,0
2019-02-14,20.2513332367,0
2019-02-15,20.5253334045,0
2019-02-19,20.3759994507,0
2019-02-20,20.1706676483,0
2019-02-21,19.4153327942,0
2019-02-22,19.6473331451,0
2019-02-25,19.9179992676,0
2019-02-26,19.8573322296,0
2019-02-27,20.982667923,0
2019-02-28,21.3253326416,0
2019-03-01,19.6526660919,0
2019-03-04,19.0240001678,0
2019-03-05,18.436000824,0
2019-03-06,18.4160003662,0
2019-03-07,18.439332962,0
2019-03-08,18.9426670074,0
2019-03-11,19.3946666718,0
2019-03-12,18.8906669617,0
2019-03-13,19.263999939,0
2019-03-14,19.3306674957,0
2019-03-15,18.3619995117,0
2019-03-18,17.9659996033,0
2019-03-19,17.8313331604,0
2019-03-20,18.2399997711,0
2019-03-21,18.267999649,0
2019-03-22,17.6353321075,0
2019-03-25,17.361333847,0
2019-03-26,17.8513336182,0
2019-03-27,18.3220005035,0
2019-03-28,18.5746669769,0
2019-03-29,18.657333374,0
2019-04-01,19.27866745,0
2019-04-02,19.0586662292,0
2019-04-03,19.454000473,0
2019-04-04,17.8519992828,0
2019-04-05,18.3306674957,0
2019-04-08,18.2133331299,0
2019-04-09,18.1539993286,0
2019-04-10,18.4039993286,0
2019-04-11,17.8946666718,0
2019-04-12,17.8466663361,0
2019-04-15,17.7586669922,0
2019-04-16,18.2240009308,0
2019-04-17,18.0820007324,0
2019-04-18,18.21733284,0
2019-04-22,17.5166664124,0
2019-04-23,17.5933322906,0
2019-04-24,17.2439994812,0
2019-04-25,16.5086669922,0
2019-04-26,15.6759996414,0
2019-04-29,16.0979995728,0
2019-04-30,15.9126672745,0
2019-05-01,15.6006669998,0
2019-05-02,16.2733325958,0
2019-05-03,17.0020008087,0
2019-05-06,17.0226669312,0
2019-05-07,16.4706668854,0
2019-05-08,16.3226661682,0
2019-05-09,16.1319999695,0
2019-05-10,15.968000412,0
2019-05-13,15.1339998245,0
2019-05-14,15.4873332977,0
2019-05-15,15.4633331299,0
2019-05-16,15.2220001221,0
2019-05-17,14.0686674118,0
2019-05-20,13.6906671524,0
2019-05-21,13.6719999313,0
2019-05-22,12.8486671448,0
2019-05-23,13.03266716,0
2019-05-24,12.7086668015,0
2019-05-28,12.5799999237,0
2019-05-29,12.657333374,0
2019-05-30,12.5480003357,0
2019-05-31,12.3439998627,0
2019-06-03,11.9313325882,0
2019-06-04,12.9066667557,0
2019-06-05,13.1059999466,0
2019-06-06,13.7299995422,0
2019-06-07,13.6333332062,0
2019-06-10,14.1920003891,0
2019-06-11,14.4733333588,0
2019-06-12,13.9506673813,0
2019-06-13,14.2606668472,0
2019-06-14,14.3280000687,0
2019-06-17,15.001999855,0
2019-06-18,14.9826669693,0
2019-06-19,15.0953330994,0
2019-06-20,14.6413326263,0
2019-06-21,14.7906665802,0
2019-06-24,14.9093332291,0
2019-06-25,14.6506671906,0
2019-06-26,14.6180000305,0
2019-06-27,14.8559999466,0
2019-06-28,14.8973331451,0
2019-07-01,15.1446666718,0
2019-07-02,14.970000267,0
2019-07-03,15.6599998474,0
2019-07-05,15.5399999619,0
2019-07-08,15.3559999466,0
2019-07-09,15.3373327255,0
2019-07-10,15.9280004501,0
2019-07-11,15.9066667557,0
2019-07-12,16.3386669159,0
2019-07-15,16.8999996185,0
2019-07-16,16.8253326416,0
2019-07-17,16.9906673431,0
2019-07-18,16.9026660919,0
2019-07-19,17.2119998932,0
2019-07-22,17.0453338623,0
2019-07-23,17.3446674347,0
2019-07-24,17.6586666107,0
2019-07-25,15.2546672821,0
2019-07-26,15.2026672363,0
2019-07-29,15.718000412,0
2019-07-30,16.1506671906,0
2019-07-31,16.1073322296,0
2019-08-01,15.5900001526,0
2019-08-02,15.6226673126,0
2019-08-05,15.22133255,0
2019-08-06,15.3833332062,0
2019-08-07,15.5613327026,0
2019-08-08,15.8866672516,0
2019-08-09,15.6673326492,0
2019-08-12,15.2673330307,0
2019-08-13,15.6666669846,0
2019-08-14,14.6413326263,0
2019-08-15,14.3760004044,0
2019-08-16,14.6626672745,0
2019-08-19,15.1219997406,0
2019-08-20,15.0573329926,0
2019-08-21,14.7220001221,0
2019-08-22,14.8100004196,0
2019-08-23,14.0933332443,0
2019-08-26,14.3333330154,0
2019-08-27,14.2720003128,0
2019-08-28,14.3726673126,0
2019-08-29,14.780667305,0
2019-08-30,15.0406665802,0
2019-09-03,15.0006666183,0
2019-09-04,14.7119998932,0
2019-09-05,15.3053331375,0
2019-09-06,15.1633329391,0
2019-09-09,15.4526672363,0
2019-09-10,15.7026672363,0
2019-09-11,16.4733333588,0
2019-09-12,16.3913326263,0
2019-09-13,16.3466663361,0
2019-09-16,16.1873321533,0
2019-09-17,16.3193321228,0
2019-09-18,16.232667923,0
2019-09-19,16.4400005341,0
2019-09-20,16.0413322449,0
2019-09-23,16.0820007324,0
2019-09-24,14.8806667328,0
2019-09-25,15.2466669083,0
2019-09-26,16.1706676483,0
2019-09-27,16.1420001984,0
2019-09-30,16.0580005646,0
2019-10-01,16.3126678467,0
2019-10-02,16.2086677551,0
2019-10-03,15.5353326797,0
2019-10-04,15.4286670685,0
2019-10-07,15.8479995728,0
2019-10-08,16.0033321381,0
2019-10-09,16.3020000458,0
2019-10-10,16.3159999847,0
2019-10-11,16.5259990692,0
2019-10-14,17.1306667328,0
2019-10-15,17.1926670074,0
2019-10-16,17.3166675568,0
2019-10-17,17.4646663666,0
2019-10-18,17.1299991608,0
2019-10-21,16.8999996185,0
2019-10-22,17.0386676788,0
2019-10-23,16.9786663055,0
2019-10-24,19.9786663055,0
2019-10-25,21.875333786,0
2019-10-28,21.8473339081,0
2019-10-29,21.0813331604,0
2019-10-30,21.000667572,0
2019-10-31,20.9946670532,0
2019-11-01,20.8873329163,0
2019-11-04,21.1646671295,0
2019-11-05,21.1480007172,0
2019-11-06,21.7719993591,0
2019-11-07,22.3693332672,0
2019-11-08,22.4759998322,0
2019-11-11,23.0060005188,0
2019-11-12,23.328666687,0
2019-11-13,23.0739994049,0
2019-11-14,23.2900009155,0
2019-11-15,23.4780006409,0
2019-11-18,23.3326663971,0
2019-11-19,23.968000412,0
2019-11-20,23.4813327789,0
2019-11-21,23.6553325653,0
2019-11-22,22.2026672363,0
2019-11-25,22.4226665497,0
2019-11-26,21.9279994965,0
2019-11-27,22.0860004425,0
2019-11-29,21.9960002899,0
2019-12-02,22.3246669769,0
2019-12-03,22.4133338928,0
2019-12-04,22.2019996643,0
2019-12-05,22.0246677399,0
2019-12-06,22.3926677704,0
2019-12-09,22.6353321075,0
2019-12-10,23.2560005188,0
2019-12-11,23.5133323669,0
2019-12-12,23.9786663055,0
2019-12-13,23.8926677704,0
2019-12-16,25.4333324432,0
2019-12-17,25.2660007477,0
2019-12-18,26.2099990845,0
2019-12-19,26.936000824,0
2019-12-20,27.0393333435,0
2019-12-23,27.9479999542,0
2019-12-24,28.3500003815,0
2019-12-26,28.7293338776,0
2019-12-27,28.6919994354,0
2019-12-30,27.6466674805,0
2019-12-31,27.888666153,0
2020-01-02,28.6840000153,0
2020-01-03,29.5340003967,0
2020-01-06,30.1026668549,0
2020-01-07,31.2706661224,0
2020-01-08,32.8093338013,0
2020-01-09,32.0893325806,0
2020-01-10,31.8766670227,0
2020-01-13,34.9906654358,0
2020-01-14,35.8613319397,0
2020-01-15,34.5666656494,0
2020-01-16,34.2326660156,0
2020-01-17,34.0333328247,0
2020-01-21,36.4799995422,0
2020-01-22,37.9706687927,0
2020-01-23,38.1466674805,0
2020-01-24,37.6546669006,0
2020-01-27,37.2013320923,0
2020-01-28,37.7933311462,0
2020-01-29,38.7326660156,0
2020-01-30,42.7206687927,0
2020-01-31,43.3713340759,0
2020-02-03,52,0
2020-02-04,59.1373329163,0
2020-02-05,48.9799995422,0
2020-02-06,49.9306678772,0
2020-02-07,49.8713340759,0
2020-02-10,51.4186668396,0
2020-02-11,51.6253318787,0
2020-02-12,51.1526679993,0
2020-02-13,53.5999984741,0
2020-02-14,53.3353347778,0
2020-02-18,57.2266654968,0
2020-02-19,61.1613311768,0
2020-02-20,59.9606666565,0
2020-02-21,60.0666656494,0
2020-02-24,55.5859985352,0
2020-02-25,53.327331543,0
2020-02-26,51.9199981689,0
2020-02-27,45.2666664124,0
2020-02-28,44.5326652527,0
2020-03-02,49.5746688843,0
2020-03-03,49.700668335,0
2020-03-04,49.9666671753,0
2020-03-05,48.3026657104,0
2020-03-06,46.8986663818,0
2020-03-09,40.5333328247,0
2020-03-10,43.0219993591,0
2020-03-11,42.2820014954,0
2020-03-12,37.3699989319,0
2020-03-13,36.4413337708,0
2020-03-16,29.671333313,0
2020-03-17,28.6800003052,0
2020-03-18,24.0813331604,0
2020-03-19,28.5093326569,0
2020-03-20,28.5020008087,0
2020-03-23,28.9526672363,0
2020-03-24,33.6666679382,0
2020-03-25,35.9500007629,0
2020-03-26,35.2106666565,0
2020-03-27,34.2906684875,0
2020-03-30,33.4753341675,0
2020-03-31,34.9333343506,0
2020-04-01,32.1040000916,0
2020-04-02,30.2980003357,0
2020-04-03,32.000667572,0
2020-04-06,34.4160003662,0
2020-04-07,36.3633346558,0
2020-04-08,36.5893325806,0
2020-04-09,38.2000007629,0
2020-04-13,43.3966674805,0
2020-04-14,47.3260002136,0
2020-04-15,48.6553344727,0
2020-04-16,49.6806678772,0
2020-04-17,50.2593345642,0
2020-04-20,49.7573318481,0
2020-04-21,45.7813339233,0
2020-04-22,48.8073348999,0
2020-04-23,47.0419998169,0
2020-04-24,48.343334198,0
2020-04-27,53.25,0
2020-04-28,51.2746658325,0
2020-04-29,53.3673324585,0
2020-04-30,52.1253318787,0
2020-05-01,46.7546653748,0
2020-05-04,50.7459983826,0
2020-05-05,51.2140007019,0
2020-05-06,52.172000885,0
2020-05-07,52.0026664734,0
2020-05-08,54.6279983521,0
2020-05-11,54.0859985352,0
2020-05-12,53.9606666565,0
2020-05-13,52.7306671143,0
2020-05-14,53.5553321838,0
2020-05-15,53.2779998779,0
2020-05-18,54.2420005798,0
2020-05-19,53.8673324585,0
2020-05-20,54.3706665039,0
2020-05-21,55.1733322144,0
2020-05-22,54.4586677551,0
2020-05-26,54.5913314819,0
2020-05-27,54.6819992065,0
2020-05-28,53.7206687927,0
2020-05-29,55.6666679382,0
2020-06-01,59.8733329773,0
2020-06-02,58.7706680298,0
2020-06-03,58.8639984131,0
2020-06-04,57.6253318787,0
2020-06-05,59.0439987183,0
2020-06-08,63.327999115,0
2020-06-09,62.7113342285,0
2020-06-10,68.3366699219,0
2020-06-11,64.8560028076,0
2020-06-12,62.3520011902,0
2020-06-15,66.0599975586,0
2020-06-16,65.4753341675,0
2020-06-17,66.1193313599,0
2020-06-18,66.9306640625,0
2020-06-19,66.7266693115,0
2020-06-22,66.2880020142,0
2020-06-23,66.7853317261,0
2020-06-24,64.0566635132,0
2020-06-25,65.7320022583,0
2020-06-26,63.9826660156,0
2020-06-29,67.2900009155,0
2020-06-30,71.9873352051,0
2020-07-01,74.641998291,0
2020-07-02,80.577331543,0
2020-07-06,91.4386672974,0
2020-07-07,92.657333374,0
2020-07-08,91.0586700439,0
2020-07-09,92.952003479,0
2020-07-10,102.976669312,0
2020-07-13,99.8040008545,0
2020-07-14,101.120002747,0
2020-07-15,103.067329407,0
2020-07-16,100.042663574,0
2020-07-17,100.055999756,0
2020-07-20,109.533332825,0
2020-07-21,104.5573349,0
2020-07-22,106.155334473,0
2020-07-23,100.871330261,0
2020-07-24,94.4666671753,0
2020-07-27,102.63999939,0
2020-07-28,98.4326705933,0
2020-07-29,99.9406661987,0
2020-07-30,99.1660003662,0
2020-07-31,95.3840026855,0
2020-08-03,99,0
2020-08-04,99.1333312988,0
2020-08-05,99.001335144,0
2020-08-06,99.3053359985,0
2020-08-07,96.8473358154,0
2020-08-10,94.5713348389,0
2020-08-11,91.6259994507,0
2020-08-12,103.650665283,0
2020-08-13,108.066665649,0
2020-08-14,110.047332764,0
2020-08-17,122.375999451,0
2020-08-18,125.805999756,0
2020-08-19,125.235336304,0
2020-08-20,133.455337524,0
2020-08-21,136.665328979,0
2020-08-24,134.279998779,0
2020-08-25,134.889328003,0
2020-08-26,143.544662476,0
2020-08-27,149.25,0
2020-08-28,147.559997559,0
2020-08-31,166.106674194,0
2020-09-01,158.350006104,0
2020-09-02,149.123336792,0
2020-09-03,135.666671753,0
2020-09-04,139.440002441,0
2020-09-08,110.069999695,0
2020-09-09,122.093330383,0
2020-09-10,123.779998779,0
2020-09-11,124.239997864,0
2020-09-14,139.873336792,0
2020-09-15,149.919998169,0
2020-09-16,147.253326416,0
2020-09-17,141.143325806,0
2020-09-18,147.383331299,0
2020-09-21,149.796661377,0
2020-09-22,141.410003662,0
2020-09-23,126.78666687,0
2020-09-24,129.263336182,0
2020-09-25,135.779998779,0
2020-09-28,140.399993896,0
2020-09-29,139.690002441,0
2020-09-30,143.003326416,0
2020-10-01,149.386672974,0
2020-10-02,138.363327026,0
2020-10-05,141.893325806,0
2020-10-06,137.993331909,0
2020-10-07,141.766662598,0
2020-10-08,141.973327637,0
2020-10-09,144.666671753,0
2020-10-12,147.433334351,0
2020-10-13,148.883331299,0
2020-10-14,153.766662598,0
2020-10-15,149.626663208,0
2020-10-16,146.556671143,0
2020-10-19,143.61000061,0
2020-10-20,140.64666748,0
2020-10-21,140.880004883,0
2020-10-22,141.929992676,0
2020-10-23,140.210006714,0
2020-10-26,140.093338013,0
2020-10-27,141.559997559,0
2020-10-28,135.339996338,0
2020-10-29,136.943328857,0
2020-10-30,129.346664429,0
2020-11-02,133.503326416,0
2020-11-03,141.300003052,0
2020-11-04,140.326660156,0
2020-11-05,146.029998779,0
2020-11-06,143.316665649,0
2020-11-09,140.419998169,0
2020-11-10,136.78666687,0
2020-11-11,139.043334961,0
2020-11-12,137.253326416,0
2020-11-13,136.166671753,0
2020-11-16,136.029998779,0
2020-11-17,147.203338623,0
2020-11-18,162.21333313,0
2020-11-19,166.423339844,0
2020-11-20,163.203338623,0
2020-11-23,173.949996948,0
2020-11-24,185.126663208,0
2020-11-25,191.333328247,0
2020-11-27,195.253326416,0
2020-11-30,189.199996948,0
2020-12-01,194.919998169,0
2020-12-02,189.606674194,0
2020-12-03,197.793334961,0
2020-12-04,199.679992676,0
2020-12-07,213.919998169,0
2020-12-08,216.626663208,0
2020-12-09,201.493331909,0
2020-12-10,209.023330688,0
2020-12-11,203.330001831,0
2020-12-14,213.276672363,0
2020-12-15,211.083328247,0
2020-12-16,207.589996338,0
2020-12-17,218.633331299,0
2020-12-18,231.666671753,0
2020-12-21,216.619995117,0
2020-12-22,213.446670532,0
2020-12-23,215.326660156,0
2020-12-24,220.589996338,0
2020-12-28,221.229995728,0
2020-12-29,221.996673584,0
2020-12-30,231.593338013,0
2020-12-31,235.223327637,0
2021-01-04,243.256668091,0
2021-01-05,245.03666687,0
2021-01-06,251.993331909,0
2021-01-07,272.013336182,0
2021-01-08,293.339996338,0
2021-01-11,270.39666748,0
2021-01-12,283.14666748,0
2021-01-13,284.803344727,0
2021-01-14,281.666656494,0
2021-01-15,275.386657715,0
2021-01-19,281.516662598,0
2021-01-20,283.483337402,0
2021-01-21,281.663330078,0
2021-01-22,282.213317871,0
2021-01-25,293.600006104,0
2021-01-26,294.363342285,0
2021-01-27,288.053344727,0
2021-01-28,278.476654053,0
2021-01-29,264.510009766,0
2021-02-01,279.936676025,0
2021-02-02,290.929992676,0
2021-02-03,284.89666748,0
2021-02-04,283.329986572,0
2021-02-05,284.076660156,0
2021-02-08,287.806671143,0
2021-02-09,283.153320312,0
2021-02-10,268.273345947,0
2021-02-11,270.553344727,0
2021-02-12,272.040008545,0
2021-02-16,265.406677246,0
2021-02-17,266.049987793,0
2021-02-18,262.459991455,0
2021-02-19,260.433319092,0
2021-02-22,238.166671753,0
2021-02-23,232.946670532,0
2021-02-24,247.339996338,0
2021-02-25,227.406661987,0
2021-02-26,225.166671753,0
2021-03-01,239.476669312,0
2021-03-02,228.813339233,0
2021-03-03,217.733337402,0
2021-03-04,207.14666748,0
2021-03-05,199.316665649,0
2021-03-08,187.666671753,0
2021-03-09,224.526672363,0
2021-03-10,222.686660767,0
2021-03-11,233.199996948,0
2021-03-12,231.243331909,0
2021-03-15,235.979995728,0
2021-03-16,225.626663208,0
2021-03-17,233.936660767,0
2021-03-18,217.720001221,0
2021-03-19,218.289993286,0
2021-03-22,223.333328247,0
2021-03-23,220.720001221,0
2021-03-24,210.089996338,0
2021-03-25,213.46333313,0
2021-03-26,206.236663818,0
2021-03-29,203.763336182,0
2021-03-30,211.873336792,0
2021-03-31,222.643325806,0
2021-04-01,220.583328247,0
2021-04-05,230.350006104,0
2021-04-06,230.539993286,0
2021-04-07,223.656661987,0
2021-04-08,227.933334351,0
2021-04-09,225.673339844,0
2021-04-12,233.993331909,0
2021-04-13,254.106674194,0
2021-04-14,244.076660156,0
2021-04-15,246.283340454,0
2021-04-16,246.593338013,0
2021-04-19,238.210006714,0
2021-04-20,239.663330078,0
2021-04-21,248.039993286,0
2021-04-22,239.89666748,0
2021-04-23,243.133331299,0
2021-04-26,246.066665649,0
2021-04-27,234.913330078,0
2021-04-28,231.466659546,0
2021-04-29,225.666671753,0
2021-04-30,236.479995728,0
2021-05-03,228.300003052,0
2021-05-04,224.533340454,0
2021-05-05,223.64666748,0
2021-05-06,221.179992676,0
2021-05-07,224.123336792,0
2021-05-10,209.679992676,0
2021-05-11,205.733337402,0
2021-05-12,196.630004883,0
2021-05-13,190.563339233,0
2021-05-14,196.580001831,0
2021-05-17,192.276672363,0
2021-05-18,192.623336792,0
2021-05-19,187.820007324,0
2021-05-20,195.593338013,0
2021-05-21,193.626663208,0
2021-05-24,202.14666748,0
2021-05-25,201.563339233,0
2021-05-26,206.376663208,0
2021-05-27,210.283340454,0
2021-05-28,208.406661987,0
2021-06-01,207.966659546,0
2021-06-02,201.706665039,0
2021-06-03,190.946670532,0
2021-06-04,199.683334351,0
2021-06-07,201.710006714,0
2021-06-08,201.196670532,0
2021-06-09,199.593338013,0
2021-06-10,203.373336792,0
2021-06-11,203.296661377,0
2021-06-14,205.89666748,0
2021-06-15,199.78666687,0
2021-06-16,201.623336792,0
2021-06-17,205.533340454,0
2021-06-18,207.770004272,0
2021-06-21,206.943328857,0
2021-06-22,207.903335571,0
2021-06-23,218.856674194,0
2021-06-24,226.606674194,0
2021-06-25,223.956665039,0
2021-06-28,229.57333374,0
2021-06-29,226.919998169,0
2021-06-30,226.566665649,0
2021-07-01,225.973327637,0
2021-07-02,226.300003052,0
2021-07-06,219.86000061,0
2021-07-07,214.883331299,0
2021-07-08,217.60333252,0
2021-07-09,218.983337402,0
2021-07-12,228.566665649,0
2021-07-13,222.846664429,0
2021-07-14,217.793334961,0
2021-07-15,216.866668701,0
2021-07-16,214.740005493,0
2021-07-19,215.406661987,0
2021-07-20,220.166671753,0
2021-07-21,218.429992676,0
2021-07-22,216.419998169,0
2021-07-23,214.460006714,0
2021-07-26,219.206665039,0
2021-07-27,214.92666626,0
2021-07-28,215.660003662,0
2021-07-29,225.783340454,0
2021-07-30,229.066665649,0
2021-08-02,236.556671143,0
2021-08-03,236.580001831,0
2021-08-04,236.973327637,0
2021-08-05,238.210006714,0
2021-08-06,233.033340454,0
2021-08-09,237.919998169,0
2021-08-10,236.663330078,0
2021-08-11,235.940002441,0
2021-08-12,240.75,0
2021-08-13,239.056671143,0
2021-08-16,228.723327637,0
2021-08-17,221.903335571,0
2021-08-18,229.663330078,0
2021-08-19,224.490005493,0
2021-08-20,226.753326416,0
2021-08-23,235.433334351,0
2021-08-24,236.163330078,0
2021-08-25,237.066665649,0
2021-08-26,233.720001221,0
2021-08-27,237.306671143,0
2021-08-30,243.636672974,0
2021-08-31,245.240005493,0
2021-09-01,244.696670532,0
2021-09-02,244.130004883,0
2021-09-03,244.523330688,0
2021-09-07,250.973327637,0
2021-09-08,251.289993286,0
2021-09-09,251.619995117,0
2021-09-10,245.423339844,0
2021-09-13,247.666671753,0
2021-09-14,248.163330078,0
2021-09-15,251.943328857,0
2021-09-16,252.330001831,0
2021-09-17,253.163330078,0
2021-09-20,243.38999939,0
2021-09-21,246.460006714,0
2021-09-22,250.64666748,0
2021-09-23,251.21333313,0
2021-09-24,258.130004883,0
2021-09-27,263.786682129,0
2021-09-28,259.186676025,0
2021-09-29,260.436676025,0
2021-09-30,258.493347168,0
2021-10-01,258.406677246,0
2021-10-04,260.510009766,0
2021-10-05,260.196655273,0
2021-10-06,260.916656494,0
2021-10-07,264.536682129,0
2021-10-08,261.829986572,0
2021-10-11,263.980010986,0
2021-10-12,268.57333374,0
2021-10-13,270.359985352,0
2021-10-14,272.773345947,0
2021-10-15,281.010009766,0
2021-10-18,290.036682129,0
2021-10-19,288.089996338,0
2021-10-20,288.600006104,0
2021-10-21,298,0
2021-10-22,303.226654053,0
2021-10-25,341.619995117,0
2021-10-26,339.476654053,0
2021-10-27,345.953338623,0
2021-10-28,359.013336182,0
2021-10-29,371.333343506,0
2021-11-01,402.863342285,0
2021-11-02,390.666656494,0
2021-11-03,404.619995117,0
2021-11-04,409.970001221,0
2021-11-05,407.363342285,0
2021-11-08,387.64666748,0
2021-11-09,341.166656494,0
2021-11-10,355.983337402,0
2021-11-11,354.503326416,0
2021-11-12,344.473327637,0
2021-11-15,337.796661377,0
2021-11-16,351.576660156,0
2021-11-17,363.003326416,0
2021-11-18,365.459991455,0
2021-11-19,379.019989014,0
2021-11-22,385.623321533,0
2021-11-23,369.67666626,0
2021-11-24,372,0
2021-11-26,360.640014648,0
2021-11-29,378.996673584,0
2021-11-30,381.586669922,0
2021-12-01,365,0
2021-12-02,361.533325195,0
2021-12-03,338.32333374,0
2021-12-06,336.336669922,0
2021-12-07,350.583343506,0
2021-12-08,356.320007324,0
2021-12-09,334.600006104,0
2021-12-10,339.010009766,0
2021-12-13,322.136657715,0
2021-12-14,319.503326416,0
2021-12-15,325.329986572,0
2021-12-16,308.973327637,0
2021-12-17,310.856658936,0
2021-12-20,299.980010986,0
2021-12-21,312.843322754,0
2021-12-22,336.290008545,0
2021-12-23,355.666656494,0
2021-12-27,364.64666748,0
2021-12-28,362.82333374,0
2021-12-29,362.063323975,0
2021-12-30,356.779998779,0
2021-12-31,352.260009766,0
2022-01-03,399.92666626,0
2022-01-04,383.196655273,0
2022-01-05,362.706665039,0
2022-01-06,354.899993896,0
2022-01-07,342.320007324,0
2022-01-10,352.706665039,0
2022-01-11,354.799987793,0
2022-01-12,368.739990234,0
2022-01-13,343.85333252,0
2022-01-14,349.869995117,0
2022-01-18,343.503326416,0
2022-01-19,331.883331299,0
2022-01-20,332.089996338,0
2022-01-21,314.633331299,0
2022-01-24,310,0
2022-01-25,306.133331299,0
2022-01-26,312.470001221,0
2022-01-27,276.366668701,0
2022-01-28,282.116668701,0
2022-01-31,312.239990234,0
2022-02-01,310.416656494,0
2022-02-02,301.886657715,0
2022-02-03,297.046661377,0
2022-02-04,307.773345947,0
2022-02-07,302.446655273,0
2022-02-08,307.333343506,0
2022-02-09,310.666656494,0
2022-02-10,301.516662598,0
2022-02-11,286.666656494,0
2022-02-14,291.920013428,0
2022-02-15,307.476654053,0
2022-02-16,307.796661377,0
2022-02-17,292.116668701,0
2022-02-18,285.660003662,0
2022-02-22,273.843322754,0
2022-02-23,254.679992676,0
2022-02-24,266.923339844,0
2022-02-25,269.956665039,0
2022-02-28,290.143341064,0
2022-03-01,288.123321533,0
2022-03-02,293.296661377,0
2022-03-03,279.763336182,0
2022-03-04,279.429992676,0
2022-03-07,268.193328857,0
2022-03-08,274.799987793,0
2022-03-09,286.32333374,0
2022-03-10,279.433319092,0
2022-03-11,265.116668701,0
2022-03-14,255.456665039,0
2022-03-15,267.296661377,0
2022-03-16,280.076660156,0
2022-03-17,290.533325195,0
2022-03-18,301.796661377,0
2022-03-21,307.053344727,0
2022-03-22,331.326660156,0
2022-03-23,333.036682129,0
2022-03-24,337.973327637,0
2022-03-25,336.880004883,0
2022-03-28,363.946655273,0
2022-03-29,366.523345947,0
2022-03-30,364.663330078,0
2022-03-31,359.200012207,0
2022-04-01,361.529998779,0
2022-04-04,381.816680908,0
2022-04-05,363.753326416,0
2022-04-06,348.586669922,0
2022-04-07,352.420013428,0
2022-04-08,341.829986572,0
2022-04-11,325.309997559,0
2022-04-12,328.983337402,0
2022-04-13,340.790008545,0
2022-04-14,328.333343506,0
2022-04-18,334.763336182,0
2022-04-19,342.716674805,0
2022-04-20,325.733337402,0
2022-04-21,336.260009766,0
2022-04-22,335.016662598,0
2022-04-25,332.673339844,0
2022-04-26,292.140014648,0
2022-04-27,293.836669922,0
2022-04-28,292.503326416,0
2022-04-29,290.253326416,0
2022-05-02,300.980010986,0
2022-05-03,303.083343506,0
2022-05-04,317.540008545,0
2022-05-05,291.093322754,0
2022-05-06,288.549987793,0
2022-05-09,262.369995117,0
2022-05-10,266.679992676,0
2022-05-11,244.666671753,0
2022-05-12,242.666671753,0
2022-05-13,256.529998779,0
2022-05-16,241.456665039,0
2022-05-17,253.869995117,0
2022-05-18,236.60333252,0
2022-05-19,236.473327637,0
2022-05-20,221.300003052,0
2022-05-23,224.966659546,0
2022-05-24,209.386672974,0
2022-05-25,219.600006104,0
2022-05-26,235.910003662,0
2022-05-27,253.210006714,0
2022-05-31,252.753326416,0
2022-06-01,246.789993286,0
2022-06-02,258.333343506,0
2022-06-03,234.516662598,0
2022-06-06,238.279998779,0
2022-06-07,238.886672974,0
2022-06-08,241.866668701,0
2022-06-09,239.706665039,0
2022-06-10,232.229995728,0
2022-06-13,215.736663818,0
2022-06-14,220.88999939,0
2022-06-15,233,0
2022-06-16,213.100006104,0
2022-06-17,216.759994507,0
2022-06-21,237.03666687,0
2022-06-22,236.086669922,0
2022-06-23,235.070007324,0
2022-06-24,245.706665039,0
2022-06-27,244.919998169,0
2022-06-28,232.663330078,0
2022-06-29,228.490005493,0
2022-06-30,224.473327637,0
2022-07-01,227.263336182,0
2022-07-05,233.066665649,0
2022-07-06,231.733337402,0
2022-07-07,244.543334961,0
2022-07-08,250.763336182,0
2022-07-11,234.343338013,0
2022-07-12,233.070007324,0
2022-07-13,237.039993286,0
2022-07-14,238.313339233,0
2022-07-15,240.066665649,0
2022-07-18,240.546661377,0
2022-07-19,245.529998779,0
2022-07-20,247.5,0
2022-07-21,271.706665039,0
2022-07-22,272.243347168,0
2022-07-25,268.433319092,0
2022-07-26,258.859985352,0
2022-07-27,274.820007324,0
2022-07-28,280.899993896,0
2022-07-29,297.149993896,0
2022-08-01,297.276672363,0
2022-08-02,300.586669922,0
2022-08-03,307.39666748,0
2022-08-04,308.633331299,0
2022-08-05,288.170013428,0
2022-08-08,290.423339844,0
2022-08-09,283.333343506,0
2022-08-10,294.356658936,0
2022-08-11,286.630004883,0
2022-08-12,300.029998779,0
2022-08-15,309.320007324,0
2022-08-16,306.563323975,0
2022-08-17,303.996673584,0
2022-08-18,302.869995117,0
2022-08-19,296.666656494,0
2022-08-22,289.913330078,0
2022-08-23,296.453338623,0
2022-08-24,297.096679688,0
2022-08-25,296.070007324,0
2022-08-26,288.089996338,0
2022-08-29,284.820007324,0
2022-08-30,277.700012207,0
2022-08-31,275.609985352,0
2022-09-01,277.160003662,0
2022-09-02,270.209991455,0
2022-09-06,274.420013428,0
2022-09-07,283.700012207,0
2022-09-08,289.260009766,0
2022-09-09,299.679992676,0
2022-09-12,304.420013428,0
2022-09-13,292.130004883,0
2022-09-14,302.609985352,0
2022-09-15,303.75,0
2022-09-16,303.350006104,0
2022-09-19,309.070007324,0
2022-09-20,308.730010986,0
2022-09-21,300.799987793,0
2022-09-22,288.589996338,0
2022-09-23,275.329986572,0
2022-09-26,276.010009766,0
2022-09-27,282.940002441,0
2022-09-28,287.809997559,0
2022-09-29,268.209991455,0
2022-09-30,265.25,0
2022-10-03,242.399993896,0
2022-10-04,249.440002441,0
2022-10-05,240.809997559,0
2022-10-06,238.130004883,0
2022-10-07,223.070007324,0
2022-10-10,222.960006714,0
2022-10-11,216.5,0
2022-10-12,217.240005493,0
2022-10-13,221.720001221,0
2022-10-14,204.990005493,0
2022-10-17,219.350006104,0
2022-10-18,220.190002441,0
2022-10-19,222.039993286,0
2022-10-20,207.279998779,0
2022-10-21,214.440002441,0
2022-10-24,211.25,0
2022-10-25,222.419998169,0
2022-10-26,224.63999939,0
2022-10-27,225.089996338,0
2022-10-28,228.520004272,0
2022-10-31,227.539993286,0
2022-11-01,227.820007324,0
2022-11-02,214.979995728,0
2022-11-03,215.309997559,0
2022-11-04,207.470001221,0
2022-11-07,197.080001831,0
2022-11-08,191.300003052,0
2022-11-09,177.589996338,0
2022-11-10,190.720001221,0
2022-11-11,195.970001221,0
2022-11-14,190.949996948,0
2022-11-15,194.419998169,0
2022-11-16,186.919998169,0
2022-11-17,183.169998169,0
2022-11-18,180.190002441,0
2022-11-21,167.869995117,0
2022-11-22,169.910003662,0
2022-11-23,183.199996948,0
2022-11-25,182.86000061,0
2022-11-28,182.919998169,0
2022-11-29,180.830001831,0
2022-11-30,194.699996948,0
2022-12-01,194.699996948,0
2022-12-02,194.86000061,0
2022-12-05,182.449996948,0
2022-12-06,179.820007324,0
2022-12-07,174.039993286,0
2022-12-08,173.440002441,0
2022-12-09,179.050003052,0
2022-12-12,167.820007324,0
2022-12-13,160.949996948,0
2022-12-14,156.800003052,0
2022-12-15,157.669998169,0
2022-12-16,150.229995728,0
2022-12-19,149.869995117,0
2022-12-20,137.800003052,0
2022-12-21,137.570007324,0
2022-12-22,125.349998474,0
2022-12-23,123.150001526,0
2022-12-27,109.099998474,0
2022-12-28,112.709999084,0
2022-12-29,121.819999695,0
2022-12-30,123.180000305,0
2023-01-03,108.099998474,0
2023-01-04,113.63999939,0
2023-01-05,110.339996338,0
2023-01-06,113.059997559,0
2023-01-09,119.769996643,0
2023-01-10,118.849998474,0
2023-01-11,123.220001221,0
2023-01-12,123.559997559,0
2023-01-13,122.400001526,0
2023-01-17,131.490005493,0
2023-01-18,128.779998779,0
2023-01-19,127.169998169,0
2023-01-20,133.419998169,0
2023-01-23,143.75,0
2023-01-24,143.88999939,0
2023-01-25,144.429992676,0
2023-01-26,160.270004272,0
2023-01-27,177.899993896,0
2023-01-30,166.660003662,0
2023-01-31,173.220001221,0
2023-02-01,181.410003662,0
2023-02-02,188.270004272,0
2023-02-03,189.979995728,0
2023-02-06,194.759994507,0
2023-02-07,196.809997559,0
2023-02-08,201.289993286,0
2023-02-09,207.320007324,0
2023-02-10,196.88999939,0
2023-02-13,194.63999939,0
2023-02-14,209.25,0
2023-02-15,214.240005493,0
2023-02-16,202.039993286,0
2023-02-17,208.309997559,0
2023-02-21,197.369995117,0
2023-02-22,200.86000061,0
2023-02-23,202.070007324,0
2023-02-24,196.880004883,0
2023-02-27,207.630004883,0
2023-02-28,205.710006714,0
2023-03-01,202.770004272,0
2023-03-02,190.899993896,0
2023-03-03,197.789993286,0
2023-03-06,193.809997559,0
2023-03-07,187.710006714,0
2023-03-08,182,0
2023-03-09,172.919998169,0
2023-03-10,173.440002441,0
2023-03-13,174.479995728,0
2023-03-14,183.259994507,0
2023-03-15,180.449996948,0
2023-03-16,184.130004883,0
2023-03-17,180.130004883,0
2023-03-20,183.25,0
2023-03-21,197.580001831,0
2023-03-22,191.149993896,0
2023-03-23,192.220001221,0
2023-03-24,190.410003662,0
2023-03-27,191.809997559,0
2023-03-28,189.190002441,0
2023-03-29,193.880004883,0
2023-03-30,195.279998779,0
2023-03-31,207.460006714,0
2023-04-03,194.770004272,0
2023-04-04,192.580001831,0
2023-04-05,185.520004272,0
2023-04-06,185.059997559,0
2023-04-10,184.509994507,0
2023-04-11,186.789993286,0
2023-04-12,180.539993286,0
2023-04-13,185.899993896,0
2023-04-14,185,0
2023-04-17,187.039993286,0
2023-04-18,184.309997559,0
2023-04-19,180.589996338,0
2023-04-20,162.990005493,0
2023-04-21,165.080001831,0
2023-04-24,162.550003052,0
2023-04-25,160.669998169,0
2023-04-26,153.75,0
2023-04-27,160.190002441,0
2023-04-28,164.309997559,0
2023-05-01,161.830001831,0
2023-05-02,160.309997559,0
2023-05-03,160.61000061,0
2023-05-04,161.199996948,0
2023-05-05,170.059997559,0
2023-05-08,171.789993286,0
2023-05-09,169.149993896,0
2023-05-10,168.539993286,0
2023-05-11,172.080001831,0
2023-05-12,167.979995728,0
2023-05-15,166.350006104,0
2023-05-16,166.520004272,0
2023-05-17,173.86000061,0
2023-05-18,176.88999939,0
2023-05-19,180.13999939,0
2023-05-22,188.869995117,0
2023-05-23,185.770004272,0
2023-05-24,182.899993896,0
2023-05-25,184.470001221,0
2023-05-26,193.169998169,0
2023-05-30,201.160003662,0
2023-05-31,203.929992676,0
2023-06-01,207.520004272,0
2023-06-02,213.970001221,0
2023-06-05,217.61000061,0
2023-06-06,221.309997559,0
2023-06-07,224.570007324,0
2023-06-08,234.86000061,0
2023-06-09,244.399993896,0
2023-06-12,249.830001831,0
2023-06-13,258.709991455,0
2023-06-14,256.790008545,0
2023-06-15,255.899993896,0
2023-06-16,260.540008545,0
2023-06-20,274.450012207,0
2023-06-21,259.459991455,0
2023-06-22,264.609985352,0
2023-06-23,256.600006104,0
2023-06-26,241.050003052,0
2023-06-27,250.210006714,0
2023-06-28,256.239990234,0
2023-06-29,257.5,0
2023-06-30,261.769989014,0
2023-07-03,279.820007324,0
2023-07-05,282.480010986,0
2023-07-06,276.540008545,0
2023-07-07,274.429992676,0
2023-07-10,269.609985352,0
2023-07-11,269.790008545,0
2023-07-12,271.989990234,0
2023-07-13,277.899993896,0
2023-07-14,281.380004883,0
2023-07-17,290.380004883,0
2023-07-18,293.339996338,0
2023-07-19,291.260009766,0
2023-07-20,262.899993896,0
2023-07-21,260.019989014,0
2023-07-24,269.059997559,0
2023-07-25,265.279998779,0
2023-07-26,264.350006104,0
2023-07-27,255.710006714,0
2023-07-28,266.440002441,0
2023-07-31,267.429992676,0
2023-08-01,261.070007324,0
2023-08-02,254.11000061,0
2023-08-03,259.320007324,0
2023-08-04,253.86000061,0
2023-08-07,251.449996948,0
2023-08-08,249.699996948,0
2023-08-09,242.190002441,0
2023-08-10,245.339996338,0
2023-08-11,242.649993896,0
2023-08-14,239.759994507,0
2023-08-15,232.960006714,0
2023-08-16,225.600006104,0
2023-08-17,219.220001221,0
2023-08-18,215.490005493,0
2023-08-21,231.279998779,0
2023-08-22,233.190002441,0
2023-08-23,236.86000061,0
2023-08-24,230.039993286,0
2023-08-25,238.589996338,0
2023-08-28,238.820007324,0
2023-08-29,257.179992676,0
2023-08-30,256.899993896,0
2023-08-31,258.079986572,0
2023-09-01,245.009994507,0
2023-09-05,256.489990234,0
2023-09-06,251.919998169,0
2023-09-07,251.490005493,0
2023-09-08,248.5,0
2023-09-11,273.579986572,0
2023-09-12,267.480010986,0
2023-09-13,271.299987793,0
2023-09-14,276.040008545,0
2023-09-15,274.390014648,0
2023-09-18,265.279998779,0
2023-09-19,266.5,0
2023-09-20,262.589996338,0
2023-09-21,255.699996948,0
2023-09-22,244.880004883,0
2023-09-25,246.990005493,0
2023-09-26,244.119995117,0
2023-09-27,240.5,0
2023-09-28,246.380004883,0
2023-09-29,250.220001221,0
2023-10-02,251.600006104,0
2023-10-03,246.529998779,0
2023-10-04,261.160003662,0
2023-10-05,260.049987793,0
2023-10-06,260.529998779,0
2023-10-09,259.670013428,0
2023-10-10,263.619995117,0
2023-10-11,262.989990234,0
2023-10-12,258.869995117,0
2023-10-13,251.119995117,0
2023-10-16,253.919998169,0
2023-10-17,254.850006104,0
2023-10-18,242.679992676,0
2023-10-19,220.11000061,0
2023-10-20,211.990005493,0
2023-10-23,212.080001831,0
2023-10-24,216.520004272,0
2023-10-25,212.419998169,0
2023-10-26,205.759994507,0
2023-10-27,207.300003052,0
2023-10-30,197.36000061,0
2023-10-31,200.839996338,0
2023-11-01,205.660003662,0
2023-11-02,218.509994507,0
2023-11-03,219.960006714,0
2023-11-06,219.270004272,0
2023-11-07,222.179992676,0
2023-11-08,222.11000061,0
2023-11-09,209.979995728,0
2023-11-10,214.649993896,0
2023-11-13,223.710006714,0
2023-11-14,237.410003662,0
2023-11-15,242.839996338,0
2023-11-16,233.589996338,0
2023-11-17,234.300003052,0
2023-11-20,235.600006104,0
2023-11-21,241.199996948,0
2023-11-22,234.210006714,0
2023-11-24,235.449996948,0
2023-11-27,236.080001831,0
2023-11-28,246.720001221,0
2023-11-29,244.13999939,0
2023-11-30,240.080001831,0
2023-12-01,238.830001831,0
2023-12-04,235.580001831,0
2023-12-05,238.720001221,0
2023-12-06,239.369995117,0
2023-12-07,242.63999939,0
2023-12-08,243.839996338,0
2023-12-11,239.740005493,0
2023-12-12,237.009994507,0
2023-12-13,239.289993286,0
2023-12-14,251.050003052,0
2023-12-15,253.5,0
2023-12-18,252.080001831,0
2023-12-19,257.220001221,0
2023-12-20,247.13999939,0
2023-12-21,254.5,0
2023-12-22,252.539993286,0
2023-12-26,256.609985352,0
2023-12-27,261.440002441,0
2023-12-28,253.179992676,0
2023-12-29,248.479995728,0
2024-01-02,248.419998169,0
2024-01-03,238.449996948,0
2024-01-04,237.929992676,0
2024-01-05,237.490005493,0
2024-01-08,240.449996948,0
2024-01-09,234.960006714,0
2024-01-10,233.940002441,0
2024-01-11,227.220001221,0
2024-01-12,218.88999939,0
2024-01-16,219.910003662,0
2024-01-17,215.550003052,0
2024-01-18,211.880004883,0
2024-01-19,212.190002441,0
2024-01-22,208.800003052,0
2024-01-23,209.13999939,0
2024-01-24,207.830001831,0
2024-01-25,182.630004883,0
2024-01-26,183.25,0
2024-01-29,190.929992676,0
2024-01-30,191.589996338,0
2024-01-31,187.289993286,0
2024-02-01,188.86000061,0
2024-02-02,187.910003662,0
2024-02-05,181.059997559,0
2024-02-06,185.100006104,0
2024-02-07,187.580001831,0
2024-02-08,189.559997559,0
2024-02-09,193.570007324,0
2024-02-12,188.130004883,0
2024-02-13,184.020004272,0
2024-02-14,188.710006714,0
2024-02-15,200.449996948,0
2024-02-16,199.949996948,0
2024-02-20,193.759994507,0
2024-02-21,194.770004272,0
2024-02-22,197.410003662,0
2024-02-23,191.970001221,0
2024-02-26,199.399993896,0
2024-02-27,199.729995728,0
2024-02-28,202.039993286,0
2024-02-29,201.880004883,0
2024-03-01,202.63999939,0
2024-03-04,188.13999939,0
2024-03-05,180.740005493,0
2024-03-06,176.539993286,0
2024-03-07,178.649993896,0
2024-03-08,175.339996338,0
2024-03-11,177.770004272,0
2024-03-12,177.539993286,0
2024-03-13,169.479995728,0
2024-03-14,162.5,0
2024-03-15,163.570007324,0
2024-03-18,173.800003052,0
2024-03-19,171.320007324,0
2024-03-20,175.660003662,0
2024-03-21,172.820007324,0
2024-03-22,170.830001831,0
2024-03-25,172.630004883,0
2024-03-26,177.669998169,0
2024-03-27,179.830001831,0
2024-03-28,175.789993286,0
2024-04-01,175.220001221,0
2024-04-02,166.630004883,0
2024-04-03,168.380004883,0
2024-04-04,171.11000061,0
2024-04-05,164.899993896,0
2024-04-08,172.979995728,0
2024-04-09,176.880004883,0
2024-04-10,171.759994507,0
2024-04-11,174.600006104,0
2024-04-12,171.050003052,0
2024-04-15,161.479995728,0
2024-04-16,157.11000061,0
2024-04-17,155.449996948,0
2024-04-18,149.929992676,0
2024-04-19,147.050003052,0
2024-04-22,142.050003052,0
2024-04-23,144.679992676,0
2024-04-24,162.130004883,0
2024-04-25,170.179992676,0
2024-04-26,168.289993286,0
2024-04-29,194.050003052,0
2024-04-30,183.279998779,0
2024-05-01,179.990005493,0
2024-05-02,180.009994507,0
2024-05-03,181.190002441,0
2024-05-06,184.759994507,0
2024-05-07,177.809997559,0
2024-05-08,174.720001221,0
2024-05-09,171.970001221,0
2024-05-10,168.470001221,0
2024-05-13,171.88999939,0
2024-05-14,177.550003052,0
2024-05-15,173.990005493,0
2024-05-16,174.839996338,0
2024-05-17,177.460006714,0
2024-05-20,174.949996948,0
2024-05-21,186.600006104,0
2024-05-22,180.11000061,0
2024-05-23,173.740005493,0
2024-05-24,179.240005493,0
2024-05-28,176.75,0
2024-05-29,176.190002441,0
2024-05-30,178.789993286,0
2024-05-31,178.080001831,0
2024-06-03,176.289993286,0
2024-06-04,174.770004272,0
2024-06-05,175,0
2024-06-06,177.940002441,0
2024-06-07,177.479995728,0
2024-06-10,173.789993286,0
2024-06-11,170.660003662,0
2024-06-12,177.289993286,0
2024-06-13,182.470001221,0
2024-06-14,178.009994507,0
2024-06-17,187.440002441,0
2024-06-18,184.86000061,0
2024-06-20,181.570007324,0
2024-06-21,183.009994507,0
2024-06-24,182.580001831,0
2024-06-25,187.350006104,0
2024-06-26,196.369995117,0
2024-06-27,197.419998169,0
2024-06-28,197.880004883,0
2024-07-01,209.86000061,0
2024-07-02,231.259994507,0
2024-07-03,246.38999939,0
2024-07-05,251.520004272,0
2024-07-08,252.940002441,0
2024-07-09,262.329986572,0
2024-07-10,263.260009766,0
2024-07-11,241.029998779,0
2024-07-12,248.229995728,0
2024-07-15,252.63999939,0
2024-07-16,256.559997559,0
2024-07-17,248.5,0
2024-07-18,249.229995728,0
2024-07-19,239.199996948,0
2024-07-22,251.509994507,0
2024-07-23,246.380004883,0
2024-07-24,215.990005493,0
2024-07-25,220.25,0
2024-07-26,219.800003052,0
2024-07-29,232.100006104,0
2024-07-30,222.619995117,0
2024-07-31,232.070007324,0
2024-08-01,216.86000061,0
2024-08-02,207.669998169,0
2024-08-05,198.880004883,0
2024-08-06,200.63999939,0
2024-08-07,191.759994507,0
2024-08-08,198.839996338,0
2024-08-09,200,0
2024-08-12,197.490005493,0
2024-08-13,207.830001831,0
2024-08-14,201.380004883,0
2024-08-15,214.13999939,0
2024-08-16,216.119995117,0
2024-08-19,222.720001221,0
2024-08-20,221.100006104,0
2024-08-21,223.270004272,0
2024-08-22,210.660003662,0
2024-08-23,220.320007324,0
2024-08-26,213.210006714,0
2024-08-27,209.210006714,0
2024-08-28,205.75,0
2024-08-29,206.279998779,0
2024-08-30,214.11000061,0
2024-09-03,210.600006104,0
2024-09-04,219.410003662,0
2024-09-05,230.169998169,0
2024-09-06,210.729995728,0
2024-09-09,216.270004272,0
2024-09-10,226.169998169,0
2024-09-11,228.130004883,0
2024-09-12,229.809997559,0
2024-09-13,230.289993286,0
2024-09-16,226.779998779,0
2024-09-17,227.869995117,0
2024-09-18,227.199996948,0
2024-09-19,243.919998169,0
2024-09-20,238.25,0
2024-09-23,250,0
2024-09-24,254.270004272,0
2024-09-25,257.019989014,0
2024-09-26,254.220001221,0
2024-09-27,260.459991455,0
2024-09-30,261.630004883,0
2024-10-01,258.019989014,0
2024-10-02,249.020004272,0
2024-10-03,240.660003662,0
2024-10-04,250.080001831,0
2024-10-07,240.830001831,0
2024-10-08,244.5,0
2024-10-09,241.050003052,0
2024-10-10,238.770004272,0
2024-10-11,217.800003052,0
2024-10-14,219.160003662,0
2024-10-15,219.570007324,0
2024-10-16,221.330001831,0
2024-10-17,220.88999939,0
2024-10-18,220.699996948,0
2024-10-21,218.850006104,0
2024-10-22,217.970001221,0
2024-10-23,213.649993896,0
2024-10-24,260.480010986,0
2024-10-25,269.190002441,0
2024-10-28,262.510009766,0
2024-10-29,259.519989014,0
2024-10-30,257.549987793,0
2024-10-31,249.850006104,0
2024-11-01,248.979995728,0
2024-11-04,242.839996338,0
2024-11-05,251.440002441,0
2024-11-06,288.529998779,0
2024-11-07,296.910003662,0
2024-11-08,321.220001221,0
2024-11-11,350,0
2024-11-12,328.489990234,0
2024-11-13,330.239990234,0
2024-11-14,311.179992676,0
2024-11-15,320.720001221,0
2024-11-18,338.739990234,0
2024-11-19,346,0
2024-11-20,342.029998779,0
2024-11-21,339.640014648,0
2024-11-22,352.559997559,0
2024-11-25,338.589996338,0
2024-11-26,338.230010986,0
2024-11-27,332.890014648,0
2024-11-29,345.160003662,0
2024-12-02,357.089996338,0
2024-12-03,351.420013428,0
2024-12-04,357.929992676,0
2024-12-05,369.489990234,0
2024-12-06,389.220001221,0
2024-12-09,389.790008545,0
2024-12-10,400.989990234,0
2024-12-11,424.769989014,0
2024-12-12,418.100006104,0
2024-12-13,436.230010986,0
2024-12-16,463.019989014,0
2024-12-17,479.859985352,0
2024-12-18,440.130004883,0
2024-12-19,436.170013428,0
2024-12-20,421.059997559,0
2024-12-23,430.600006104,0
2024-12-24,462.279998779,0
2024-12-26,454.130004883,0
2024-12-27,431.660003662,0
2024-12-30,417.410003662,0
2024-12-31,403.839996338,0
2025-01-02,379.279998779,0
2025-01-03,410.440002441,0
2025-01-06,411.049987793,0
2025-01-07,394.359985352,0
2025-01-08,394.940002441,0
2025-01-10,394.739990234,0
2025-01-13,403.309997559,0
2025-01-14,396.359985352,0
2025-01-15,428.220001221,0
2025-01-16,413.820007324,0
2025-01-17,426.5,0
2025-01-21,424.070007324,0
2025-01-22,415.109985352,0
2025-01-23,412.380004883,0
2025-01-24,406.579986572,0
2025-01-27,397.149993896,0
2025-01-28,398.089996338,0
2025-01-29,389.100006104,0
2025-01-30,400.279998779,0
2025-01-31,404.600006104,0
2025-02-03,383.679992676,0
2025-02-04,392.209991455,0
2025-02-05,378.170013428,0
2025-02-06,374.320007324,0
2025-02-07,361.619995117,0
2025-02-10,350.730010986,0
2025-02-11,328.5,0
2025-02-12,336.510009766,0
2025-02-13,355.940002441,0
2025-02-14,355.839996338,0
2025-02-18,354.109985352,0
2025-02-19,360.559997559,0
2025-02-20,354.399993896,0
2025-02-21,337.799987793,0
2025-02-24,330.529998779,0
2025-02-25,302.799987793,0
2025-02-26,290.799987793,0
2025-02-27,281.950012207,0
2025-02-28,292.980010986,0
2025-03-03,284.649993896,0
2025-03-04,272.040008545,0
2025-03-05,279.100006104,0
2025-03-06,263.450012207,0
2025-03-07,262.670013428,0
2025-03-10,222.149993896,0
2025-03-11,230.580001831,0
2025-03-12,248.089996338,0
2025-03-13,240.679992676,0
2025-03-14,249.979995728,0
2025-03-17,238.009994507,0
2025-03-18,225.309997559,0
2025-03-19,235.86000061,0
2025-03-20,236.259994507,0
2025-03-21,248.710006714,0
2025-03-24,278.390014648,0
2025-03-25,288.140014648,0
2025-03-26,272.059997559,0
2025-03-27,273.130004883,0
2025-03-28,263.549987793,0
2025-03-31,259.160003662,0
2025-04-01,268.459991455,0
2025-04-02,282.760009766,0
2025-04-03,267.279998779,0
2025-04-04,239.429992676,0
2025-04-07,233.289993286,0
2025-04-08,221.86000061,0
2025-04-09,272.200012207,0
2025-04-10,252.399993896,0
2025-04-11,252.309997559,0
2025-04-14,252.350006104,0
2025-04-15,254.11000061,0
2025-04-16,241.550003052,0
2025-04-17,241.369995117,0
2025-04-21,227.5,0
2025-04-22,237.970001221,0
2025-04-23,250.740005493,0
2025-04-24,259.510009766,0
2025-04-25,284.950012207,0
2025-04-28,285.880004883,0
2025-04-29,292.029998779,0
2025-04-30,282.160003662,0
2025-05-01,280.519989014,0
2025-05-02,287.209991455,0
2025-05-05,280.260009766,0
2025-05-06,275.350006104,0
2025-05-07,276.220001221,0
2025-05-08,284.820007324,0
2025-05-09,298.260009766,0
2025-05-12,318.380004883,0
2025-05-13,334.070007324,0
2025-05-14,347.679992676,0
2025-05-15,342.820007324,0
2025-05-16,349.980010986,0
2025-05-19,342.089996338,0
2025-05-20,343.820007324,0
2025-05-21,334.619995117,0
2025-05-22,341.040008545,0
2025-05-23,339.339996338,0
2025-05-27,362.890014648,0
2025-05-28,356.899993896,0
2025-05-29,358.429992676,0
2025-05-30,346.459991455,0
2025-06-02,342.690002441,0
2025-06-03,344.269989014,0
2025-06-04,332.049987793,0
2025-06-05,284.700012207,0
2025-06-06,295.140014648,0
2025-06-09,308.579986572,0
2025-06-10,326.089996338,0
2025-06-11,326.429992676,0
2025-06-12,319.109985352,0
2025-06-13,325.309997559,0
2025-06-16,329.130004883,0
2025-06-17,316.350006104,0
2025-06-18,322.049987793,0
2025-06-20,322.160003662,0
2025-06-23,348.679992676,0
2025-06-24,340.470001221,0
2025-06-25,327.549987793,0
2025-06-26,325.779998779,0
2025-06-27,323.630004883,0
2025-06-30,317.660003662,0
2025-07-01,300.709991455,0
2025-07-02,315.649993896,0
2025-07-03,315.350006104,0
2025-07-07,293.940002441,0
2025-07-08,297.809997559,0
2025-07-09,295.880004883,0
2025-07-10,309.869995117,0
2025-07-11,313.510009766,0
2025-07-14,316.899993896,0
2025-07-15,310.779998779,0
2025-07-16,321.670013428,0
2025-07-17,319.410003662,0
2025-07-18,329.649993896,0
2025-07-21,328.489990234,0
2025-07-22,332.109985352,0
2025-07-23,332.559997559,0
2025-07-24,305.299987793,0
2025-07-25,316.059997559,0
2025-07-28,325.589996338,0
2025-07-29,321.200012207,0
2025-07-30,319.040008545,0
2025-07-31,308.269989014,0
2025-08-01,302.630004883,0
2025-08-04,309.260009766,0
2025-08-05,308.720001221,0
2025-08-06,319.910003662,0
2025-08-07,322.269989014,0
2025-08-08,329.649993896,0
2025-08-11,339.029998779,0
2025-08-12,340.839996338,0
2025-08-13,339.380004883,0
2025-08-14,335.579986572,0
2025-08-15,330.559997559,0
2025-08-18,335.160003662,0
2025-08-19,329.309997559,0
2025-08-20,323.899993896,0
2025-08-21,320.109985352,0
2025-08-22,340.010009766,0
2025-08-25,346.600006104,0
2025-08-26,351.670013428,0
2025-08-27,349.600006104,0
2025-08-28,345.980010986,0
2025-08-29,333.869995117,0
2025-09-02,329.359985352,0
2025-09-03,334.089996338,0
2025-09-04,338.529998779,0
2025-09-05,350.839996338,0
2025-09-08,346.399993896,0
2025-09-09,346.970001221,0
2025-09-10,347.790008545,0
2025-09-11,368.809997559,0
2025-09-12,395.940002441,0
2025-09-15,410.040008545,0
2025-09-16,421.619995117,0
2025-09-17,425.859985352,0
2025-09-18,416.850006104,0
2025-09-19,426.070007324,0
2025-09-22,434.209991455,0
2025-09-23,425.850006104,0
2025-09-24,442.790008545,0
2025-09-25,423.390014648,0
2025-09-26,440.399993896,0
2025-09-29,443.209991455,0
2025-09-30,444.720001221,0
2025-10-01,459.459991455,0
2025-10-02,436,0
2025-10-03,429.829986572,0
2025-10-06,453.25,0
2025-10-07,433.089996338,0
2025-10-08,438.690002441,0
2025-10-09,435.540008545,0
2025-10-10,413.489990234,0
2025-10-13,435.899993896,0
2025-10-14,429.239990234,0
2025-10-15,435.149993896,0
2025-10-16,428.75,0
2025-10-17,439.309997559,0
2025-10-20,447.429992676,0
2025-10-21,442.600006104,0
2025-10-22,438.970001221,0
2025-10-23,448.980010986,0
2025-10-24,433.720001221,0
2025-10-27,452.420013428,0
2025-10-28,460.549987793,0
2025-10-29,461.510009766,0
2025-10-30,440.100006104,0
2025-10-31,456.559997559,0
2025-11-03,468.369995117,0
2025-11-04,444.260009766,0
2025-11-05,462.070007324,0
2025-11-06,445.910003662,0
2025-11-07,429.519989014,0
2025-11-10,445.230010986,0
2025-11-11,439.619995117,0
2025-11-12,430.600006104,0
2025-11-13,401.989990234,0
2025-11-14,404.350006104,0
2025-11-17,408.920013428,0
2025-11-18,401.25,0
2025-11-19,403.989990234,0
2025-11-20,395.230010986,0
2025-11-21,391.089996338,0
2025-11-24,417.779998779,0
2025-11-25,419.399993896,0
2025-11-26,426.579986572,0
2025-11-28,430.170013428,0
2025-12-01,430.140014648,0
2025-12-02,429.239990234,0
2025-12-03,446.739990234,0
2025-12-04,454.529998779,0
2025-12-05,455,0
2025-12-08,439.579986572,0
2025-12-09,445.170013428,0
2025-12-10,451.450012207,0
2025-12-11,446.890014648,0
2025-12-12,458.959991455,0
2025-12-15,475.309997559,0
2025-12-16,489.880004883,0
2025-12-17,467.260009766,0
2025-12-18,483.369995117,0
2025-12-19,481.200012207,0
2025-12-22,488.730010986,0
2025-12-23,485.559997559,0
2025-12-24,485.399993896,0
2025-12-26,475.190002441,0
2025-12-29,459.640014648,0
2025-12-30,454.429992676,0
2025-12-31,449.720001221,0
2026-01-02,438.070007324,0
2026-01-05,451.670013428,0
2026-01-06,432.959991455,0
2026-01-07,431.410003662,0
2026-01-08,435.799987793,0
2026-01-09,445.010009766,0
2026-01-12,448.959991455,0
2026-01-13,447.200012207,0
2026-01-14,439.200012207,0
2026-01-15,438.570007324,0
2026-01-16,437.5,0
2026-01-20,419.25,0
2026-01-21,431.440002441,0
2026-01-22,449.359985352,0
2026-01-23,449.059997559,0
2026-01-26,435.200012207,0
2026-01-27,430.899993896,0
2026-01-28,431.459991455,0
2026-01-29,416.559997559,0
2026-01-30,430.410003662,0
2026-02-02,421.809997559,0
2026-02-03,421.959991455,0
2026-02-04,406.010009766,0
2026-02-05,397.209991455,0
2026-02-06,411.109985352,0
2026-02-09,417.320007324,0
2026-02-10,425.209991455,0
2026-02-11,428.269989014,0
2026-02-12,417.070007324,0
2026-02-13,417.440002441,0
2026-02-17,410.630004883,0
2026-02-18,411.320007324,0
2026-02-19,411.709991455,0
2026-02-20,411.820007324,0
2026-02-23,399.829986572,0
2026-02-24,409.380004883,0
2026-02-25,417.399993896,0
2026-02-26,408.579986572,0
2026-02-27,402.510009766,0
2026-03-02,403.320007324,0
2026-03-03,392.429992676,0
2026-03-04,405.940002441,0
2026-03-05,405.549987793,0
2026-03-06,396.730010986,0
2026-03-09,398.679992676,0
2026-03-10,399.239990234,0
2026-03-11,407.820007324,0
2026-03-12,395.010009766,0
2026-03-13,391.200012207,0
2026-03-16,395.559997559,0
2026-03-17,399.269989014,0
2026-03-18,392.779998779,0
2026-03-19,380.299987793,0
2026-03-20,367.959991455,0
2026-03-23,380.850006104,0
2026-03-24,383.029998779,0
2026-03-25,385.950012207,0
2026-03-26,372.109985352,0
2026-03-27,361.829986572,0
2026-03-30,355.279998779,0
2026-03-31,371.75,0
2026-04-01,381.260009766,0
2026-04-02,360.589996338,0
2026-04-06,352.820007324,0
2026-04-07,346.649993896,0
2026-04-08,343.25,0
2026-04-09,345.619995117,0
2026-04-10,348.950012207,0
2026-04-13,352.420013428,0
2026-04-14,364.200012207,0
2026-04-15,391.950012207,0
2026-04-16,388.899993896,0
2026-04-17,400.619995117,0
2026-04-20,392.5,0
2026-04-21,386.420013428,0
2026-04-22,387.510009766,0
2026-04-23,373.720001221,0
2026-04-24,376.299987793,0
2026-04-27,378.670013428,0
2026-04-28,376.019989014,0
2026-04-29,372.799987793,0
2026-04-30,381.630004883,0
2026-05-01,390.820007324,0
2026-05-04,392.510009766,0
2026-05-05,389.369995117,0
2026-05-06,398.730010986,0
2026-05-07,411.790008545,0
2026-05-08,428.350006104,0
2026-05-11,445,0
2026-05-12,433.450012207,0
2026-05-13,445.269989014,0
2026-05-14,443.299987793,0
2026-05-15,422.239990234,0
2026-05-18,409.989990234,0
2026-05-19,404.109985352,0
2026-05-20,417.260009766,0
2026-05-21,417.850006104,0
2026-05-22,426.010009766,0
2026-05-26,433.589996338,0
2026-05-27,440.359985352,0
2026-05-28,442.100006104,0
2026-05-29,435.790008545,0
2026-06-01,415.880004883,0
2026-06-02,423.739990234,0
2026-06-03,423.700012207,0
2026-06-04,418.450012207,0
2026-06-05,391,0
2026-06-08,408.950012207,0
2026-06-09,396.679992676,0
2026-06-10,381.589996338,0
2026-06-11,399.149993896,0
2026-06-12,406.429992676,0
2026-06-15,411.149993896,0
2026-06-16,404.660003662,0
2026-06-17,396.380004883,0
2026-06-18,400.489990234,0
2026-06-22,405.049987793,0
2026-06-23,381.609985352,0
2026-06-24,375.529998779,0
2026-06-25,375.119995117,0
2026-06-26,379.709991455,0
2026-06-29,411.839996338,0
2026-06-30,420.600006104,0
2026-07-01,425.299987793,0
2026-07-02,393.450012207,0
2026-07-06,419.769989014,0
2026-07-07,402.899993896,0
2026-07-08,394.059997559,0
2026-07-09,406.549987793,0
2026-07-10,407.760009766,0
2026-07-13,394.760009766,0
2026-07-14,396.179992676,0
2026-07-15,394.459991455,0
2026-07-16,391.059997559,0
2026-07-17,380.839996338,0
2026-07-20,369.570007324,0
2026-07-21,378.929992676,0
2026-07-22,374.010009766,0
2026-07-23,319.690002441,0
2026-07-24,313.029998779,0
2026-07-27,309.220001221,0
2026-07-28,307.440002441,0
2026-07-29,298.320007324,0
2026-07-30,308.850006104,0
2026-07-31,311.209991455,0
2026-08-03,322.079986572,0
2026-08-04,327.350006104,0
2026-08-05,321.549987793,0
2026-08-06,319.529998779,0
2026-08-07,328.579986572,0
2026-08-10,330.880004883,0
2026-08-11,332.809997559,0
2026-08-12,327.510009766,0
2026-08-13,339.959991455,0
2026-08-14,342.269989014,0
2026-08-17,339.299987793,0
2026-08-18,336.869995117,0
2026-08-19,351.119995117,0
2026-08-20,345.130004883,0
2026-08-21,362.859985352,0
2026-08-24,348.950012207,0
2026-08-25,350.25,0
2026-08-26,345.820007324,0
2026-08-27,354.809997559,0
2026-08-28,348.75,0
2026-08-31,367.950012207,0
2026-09-01,356.089996338,0
2026-09-02,357.010009766,0
2026-09-03,376.369995117,0
2026-09-04,354.079986572,0
